C:\Users\gil_n\Documents\GitHub\Godot-game-development-codex\tools\blender\render_measured_melee_trails.py:22: DeprecationWarning: 'Material.use_nodes' is expected to be removed in Blender 6.0
  m=bpy.data.materials.new(name);m.use_nodes=True;n=m.node_tree.nodes;n.clear()
00:02.922  render           | Saved: 'C:\Users\gil_n\Documents\GitHub\Godot-game-development-codex\build\melee_trail_review\measured_dense\knife\0\000.png'
00:03.078  render           | Saved: 'C:\Users\gil_n\Documents\GitHub\Godot-game-development-codex\build\melee_trail_review\measured_dense\knife\0\001.png'
00:03.250  render           | Saved: 'C:\Users\gil_n\Documents\GitHub\Godot-game-development-codex\build\melee_trail_review\measured_dense\knife\0\002.png'
00:03.390  render           | Saved: 'C:\Users\gil_n\Documents\GitHub\Godot-game-development-codex\build\melee_trail_review\measured_dense\knife\0\003.png'
00:03.531  render           | Saved: 'C:\Users\gil_n\Documents\GitHub\Godot-game-development-codex\build\melee_trail_review\measured_dense\knife\0\004.png'
00:03.687  render           | Saved: 'C:\Users\gil_n\Documents\GitHub\Godot-game-development-codex\build\melee_trail_review\measured_dense\knife\0\005.png'
00:03.844  render           | Saved: 'C:\Users\gil_n\Documents\GitHub\Godot-game-development-codex\build\melee_trail_review\measured_dense\knife\0\006.png'
00:03.984  render           | Saved: 'C:\Users\gil_n\Documents\GitHub\Godot-game-development-codex\build\melee_trail_review\measured_dense\knife\0\007.png'
00:04.140  render           | Saved: 'C:\Users\gil_n\Documents\GitHub\Godot-game-development-codex\build\melee_trail_review\measured_dense\knife\0\008.png'
00:04.281  render           | Saved: 'C:\Users\gil_n\Documents\GitHub\Godot-game-development-codex\build\melee_trail_review\measured_dense\knife\0\009.png'
00:04.437  render           | Saved: 'C:\Users\gil_n\Documents\GitHub\Godot-game-development-codex\build\melee_trail_review\measured_dense\knife\0\010.png'
00:04.578  render           | Saved: 'C:\Users\gil_n\Documents\GitHub\Godot-game-development-codex\build\melee_trail_review\measured_dense\knife\0\011.png'
00:04.734  render           | Saved: 'C:\Users\gil_n\Documents\GitHub\Godot-game-development-codex\build\melee_trail_review\measured_dense\knife\0\012.png'
00:04.875  render           | Saved: 'C:\Users\gil_n\Documents\GitHub\Godot-game-development-codex\build\melee_trail_review\measured_dense\knife\0\013.png'
00:05.031  render           | Saved: 'C:\Users\gil_n\Documents\GitHub\Godot-game-development-codex\build\melee_trail_review\measured_dense\knife\0\014.png'
00:05.172  render           | Saved: 'C:\Users\gil_n\Documents\GitHub\Godot-game-development-codex\build\melee_trail_review\measured_dense\knife\0\015.png'
00:05.312  render           | Saved: 'C:\Users\gil_n\Documents\GitHub\Godot-game-development-codex\build\melee_trail_review\measured_dense\knife\0\016.png'
00:05.469  render           | Saved: 'C:\Users\gil_n\Documents\GitHub\Godot-game-development-codex\build\melee_trail_review\measured_dense\knife\0\017.png'
00:05.609  render           | Saved: 'C:\Users\gil_n\Documents\GitHub\Godot-game-development-codex\build\melee_trail_review\measured_dense\knife\0\018.png'
00:05.765  render           | Saved: 'C:\Users\gil_n\Documents\GitHub\Godot-game-development-codex\build\melee_trail_review\measured_dense\knife\0\019.png'
00:05.906  render           | Saved: 'C:\Users\gil_n\Documents\GitHub\Godot-game-development-codex\build\melee_trail_review\measured_dense\knife\0\020.png'
00:06.062  render           | Saved: 'C:\Users\gil_n\Documents\GitHub\Godot-game-development-codex\build\melee_trail_review\measured_dense\knife\0\021.png'
00:06.203  render           | Saved: 'C:\Users\gil_n\Documents\GitHub\Godot-game-development-codex\build\melee_trail_review\measured_dense\knife\0\022.png'
00:06.344  render           | Saved: 'C:\Users\gil_n\Documents\GitHub\Godot-game-development-codex\build\melee_trail_review\measured_dense\knife\0\023.png'
00:06.484  render           | Saved: 'C:\Users\gil_n\Documents\GitHub\Godot-game-development-codex\build\melee_trail_review\measured_dense\knife\0\024.png'
00:06.640  render           | Saved: 'C:\Users\gil_n\Documents\GitHub\Godot-game-development-codex\build\melee_trail_review\measured_dense\knife\0\025.png'
00:06.781  render           | Saved: 'C:\Users\gil_n\Documents\GitHub\Godot-game-development-codex\build\melee_trail_review\measured_dense\knife\0\026.png'
00:06.937  render           | Saved: 'C:\Users\gil_n\Documents\GitHub\Godot-game-development-codex\build\melee_trail_review\measured_dense\knife\0\027.png'
00:07.078  render           | Saved: 'C:\Users\gil_n\Documents\GitHub\Godot-game-development-codex\build\melee_trail_review\measured_dense\knife\0\028.png'
00:07.219  render           | Saved: 'C:\Users\gil_n\Documents\GitHub\Godot-game-development-codex\build\melee_trail_review\measured_dense\knife\0\029.png'
00:07.375  render           | Saved: 'C:\Users\gil_n\Documents\GitHub\Godot-game-development-codex\build\melee_trail_review\measured_dense\knife\0\030.png'
00:07.515  render           | Saved: 'C:\Users\gil_n\Documents\GitHub\Godot-game-development-codex\build\melee_trail_review\measured_dense\knife\0\031.png'
00:07.656  render           | Saved: 'C:\Users\gil_n\Documents\GitHub\Godot-game-development-codex\build\melee_trail_review\measured_dense\knife\0\032.png'
00:07.797  render           | Saved: 'C:\Users\gil_n\Documents\GitHub\Godot-game-development-codex\build\melee_trail_review\measured_dense\knife\0\033.png'
00:07.953  render           | Saved: 'C:\Users\gil_n\Documents\GitHub\Godot-game-development-codex\build\melee_trail_review\measured_dense\knife\0\034.png'
00:08.094  render           | Saved: 'C:\Users\gil_n\Documents\GitHub\Godot-game-development-codex\build\melee_trail_review\measured_dense\knife\0\035.png'
00:08.250  render           | Saved: 'C:\Users\gil_n\Documents\GitHub\Godot-game-development-codex\build\melee_trail_review\measured_dense\knife\0\036.png'
00:08.390  render           | Saved: 'C:\Users\gil_n\Documents\GitHub\Godot-game-development-codex\build\melee_trail_review\measured_dense\knife\0\037.png'
00:08.547  render           | Saved: 'C:\Users\gil_n\Documents\GitHub\Godot-game-development-codex\build\melee_trail_review\measured_dense\knife\0\038.png'
00:08.687  render           | Saved: 'C:\Users\gil_n\Documents\GitHub\Godot-game-development-codex\build\melee_trail_review\measured_dense\knife\0\039.png'
00:08.844  render           | Saved: 'C:\Users\gil_n\Documents\GitHub\Godot-game-development-codex\build\melee_trail_review\measured_dense\knife\0\040.png'
00:08.984  render           | Saved: 'C:\Users\gil_n\Documents\GitHub\Godot-game-development-codex\build\melee_trail_review\measured_dense\knife\0\041.png'
00:09.125  render           | Saved: 'C:\Users\gil_n\Documents\GitHub\Godot-game-development-codex\build\melee_trail_review\measured_dense\knife\0\042.png'
00:09.281  render           | Saved: 'C:\Users\gil_n\Documents\GitHub\Godot-game-development-codex\build\melee_trail_review\measured_dense\knife\0\043.png'
00:09.422  render           | Saved: 'C:\Users\gil_n\Documents\GitHub\Godot-game-development-codex\build\melee_trail_review\measured_dense\knife\0\044.png'
00:09.578  render           | Saved: 'C:\Users\gil_n\Documents\GitHub\Godot-game-development-codex\build\melee_trail_review\measured_dense\knife\0\045.png'
00:09.719  render           | Saved: 'C:\Users\gil_n\Documents\GitHub\Godot-game-development-codex\build\melee_trail_review\measured_dense\knife\0\046.png'
00:09.875  render           | Saved: 'C:\Users\gil_n\Documents\GitHub\Godot-game-development-codex\build\melee_trail_review\measured_dense\knife\0\047.png'
00:10.031  render           | Saved: 'C:\Users\gil_n\Documents\GitHub\Godot-game-development-codex\build\melee_trail_review\measured_dense\knife\0\048.png'
00:10.172  render           | Saved: 'C:\Users\gil_n\Documents\GitHub\Godot-game-development-codex\build\melee_trail_review\measured_dense\knife\0\049.png'
00:10.328  render           | Saved: 'C:\Users\gil_n\Documents\GitHub\Godot-game-development-codex\build\melee_trail_review\measured_dense\knife\0\050.png'
00:10.469  render           | Saved: 'C:\Users\gil_n\Documents\GitHub\Godot-game-development-codex\build\melee_trail_review\measured_dense\knife\0\051.png'
00:10.625  render           | Saved: 'C:\Users\gil_n\Documents\GitHub\Godot-game-development-codex\build\melee_trail_review\measured_dense\knife\0\052.png'
00:10.765  render           | Saved: 'C:\Users\gil_n\Documents\GitHub\Godot-game-development-codex\build\melee_trail_review\measured_dense\knife\0\053.png'
00:10.922  render           | Saved: 'C:\Users\gil_n\Documents\GitHub\Godot-game-development-codex\build\melee_trail_review\measured_dense\knife\0\054.png'
00:11.062  render           | Saved: 'C:\Users\gil_n\Documents\GitHub\Godot-game-development-codex\build\melee_trail_review\measured_dense\knife\0\055.png'
00:11.219  render           | Saved: 'C:\Users\gil_n\Documents\GitHub\Godot-game-development-codex\build\melee_trail_review\measured_dense\knife\0\056.png'
00:11.359  render           | Saved: 'C:\Users\gil_n\Documents\GitHub\Godot-game-development-codex\build\melee_trail_review\measured_dense\knife\0\057.png'
00:11.500  render           | Saved: 'C:\Users\gil_n\Documents\GitHub\Godot-game-development-codex\build\melee_trail_review\measured_dense\knife\0\058.png'
00:11.656  render           | Saved: 'C:\Users\gil_n\Documents\GitHub\Godot-game-development-codex\build\melee_trail_review\measured_dense\knife\0\059.png'
00:11.797  render           | Saved: 'C:\Users\gil_n\Documents\GitHub\Godot-game-development-codex\build\melee_trail_review\measured_dense\knife\0\060.png'
00:11.953  render           | Saved: 'C:\Users\gil_n\Documents\GitHub\Godot-game-development-codex\build\melee_trail_review\measured_dense\knife\0\061.png'
00:12.094  render           | Saved: 'C:\Users\gil_n\Documents\GitHub\Godot-game-development-codex\build\melee_trail_review\measured_dense\knife\0\062.png'
00:12.234  render           | Saved: 'C:\Users\gil_n\Documents\GitHub\Godot-game-development-codex\build\melee_trail_review\measured_dense\knife\0\063.png'
00:12.390  render           | Saved: 'C:\Users\gil_n\Documents\GitHub\Godot-game-development-codex\build\melee_trail_review\measured_dense\knife\0\064.png'
00:12.578  render           | Saved: 'C:\Users\gil_n\Documents\GitHub\Godot-game-development-codex\build\melee_trail_review\measured_dense\knife\22.5\000.png'
00:12.719  render           | Saved: 'C:\Users\gil_n\Documents\GitHub\Godot-game-development-codex\build\melee_trail_review\measured_dense\knife\22.5\001.png'
00:12.875  render           | Saved: 'C:\Users\gil_n\Documents\GitHub\Godot-game-development-codex\build\melee_trail_review\measured_dense\knife\22.5\002.png'
00:13.015  render           | Saved: 'C:\Users\gil_n\Documents\GitHub\Godot-game-development-codex\build\melee_trail_review\measured_dense\knife\22.5\003.png'
00:13.156  render           | Saved: 'C:\Users\gil_n\Documents\GitHub\Godot-game-development-codex\build\melee_trail_review\measured_dense\knife\22.5\004.png'
00:13.312  render           | Saved: 'C:\Users\gil_n\Documents\GitHub\Godot-game-development-codex\build\melee_trail_review\measured_dense\knife\22.5\005.png'
00:13.453  render           | Saved: 'C:\Users\gil_n\Documents\GitHub\Godot-game-development-codex\build\melee_trail_review\measured_dense\knife\22.5\006.png'
00:13.594  render           | Saved: 'C:\Users\gil_n\Documents\GitHub\Godot-game-development-codex\build\melee_trail_review\measured_dense\knife\22.5\007.png'
00:13.750  render           | Saved: 'C:\Users\gil_n\Documents\GitHub\Godot-game-development-codex\build\melee_trail_review\measured_dense\knife\22.5\008.png'
00:13.890  render           | Saved: 'C:\Users\gil_n\Documents\GitHub\Godot-game-development-codex\build\melee_trail_review\measured_dense\knife\22.5\009.png'
00:14.047  render           | Saved: 'C:\Users\gil_n\Documents\GitHub\Godot-game-development-codex\build\melee_trail_review\measured_dense\knife\22.5\010.png'
00:14.187  render           | Saved: 'C:\Users\gil_n\Documents\GitHub\Godot-game-development-codex\build\melee_trail_review\measured_dense\knife\22.5\011.png'
00:14.328  render           | Saved: 'C:\Users\gil_n\Documents\GitHub\Godot-game-development-codex\build\melee_trail_review\measured_dense\knife\22.5\012.png'
00:14.484  render           | Saved: 'C:\Users\gil_n\Documents\GitHub\Godot-game-development-codex\build\melee_trail_review\measured_dense\knife\22.5\013.png'
00:14.625  render           | Saved: 'C:\Users\gil_n\Documents\GitHub\Godot-game-development-codex\build\melee_trail_review\measured_dense\knife\22.5\014.png'
00:14.765  render           | Saved: 'C:\Users\gil_n\Documents\GitHub\Godot-game-development-codex\build\melee_trail_review\measured_dense\knife\22.5\015.png'
00:14.922  render           | Saved: 'C:\Users\gil_n\Documents\GitHub\Godot-game-development-codex\build\melee_trail_review\measured_dense\knife\22.5\016.png'
00:15.062  render           | Saved: 'C:\Users\gil_n\Documents\GitHub\Godot-game-development-codex\build\melee_trail_review\measured_dense\knife\22.5\017.png'
00:15.203  render           | Saved: 'C:\Users\gil_n\Documents\GitHub\Godot-game-development-codex\build\melee_trail_review\measured_dense\knife\22.5\018.png'
00:15.359  render           | Saved: 'C:\Users\gil_n\Documents\GitHub\Godot-game-development-codex\build\melee_trail_review\measured_dense\knife\22.5\019.png'
00:15.500  render           | Saved: 'C:\Users\gil_n\Documents\GitHub\Godot-game-development-codex\build\melee_trail_review\measured_dense\knife\22.5\020.png'
00:15.656  render           | Saved: 'C:\Users\gil_n\Documents\GitHub\Godot-game-development-codex\build\melee_trail_review\measured_dense\knife\22.5\021.png'
00:15.797  render           | Saved: 'C:\Users\gil_n\Documents\GitHub\Godot-game-development-codex\build\melee_trail_review\measured_dense\knife\22.5\022.png'
00:15.937  render           | Saved: 'C:\Users\gil_n\Documents\GitHub\Godot-game-development-codex\build\melee_trail_review\measured_dense\knife\22.5\023.png'
00:16.094  render           | Saved: 'C:\Users\gil_n\Documents\GitHub\Godot-game-development-codex\build\melee_trail_review\measured_dense\knife\22.5\024.png'
00:16.234  render           | Saved: 'C:\Users\gil_n\Documents\GitHub\Godot-game-development-codex\build\melee_trail_review\measured_dense\knife\22.5\025.png'
00:16.390  render           | Saved: 'C:\Users\gil_n\Documents\GitHub\Godot-game-development-codex\build\melee_trail_review\measured_dense\knife\22.5\026.png'
00:16.531  render           | Saved: 'C:\Users\gil_n\Documents\GitHub\Godot-game-development-codex\build\melee_trail_review\measured_dense\knife\22.5\027.png'
00:16.687  render           | Saved: 'C:\Users\gil_n\Documents\GitHub\Godot-game-development-codex\build\melee_trail_review\measured_dense\knife\22.5\028.png'
00:16.828  render           | Saved: 'C:\Users\gil_n\Documents\GitHub\Godot-game-development-codex\build\melee_trail_review\measured_dense\knife\22.5\029.png'
00:16.984  render           | Saved: 'C:\Users\gil_n\Documents\GitHub\Godot-game-development-codex\build\melee_trail_review\measured_dense\knife\22.5\030.png'
00:17.125  render           | Saved: 'C:\Users\gil_n\Documents\GitHub\Godot-game-development-codex\build\melee_trail_review\measured_dense\knife\22.5\031.png'
00:17.265  render           | Saved: 'C:\Users\gil_n\Documents\GitHub\Godot-game-development-codex\build\melee_trail_review\measured_dense\knife\22.5\032.png'
00:17.422  render           | Saved: 'C:\Users\gil_n\Documents\GitHub\Godot-game-development-codex\build\melee_trail_review\measured_dense\knife\22.5\033.png'
00:17.562  render           | Saved: 'C:\Users\gil_n\Documents\GitHub\Godot-game-development-codex\build\melee_trail_review\measured_dense\knife\22.5\034.png'
00:17.719  render           | Saved: 'C:\Users\gil_n\Documents\GitHub\Godot-game-development-codex\build\melee_trail_review\measured_dense\knife\22.5\035.png'
00:17.859  render           | Saved: 'C:\Users\gil_n\Documents\GitHub\Godot-game-development-codex\build\melee_trail_review\measured_dense\knife\22.5\036.png'
00:18.000  render           | Saved: 'C:\Users\gil_n\Documents\GitHub\Godot-game-development-codex\build\melee_trail_review\measured_dense\knife\22.5\037.png'
00:18.156  render           | Saved: 'C:\Users\gil_n\Documents\GitHub\Godot-game-development-codex\build\melee_trail_review\measured_dense\knife\22.5\038.png'
00:18.297  render           | Saved: 'C:\Users\gil_n\Documents\GitHub\Godot-game-development-codex\build\melee_trail_review\measured_dense\knife\22.5\039.png'
00:18.453  render           | Saved: 'C:\Users\gil_n\Documents\GitHub\Godot-game-development-codex\build\melee_trail_review\measured_dense\knife\22.5\040.png'
00:18.594  render           | Saved: 'C:\Users\gil_n\Documents\GitHub\Godot-game-development-codex\build\melee_trail_review\measured_dense\knife\22.5\041.png'
00:18.734  render           | Saved: 'C:\Users\gil_n\Documents\GitHub\Godot-game-development-codex\build\melee_trail_review\measured_dense\knife\22.5\042.png'
00:18.890  render           | Saved: 'C:\Users\gil_n\Documents\GitHub\Godot-game-development-codex\build\melee_trail_review\measured_dense\knife\22.5\043.png'
00:19.031  render           | Saved: 'C:\Users\gil_n\Documents\GitHub\Godot-game-development-codex\build\melee_trail_review\measured_dense\knife\22.5\044.png'
00:19.172  render           | Saved: 'C:\Users\gil_n\Documents\GitHub\Godot-game-development-codex\build\melee_trail_review\measured_dense\knife\22.5\045.png'
00:19.328  render           | Saved: 'C:\Users\gil_n\Documents\GitHub\Godot-game-development-codex\build\melee_trail_review\measured_dense\knife\22.5\046.png'
00:19.469  render           | Saved: 'C:\Users\gil_n\Documents\GitHub\Godot-game-development-codex\build\melee_trail_review\measured_dense\knife\22.5\047.png'
00:19.625  render           | Saved: 'C:\Users\gil_n\Documents\GitHub\Godot-game-development-codex\build\melee_trail_review\measured_dense\knife\22.5\048.png'
00:19.765  render           | Saved: 'C:\Users\gil_n\Documents\GitHub\Godot-game-development-codex\build\melee_trail_review\measured_dense\knife\22.5\049.png'
00:19.906  render           | Saved: 'C:\Users\gil_n\Documents\GitHub\Godot-game-development-codex\build\melee_trail_review\measured_dense\knife\22.5\050.png'
00:20.062  render           | Saved: 'C:\Users\gil_n\Documents\GitHub\Godot-game-development-codex\build\melee_trail_review\measured_dense\knife\22.5\051.png'
00:20.203  render           | Saved: 'C:\Users\gil_n\Documents\GitHub\Godot-game-development-codex\build\melee_trail_review\measured_dense\knife\22.5\052.png'
00:20.359  render           | Saved: 'C:\Users\gil_n\Documents\GitHub\Godot-game-development-codex\build\melee_trail_review\measured_dense\knife\22.5\053.png'
00:20.500  render           | Saved: 'C:\Users\gil_n\Documents\GitHub\Godot-game-development-codex\build\melee_trail_review\measured_dense\knife\22.5\054.png'
00:20.656  render           | Saved: 'C:\Users\gil_n\Documents\GitHub\Godot-game-development-codex\build\melee_trail_review\measured_dense\knife\22.5\055.png'
00:20.812  render           | Saved: 'C:\Users\gil_n\Documents\GitHub\Godot-game-development-codex\build\melee_trail_review\measured_dense\knife\22.5\056.png'
00:20.953  render           | Saved: 'C:\Users\gil_n\Documents\GitHub\Godot-game-development-codex\build\melee_trail_review\measured_dense\knife\22.5\057.png'
00:21.094  render           | Saved: 'C:\Users\gil_n\Documents\GitHub\Godot-game-development-codex\build\melee_trail_review\measured_dense\knife\22.5\058.png'
00:21.250  render           | Saved: 'C:\Users\gil_n\Documents\GitHub\Godot-game-development-codex\build\melee_trail_review\measured_dense\knife\22.5\059.png'
00:21.390  render           | Saved: 'C:\Users\gil_n\Documents\GitHub\Godot-game-development-codex\build\melee_trail_review\measured_dense\knife\22.5\060.png'
00:21.547  render           | Saved: 'C:\Users\gil_n\Documents\GitHub\Godot-game-development-codex\build\melee_trail_review\measured_dense\knife\22.5\061.png'
00:21.687  render           | Saved: 'C:\Users\gil_n\Documents\GitHub\Godot-game-development-codex\build\melee_trail_review\measured_dense\knife\22.5\062.png'
00:21.844  render           | Saved: 'C:\Users\gil_n\Documents\GitHub\Godot-game-development-codex\build\melee_trail_review\measured_dense\knife\22.5\063.png'
00:21.984  render           | Saved: 'C:\Users\gil_n\Documents\GitHub\Godot-game-development-codex\build\melee_trail_review\measured_dense\knife\22.5\064.png'
00:22.140  render           | Saved: 'C:\Users\gil_n\Documents\GitHub\Godot-game-development-codex\build\melee_trail_review\measured_dense\knife\45\000.png'
00:22.281  render           | Saved: 'C:\Users\gil_n\Documents\GitHub\Godot-game-development-codex\build\melee_trail_review\measured_dense\knife\45\001.png'
00:22.437  render           | Saved: 'C:\Users\gil_n\Documents\GitHub\Godot-game-development-codex\build\melee_trail_review\measured_dense\knife\45\002.png'
00:22.578  render           | Saved: 'C:\Users\gil_n\Documents\GitHub\Godot-game-development-codex\build\melee_trail_review\measured_dense\knife\45\003.png'
00:22.734  render           | Saved: 'C:\Users\gil_n\Documents\GitHub\Godot-game-development-codex\build\melee_trail_review\measured_dense\knife\45\004.png'
00:22.875  render           | Saved: 'C:\Users\gil_n\Documents\GitHub\Godot-game-development-codex\build\melee_trail_review\measured_dense\knife\45\005.png'
00:23.015  render           | Saved: 'C:\Users\gil_n\Documents\GitHub\Godot-game-development-codex\build\melee_trail_review\measured_dense\knife\45\006.png'
00:23.172  render           | Saved: 'C:\Users\gil_n\Documents\GitHub\Godot-game-development-codex\build\melee_trail_review\measured_dense\knife\45\007.png'
00:23.312  render           | Saved: 'C:\Users\gil_n\Documents\GitHub\Godot-game-development-codex\build\melee_trail_review\measured_dense\knife\45\008.png'
00:23.453  render           | Saved: 'C:\Users\gil_n\Documents\GitHub\Godot-game-development-codex\build\melee_trail_review\measured_dense\knife\45\009.png'
00:23.609  render           | Saved: 'C:\Users\gil_n\Documents\GitHub\Godot-game-development-codex\build\melee_trail_review\measured_dense\knife\45\010.png'
00:23.750  render           | Saved: 'C:\Users\gil_n\Documents\GitHub\Godot-game-development-codex\build\melee_trail_review\measured_dense\knife\45\011.png'
00:23.906  render           | Saved: 'C:\Users\gil_n\Documents\GitHub\Godot-game-development-codex\build\melee_trail_review\measured_dense\knife\45\012.png'
00:24.047  render           | Saved: 'C:\Users\gil_n\Documents\GitHub\Godot-game-development-codex\build\melee_trail_review\measured_dense\knife\45\013.png'
00:24.203  render           | Saved: 'C:\Users\gil_n\Documents\GitHub\Godot-game-development-codex\build\melee_trail_review\measured_dense\knife\45\014.png'
00:24.344  render           | Saved: 'C:\Users\gil_n\Documents\GitHub\Godot-game-development-codex\build\melee_trail_review\measured_dense\knife\45\015.png'
00:24.500  render           | Saved: 'C:\Users\gil_n\Documents\GitHub\Godot-game-development-codex\build\melee_trail_review\measured_dense\knife\45\016.png'
00:24.640  render           | Saved: 'C:\Users\gil_n\Documents\GitHub\Godot-game-development-codex\build\melee_trail_review\measured_dense\knife\45\017.png'
00:24.797  render           | Saved: 'C:\Users\gil_n\Documents\GitHub\Godot-game-development-codex\build\melee_trail_review\measured_dense\knife\45\018.png'
00:24.937  render           | Saved: 'C:\Users\gil_n\Documents\GitHub\Godot-game-development-codex\build\melee_trail_review\measured_dense\knife\45\019.png'
00:25.094  render           | Saved: 'C:\Users\gil_n\Documents\GitHub\Godot-game-development-codex\build\melee_trail_review\measured_dense\knife\45\020.png'
00:25.234  render           | Saved: 'C:\Users\gil_n\Documents\GitHub\Godot-game-development-codex\build\melee_trail_review\measured_dense\knife\45\021.png'
00:25.390  render           | Saved: 'C:\Users\gil_n\Documents\GitHub\Godot-game-development-codex\build\melee_trail_review\measured_dense\knife\45\022.png'
00:25.531  render           | Saved: 'C:\Users\gil_n\Documents\GitHub\Godot-game-development-codex\build\melee_trail_review\measured_dense\knife\45\023.png'
00:25.672  render           | Saved: 'C:\Users\gil_n\Documents\GitHub\Godot-game-development-codex\build\melee_trail_review\measured_dense\knife\45\024.png'
00:25.828  render           | Saved: 'C:\Users\gil_n\Documents\GitHub\Godot-game-development-codex\build\melee_trail_review\measured_dense\knife\45\025.png'
00:25.969  render           | Saved: 'C:\Users\gil_n\Documents\GitHub\Godot-game-development-codex\build\melee_trail_review\measured_dense\knife\45\026.png'
00:26.125  render           | Saved: 'C:\Users\gil_n\Documents\GitHub\Godot-game-development-codex\build\melee_trail_review\measured_dense\knife\45\027.png'
00:26.265  render           | Saved: 'C:\Users\gil_n\Documents\GitHub\Godot-game-development-codex\build\melee_trail_review\measured_dense\knife\45\028.png'
00:26.422  render           | Saved: 'C:\Users\gil_n\Documents\GitHub\Godot-game-development-codex\build\melee_trail_review\measured_dense\knife\45\029.png'
00:26.562  render           | Saved: 'C:\Users\gil_n\Documents\GitHub\Godot-game-development-codex\build\melee_trail_review\measured_dense\knife\45\030.png'
00:26.703  render           | Saved: 'C:\Users\gil_n\Documents\GitHub\Godot-game-development-codex\build\melee_trail_review\measured_dense\knife\45\031.png'
00:26.859  render           | Saved: 'C:\Users\gil_n\Documents\GitHub\Godot-game-development-codex\build\melee_trail_review\measured_dense\knife\45\032.png'
00:27.000  render           | Saved: 'C:\Users\gil_n\Documents\GitHub\Godot-game-development-codex\build\melee_trail_review\measured_dense\knife\45\033.png'
00:27.156  render           | Saved: 'C:\Users\gil_n\Documents\GitHub\Godot-game-development-codex\build\melee_trail_review\measured_dense\knife\45\034.png'
00:27.297  render           | Saved: 'C:\Users\gil_n\Documents\GitHub\Godot-game-development-codex\build\melee_trail_review\measured_dense\knife\45\035.png'
00:27.453  render           | Saved: 'C:\Users\gil_n\Documents\GitHub\Godot-game-development-codex\build\melee_trail_review\measured_dense\knife\45\036.png'
00:27.594  render           | Saved: 'C:\Users\gil_n\Documents\GitHub\Godot-game-development-codex\build\melee_trail_review\measured_dense\knife\45\037.png'
00:27.750  render           | Saved: 'C:\Users\gil_n\Documents\GitHub\Godot-game-development-codex\build\melee_trail_review\measured_dense\knife\45\038.png'
00:27.890  render           | Saved: 'C:\Users\gil_n\Documents\GitHub\Godot-game-development-codex\build\melee_trail_review\measured_dense\knife\45\039.png'
00:28.031  render           | Saved: 'C:\Users\gil_n\Documents\GitHub\Godot-game-development-codex\build\melee_trail_review\measured_dense\knife\45\040.png'
00:28.187  render           | Saved: 'C:\Users\gil_n\Documents\GitHub\Godot-game-development-codex\build\melee_trail_review\measured_dense\knife\45\041.png'
00:28.328  render           | Saved: 'C:\Users\gil_n\Documents\GitHub\Godot-game-development-codex\build\melee_trail_review\measured_dense\knife\45\042.png'
00:28.484  render           | Saved: 'C:\Users\gil_n\Documents\GitHub\Godot-game-development-codex\build\melee_trail_review\measured_dense\knife\45\043.png'
00:28.625  render           | Saved: 'C:\Users\gil_n\Documents\GitHub\Godot-game-development-codex\build\melee_trail_review\measured_dense\knife\45\044.png'
00:28.781  render           | Saved: 'C:\Users\gil_n\Documents\GitHub\Godot-game-development-codex\build\melee_trail_review\measured_dense\knife\45\045.png'
00:28.922  render           | Saved: 'C:\Users\gil_n\Documents\GitHub\Godot-game-development-codex\build\melee_trail_review\measured_dense\knife\45\046.png'
00:29.078  render           | Saved: 'C:\Users\gil_n\Documents\GitHub\Godot-game-development-codex\build\melee_trail_review\measured_dense\knife\45\047.png'
00:29.219  render           | Saved: 'C:\Users\gil_n\Documents\GitHub\Godot-game-development-codex\build\melee_trail_review\measured_dense\knife\45\048.png'
00:29.375  render           | Saved: 'C:\Users\gil_n\Documents\GitHub\Godot-game-development-codex\build\melee_trail_review\measured_dense\knife\45\049.png'
00:29.515  render           | Saved: 'C:\Users\gil_n\Documents\GitHub\Godot-game-development-codex\build\melee_trail_review\measured_dense\knife\45\050.png'
00:29.672  render           | Saved: 'C:\Users\gil_n\Documents\GitHub\Godot-game-development-codex\build\melee_trail_review\measured_dense\knife\45\051.png'
00:29.812  render           | Saved: 'C:\Users\gil_n\Documents\GitHub\Godot-game-development-codex\build\melee_trail_review\measured_dense\knife\45\052.png'
00:29.969  render           | Saved: 'C:\Users\gil_n\Documents\GitHub\Godot-game-development-codex\build\melee_trail_review\measured_dense\knife\45\053.png'
00:30.109  render           | Saved: 'C:\Users\gil_n\Documents\GitHub\Godot-game-development-codex\build\melee_trail_review\measured_dense\knife\45\054.png'
00:30.265  render           | Saved: 'C:\Users\gil_n\Documents\GitHub\Godot-game-development-codex\build\melee_trail_review\measured_dense\knife\45\055.png'
00:30.406  render           | Saved: 'C:\Users\gil_n\Documents\GitHub\Godot-game-development-codex\build\melee_trail_review\measured_dense\knife\45\056.png'
00:30.562  render           | Saved: 'C:\Users\gil_n\Documents\GitHub\Godot-game-development-codex\build\melee_trail_review\measured_dense\knife\45\057.png'
00:30.703  render           | Saved: 'C:\Users\gil_n\Documents\GitHub\Godot-game-development-codex\build\melee_trail_review\measured_dense\knife\45\058.png'
00:30.844  render           | Saved: 'C:\Users\gil_n\Documents\GitHub\Godot-game-development-codex\build\melee_trail_review\measured_dense\knife\45\059.png'
00:31.000  render           | Saved: 'C:\Users\gil_n\Documents\GitHub\Godot-game-development-codex\build\melee_trail_review\measured_dense\knife\45\060.png'
00:31.140  render           | Saved: 'C:\Users\gil_n\Documents\GitHub\Godot-game-development-codex\build\melee_trail_review\measured_dense\knife\45\061.png'
00:31.297  render           | Saved: 'C:\Users\gil_n\Documents\GitHub\Godot-game-development-codex\build\melee_trail_review\measured_dense\knife\45\062.png'
00:31.437  render           | Saved: 'C:\Users\gil_n\Documents\GitHub\Godot-game-development-codex\build\melee_trail_review\measured_dense\knife\45\063.png'
00:31.594  render           | Saved: 'C:\Users\gil_n\Documents\GitHub\Godot-game-development-codex\build\melee_trail_review\measured_dense\knife\45\064.png'
00:31.750  render           | Saved: 'C:\Users\gil_n\Documents\GitHub\Godot-game-development-codex\build\melee_trail_review\measured_dense\knife\67.5\000.png'
00:31.890  render           | Saved: 'C:\Users\gil_n\Documents\GitHub\Godot-game-development-codex\build\melee_trail_review\measured_dense\knife\67.5\001.png'
00:32.031  render           | Saved: 'C:\Users\gil_n\Documents\GitHub\Godot-game-development-codex\build\melee_trail_review\measured_dense\knife\67.5\002.png'
00:32.187  render           | Saved: 'C:\Users\gil_n\Documents\GitHub\Godot-game-development-codex\build\melee_trail_review\measured_dense\knife\67.5\003.png'
00:32.328  render           | Saved: 'C:\Users\gil_n\Documents\GitHub\Godot-game-development-codex\build\melee_trail_review\measured_dense\knife\67.5\004.png'
00:32.484  render           | Saved: 'C:\Users\gil_n\Documents\GitHub\Godot-game-development-codex\build\melee_trail_review\measured_dense\knife\67.5\005.png'
00:32.640  render           | Saved: 'C:\Users\gil_n\Documents\GitHub\Godot-game-development-codex\build\melee_trail_review\measured_dense\knife\67.5\006.png'
00:32.781  render           | Saved: 'C:\Users\gil_n\Documents\GitHub\Godot-game-development-codex\build\melee_trail_review\measured_dense\knife\67.5\007.png'
00:32.922  render           | Saved: 'C:\Users\gil_n\Documents\GitHub\Godot-game-development-codex\build\melee_trail_review\measured_dense\knife\67.5\008.png'
00:33.078  render           | Saved: 'C:\Users\gil_n\Documents\GitHub\Godot-game-development-codex\build\melee_trail_review\measured_dense\knife\67.5\009.png'
00:33.219  render           | Saved: 'C:\Users\gil_n\Documents\GitHub\Godot-game-development-codex\build\melee_trail_review\measured_dense\knife\67.5\010.png'
00:33.375  render           | Saved: 'C:\Users\gil_n\Documents\GitHub\Godot-game-development-codex\build\melee_trail_review\measured_dense\knife\67.5\011.png'
00:33.515  render           | Saved: 'C:\Users\gil_n\Documents\GitHub\Godot-game-development-codex\build\melee_trail_review\measured_dense\knife\67.5\012.png'
00:33.672  render           | Saved: 'C:\Users\gil_n\Documents\GitHub\Godot-game-development-codex\build\melee_trail_review\measured_dense\knife\67.5\013.png'
00:33.812  render           | Saved: 'C:\Users\gil_n\Documents\GitHub\Godot-game-development-codex\build\melee_trail_review\measured_dense\knife\67.5\014.png'
00:33.984  render           | Saved: 'C:\Users\gil_n\Documents\GitHub\Godot-game-development-codex\build\melee_trail_review\measured_dense\knife\67.5\015.png'
00:34.125  render           | Saved: 'C:\Users\gil_n\Documents\GitHub\Godot-game-development-codex\build\melee_trail_review\measured_dense\knife\67.5\016.png'
00:34.281  render           | Saved: 'C:\Users\gil_n\Documents\GitHub\Godot-game-development-codex\build\melee_trail_review\measured_dense\knife\67.5\017.png'
00:34.437  render           | Saved: 'C:\Users\gil_n\Documents\GitHub\Godot-game-development-codex\build\melee_trail_review\measured_dense\knife\67.5\018.png'
00:34.594  render           | Saved: 'C:\Users\gil_n\Documents\GitHub\Godot-game-development-codex\build\melee_trail_review\measured_dense\knife\67.5\019.png'
00:34.734  render           | Saved: 'C:\Users\gil_n\Documents\GitHub\Godot-game-development-codex\build\melee_trail_review\measured_dense\knife\67.5\020.png'
00:34.875  render           | Saved: 'C:\Users\gil_n\Documents\GitHub\Godot-game-development-codex\build\melee_trail_review\measured_dense\knife\67.5\021.png'
00:35.031  render           | Saved: 'C:\Users\gil_n\Documents\GitHub\Godot-game-development-codex\build\melee_trail_review\measured_dense\knife\67.5\022.png'
00:35.187  render           | Saved: 'C:\Users\gil_n\Documents\GitHub\Godot-game-development-codex\build\melee_trail_review\measured_dense\knife\67.5\023.png'
00:35.328  render           | Saved: 'C:\Users\gil_n\Documents\GitHub\Godot-game-development-codex\build\melee_trail_review\measured_dense\knife\67.5\024.png'
00:35.484  render           | Saved: 'C:\Users\gil_n\Documents\GitHub\Godot-game-development-codex\build\melee_trail_review\measured_dense\knife\67.5\025.png'
00:35.625  render           | Saved: 'C:\Users\gil_n\Documents\GitHub\Godot-game-development-codex\build\melee_trail_review\measured_dense\knife\67.5\026.png'
00:35.765  render           | Saved: 'C:\Users\gil_n\Documents\GitHub\Godot-game-development-codex\build\melee_trail_review\measured_dense\knife\67.5\027.png'
00:35.922  render           | Saved: 'C:\Users\gil_n\Documents\GitHub\Godot-game-development-codex\build\melee_trail_review\measured_dense\knife\67.5\028.png'
00:36.062  render           | Saved: 'C:\Users\gil_n\Documents\GitHub\Godot-game-development-codex\build\melee_trail_review\measured_dense\knife\67.5\029.png'
00:36.219  render           | Saved: 'C:\Users\gil_n\Documents\GitHub\Godot-game-development-codex\build\melee_trail_review\measured_dense\knife\67.5\030.png'
00:36.359  render           | Saved: 'C:\Users\gil_n\Documents\GitHub\Godot-game-development-codex\build\melee_trail_review\measured_dense\knife\67.5\031.png'
00:36.515  render           | Saved: 'C:\Users\gil_n\Documents\GitHub\Godot-game-development-codex\build\melee_trail_review\measured_dense\knife\67.5\032.png'
00:36.672  render           | Saved: 'C:\Users\gil_n\Documents\GitHub\Godot-game-development-codex\build\melee_trail_review\measured_dense\knife\67.5\033.png'
00:36.812  render           | Saved: 'C:\Users\gil_n\Documents\GitHub\Godot-game-development-codex\build\melee_trail_review\measured_dense\knife\67.5\034.png'
00:36.969  render           | Saved: 'C:\Users\gil_n\Documents\GitHub\Godot-game-development-codex\build\melee_trail_review\measured_dense\knife\67.5\035.png'
00:37.109  render           | Saved: 'C:\Users\gil_n\Documents\GitHub\Godot-game-development-codex\build\melee_trail_review\measured_dense\knife\67.5\036.png'
00:37.250  render           | Saved: 'C:\Users\gil_n\Documents\GitHub\Godot-game-development-codex\build\melee_trail_review\measured_dense\knife\67.5\037.png'
00:37.406  render           | Saved: 'C:\Users\gil_n\Documents\GitHub\Godot-game-development-codex\build\melee_trail_review\measured_dense\knife\67.5\038.png'
00:37.547  render           | Saved: 'C:\Users\gil_n\Documents\GitHub\Godot-game-development-codex\build\melee_trail_review\measured_dense\knife\67.5\039.png'
00:37.703  render           | Saved: 'C:\Users\gil_n\Documents\GitHub\Godot-game-development-codex\build\melee_trail_review\measured_dense\knife\67.5\040.png'
00:37.844  render           | Saved: 'C:\Users\gil_n\Documents\GitHub\Godot-game-development-codex\build\melee_trail_review\measured_dense\knife\67.5\041.png'
00:38.000  render           | Saved: 'C:\Users\gil_n\Documents\GitHub\Godot-game-development-codex\build\melee_trail_review\measured_dense\knife\67.5\042.png'
00:38.140  render           | Saved: 'C:\Users\gil_n\Documents\GitHub\Godot-game-development-codex\build\melee_trail_review\measured_dense\knife\67.5\043.png'
00:38.297  render           | Saved: 'C:\Users\gil_n\Documents\GitHub\Godot-game-development-codex\build\melee_trail_review\measured_dense\knife\67.5\044.png'
00:38.437  render           | Saved: 'C:\Users\gil_n\Documents\GitHub\Godot-game-development-codex\build\melee_trail_review\measured_dense\knife\67.5\045.png'
00:38.578  render           | Saved: 'C:\Users\gil_n\Documents\GitHub\Godot-game-development-codex\build\melee_trail_review\measured_dense\knife\67.5\046.png'
00:38.734  render           | Saved: 'C:\Users\gil_n\Documents\GitHub\Godot-game-development-codex\build\melee_trail_review\measured_dense\knife\67.5\047.png'
00:38.875  render           | Saved: 'C:\Users\gil_n\Documents\GitHub\Godot-game-development-codex\build\melee_trail_review\measured_dense\knife\67.5\048.png'
00:39.031  render           | Saved: 'C:\Users\gil_n\Documents\GitHub\Godot-game-development-codex\build\melee_trail_review\measured_dense\knife\67.5\049.png'
00:39.172  render           | Saved: 'C:\Users\gil_n\Documents\GitHub\Godot-game-development-codex\build\melee_trail_review\measured_dense\knife\67.5\050.png'
00:39.312  render           | Saved: 'C:\Users\gil_n\Documents\GitHub\Godot-game-development-codex\build\melee_trail_review\measured_dense\knife\67.5\051.png'
00:39.469  render           | Saved: 'C:\Users\gil_n\Documents\GitHub\Godot-game-development-codex\build\melee_trail_review\measured_dense\knife\67.5\052.png'
00:39.609  render           | Saved: 'C:\Users\gil_n\Documents\GitHub\Godot-game-development-codex\build\melee_trail_review\measured_dense\knife\67.5\053.png'
00:39.765  render           | Saved: 'C:\Users\gil_n\Documents\GitHub\Godot-game-development-codex\build\melee_trail_review\measured_dense\knife\67.5\054.png'
00:39.906  render           | Saved: 'C:\Users\gil_n\Documents\GitHub\Godot-game-development-codex\build\melee_trail_review\measured_dense\knife\67.5\055.png'
00:40.062  render           | Saved: 'C:\Users\gil_n\Documents\GitHub\Godot-game-development-codex\build\melee_trail_review\measured_dense\knife\67.5\056.png'
00:40.203  render           | Saved: 'C:\Users\gil_n\Documents\GitHub\Godot-game-development-codex\build\melee_trail_review\measured_dense\knife\67.5\057.png'
00:40.359  render           | Saved: 'C:\Users\gil_n\Documents\GitHub\Godot-game-development-codex\build\melee_trail_review\measured_dense\knife\67.5\058.png'
00:40.500  render           | Saved: 'C:\Users\gil_n\Documents\GitHub\Godot-game-development-codex\build\melee_trail_review\measured_dense\knife\67.5\059.png'
00:40.656  render           | Saved: 'C:\Users\gil_n\Documents\GitHub\Godot-game-development-codex\build\melee_trail_review\measured_dense\knife\67.5\060.png'
00:40.797  render           | Saved: 'C:\Users\gil_n\Documents\GitHub\Godot-game-development-codex\build\melee_trail_review\measured_dense\knife\67.5\061.png'
00:40.953  render           | Saved: 'C:\Users\gil_n\Documents\GitHub\Godot-game-development-codex\build\melee_trail_review\measured_dense\knife\67.5\062.png'
00:41.094  render           | Saved: 'C:\Users\gil_n\Documents\GitHub\Godot-game-development-codex\build\melee_trail_review\measured_dense\knife\67.5\063.png'
00:41.250  render           | Saved: 'C:\Users\gil_n\Documents\GitHub\Godot-game-development-codex\build\melee_trail_review\measured_dense\knife\67.5\064.png'
00:41.406  render           | Saved: 'C:\Users\gil_n\Documents\GitHub\Godot-game-development-codex\build\melee_trail_review\measured_dense\knife\90\000.png'
00:41.547  render           | Saved: 'C:\Users\gil_n\Documents\GitHub\Godot-game-development-codex\build\melee_trail_review\measured_dense\knife\90\001.png'
00:41.703  render           | Saved: 'C:\Users\gil_n\Documents\GitHub\Godot-game-development-codex\build\melee_trail_review\measured_dense\knife\90\002.png'
00:41.844  render           | Saved: 'C:\Users\gil_n\Documents\GitHub\Godot-game-development-codex\build\melee_trail_review\measured_dense\knife\90\003.png'
00:41.984  render           | Saved: 'C:\Users\gil_n\Documents\GitHub\Godot-game-development-codex\build\melee_trail_review\measured_dense\knife\90\004.png'
00:42.140  render           | Saved: 'C:\Users\gil_n\Documents\GitHub\Godot-game-development-codex\build\melee_trail_review\measured_dense\knife\90\005.png'
00:42.281  render           | Saved: 'C:\Users\gil_n\Documents\GitHub\Godot-game-development-codex\build\melee_trail_review\measured_dense\knife\90\006.png'
00:42.437  render           | Saved: 'C:\Users\gil_n\Documents\GitHub\Godot-game-development-codex\build\melee_trail_review\measured_dense\knife\90\007.png'
00:42.578  render           | Saved: 'C:\Users\gil_n\Documents\GitHub\Godot-game-development-codex\build\melee_trail_review\measured_dense\knife\90\008.png'
00:42.719  render           | Saved: 'C:\Users\gil_n\Documents\GitHub\Godot-game-development-codex\build\melee_trail_review\measured_dense\knife\90\009.png'
00:42.875  render           | Saved: 'C:\Users\gil_n\Documents\GitHub\Godot-game-development-codex\build\melee_trail_review\measured_dense\knife\90\010.png'
00:43.015  render           | Saved: 'C:\Users\gil_n\Documents\GitHub\Godot-game-development-codex\build\melee_trail_review\measured_dense\knife\90\011.png'
00:43.172  render           | Saved: 'C:\Users\gil_n\Documents\GitHub\Godot-game-development-codex\build\melee_trail_review\measured_dense\knife\90\012.png'
00:43.312  render           | Saved: 'C:\Users\gil_n\Documents\GitHub\Godot-game-development-codex\build\melee_trail_review\measured_dense\knife\90\013.png'
00:43.453  render           | Saved: 'C:\Users\gil_n\Documents\GitHub\Godot-game-development-codex\build\melee_trail_review\measured_dense\knife\90\014.png'
00:43.609  render           | Saved: 'C:\Users\gil_n\Documents\GitHub\Godot-game-development-codex\build\melee_trail_review\measured_dense\knife\90\015.png'
00:43.750  render           | Saved: 'C:\Users\gil_n\Documents\GitHub\Godot-game-development-codex\build\melee_trail_review\measured_dense\knife\90\016.png'
00:43.906  render           | Saved: 'C:\Users\gil_n\Documents\GitHub\Godot-game-development-codex\build\melee_trail_review\measured_dense\knife\90\017.png'
00:44.047  render           | Saved: 'C:\Users\gil_n\Documents\GitHub\Godot-game-development-codex\build\melee_trail_review\measured_dense\knife\90\018.png'
00:44.203  render           | Saved: 'C:\Users\gil_n\Documents\GitHub\Godot-game-development-codex\build\melee_trail_review\measured_dense\knife\90\019.png'
00:44.344  render           | Saved: 'C:\Users\gil_n\Documents\GitHub\Godot-game-development-codex\build\melee_trail_review\measured_dense\knife\90\020.png'
00:44.500  render           | Saved: 'C:\Users\gil_n\Documents\GitHub\Godot-game-development-codex\build\melee_trail_review\measured_dense\knife\90\021.png'
00:44.656  render           | Saved: 'C:\Users\gil_n\Documents\GitHub\Godot-game-development-codex\build\melee_trail_review\measured_dense\knife\90\022.png'
00:44.797  render           | Saved: 'C:\Users\gil_n\Documents\GitHub\Godot-game-development-codex\build\melee_trail_review\measured_dense\knife\90\023.png'
00:44.953  render           | Saved: 'C:\Users\gil_n\Documents\GitHub\Godot-game-development-codex\build\melee_trail_review\measured_dense\knife\90\024.png'
00:45.094  render           | Saved: 'C:\Users\gil_n\Documents\GitHub\Godot-game-development-codex\build\melee_trail_review\measured_dense\knife\90\025.png'
00:45.234  render           | Saved: 'C:\Users\gil_n\Documents\GitHub\Godot-game-development-codex\build\melee_trail_review\measured_dense\knife\90\026.png'
00:45.390  render           | Saved: 'C:\Users\gil_n\Documents\GitHub\Godot-game-development-codex\build\melee_trail_review\measured_dense\knife\90\027.png'
00:45.531  render           | Saved: 'C:\Users\gil_n\Documents\GitHub\Godot-game-development-codex\build\melee_trail_review\measured_dense\knife\90\028.png'
00:45.687  render           | Saved: 'C:\Users\gil_n\Documents\GitHub\Godot-game-development-codex\build\melee_trail_review\measured_dense\knife\90\029.png'
00:45.828  render           | Saved: 'C:\Users\gil_n\Documents\GitHub\Godot-game-development-codex\build\melee_trail_review\measured_dense\knife\90\030.png'
00:45.984  render           | Saved: 'C:\Users\gil_n\Documents\GitHub\Godot-game-development-codex\build\melee_trail_review\measured_dense\knife\90\031.png'
00:46.125  render           | Saved: 'C:\Users\gil_n\Documents\GitHub\Godot-game-development-codex\build\melee_trail_review\measured_dense\knife\90\032.png'
00:46.281  render           | Saved: 'C:\Users\gil_n\Documents\GitHub\Godot-game-development-codex\build\melee_trail_review\measured_dense\knife\90\033.png'
00:46.422  render           | Saved: 'C:\Users\gil_n\Documents\GitHub\Godot-game-development-codex\build\melee_trail_review\measured_dense\knife\90\034.png'
00:46.562  render           | Saved: 'C:\Users\gil_n\Documents\GitHub\Godot-game-development-codex\build\melee_trail_review\measured_dense\knife\90\035.png'
00:46.719  render           | Saved: 'C:\Users\gil_n\Documents\GitHub\Godot-game-development-codex\build\melee_trail_review\measured_dense\knife\90\036.png'
00:46.859  render           | Saved: 'C:\Users\gil_n\Documents\GitHub\Godot-game-development-codex\build\melee_trail_review\measured_dense\knife\90\037.png'
00:47.015  render           | Saved: 'C:\Users\gil_n\Documents\GitHub\Godot-game-development-codex\build\melee_trail_review\measured_dense\knife\90\038.png'
00:47.156  render           | Saved: 'C:\Users\gil_n\Documents\GitHub\Godot-game-development-codex\build\melee_trail_review\measured_dense\knife\90\039.png'
00:47.297  render           | Saved: 'C:\Users\gil_n\Documents\GitHub\Godot-game-development-codex\build\melee_trail_review\measured_dense\knife\90\040.png'
00:47.453  render           | Saved: 'C:\Users\gil_n\Documents\GitHub\Godot-game-development-codex\build\melee_trail_review\measured_dense\knife\90\041.png'
00:47.594  render           | Saved: 'C:\Users\gil_n\Documents\GitHub\Godot-game-development-codex\build\melee_trail_review\measured_dense\knife\90\042.png'
00:47.750  render           | Saved: 'C:\Users\gil_n\Documents\GitHub\Godot-game-development-codex\build\melee_trail_review\measured_dense\knife\90\043.png'
00:47.890  render           | Saved: 'C:\Users\gil_n\Documents\GitHub\Godot-game-development-codex\build\melee_trail_review\measured_dense\knife\90\044.png'
00:48.047  render           | Saved: 'C:\Users\gil_n\Documents\GitHub\Godot-game-development-codex\build\melee_trail_review\measured_dense\knife\90\045.png'
00:48.187  render           | Saved: 'C:\Users\gil_n\Documents\GitHub\Godot-game-development-codex\build\melee_trail_review\measured_dense\knife\90\046.png'
00:48.344  render           | Saved: 'C:\Users\gil_n\Documents\GitHub\Godot-game-development-codex\build\melee_trail_review\measured_dense\knife\90\047.png'
00:48.484  render           | Saved: 'C:\Users\gil_n\Documents\GitHub\Godot-game-development-codex\build\melee_trail_review\measured_dense\knife\90\048.png'
00:48.640  render           | Saved: 'C:\Users\gil_n\Documents\GitHub\Godot-game-development-codex\build\melee_trail_review\measured_dense\knife\90\049.png'
00:48.797  render           | Saved: 'C:\Users\gil_n\Documents\GitHub\Godot-game-development-codex\build\melee_trail_review\measured_dense\knife\90\050.png'
00:48.937  render           | Saved: 'C:\Users\gil_n\Documents\GitHub\Godot-game-development-codex\build\melee_trail_review\measured_dense\knife\90\051.png'
00:49.094  render           | Saved: 'C:\Users\gil_n\Documents\GitHub\Godot-game-development-codex\build\melee_trail_review\measured_dense\knife\90\052.png'
00:49.234  render           | Saved: 'C:\Users\gil_n\Documents\GitHub\Godot-game-development-codex\build\melee_trail_review\measured_dense\knife\90\053.png'
00:49.390  render           | Saved: 'C:\Users\gil_n\Documents\GitHub\Godot-game-development-codex\build\melee_trail_review\measured_dense\knife\90\054.png'
00:49.531  render           | Saved: 'C:\Users\gil_n\Documents\GitHub\Godot-game-development-codex\build\melee_trail_review\measured_dense\knife\90\055.png'
00:49.687  render           | Saved: 'C:\Users\gil_n\Documents\GitHub\Godot-game-development-codex\build\melee_trail_review\measured_dense\knife\90\056.png'
00:49.828  render           | Saved: 'C:\Users\gil_n\Documents\GitHub\Godot-game-development-codex\build\melee_trail_review\measured_dense\knife\90\057.png'
00:49.969  render           | Saved: 'C:\Users\gil_n\Documents\GitHub\Godot-game-development-codex\build\melee_trail_review\measured_dense\knife\90\058.png'
00:50.125  render           | Saved: 'C:\Users\gil_n\Documents\GitHub\Godot-game-development-codex\build\melee_trail_review\measured_dense\knife\90\059.png'
00:50.265  render           | Saved: 'C:\Users\gil_n\Documents\GitHub\Godot-game-development-codex\build\melee_trail_review\measured_dense\knife\90\060.png'
00:50.422  render           | Saved: 'C:\Users\gil_n\Documents\GitHub\Godot-game-development-codex\build\melee_trail_review\measured_dense\knife\90\061.png'
00:50.562  render           | Saved: 'C:\Users\gil_n\Documents\GitHub\Godot-game-development-codex\build\melee_trail_review\measured_dense\knife\90\062.png'
00:50.719  render           | Saved: 'C:\Users\gil_n\Documents\GitHub\Godot-game-development-codex\build\melee_trail_review\measured_dense\knife\90\063.png'
00:50.875  render           | Saved: 'C:\Users\gil_n\Documents\GitHub\Godot-game-development-codex\build\melee_trail_review\measured_dense\knife\90\064.png'
00:51.031  render           | Saved: 'C:\Users\gil_n\Documents\GitHub\Godot-game-development-codex\build\melee_trail_review\measured_dense\knife\112.5\000.png'
00:51.172  render           | Saved: 'C:\Users\gil_n\Documents\GitHub\Godot-game-development-codex\build\melee_trail_review\measured_dense\knife\112.5\001.png'
00:51.312  render           | Saved: 'C:\Users\gil_n\Documents\GitHub\Godot-game-development-codex\build\melee_trail_review\measured_dense\knife\112.5\002.png'
00:51.469  render           | Saved: 'C:\Users\gil_n\Documents\GitHub\Godot-game-development-codex\build\melee_trail_review\measured_dense\knife\112.5\003.png'
00:51.609  render           | Saved: 'C:\Users\gil_n\Documents\GitHub\Godot-game-development-codex\build\melee_trail_review\measured_dense\knife\112.5\004.png'
00:51.765  render           | Saved: 'C:\Users\gil_n\Documents\GitHub\Godot-game-development-codex\build\melee_trail_review\measured_dense\knife\112.5\005.png'
00:51.906  render           | Saved: 'C:\Users\gil_n\Documents\GitHub\Godot-game-development-codex\build\melee_trail_review\measured_dense\knife\112.5\006.png'
00:52.062  render           | Saved: 'C:\Users\gil_n\Documents\GitHub\Godot-game-development-codex\build\melee_trail_review\measured_dense\knife\112.5\007.png'
00:52.219  render           | Saved: 'C:\Users\gil_n\Documents\GitHub\Godot-game-development-codex\build\melee_trail_review\measured_dense\knife\112.5\008.png'
00:52.359  render           | Saved: 'C:\Users\gil_n\Documents\GitHub\Godot-game-development-codex\build\melee_trail_review\measured_dense\knife\112.5\009.png'
00:52.515  render           | Saved: 'C:\Users\gil_n\Documents\GitHub\Godot-game-development-codex\build\melee_trail_review\measured_dense\knife\112.5\010.png'
00:52.656  render           | Saved: 'C:\Users\gil_n\Documents\GitHub\Godot-game-development-codex\build\melee_trail_review\measured_dense\knife\112.5\011.png'
00:52.812  render           | Saved: 'C:\Users\gil_n\Documents\GitHub\Godot-game-development-codex\build\melee_trail_review\measured_dense\knife\112.5\012.png'
00:52.953  render           | Saved: 'C:\Users\gil_n\Documents\GitHub\Godot-game-development-codex\build\melee_trail_review\measured_dense\knife\112.5\013.png'
00:53.109  render           | Saved: 'C:\Users\gil_n\Documents\GitHub\Godot-game-development-codex\build\melee_trail_review\measured_dense\knife\112.5\014.png'
00:53.250  render           | Saved: 'C:\Users\gil_n\Documents\GitHub\Godot-game-development-codex\build\melee_trail_review\measured_dense\knife\112.5\015.png'
00:53.406  render           | Saved: 'C:\Users\gil_n\Documents\GitHub\Godot-game-development-codex\build\melee_trail_review\measured_dense\knife\112.5\016.png'
00:53.562  render           | Saved: 'C:\Users\gil_n\Documents\GitHub\Godot-game-development-codex\build\melee_trail_review\measured_dense\knife\112.5\017.png'
00:53.703  render           | Saved: 'C:\Users\gil_n\Documents\GitHub\Godot-game-development-codex\build\melee_trail_review\measured_dense\knife\112.5\018.png'
00:53.844  render           | Saved: 'C:\Users\gil_n\Documents\GitHub\Godot-game-development-codex\build\melee_trail_review\measured_dense\knife\112.5\019.png'
00:54.000  render           | Saved: 'C:\Users\gil_n\Documents\GitHub\Godot-game-development-codex\build\melee_trail_review\measured_dense\knife\112.5\020.png'
00:54.140  render           | Saved: 'C:\Users\gil_n\Documents\GitHub\Godot-game-development-codex\build\melee_trail_review\measured_dense\knife\112.5\021.png'
00:54.297  render           | Saved: 'C:\Users\gil_n\Documents\GitHub\Godot-game-development-codex\build\melee_trail_review\measured_dense\knife\112.5\022.png'
00:54.437  render           | Saved: 'C:\Users\gil_n\Documents\GitHub\Godot-game-development-codex\build\melee_trail_review\measured_dense\knife\112.5\023.png'
00:54.594  render           | Saved: 'C:\Users\gil_n\Documents\GitHub\Godot-game-development-codex\build\melee_trail_review\measured_dense\knife\112.5\024.png'
00:54.734  render           | Saved: 'C:\Users\gil_n\Documents\GitHub\Godot-game-development-codex\build\melee_trail_review\measured_dense\knife\112.5\025.png'
00:54.890  render           | Saved: 'C:\Users\gil_n\Documents\GitHub\Godot-game-development-codex\build\melee_trail_review\measured_dense\knife\112.5\026.png'
00:55.047  render           | Saved: 'C:\Users\gil_n\Documents\GitHub\Godot-game-development-codex\build\melee_trail_review\measured_dense\knife\112.5\027.png'
00:55.203  render           | Saved: 'C:\Users\gil_n\Documents\GitHub\Godot-game-development-codex\build\melee_trail_review\measured_dense\knife\112.5\028.png'
00:55.359  render           | Saved: 'C:\Users\gil_n\Documents\GitHub\Godot-game-development-codex\build\melee_trail_review\measured_dense\knife\112.5\029.png'
00:55.515  render           | Saved: 'C:\Users\gil_n\Documents\GitHub\Godot-game-development-codex\build\melee_trail_review\measured_dense\knife\112.5\030.png'
00:55.672  render           | Saved: 'C:\Users\gil_n\Documents\GitHub\Godot-game-development-codex\build\melee_trail_review\measured_dense\knife\112.5\031.png'
00:55.812  render           | Saved: 'C:\Users\gil_n\Documents\GitHub\Godot-game-development-codex\build\melee_trail_review\measured_dense\knife\112.5\032.png'
00:55.969  render           | Saved: 'C:\Users\gil_n\Documents\GitHub\Godot-game-development-codex\build\melee_trail_review\measured_dense\knife\112.5\033.png'
00:56.109  render           | Saved: 'C:\Users\gil_n\Documents\GitHub\Godot-game-development-codex\build\melee_trail_review\measured_dense\knife\112.5\034.png'
00:56.265  render           | Saved: 'C:\Users\gil_n\Documents\GitHub\Godot-game-development-codex\build\melee_trail_review\measured_dense\knife\112.5\035.png'
00:56.406  render           | Saved: 'C:\Users\gil_n\Documents\GitHub\Godot-game-development-codex\build\melee_trail_review\measured_dense\knife\112.5\036.png'
00:56.562  render           | Saved: 'C:\Users\gil_n\Documents\GitHub\Godot-game-development-codex\build\melee_trail_review\measured_dense\knife\112.5\037.png'
00:56.719  render           | Saved: 'C:\Users\gil_n\Documents\GitHub\Godot-game-development-codex\build\melee_trail_review\measured_dense\knife\112.5\038.png'
00:56.859  render           | Saved: 'C:\Users\gil_n\Documents\GitHub\Godot-game-development-codex\build\melee_trail_review\measured_dense\knife\112.5\039.png'
00:57.015  render           | Saved: 'C:\Users\gil_n\Documents\GitHub\Godot-game-development-codex\build\melee_trail_review\measured_dense\knife\112.5\040.png'
00:57.156  render           | Saved: 'C:\Users\gil_n\Documents\GitHub\Godot-game-development-codex\build\melee_trail_review\measured_dense\knife\112.5\041.png'
00:57.312  render           | Saved: 'C:\Users\gil_n\Documents\GitHub\Godot-game-development-codex\build\melee_trail_review\measured_dense\knife\112.5\042.png'
00:57.453  render           | Saved: 'C:\Users\gil_n\Documents\GitHub\Godot-game-development-codex\build\melee_trail_review\measured_dense\knife\112.5\043.png'
00:57.609  render           | Saved: 'C:\Users\gil_n\Documents\GitHub\Godot-game-development-codex\build\melee_trail_review\measured_dense\knife\112.5\044.png'
00:57.750  render           | Saved: 'C:\Users\gil_n\Documents\GitHub\Godot-game-development-codex\build\melee_trail_review\measured_dense\knife\112.5\045.png'
00:57.906  render           | Saved: 'C:\Users\gil_n\Documents\GitHub\Godot-game-development-codex\build\melee_trail_review\measured_dense\knife\112.5\046.png'
00:58.047  render           | Saved: 'C:\Users\gil_n\Documents\GitHub\Godot-game-development-codex\build\melee_trail_review\measured_dense\knife\112.5\047.png'
00:58.203  render           | Saved: 'C:\Users\gil_n\Documents\GitHub\Godot-game-development-codex\build\melee_trail_review\measured_dense\knife\112.5\048.png'
00:58.344  render           | Saved: 'C:\Users\gil_n\Documents\GitHub\Godot-game-development-codex\build\melee_trail_review\measured_dense\knife\112.5\049.png'
00:58.500  render           | Saved: 'C:\Users\gil_n\Documents\GitHub\Godot-game-development-codex\build\melee_trail_review\measured_dense\knife\112.5\050.png'
00:58.640  render           | Saved: 'C:\Users\gil_n\Documents\GitHub\Godot-game-development-codex\build\melee_trail_review\measured_dense\knife\112.5\051.png'
00:58.797  render           | Saved: 'C:\Users\gil_n\Documents\GitHub\Godot-game-development-codex\build\melee_trail_review\measured_dense\knife\112.5\052.png'
00:58.937  render           | Saved: 'C:\Users\gil_n\Documents\GitHub\Godot-game-development-codex\build\melee_trail_review\measured_dense\knife\112.5\053.png'
00:59.094  render           | Saved: 'C:\Users\gil_n\Documents\GitHub\Godot-game-development-codex\build\melee_trail_review\measured_dense\knife\112.5\054.png'
00:59.234  render           | Saved: 'C:\Users\gil_n\Documents\GitHub\Godot-game-development-codex\build\melee_trail_review\measured_dense\knife\112.5\055.png'
00:59.390  render           | Saved: 'C:\Users\gil_n\Documents\GitHub\Godot-game-development-codex\build\melee_trail_review\measured_dense\knife\112.5\056.png'
00:59.531  render           | Saved: 'C:\Users\gil_n\Documents\GitHub\Godot-game-development-codex\build\melee_trail_review\measured_dense\knife\112.5\057.png'
00:59.687  render           | Saved: 'C:\Users\gil_n\Documents\GitHub\Godot-game-development-codex\build\melee_trail_review\measured_dense\knife\112.5\058.png'
00:59.828  render           | Saved: 'C:\Users\gil_n\Documents\GitHub\Godot-game-development-codex\build\melee_trail_review\measured_dense\knife\112.5\059.png'
00:59.984  render           | Saved: 'C:\Users\gil_n\Documents\GitHub\Godot-game-development-codex\build\melee_trail_review\measured_dense\knife\112.5\060.png'
01:00.125  render           | Saved: 'C:\Users\gil_n\Documents\GitHub\Godot-game-development-codex\build\melee_trail_review\measured_dense\knife\112.5\061.png'
01:00.281  render           | Saved: 'C:\Users\gil_n\Documents\GitHub\Godot-game-development-codex\build\melee_trail_review\measured_dense\knife\112.5\062.png'
01:00.422  render           | Saved: 'C:\Users\gil_n\Documents\GitHub\Godot-game-development-codex\build\melee_trail_review\measured_dense\knife\112.5\063.png'
01:00.578  render           | Saved: 'C:\Users\gil_n\Documents\GitHub\Godot-game-development-codex\build\melee_trail_review\measured_dense\knife\112.5\064.png'
01:00.765  render           | Saved: 'C:\Users\gil_n\Documents\GitHub\Godot-game-development-codex\build\melee_trail_review\measured_dense\knife\135\000.png'
01:00.906  render           | Saved: 'C:\Users\gil_n\Documents\GitHub\Godot-game-development-codex\build\melee_trail_review\measured_dense\knife\135\001.png'
01:01.062  render           | Saved: 'C:\Users\gil_n\Documents\GitHub\Godot-game-development-codex\build\melee_trail_review\measured_dense\knife\135\002.png'
01:01.219  render           | Saved: 'C:\Users\gil_n\Documents\GitHub\Godot-game-development-codex\build\melee_trail_review\measured_dense\knife\135\003.png'
01:01.359  render           | Saved: 'C:\Users\gil_n\Documents\GitHub\Godot-game-development-codex\build\melee_trail_review\measured_dense\knife\135\004.png'
01:01.515  render           | Saved: 'C:\Users\gil_n\Documents\GitHub\Godot-game-development-codex\build\melee_trail_review\measured_dense\knife\135\005.png'
01:01.656  render           | Saved: 'C:\Users\gil_n\Documents\GitHub\Godot-game-development-codex\build\melee_trail_review\measured_dense\knife\135\006.png'
01:01.812  render           | Saved: 'C:\Users\gil_n\Documents\GitHub\Godot-game-development-codex\build\melee_trail_review\measured_dense\knife\135\007.png'
01:01.953  render           | Saved: 'C:\Users\gil_n\Documents\GitHub\Godot-game-development-codex\build\melee_trail_review\measured_dense\knife\135\008.png'
01:02.109  render           | Saved: 'C:\Users\gil_n\Documents\GitHub\Godot-game-development-codex\build\melee_trail_review\measured_dense\knife\135\009.png'
01:02.250  render           | Saved: 'C:\Users\gil_n\Documents\GitHub\Godot-game-development-codex\build\melee_trail_review\measured_dense\knife\135\010.png'
01:02.406  render           | Saved: 'C:\Users\gil_n\Documents\GitHub\Godot-game-development-codex\build\melee_trail_review\measured_dense\knife\135\011.png'
01:02.562  render           | Saved: 'C:\Users\gil_n\Documents\GitHub\Godot-game-development-codex\build\melee_trail_review\measured_dense\knife\135\012.png'
01:02.703  render           | Saved: 'C:\Users\gil_n\Documents\GitHub\Godot-game-development-codex\build\melee_trail_review\measured_dense\knife\135\013.png'
01:02.859  render           | Saved: 'C:\Users\gil_n\Documents\GitHub\Godot-game-development-codex\build\melee_trail_review\measured_dense\knife\135\014.png'
01:03.000  render           | Saved: 'C:\Users\gil_n\Documents\GitHub\Godot-game-development-codex\build\melee_trail_review\measured_dense\knife\135\015.png'
01:03.156  render           | Saved: 'C:\Users\gil_n\Documents\GitHub\Godot-game-development-codex\build\melee_trail_review\measured_dense\knife\135\016.png'
01:03.297  render           | Saved: 'C:\Users\gil_n\Documents\GitHub\Godot-game-development-codex\build\melee_trail_review\measured_dense\knife\135\017.png'
01:03.453  render           | Saved: 'C:\Users\gil_n\Documents\GitHub\Godot-game-development-codex\build\melee_trail_review\measured_dense\knife\135\018.png'
01:03.594  render           | Saved: 'C:\Users\gil_n\Documents\GitHub\Godot-game-development-codex\build\melee_trail_review\measured_dense\knife\135\019.png'
01:03.750  render           | Saved: 'C:\Users\gil_n\Documents\GitHub\Godot-game-development-codex\build\melee_trail_review\measured_dense\knife\135\020.png'
01:03.890  render           | Saved: 'C:\Users\gil_n\Documents\GitHub\Godot-game-development-codex\build\melee_trail_review\measured_dense\knife\135\021.png'
01:04.031  render           | Saved: 'C:\Users\gil_n\Documents\GitHub\Godot-game-development-codex\build\melee_trail_review\measured_dense\knife\135\022.png'
01:04.187  render           | Saved: 'C:\Users\gil_n\Documents\GitHub\Godot-game-development-codex\build\melee_trail_review\measured_dense\knife\135\023.png'
01:04.328  render           | Saved: 'C:\Users\gil_n\Documents\GitHub\Godot-game-development-codex\build\melee_trail_review\measured_dense\knife\135\024.png'
01:04.484  render           | Saved: 'C:\Users\gil_n\Documents\GitHub\Godot-game-development-codex\build\melee_trail_review\measured_dense\knife\135\025.png'
01:04.640  render           | Saved: 'C:\Users\gil_n\Documents\GitHub\Godot-game-development-codex\build\melee_trail_review\measured_dense\knife\135\026.png'
01:04.797  render           | Saved: 'C:\Users\gil_n\Documents\GitHub\Godot-game-development-codex\build\melee_trail_review\measured_dense\knife\135\027.png'
01:04.937  render           | Saved: 'C:\Users\gil_n\Documents\GitHub\Godot-game-development-codex\build\melee_trail_review\measured_dense\knife\135\028.png'
01:05.094  render           | Saved: 'C:\Users\gil_n\Documents\GitHub\Godot-game-development-codex\build\melee_trail_review\measured_dense\knife\135\029.png'
01:05.234  render           | Saved: 'C:\Users\gil_n\Documents\GitHub\Godot-game-development-codex\build\melee_trail_review\measured_dense\knife\135\030.png'
01:05.390  render           | Saved: 'C:\Users\gil_n\Documents\GitHub\Godot-game-development-codex\build\melee_trail_review\measured_dense\knife\135\031.png'
01:05.531  render           | Saved: 'C:\Users\gil_n\Documents\GitHub\Godot-game-development-codex\build\melee_trail_review\measured_dense\knife\135\032.png'
01:05.687  render           | Saved: 'C:\Users\gil_n\Documents\GitHub\Godot-game-development-codex\build\melee_trail_review\measured_dense\knife\135\033.png'
01:05.828  render           | Saved: 'C:\Users\gil_n\Documents\GitHub\Godot-game-development-codex\build\melee_trail_review\measured_dense\knife\135\034.png'
01:05.984  render           | Saved: 'C:\Users\gil_n\Documents\GitHub\Godot-game-development-codex\build\melee_trail_review\measured_dense\knife\135\035.png'
01:06.125  render           | Saved: 'C:\Users\gil_n\Documents\GitHub\Godot-game-development-codex\build\melee_trail_review\measured_dense\knife\135\036.png'
01:06.281  render           | Saved: 'C:\Users\gil_n\Documents\GitHub\Godot-game-development-codex\build\melee_trail_review\measured_dense\knife\135\037.png'
01:06.422  render           | Saved: 'C:\Users\gil_n\Documents\GitHub\Godot-game-development-codex\build\melee_trail_review\measured_dense\knife\135\038.png'
01:06.578  render           | Saved: 'C:\Users\gil_n\Documents\GitHub\Godot-game-development-codex\build\melee_trail_review\measured_dense\knife\135\039.png'
01:06.719  render           | Saved: 'C:\Users\gil_n\Documents\GitHub\Godot-game-development-codex\build\melee_trail_review\measured_dense\knife\135\040.png'
01:06.875  render           | Saved: 'C:\Users\gil_n\Documents\GitHub\Godot-game-development-codex\build\melee_trail_review\measured_dense\knife\135\041.png'
01:07.015  render           | Saved: 'C:\Users\gil_n\Documents\GitHub\Godot-game-development-codex\build\melee_trail_review\measured_dense\knife\135\042.png'
01:07.172  render           | Saved: 'C:\Users\gil_n\Documents\GitHub\Godot-game-development-codex\build\melee_trail_review\measured_dense\knife\135\043.png'
01:07.312  render           | Saved: 'C:\Users\gil_n\Documents\GitHub\Godot-game-development-codex\build\melee_trail_review\measured_dense\knife\135\044.png'
01:07.453  render           | Saved: 'C:\Users\gil_n\Documents\GitHub\Godot-game-development-codex\build\melee_trail_review\measured_dense\knife\135\045.png'
01:07.609  render           | Saved: 'C:\Users\gil_n\Documents\GitHub\Godot-game-development-codex\build\melee_trail_review\measured_dense\knife\135\046.png'
01:07.765  render           | Saved: 'C:\Users\gil_n\Documents\GitHub\Godot-game-development-codex\build\melee_trail_review\measured_dense\knife\135\047.png'
01:07.906  render           | Saved: 'C:\Users\gil_n\Documents\GitHub\Godot-game-development-codex\build\melee_trail_review\measured_dense\knife\135\048.png'
01:08.062  render           | Saved: 'C:\Users\gil_n\Documents\GitHub\Godot-game-development-codex\build\melee_trail_review\measured_dense\knife\135\049.png'
01:08.203  render           | Saved: 'C:\Users\gil_n\Documents\GitHub\Godot-game-development-codex\build\melee_trail_review\measured_dense\knife\135\050.png'
01:08.359  render           | Saved: 'C:\Users\gil_n\Documents\GitHub\Godot-game-development-codex\build\melee_trail_review\measured_dense\knife\135\051.png'
01:08.500  render           | Saved: 'C:\Users\gil_n\Documents\GitHub\Godot-game-development-codex\build\melee_trail_review\measured_dense\knife\135\052.png'
01:08.656  render           | Saved: 'C:\Users\gil_n\Documents\GitHub\Godot-game-development-codex\build\melee_trail_review\measured_dense\knife\135\053.png'
01:08.812  render           | Saved: 'C:\Users\gil_n\Documents\GitHub\Godot-game-development-codex\build\melee_trail_review\measured_dense\knife\135\054.png'
01:08.953  render           | Saved: 'C:\Users\gil_n\Documents\GitHub\Godot-game-development-codex\build\melee_trail_review\measured_dense\knife\135\055.png'
01:09.109  render           | Saved: 'C:\Users\gil_n\Documents\GitHub\Godot-game-development-codex\build\melee_trail_review\measured_dense\knife\135\056.png'
01:09.250  render           | Saved: 'C:\Users\gil_n\Documents\GitHub\Godot-game-development-codex\build\melee_trail_review\measured_dense\knife\135\057.png'
01:09.406  render           | Saved: 'C:\Users\gil_n\Documents\GitHub\Godot-game-development-codex\build\melee_trail_review\measured_dense\knife\135\058.png'
01:09.547  render           | Saved: 'C:\Users\gil_n\Documents\GitHub\Godot-game-development-codex\build\melee_trail_review\measured_dense\knife\135\059.png'
01:09.687  render           | Saved: 'C:\Users\gil_n\Documents\GitHub\Godot-game-development-codex\build\melee_trail_review\measured_dense\knife\135\060.png'
01:09.844  render           | Saved: 'C:\Users\gil_n\Documents\GitHub\Godot-game-development-codex\build\melee_trail_review\measured_dense\knife\135\061.png'
01:10.000  render           | Saved: 'C:\Users\gil_n\Documents\GitHub\Godot-game-development-codex\build\melee_trail_review\measured_dense\knife\135\062.png'
01:10.140  render           | Saved: 'C:\Users\gil_n\Documents\GitHub\Godot-game-development-codex\build\melee_trail_review\measured_dense\knife\135\063.png'
01:10.297  render           | Saved: 'C:\Users\gil_n\Documents\GitHub\Godot-game-development-codex\build\melee_trail_review\measured_dense\knife\135\064.png'
01:10.453  render           | Saved: 'C:\Users\gil_n\Documents\GitHub\Godot-game-development-codex\build\melee_trail_review\measured_dense\knife\157.5\000.png'
01:10.594  render           | Saved: 'C:\Users\gil_n\Documents\GitHub\Godot-game-development-codex\build\melee_trail_review\measured_dense\knife\157.5\001.png'
01:10.734  render           | Saved: 'C:\Users\gil_n\Documents\GitHub\Godot-game-development-codex\build\melee_trail_review\measured_dense\knife\157.5\002.png'
01:10.890  render           | Saved: 'C:\Users\gil_n\Documents\GitHub\Godot-game-development-codex\build\melee_trail_review\measured_dense\knife\157.5\003.png'
01:11.031  render           | Saved: 'C:\Users\gil_n\Documents\GitHub\Godot-game-development-codex\build\melee_trail_review\measured_dense\knife\157.5\004.png'
01:11.187  render           | Saved: 'C:\Users\gil_n\Documents\GitHub\Godot-game-development-codex\build\melee_trail_review\measured_dense\knife\157.5\005.png'
01:11.328  render           | Saved: 'C:\Users\gil_n\Documents\GitHub\Godot-game-development-codex\build\melee_trail_review\measured_dense\knife\157.5\006.png'
01:11.484  render           | Saved: 'C:\Users\gil_n\Documents\GitHub\Godot-game-development-codex\build\melee_trail_review\measured_dense\knife\157.5\007.png'
01:11.640  render           | Saved: 'C:\Users\gil_n\Documents\GitHub\Godot-game-development-codex\build\melee_trail_review\measured_dense\knife\157.5\008.png'
01:11.781  render           | Saved: 'C:\Users\gil_n\Documents\GitHub\Godot-game-development-codex\build\melee_trail_review\measured_dense\knife\157.5\009.png'
01:11.937  render           | Saved: 'C:\Users\gil_n\Documents\GitHub\Godot-game-development-codex\build\melee_trail_review\measured_dense\knife\157.5\010.png'
01:12.094  render           | Saved: 'C:\Users\gil_n\Documents\GitHub\Godot-game-development-codex\build\melee_trail_review\measured_dense\knife\157.5\011.png'
01:12.250  render           | Saved: 'C:\Users\gil_n\Documents\GitHub\Godot-game-development-codex\build\melee_trail_review\measured_dense\knife\157.5\012.png'
01:12.406  render           | Saved: 'C:\Users\gil_n\Documents\GitHub\Godot-game-development-codex\build\melee_trail_review\measured_dense\knife\157.5\013.png'
01:12.578  render           | Saved: 'C:\Users\gil_n\Documents\GitHub\Godot-game-development-codex\build\melee_trail_review\measured_dense\knife\157.5\014.png'
01:12.734  render           | Saved: 'C:\Users\gil_n\Documents\GitHub\Godot-game-development-codex\build\melee_trail_review\measured_dense\knife\157.5\015.png'
01:12.890  render           | Saved: 'C:\Users\gil_n\Documents\GitHub\Godot-game-development-codex\build\melee_trail_review\measured_dense\knife\157.5\016.png'
01:13.047  render           | Saved: 'C:\Users\gil_n\Documents\GitHub\Godot-game-development-codex\build\melee_trail_review\measured_dense\knife\157.5\017.png'
01:13.187  render           | Saved: 'C:\Users\gil_n\Documents\GitHub\Godot-game-development-codex\build\melee_trail_review\measured_dense\knife\157.5\018.png'
01:13.344  render           | Saved: 'C:\Users\gil_n\Documents\GitHub\Godot-game-development-codex\build\melee_trail_review\measured_dense\knife\157.5\019.png'
01:13.500  render           | Saved: 'C:\Users\gil_n\Documents\GitHub\Godot-game-development-codex\build\melee_trail_review\measured_dense\knife\157.5\020.png'
01:13.640  render           | Saved: 'C:\Users\gil_n\Documents\GitHub\Godot-game-development-codex\build\melee_trail_review\measured_dense\knife\157.5\021.png'
01:13.797  render           | Saved: 'C:\Users\gil_n\Documents\GitHub\Godot-game-development-codex\build\melee_trail_review\measured_dense\knife\157.5\022.png'
01:13.937  render           | Saved: 'C:\Users\gil_n\Documents\GitHub\Godot-game-development-codex\build\melee_trail_review\measured_dense\knife\157.5\023.png'
01:14.094  render           | Saved: 'C:\Users\gil_n\Documents\GitHub\Godot-game-development-codex\build\melee_trail_review\measured_dense\knife\157.5\024.png'
01:14.234  render           | Saved: 'C:\Users\gil_n\Documents\GitHub\Godot-game-development-codex\build\melee_trail_review\measured_dense\knife\157.5\025.png'
01:14.390  render           | Saved: 'C:\Users\gil_n\Documents\GitHub\Godot-game-development-codex\build\melee_trail_review\measured_dense\knife\157.5\026.png'
01:14.531  render           | Saved: 'C:\Users\gil_n\Documents\GitHub\Godot-game-development-codex\build\melee_trail_review\measured_dense\knife\157.5\027.png'
01:14.687  render           | Saved: 'C:\Users\gil_n\Documents\GitHub\Godot-game-development-codex\build\melee_trail_review\measured_dense\knife\157.5\028.png'
01:14.828  render           | Saved: 'C:\Users\gil_n\Documents\GitHub\Godot-game-development-codex\build\melee_trail_review\measured_dense\knife\157.5\029.png'
01:14.984  render           | Saved: 'C:\Users\gil_n\Documents\GitHub\Godot-game-development-codex\build\melee_trail_review\measured_dense\knife\157.5\030.png'
01:15.125  render           | Saved: 'C:\Users\gil_n\Documents\GitHub\Godot-game-development-codex\build\melee_trail_review\measured_dense\knife\157.5\031.png'
01:15.281  render           | Saved: 'C:\Users\gil_n\Documents\GitHub\Godot-game-development-codex\build\melee_trail_review\measured_dense\knife\157.5\032.png'
01:15.422  render           | Saved: 'C:\Users\gil_n\Documents\GitHub\Godot-game-development-codex\build\melee_trail_review\measured_dense\knife\157.5\033.png'
01:15.578  render           | Saved: 'C:\Users\gil_n\Documents\GitHub\Godot-game-development-codex\build\melee_trail_review\measured_dense\knife\157.5\034.png'
01:15.719  render           | Saved: 'C:\Users\gil_n\Documents\GitHub\Godot-game-development-codex\build\melee_trail_review\measured_dense\knife\157.5\035.png'
01:15.875  render           | Saved: 'C:\Users\gil_n\Documents\GitHub\Godot-game-development-codex\build\melee_trail_review\measured_dense\knife\157.5\036.png'
01:16.015  render           | Saved: 'C:\Users\gil_n\Documents\GitHub\Godot-game-development-codex\build\melee_trail_review\measured_dense\knife\157.5\037.png'
01:16.172  render           | Saved: 'C:\Users\gil_n\Documents\GitHub\Godot-game-development-codex\build\melee_trail_review\measured_dense\knife\157.5\038.png'
01:16.328  render           | Saved: 'C:\Users\gil_n\Documents\GitHub\Godot-game-development-codex\build\melee_trail_review\measured_dense\knife\157.5\039.png'
01:16.469  render           | Saved: 'C:\Users\gil_n\Documents\GitHub\Godot-game-development-codex\build\melee_trail_review\measured_dense\knife\157.5\040.png'
01:16.625  render           | Saved: 'C:\Users\gil_n\Documents\GitHub\Godot-game-development-codex\build\melee_trail_review\measured_dense\knife\157.5\041.png'
01:16.765  render           | Saved: 'C:\Users\gil_n\Documents\GitHub\Godot-game-development-codex\build\melee_trail_review\measured_dense\knife\157.5\042.png'
01:16.922  render           | Saved: 'C:\Users\gil_n\Documents\GitHub\Godot-game-development-codex\build\melee_trail_review\measured_dense\knife\157.5\043.png'
01:17.078  render           | Saved: 'C:\Users\gil_n\Documents\GitHub\Godot-game-development-codex\build\melee_trail_review\measured_dense\knife\157.5\044.png'
01:17.234  render           | Saved: 'C:\Users\gil_n\Documents\GitHub\Godot-game-development-codex\build\melee_trail_review\measured_dense\knife\157.5\045.png'
01:17.390  render           | Saved: 'C:\Users\gil_n\Documents\GitHub\Godot-game-development-codex\build\melee_trail_review\measured_dense\knife\157.5\046.png'
01:17.547  render           | Saved: 'C:\Users\gil_n\Documents\GitHub\Godot-game-development-codex\build\melee_trail_review\measured_dense\knife\157.5\047.png'
01:17.703  render           | Saved: 'C:\Users\gil_n\Documents\GitHub\Godot-game-development-codex\build\melee_trail_review\measured_dense\knife\157.5\048.png'
01:17.859  render           | Saved: 'C:\Users\gil_n\Documents\GitHub\Godot-game-development-codex\build\melee_trail_review\measured_dense\knife\157.5\049.png'
01:18.015  render           | Saved: 'C:\Users\gil_n\Documents\GitHub\Godot-game-development-codex\build\melee_trail_review\measured_dense\knife\157.5\050.png'
01:18.172  render           | Saved: 'C:\Users\gil_n\Documents\GitHub\Godot-game-development-codex\build\melee_trail_review\measured_dense\knife\157.5\051.png'
01:18.312  render           | Saved: 'C:\Users\gil_n\Documents\GitHub\Godot-game-development-codex\build\melee_trail_review\measured_dense\knife\157.5\052.png'
01:18.469  render           | Saved: 'C:\Users\gil_n\Documents\GitHub\Godot-game-development-codex\build\melee_trail_review\measured_dense\knife\157.5\053.png'
01:18.625  render           | Saved: 'C:\Users\gil_n\Documents\GitHub\Godot-game-development-codex\build\melee_trail_review\measured_dense\knife\157.5\054.png'
01:18.765  render           | Saved: 'C:\Users\gil_n\Documents\GitHub\Godot-game-development-codex\build\melee_trail_review\measured_dense\knife\157.5\055.png'
01:18.906  render           | Saved: 'C:\Users\gil_n\Documents\GitHub\Godot-game-development-codex\build\melee_trail_review\measured_dense\knife\157.5\056.png'
01:19.062  render           | Saved: 'C:\Users\gil_n\Documents\GitHub\Godot-game-development-codex\build\melee_trail_review\measured_dense\knife\157.5\057.png'
01:19.219  render           | Saved: 'C:\Users\gil_n\Documents\GitHub\Godot-game-development-codex\build\melee_trail_review\measured_dense\knife\157.5\058.png'
01:19.359  render           | Saved: 'C:\Users\gil_n\Documents\GitHub\Godot-game-development-codex\build\melee_trail_review\measured_dense\knife\157.5\059.png'
01:19.515  render           | Saved: 'C:\Users\gil_n\Documents\GitHub\Godot-game-development-codex\build\melee_trail_review\measured_dense\knife\157.5\060.png'
01:19.656  render           | Saved: 'C:\Users\gil_n\Documents\GitHub\Godot-game-development-codex\build\melee_trail_review\measured_dense\knife\157.5\061.png'
01:19.812  render           | Saved: 'C:\Users\gil_n\Documents\GitHub\Godot-game-development-codex\build\melee_trail_review\measured_dense\knife\157.5\062.png'
01:19.953  render           | Saved: 'C:\Users\gil_n\Documents\GitHub\Godot-game-development-codex\build\melee_trail_review\measured_dense\knife\157.5\063.png'
01:20.109  render           | Saved: 'C:\Users\gil_n\Documents\GitHub\Godot-game-development-codex\build\melee_trail_review\measured_dense\knife\157.5\064.png'
01:20.265  render           | Saved: 'C:\Users\gil_n\Documents\GitHub\Godot-game-development-codex\build\melee_trail_review\measured_dense\knife\180\000.png'
01:20.406  render           | Saved: 'C:\Users\gil_n\Documents\GitHub\Godot-game-development-codex\build\melee_trail_review\measured_dense\knife\180\001.png'
01:20.562  render           | Saved: 'C:\Users\gil_n\Documents\GitHub\Godot-game-development-codex\build\melee_trail_review\measured_dense\knife\180\002.png'
01:20.703  render           | Saved: 'C:\Users\gil_n\Documents\GitHub\Godot-game-development-codex\build\melee_trail_review\measured_dense\knife\180\003.png'
01:20.859  render           | Saved: 'C:\Users\gil_n\Documents\GitHub\Godot-game-development-codex\build\melee_trail_review\measured_dense\knife\180\004.png'
01:21.000  render           | Saved: 'C:\Users\gil_n\Documents\GitHub\Godot-game-development-codex\build\melee_trail_review\measured_dense\knife\180\005.png'
01:21.156  render           | Saved: 'C:\Users\gil_n\Documents\GitHub\Godot-game-development-codex\build\melee_trail_review\measured_dense\knife\180\006.png'
01:21.297  render           | Saved: 'C:\Users\gil_n\Documents\GitHub\Godot-game-development-codex\build\melee_trail_review\measured_dense\knife\180\007.png'
01:21.453  render           | Saved: 'C:\Users\gil_n\Documents\GitHub\Godot-game-development-codex\build\melee_trail_review\measured_dense\knife\180\008.png'
01:21.609  render           | Saved: 'C:\Users\gil_n\Documents\GitHub\Godot-game-development-codex\build\melee_trail_review\measured_dense\knife\180\009.png'
01:21.750  render           | Saved: 'C:\Users\gil_n\Documents\GitHub\Godot-game-development-codex\build\melee_trail_review\measured_dense\knife\180\010.png'
01:21.906  render           | Saved: 'C:\Users\gil_n\Documents\GitHub\Godot-game-development-codex\build\melee_trail_review\measured_dense\knife\180\011.png'
01:22.047  render           | Saved: 'C:\Users\gil_n\Documents\GitHub\Godot-game-development-codex\build\melee_trail_review\measured_dense\knife\180\012.png'
01:22.203  render           | Saved: 'C:\Users\gil_n\Documents\GitHub\Godot-game-development-codex\build\melee_trail_review\measured_dense\knife\180\013.png'
01:22.359  render           | Saved: 'C:\Users\gil_n\Documents\GitHub\Godot-game-development-codex\build\melee_trail_review\measured_dense\knife\180\014.png'
01:22.500  render           | Saved: 'C:\Users\gil_n\Documents\GitHub\Godot-game-development-codex\build\melee_trail_review\measured_dense\knife\180\015.png'
01:22.656  render           | Saved: 'C:\Users\gil_n\Documents\GitHub\Godot-game-development-codex\build\melee_trail_review\measured_dense\knife\180\016.png'
01:22.797  render           | Saved: 'C:\Users\gil_n\Documents\GitHub\Godot-game-development-codex\build\melee_trail_review\measured_dense\knife\180\017.png'
01:22.969  render           | Saved: 'C:\Users\gil_n\Documents\GitHub\Godot-game-development-codex\build\melee_trail_review\measured_dense\knife\180\018.png'
01:23.109  render           | Saved: 'C:\Users\gil_n\Documents\GitHub\Godot-game-development-codex\build\melee_trail_review\measured_dense\knife\180\019.png'
01:23.265  render           | Saved: 'C:\Users\gil_n\Documents\GitHub\Godot-game-development-codex\build\melee_trail_review\measured_dense\knife\180\020.png'
01:23.422  render           | Saved: 'C:\Users\gil_n\Documents\GitHub\Godot-game-development-codex\build\melee_trail_review\measured_dense\knife\180\021.png'
01:23.578  render           | Saved: 'C:\Users\gil_n\Documents\GitHub\Godot-game-development-codex\build\melee_trail_review\measured_dense\knife\180\022.png'
01:23.719  render           | Saved: 'C:\Users\gil_n\Documents\GitHub\Godot-game-development-codex\build\melee_trail_review\measured_dense\knife\180\023.png'
01:23.875  render           | Saved: 'C:\Users\gil_n\Documents\GitHub\Godot-game-development-codex\build\melee_trail_review\measured_dense\knife\180\024.png'
01:24.015  render           | Saved: 'C:\Users\gil_n\Documents\GitHub\Godot-game-development-codex\build\melee_trail_review\measured_dense\knife\180\025.png'
01:24.172  render           | Saved: 'C:\Users\gil_n\Documents\GitHub\Godot-game-development-codex\build\melee_trail_review\measured_dense\knife\180\026.png'
01:24.328  render           | Saved: 'C:\Users\gil_n\Documents\GitHub\Godot-game-development-codex\build\melee_trail_review\measured_dense\knife\180\027.png'
01:24.469  render           | Saved: 'C:\Users\gil_n\Documents\GitHub\Godot-game-development-codex\build\melee_trail_review\measured_dense\knife\180\028.png'
01:24.625  render           | Saved: 'C:\Users\gil_n\Documents\GitHub\Godot-game-development-codex\build\melee_trail_review\measured_dense\knife\180\029.png'
01:24.765  render           | Saved: 'C:\Users\gil_n\Documents\GitHub\Godot-game-development-codex\build\melee_trail_review\measured_dense\knife\180\030.png'
01:24.922  render           | Saved: 'C:\Users\gil_n\Documents\GitHub\Godot-game-development-codex\build\melee_trail_review\measured_dense\knife\180\031.png'
01:25.062  render           | Saved: 'C:\Users\gil_n\Documents\GitHub\Godot-game-development-codex\build\melee_trail_review\measured_dense\knife\180\032.png'
01:25.219  render           | Saved: 'C:\Users\gil_n\Documents\GitHub\Godot-game-development-codex\build\melee_trail_review\measured_dense\knife\180\033.png'
01:25.359  render           | Saved: 'C:\Users\gil_n\Documents\GitHub\Godot-game-development-codex\build\melee_trail_review\measured_dense\knife\180\034.png'
01:25.500  render           | Saved: 'C:\Users\gil_n\Documents\GitHub\Godot-game-development-codex\build\melee_trail_review\measured_dense\knife\180\035.png'
01:25.656  render           | Saved: 'C:\Users\gil_n\Documents\GitHub\Godot-game-development-codex\build\melee_trail_review\measured_dense\knife\180\036.png'
01:25.797  render           | Saved: 'C:\Users\gil_n\Documents\GitHub\Godot-game-development-codex\build\melee_trail_review\measured_dense\knife\180\037.png'
01:25.953  render           | Saved: 'C:\Users\gil_n\Documents\GitHub\Godot-game-development-codex\build\melee_trail_review\measured_dense\knife\180\038.png'
01:26.094  render           | Saved: 'C:\Users\gil_n\Documents\GitHub\Godot-game-development-codex\build\melee_trail_review\measured_dense\knife\180\039.png'
01:26.250  render           | Saved: 'C:\Users\gil_n\Documents\GitHub\Godot-game-development-codex\build\melee_trail_review\measured_dense\knife\180\040.png'
01:26.406  render           | Saved: 'C:\Users\gil_n\Documents\GitHub\Godot-game-development-codex\build\melee_trail_review\measured_dense\knife\180\041.png'
01:26.547  render           | Saved: 'C:\Users\gil_n\Documents\GitHub\Godot-game-development-codex\build\melee_trail_review\measured_dense\knife\180\042.png'
01:26.703  render           | Saved: 'C:\Users\gil_n\Documents\GitHub\Godot-game-development-codex\build\melee_trail_review\measured_dense\knife\180\043.png'
01:26.844  render           | Saved: 'C:\Users\gil_n\Documents\GitHub\Godot-game-development-codex\build\melee_trail_review\measured_dense\knife\180\044.png'
01:27.000  render           | Saved: 'C:\Users\gil_n\Documents\GitHub\Godot-game-development-codex\build\melee_trail_review\measured_dense\knife\180\045.png'
01:27.140  render           | Saved: 'C:\Users\gil_n\Documents\GitHub\Godot-game-development-codex\build\melee_trail_review\measured_dense\knife\180\046.png'
01:27.297  render           | Saved: 'C:\Users\gil_n\Documents\GitHub\Godot-game-development-codex\build\melee_trail_review\measured_dense\knife\180\047.png'
01:27.437  render           | Saved: 'C:\Users\gil_n\Documents\GitHub\Godot-game-development-codex\build\melee_trail_review\measured_dense\knife\180\048.png'
01:27.594  render           | Saved: 'C:\Users\gil_n\Documents\GitHub\Godot-game-development-codex\build\melee_trail_review\measured_dense\knife\180\049.png'
01:27.734  render           | Saved: 'C:\Users\gil_n\Documents\GitHub\Godot-game-development-codex\build\melee_trail_review\measured_dense\knife\180\050.png'
01:27.890  render           | Saved: 'C:\Users\gil_n\Documents\GitHub\Godot-game-development-codex\build\melee_trail_review\measured_dense\knife\180\051.png'
01:28.031  render           | Saved: 'C:\Users\gil_n\Documents\GitHub\Godot-game-development-codex\build\melee_trail_review\measured_dense\knife\180\052.png'
01:28.187  render           | Saved: 'C:\Users\gil_n\Documents\GitHub\Godot-game-development-codex\build\melee_trail_review\measured_dense\knife\180\053.png'
01:28.328  render           | Saved: 'C:\Users\gil_n\Documents\GitHub\Godot-game-development-codex\build\melee_trail_review\measured_dense\knife\180\054.png'
01:28.484  render           | Saved: 'C:\Users\gil_n\Documents\GitHub\Godot-game-development-codex\build\melee_trail_review\measured_dense\knife\180\055.png'
01:28.625  render           | Saved: 'C:\Users\gil_n\Documents\GitHub\Godot-game-development-codex\build\melee_trail_review\measured_dense\knife\180\056.png'
01:28.781  render           | Saved: 'C:\Users\gil_n\Documents\GitHub\Godot-game-development-codex\build\melee_trail_review\measured_dense\knife\180\057.png'
01:28.922  render           | Saved: 'C:\Users\gil_n\Documents\GitHub\Godot-game-development-codex\build\melee_trail_review\measured_dense\knife\180\058.png'
01:29.078  render           | Saved: 'C:\Users\gil_n\Documents\GitHub\Godot-game-development-codex\build\melee_trail_review\measured_dense\knife\180\059.png'
01:29.219  render           | Saved: 'C:\Users\gil_n\Documents\GitHub\Godot-game-development-codex\build\melee_trail_review\measured_dense\knife\180\060.png'
01:29.375  render           | Saved: 'C:\Users\gil_n\Documents\GitHub\Godot-game-development-codex\build\melee_trail_review\measured_dense\knife\180\061.png'
01:29.515  render           | Saved: 'C:\Users\gil_n\Documents\GitHub\Godot-game-development-codex\build\melee_trail_review\measured_dense\knife\180\062.png'
01:29.672  render           | Saved: 'C:\Users\gil_n\Documents\GitHub\Godot-game-development-codex\build\melee_trail_review\measured_dense\knife\180\063.png'
01:29.812  render           | Saved: 'C:\Users\gil_n\Documents\GitHub\Godot-game-development-codex\build\melee_trail_review\measured_dense\knife\180\064.png'
01:29.984  render           | Saved: 'C:\Users\gil_n\Documents\GitHub\Godot-game-development-codex\build\melee_trail_review\measured_dense\knife\202.5\000.png'
01:30.125  render           | Saved: 'C:\Users\gil_n\Documents\GitHub\Godot-game-development-codex\build\melee_trail_review\measured_dense\knife\202.5\001.png'
01:30.281  render           | Saved: 'C:\Users\gil_n\Documents\GitHub\Godot-game-development-codex\build\melee_trail_review\measured_dense\knife\202.5\002.png'
01:30.437  render           | Saved: 'C:\Users\gil_n\Documents\GitHub\Godot-game-development-codex\build\melee_trail_review\measured_dense\knife\202.5\003.png'
01:30.578  render           | Saved: 'C:\Users\gil_n\Documents\GitHub\Godot-game-development-codex\build\melee_trail_review\measured_dense\knife\202.5\004.png'
01:30.734  render           | Saved: 'C:\Users\gil_n\Documents\GitHub\Godot-game-development-codex\build\melee_trail_review\measured_dense\knife\202.5\005.png'
01:30.875  render           | Saved: 'C:\Users\gil_n\Documents\GitHub\Godot-game-development-codex\build\melee_trail_review\measured_dense\knife\202.5\006.png'
01:31.031  render           | Saved: 'C:\Users\gil_n\Documents\GitHub\Godot-game-development-codex\build\melee_trail_review\measured_dense\knife\202.5\007.png'
01:31.187  render           | Saved: 'C:\Users\gil_n\Documents\GitHub\Godot-game-development-codex\build\melee_trail_review\measured_dense\knife\202.5\008.png'
01:31.328  render           | Saved: 'C:\Users\gil_n\Documents\GitHub\Godot-game-development-codex\build\melee_trail_review\measured_dense\knife\202.5\009.png'
01:31.484  render           | Saved: 'C:\Users\gil_n\Documents\GitHub\Godot-game-development-codex\build\melee_trail_review\measured_dense\knife\202.5\010.png'
01:31.625  render           | Saved: 'C:\Users\gil_n\Documents\GitHub\Godot-game-development-codex\build\melee_trail_review\measured_dense\knife\202.5\011.png'
01:31.781  render           | Saved: 'C:\Users\gil_n\Documents\GitHub\Godot-game-development-codex\build\melee_trail_review\measured_dense\knife\202.5\012.png'
01:31.922  render           | Saved: 'C:\Users\gil_n\Documents\GitHub\Godot-game-development-codex\build\melee_trail_review\measured_dense\knife\202.5\013.png'
01:32.078  render           | Saved: 'C:\Users\gil_n\Documents\GitHub\Godot-game-development-codex\build\melee_trail_review\measured_dense\knife\202.5\014.png'
01:32.234  render           | Saved: 'C:\Users\gil_n\Documents\GitHub\Godot-game-development-codex\build\melee_trail_review\measured_dense\knife\202.5\015.png'
01:32.375  render           | Saved: 'C:\Users\gil_n\Documents\GitHub\Godot-game-development-codex\build\melee_trail_review\measured_dense\knife\202.5\016.png'
01:32.531  render           | Saved: 'C:\Users\gil_n\Documents\GitHub\Godot-game-development-codex\build\melee_trail_review\measured_dense\knife\202.5\017.png'
01:32.687  render           | Saved: 'C:\Users\gil_n\Documents\GitHub\Godot-game-development-codex\build\melee_trail_review\measured_dense\knife\202.5\018.png'
01:32.828  render           | Saved: 'C:\Users\gil_n\Documents\GitHub\Godot-game-development-codex\build\melee_trail_review\measured_dense\knife\202.5\019.png'
01:32.984  render           | Saved: 'C:\Users\gil_n\Documents\GitHub\Godot-game-development-codex\build\melee_trail_review\measured_dense\knife\202.5\020.png'
01:33.125  render           | Saved: 'C:\Users\gil_n\Documents\GitHub\Godot-game-development-codex\build\melee_trail_review\measured_dense\knife\202.5\021.png'
01:33.281  render           | Saved: 'C:\Users\gil_n\Documents\GitHub\Godot-game-development-codex\build\melee_trail_review\measured_dense\knife\202.5\022.png'
01:33.515  render           | Saved: 'C:\Users\gil_n\Documents\GitHub\Godot-game-development-codex\build\melee_trail_review\measured_dense\knife\202.5\023.png'
01:33.672  render           | Saved: 'C:\Users\gil_n\Documents\GitHub\Godot-game-development-codex\build\melee_trail_review\measured_dense\knife\202.5\024.png'
01:33.812  render           | Saved: 'C:\Users\gil_n\Documents\GitHub\Godot-game-development-codex\build\melee_trail_review\measured_dense\knife\202.5\025.png'
01:33.953  render           | Saved: 'C:\Users\gil_n\Documents\GitHub\Godot-game-development-codex\build\melee_trail_review\measured_dense\knife\202.5\026.png'
01:34.109  render           | Saved: 'C:\Users\gil_n\Documents\GitHub\Godot-game-development-codex\build\melee_trail_review\measured_dense\knife\202.5\027.png'
01:34.250  render           | Saved: 'C:\Users\gil_n\Documents\GitHub\Godot-game-development-codex\build\melee_trail_review\measured_dense\knife\202.5\028.png'
01:34.406  render           | Saved: 'C:\Users\gil_n\Documents\GitHub\Godot-game-development-codex\build\melee_trail_review\measured_dense\knife\202.5\029.png'
01:34.547  render           | Saved: 'C:\Users\gil_n\Documents\GitHub\Godot-game-development-codex\build\melee_trail_review\measured_dense\knife\202.5\030.png'
01:34.703  render           | Saved: 'C:\Users\gil_n\Documents\GitHub\Godot-game-development-codex\build\melee_trail_review\measured_dense\knife\202.5\031.png'
01:34.844  render           | Saved: 'C:\Users\gil_n\Documents\GitHub\Godot-game-development-codex\build\melee_trail_review\measured_dense\knife\202.5\032.png'
01:35.000  render           | Saved: 'C:\Users\gil_n\Documents\GitHub\Godot-game-development-codex\build\melee_trail_review\measured_dense\knife\202.5\033.png'
01:35.140  render           | Saved: 'C:\Users\gil_n\Documents\GitHub\Godot-game-development-codex\build\melee_trail_review\measured_dense\knife\202.5\034.png'
01:35.297  render           | Saved: 'C:\Users\gil_n\Documents\GitHub\Godot-game-development-codex\build\melee_trail_review\measured_dense\knife\202.5\035.png'
01:35.437  render           | Saved: 'C:\Users\gil_n\Documents\GitHub\Godot-game-development-codex\build\melee_trail_review\measured_dense\knife\202.5\036.png'
01:35.594  render           | Saved: 'C:\Users\gil_n\Documents\GitHub\Godot-game-development-codex\build\melee_trail_review\measured_dense\knife\202.5\037.png'
01:35.750  render           | Saved: 'C:\Users\gil_n\Documents\GitHub\Godot-game-development-codex\build\melee_trail_review\measured_dense\knife\202.5\038.png'
01:35.890  render           | Saved: 'C:\Users\gil_n\Documents\GitHub\Godot-game-development-codex\build\melee_trail_review\measured_dense\knife\202.5\039.png'
01:36.047  render           | Saved: 'C:\Users\gil_n\Documents\GitHub\Godot-game-development-codex\build\melee_trail_review\measured_dense\knife\202.5\040.png'
01:36.187  render           | Saved: 'C:\Users\gil_n\Documents\GitHub\Godot-game-development-codex\build\melee_trail_review\measured_dense\knife\202.5\041.png'
01:36.344  render           | Saved: 'C:\Users\gil_n\Documents\GitHub\Godot-game-development-codex\build\melee_trail_review\measured_dense\knife\202.5\042.png'
01:36.500  render           | Saved: 'C:\Users\gil_n\Documents\GitHub\Godot-game-development-codex\build\melee_trail_review\measured_dense\knife\202.5\043.png'
01:36.640  render           | Saved: 'C:\Users\gil_n\Documents\GitHub\Godot-game-development-codex\build\melee_trail_review\measured_dense\knife\202.5\044.png'
01:36.797  render           | Saved: 'C:\Users\gil_n\Documents\GitHub\Godot-game-development-codex\build\melee_trail_review\measured_dense\knife\202.5\045.png'
01:36.937  render           | Saved: 'C:\Users\gil_n\Documents\GitHub\Godot-game-development-codex\build\melee_trail_review\measured_dense\knife\202.5\046.png'
01:37.094  render           | Saved: 'C:\Users\gil_n\Documents\GitHub\Godot-game-development-codex\build\melee_trail_review\measured_dense\knife\202.5\047.png'
01:37.234  render           | Saved: 'C:\Users\gil_n\Documents\GitHub\Godot-game-development-codex\build\melee_trail_review\measured_dense\knife\202.5\048.png'
01:37.390  render           | Saved: 'C:\Users\gil_n\Documents\GitHub\Godot-game-development-codex\build\melee_trail_review\measured_dense\knife\202.5\049.png'
01:37.531  render           | Saved: 'C:\Users\gil_n\Documents\GitHub\Godot-game-development-codex\build\melee_trail_review\measured_dense\knife\202.5\050.png'
01:37.687  render           | Saved: 'C:\Users\gil_n\Documents\GitHub\Godot-game-development-codex\build\melee_trail_review\measured_dense\knife\202.5\051.png'
01:37.828  render           | Saved: 'C:\Users\gil_n\Documents\GitHub\Godot-game-development-codex\build\melee_trail_review\measured_dense\knife\202.5\052.png'
01:37.984  render           | Saved: 'C:\Users\gil_n\Documents\GitHub\Godot-game-development-codex\build\melee_trail_review\measured_dense\knife\202.5\053.png'
01:38.125  render           | Saved: 'C:\Users\gil_n\Documents\GitHub\Godot-game-development-codex\build\melee_trail_review\measured_dense\knife\202.5\054.png'
01:38.281  render           | Saved: 'C:\Users\gil_n\Documents\GitHub\Godot-game-development-codex\build\melee_trail_review\measured_dense\knife\202.5\055.png'
01:38.422  render           | Saved: 'C:\Users\gil_n\Documents\GitHub\Godot-game-development-codex\build\melee_trail_review\measured_dense\knife\202.5\056.png'
01:38.578  render           | Saved: 'C:\Users\gil_n\Documents\GitHub\Godot-game-development-codex\build\melee_trail_review\measured_dense\knife\202.5\057.png'
01:38.719  render           | Saved: 'C:\Users\gil_n\Documents\GitHub\Godot-game-development-codex\build\melee_trail_review\measured_dense\knife\202.5\058.png'
01:38.875  render           | Saved: 'C:\Users\gil_n\Documents\GitHub\Godot-game-development-codex\build\melee_trail_review\measured_dense\knife\202.5\059.png'
01:39.031  render           | Saved: 'C:\Users\gil_n\Documents\GitHub\Godot-game-development-codex\build\melee_trail_review\measured_dense\knife\202.5\060.png'
01:39.187  render           | Saved: 'C:\Users\gil_n\Documents\GitHub\Godot-game-development-codex\build\melee_trail_review\measured_dense\knife\202.5\061.png'
01:39.344  render           | Saved: 'C:\Users\gil_n\Documents\GitHub\Godot-game-development-codex\build\melee_trail_review\measured_dense\knife\202.5\062.png'
01:39.500  render           | Saved: 'C:\Users\gil_n\Documents\GitHub\Godot-game-development-codex\build\melee_trail_review\measured_dense\knife\202.5\063.png'
01:39.656  render           | Saved: 'C:\Users\gil_n\Documents\GitHub\Godot-game-development-codex\build\melee_trail_review\measured_dense\knife\202.5\064.png'
01:39.812  render           | Saved: 'C:\Users\gil_n\Documents\GitHub\Godot-game-development-codex\build\melee_trail_review\measured_dense\knife\225\000.png'
01:39.969  render           | Saved: 'C:\Users\gil_n\Documents\GitHub\Godot-game-development-codex\build\melee_trail_review\measured_dense\knife\225\001.png'
01:40.109  render           | Saved: 'C:\Users\gil_n\Documents\GitHub\Godot-game-development-codex\build\melee_trail_review\measured_dense\knife\225\002.png'
01:40.265  render           | Saved: 'C:\Users\gil_n\Documents\GitHub\Godot-game-development-codex\build\melee_trail_review\measured_dense\knife\225\003.png'
01:40.422  render           | Saved: 'C:\Users\gil_n\Documents\GitHub\Godot-game-development-codex\build\melee_trail_review\measured_dense\knife\225\004.png'
01:40.562  render           | Saved: 'C:\Users\gil_n\Documents\GitHub\Godot-game-development-codex\build\melee_trail_review\measured_dense\knife\225\005.png'
01:40.703  render           | Saved: 'C:\Users\gil_n\Documents\GitHub\Godot-game-development-codex\build\melee_trail_review\measured_dense\knife\225\006.png'
01:40.859  render           | Saved: 'C:\Users\gil_n\Documents\GitHub\Godot-game-development-codex\build\melee_trail_review\measured_dense\knife\225\007.png'
01:41.015  render           | Saved: 'C:\Users\gil_n\Documents\GitHub\Godot-game-development-codex\build\melee_trail_review\measured_dense\knife\225\008.png'
01:41.156  render           | Saved: 'C:\Users\gil_n\Documents\GitHub\Godot-game-development-codex\build\melee_trail_review\measured_dense\knife\225\009.png'
01:41.312  render           | Saved: 'C:\Users\gil_n\Documents\GitHub\Godot-game-development-codex\build\melee_trail_review\measured_dense\knife\225\010.png'
01:41.453  render           | Saved: 'C:\Users\gil_n\Documents\GitHub\Godot-game-development-codex\build\melee_trail_review\measured_dense\knife\225\011.png'
01:41.609  render           | Saved: 'C:\Users\gil_n\Documents\GitHub\Godot-game-development-codex\build\melee_trail_review\measured_dense\knife\225\012.png'
01:41.765  render           | Saved: 'C:\Users\gil_n\Documents\GitHub\Godot-game-development-codex\build\melee_trail_review\measured_dense\knife\225\013.png'
01:41.906  render           | Saved: 'C:\Users\gil_n\Documents\GitHub\Godot-game-development-codex\build\melee_trail_review\measured_dense\knife\225\014.png'
01:42.047  render           | Saved: 'C:\Users\gil_n\Documents\GitHub\Godot-game-development-codex\build\melee_trail_review\measured_dense\knife\225\015.png'
01:42.203  render           | Saved: 'C:\Users\gil_n\Documents\GitHub\Godot-game-development-codex\build\melee_trail_review\measured_dense\knife\225\016.png'
01:42.344  render           | Saved: 'C:\Users\gil_n\Documents\GitHub\Godot-game-development-codex\build\melee_trail_review\measured_dense\knife\225\017.png'
01:42.500  render           | Saved: 'C:\Users\gil_n\Documents\GitHub\Godot-game-development-codex\build\melee_trail_review\measured_dense\knife\225\018.png'
01:42.656  render           | Saved: 'C:\Users\gil_n\Documents\GitHub\Godot-game-development-codex\build\melee_trail_review\measured_dense\knife\225\019.png'
01:42.797  render           | Saved: 'C:\Users\gil_n\Documents\GitHub\Godot-game-development-codex\build\melee_trail_review\measured_dense\knife\225\020.png'
01:42.953  render           | Saved: 'C:\Users\gil_n\Documents\GitHub\Godot-game-development-codex\build\melee_trail_review\measured_dense\knife\225\021.png'
01:43.094  render           | Saved: 'C:\Users\gil_n\Documents\GitHub\Godot-game-development-codex\build\melee_trail_review\measured_dense\knife\225\022.png'
01:43.250  render           | Saved: 'C:\Users\gil_n\Documents\GitHub\Godot-game-development-codex\build\melee_trail_review\measured_dense\knife\225\023.png'
01:43.390  render           | Saved: 'C:\Users\gil_n\Documents\GitHub\Godot-game-development-codex\build\melee_trail_review\measured_dense\knife\225\024.png'
01:43.531  render           | Saved: 'C:\Users\gil_n\Documents\GitHub\Godot-game-development-codex\build\melee_trail_review\measured_dense\knife\225\025.png'
01:43.687  render           | Saved: 'C:\Users\gil_n\Documents\GitHub\Godot-game-development-codex\build\melee_trail_review\measured_dense\knife\225\026.png'
01:43.828  render           | Saved: 'C:\Users\gil_n\Documents\GitHub\Godot-game-development-codex\build\melee_trail_review\measured_dense\knife\225\027.png'
01:43.984  render           | Saved: 'C:\Users\gil_n\Documents\GitHub\Godot-game-development-codex\build\melee_trail_review\measured_dense\knife\225\028.png'
01:44.140  render           | Saved: 'C:\Users\gil_n\Documents\GitHub\Godot-game-development-codex\build\melee_trail_review\measured_dense\knife\225\029.png'
01:44.281  render           | Saved: 'C:\Users\gil_n\Documents\GitHub\Godot-game-development-codex\build\melee_trail_review\measured_dense\knife\225\030.png'
01:44.437  render           | Saved: 'C:\Users\gil_n\Documents\GitHub\Godot-game-development-codex\build\melee_trail_review\measured_dense\knife\225\031.png'
01:44.594  render           | Saved: 'C:\Users\gil_n\Documents\GitHub\Godot-game-development-codex\build\melee_trail_review\measured_dense\knife\225\032.png'
01:44.750  render           | Saved: 'C:\Users\gil_n\Documents\GitHub\Godot-game-development-codex\build\melee_trail_review\measured_dense\knife\225\033.png'
01:44.906  render           | Saved: 'C:\Users\gil_n\Documents\GitHub\Godot-game-development-codex\build\melee_trail_review\measured_dense\knife\225\034.png'
01:45.062  render           | Saved: 'C:\Users\gil_n\Documents\GitHub\Godot-game-development-codex\build\melee_trail_review\measured_dense\knife\225\035.png'
01:45.219  render           | Saved: 'C:\Users\gil_n\Documents\GitHub\Godot-game-development-codex\build\melee_trail_review\measured_dense\knife\225\036.png'
01:45.359  render           | Saved: 'C:\Users\gil_n\Documents\GitHub\Godot-game-development-codex\build\melee_trail_review\measured_dense\knife\225\037.png'
01:45.515  render           | Saved: 'C:\Users\gil_n\Documents\GitHub\Godot-game-development-codex\build\melee_trail_review\measured_dense\knife\225\038.png'
01:45.672  render           | Saved: 'C:\Users\gil_n\Documents\GitHub\Godot-game-development-codex\build\melee_trail_review\measured_dense\knife\225\039.png'
01:45.812  render           | Saved: 'C:\Users\gil_n\Documents\GitHub\Godot-game-development-codex\build\melee_trail_review\measured_dense\knife\225\040.png'
01:45.969  render           | Saved: 'C:\Users\gil_n\Documents\GitHub\Godot-game-development-codex\build\melee_trail_review\measured_dense\knife\225\041.png'
01:46.109  render           | Saved: 'C:\Users\gil_n\Documents\GitHub\Godot-game-development-codex\build\melee_trail_review\measured_dense\knife\225\042.png'
01:46.265  render           | Saved: 'C:\Users\gil_n\Documents\GitHub\Godot-game-development-codex\build\melee_trail_review\measured_dense\knife\225\043.png'
01:46.422  render           | Saved: 'C:\Users\gil_n\Documents\GitHub\Godot-game-development-codex\build\melee_trail_review\measured_dense\knife\225\044.png'
01:46.562  render           | Saved: 'C:\Users\gil_n\Documents\GitHub\Godot-game-development-codex\build\melee_trail_review\measured_dense\knife\225\045.png'
01:46.719  render           | Saved: 'C:\Users\gil_n\Documents\GitHub\Godot-game-development-codex\build\melee_trail_review\measured_dense\knife\225\046.png'
01:46.859  render           | Saved: 'C:\Users\gil_n\Documents\GitHub\Godot-game-development-codex\build\melee_trail_review\measured_dense\knife\225\047.png'
01:47.015  render           | Saved: 'C:\Users\gil_n\Documents\GitHub\Godot-game-development-codex\build\melee_trail_review\measured_dense\knife\225\048.png'
01:47.156  render           | Saved: 'C:\Users\gil_n\Documents\GitHub\Godot-game-development-codex\build\melee_trail_review\measured_dense\knife\225\049.png'
01:47.312  render           | Saved: 'C:\Users\gil_n\Documents\GitHub\Godot-game-development-codex\build\melee_trail_review\measured_dense\knife\225\050.png'
01:47.453  render           | Saved: 'C:\Users\gil_n\Documents\GitHub\Godot-game-development-codex\build\melee_trail_review\measured_dense\knife\225\051.png'
01:47.609  render           | Saved: 'C:\Users\gil_n\Documents\GitHub\Godot-game-development-codex\build\melee_trail_review\measured_dense\knife\225\052.png'
01:47.750  render           | Saved: 'C:\Users\gil_n\Documents\GitHub\Godot-game-development-codex\build\melee_trail_review\measured_dense\knife\225\053.png'
01:47.906  render           | Saved: 'C:\Users\gil_n\Documents\GitHub\Godot-game-development-codex\build\melee_trail_review\measured_dense\knife\225\054.png'
01:48.062  render           | Saved: 'C:\Users\gil_n\Documents\GitHub\Godot-game-development-codex\build\melee_trail_review\measured_dense\knife\225\055.png'
01:48.203  render           | Saved: 'C:\Users\gil_n\Documents\GitHub\Godot-game-development-codex\build\melee_trail_review\measured_dense\knife\225\056.png'
01:48.359  render           | Saved: 'C:\Users\gil_n\Documents\GitHub\Godot-game-development-codex\build\melee_trail_review\measured_dense\knife\225\057.png'
01:48.500  render           | Saved: 'C:\Users\gil_n\Documents\GitHub\Godot-game-development-codex\build\melee_trail_review\measured_dense\knife\225\058.png'
01:48.656  render           | Saved: 'C:\Users\gil_n\Documents\GitHub\Godot-game-development-codex\build\melee_trail_review\measured_dense\knife\225\059.png'
01:48.797  render           | Saved: 'C:\Users\gil_n\Documents\GitHub\Godot-game-development-codex\build\melee_trail_review\measured_dense\knife\225\060.png'
01:48.953  render           | Saved: 'C:\Users\gil_n\Documents\GitHub\Godot-game-development-codex\build\melee_trail_review\measured_dense\knife\225\061.png'
01:49.094  render           | Saved: 'C:\Users\gil_n\Documents\GitHub\Godot-game-development-codex\build\melee_trail_review\measured_dense\knife\225\062.png'
01:49.250  render           | Saved: 'C:\Users\gil_n\Documents\GitHub\Godot-game-development-codex\build\melee_trail_review\measured_dense\knife\225\063.png'
01:49.406  render           | Saved: 'C:\Users\gil_n\Documents\GitHub\Godot-game-development-codex\build\melee_trail_review\measured_dense\knife\225\064.png'
01:49.562  render           | Saved: 'C:\Users\gil_n\Documents\GitHub\Godot-game-development-codex\build\melee_trail_review\measured_dense\knife\247.5\000.png'
01:49.703  render           | Saved: 'C:\Users\gil_n\Documents\GitHub\Godot-game-development-codex\build\melee_trail_review\measured_dense\knife\247.5\001.png'
01:49.859  render           | Saved: 'C:\Users\gil_n\Documents\GitHub\Godot-game-development-codex\build\melee_trail_review\measured_dense\knife\247.5\002.png'
01:50.000  render           | Saved: 'C:\Users\gil_n\Documents\GitHub\Godot-game-development-codex\build\melee_trail_review\measured_dense\knife\247.5\003.png'
01:50.156  render           | Saved: 'C:\Users\gil_n\Documents\GitHub\Godot-game-development-codex\build\melee_trail_review\measured_dense\knife\247.5\004.png'
01:50.312  render           | Saved: 'C:\Users\gil_n\Documents\GitHub\Godot-game-development-codex\build\melee_trail_review\measured_dense\knife\247.5\005.png'
01:50.453  render           | Saved: 'C:\Users\gil_n\Documents\GitHub\Godot-game-development-codex\build\melee_trail_review\measured_dense\knife\247.5\006.png'
01:50.609  render           | Saved: 'C:\Users\gil_n\Documents\GitHub\Godot-game-development-codex\build\melee_trail_review\measured_dense\knife\247.5\007.png'
01:50.750  render           | Saved: 'C:\Users\gil_n\Documents\GitHub\Godot-game-development-codex\build\melee_trail_review\measured_dense\knife\247.5\008.png'
01:50.906  render           | Saved: 'C:\Users\gil_n\Documents\GitHub\Godot-game-development-codex\build\melee_trail_review\measured_dense\knife\247.5\009.png'
01:51.047  render           | Saved: 'C:\Users\gil_n\Documents\GitHub\Godot-game-development-codex\build\melee_trail_review\measured_dense\knife\247.5\010.png'
01:51.203  render           | Saved: 'C:\Users\gil_n\Documents\GitHub\Godot-game-development-codex\build\melee_trail_review\measured_dense\knife\247.5\011.png'
01:51.344  render           | Saved: 'C:\Users\gil_n\Documents\GitHub\Godot-game-development-codex\build\melee_trail_review\measured_dense\knife\247.5\012.png'
01:51.500  render           | Saved: 'C:\Users\gil_n\Documents\GitHub\Godot-game-development-codex\build\melee_trail_review\measured_dense\knife\247.5\013.png'
01:51.640  render           | Saved: 'C:\Users\gil_n\Documents\GitHub\Godot-game-development-codex\build\melee_trail_review\measured_dense\knife\247.5\014.png'
01:51.797  render           | Saved: 'C:\Users\gil_n\Documents\GitHub\Godot-game-development-codex\build\melee_trail_review\measured_dense\knife\247.5\015.png'
01:51.937  render           | Saved: 'C:\Users\gil_n\Documents\GitHub\Godot-game-development-codex\build\melee_trail_review\measured_dense\knife\247.5\016.png'
01:52.094  render           | Saved: 'C:\Users\gil_n\Documents\GitHub\Godot-game-development-codex\build\melee_trail_review\measured_dense\knife\247.5\017.png'
01:52.234  render           | Saved: 'C:\Users\gil_n\Documents\GitHub\Godot-game-development-codex\build\melee_trail_review\measured_dense\knife\247.5\018.png'
01:52.390  render           | Saved: 'C:\Users\gil_n\Documents\GitHub\Godot-game-development-codex\build\melee_trail_review\measured_dense\knife\247.5\019.png'
01:52.547  render           | Saved: 'C:\Users\gil_n\Documents\GitHub\Godot-game-development-codex\build\melee_trail_review\measured_dense\knife\247.5\020.png'
01:52.687  render           | Saved: 'C:\Users\gil_n\Documents\GitHub\Godot-game-development-codex\build\melee_trail_review\measured_dense\knife\247.5\021.png'
01:52.844  render           | Saved: 'C:\Users\gil_n\Documents\GitHub\Godot-game-development-codex\build\melee_trail_review\measured_dense\knife\247.5\022.png'
01:52.984  render           | Saved: 'C:\Users\gil_n\Documents\GitHub\Godot-game-development-codex\build\melee_trail_review\measured_dense\knife\247.5\023.png'
01:53.140  render           | Saved: 'C:\Users\gil_n\Documents\GitHub\Godot-game-development-codex\build\melee_trail_review\measured_dense\knife\247.5\024.png'
01:53.281  render           | Saved: 'C:\Users\gil_n\Documents\GitHub\Godot-game-development-codex\build\melee_trail_review\measured_dense\knife\247.5\025.png'
01:53.437  render           | Saved: 'C:\Users\gil_n\Documents\GitHub\Godot-game-development-codex\build\melee_trail_review\measured_dense\knife\247.5\026.png'
01:53.578  render           | Saved: 'C:\Users\gil_n\Documents\GitHub\Godot-game-development-codex\build\melee_trail_review\measured_dense\knife\247.5\027.png'
01:53.734  render           | Saved: 'C:\Users\gil_n\Documents\GitHub\Godot-game-development-codex\build\melee_trail_review\measured_dense\knife\247.5\028.png'
01:53.875  render           | Saved: 'C:\Users\gil_n\Documents\GitHub\Godot-game-development-codex\build\melee_trail_review\measured_dense\knife\247.5\029.png'
01:54.031  render           | Saved: 'C:\Users\gil_n\Documents\GitHub\Godot-game-development-codex\build\melee_trail_review\measured_dense\knife\247.5\030.png'
01:54.172  render           | Saved: 'C:\Users\gil_n\Documents\GitHub\Godot-game-development-codex\build\melee_trail_review\measured_dense\knife\247.5\031.png'
01:54.328  render           | Saved: 'C:\Users\gil_n\Documents\GitHub\Godot-game-development-codex\build\melee_trail_review\measured_dense\knife\247.5\032.png'
01:54.469  render           | Saved: 'C:\Users\gil_n\Documents\GitHub\Godot-game-development-codex\build\melee_trail_review\measured_dense\knife\247.5\033.png'
01:54.625  render           | Saved: 'C:\Users\gil_n\Documents\GitHub\Godot-game-development-codex\build\melee_trail_review\measured_dense\knife\247.5\034.png'
01:54.765  render           | Saved: 'C:\Users\gil_n\Documents\GitHub\Godot-game-development-codex\build\melee_trail_review\measured_dense\knife\247.5\035.png'
01:54.922  render           | Saved: 'C:\Users\gil_n\Documents\GitHub\Godot-game-development-codex\build\melee_trail_review\measured_dense\knife\247.5\036.png'
01:55.062  render           | Saved: 'C:\Users\gil_n\Documents\GitHub\Godot-game-development-codex\build\melee_trail_review\measured_dense\knife\247.5\037.png'
01:55.219  render           | Saved: 'C:\Users\gil_n\Documents\GitHub\Godot-game-development-codex\build\melee_trail_review\measured_dense\knife\247.5\038.png'
01:55.375  render           | Saved: 'C:\Users\gil_n\Documents\GitHub\Godot-game-development-codex\build\melee_trail_review\measured_dense\knife\247.5\039.png'
01:55.515  render           | Saved: 'C:\Users\gil_n\Documents\GitHub\Godot-game-development-codex\build\melee_trail_review\measured_dense\knife\247.5\040.png'
01:55.672  render           | Saved: 'C:\Users\gil_n\Documents\GitHub\Godot-game-development-codex\build\melee_trail_review\measured_dense\knife\247.5\041.png'
01:55.812  render           | Saved: 'C:\Users\gil_n\Documents\GitHub\Godot-game-development-codex\build\melee_trail_review\measured_dense\knife\247.5\042.png'
01:55.969  render           | Saved: 'C:\Users\gil_n\Documents\GitHub\Godot-game-development-codex\build\melee_trail_review\measured_dense\knife\247.5\043.png'
01:56.109  render           | Saved: 'C:\Users\gil_n\Documents\GitHub\Godot-game-development-codex\build\melee_trail_review\measured_dense\knife\247.5\044.png'
01:56.265  render           | Saved: 'C:\Users\gil_n\Documents\GitHub\Godot-game-development-codex\build\melee_trail_review\measured_dense\knife\247.5\045.png'
01:56.406  render           | Saved: 'C:\Users\gil_n\Documents\GitHub\Godot-game-development-codex\build\melee_trail_review\measured_dense\knife\247.5\046.png'
01:56.562  render           | Saved: 'C:\Users\gil_n\Documents\GitHub\Godot-game-development-codex\build\melee_trail_review\measured_dense\knife\247.5\047.png'
01:56.703  render           | Saved: 'C:\Users\gil_n\Documents\GitHub\Godot-game-development-codex\build\melee_trail_review\measured_dense\knife\247.5\048.png'
01:56.859  render           | Saved: 'C:\Users\gil_n\Documents\GitHub\Godot-game-development-codex\build\melee_trail_review\measured_dense\knife\247.5\049.png'
01:57.015  render           | Saved: 'C:\Users\gil_n\Documents\GitHub\Godot-game-development-codex\build\melee_trail_review\measured_dense\knife\247.5\050.png'
01:57.156  render           | Saved: 'C:\Users\gil_n\Documents\GitHub\Godot-game-development-codex\build\melee_trail_review\measured_dense\knife\247.5\051.png'
01:57.312  render           | Saved: 'C:\Users\gil_n\Documents\GitHub\Godot-game-development-codex\build\melee_trail_review\measured_dense\knife\247.5\052.png'
01:57.469  render           | Saved: 'C:\Users\gil_n\Documents\GitHub\Godot-game-development-codex\build\melee_trail_review\measured_dense\knife\247.5\053.png'
01:57.609  render           | Saved: 'C:\Users\gil_n\Documents\GitHub\Godot-game-development-codex\build\melee_trail_review\measured_dense\knife\247.5\054.png'
01:57.765  render           | Saved: 'C:\Users\gil_n\Documents\GitHub\Godot-game-development-codex\build\melee_trail_review\measured_dense\knife\247.5\055.png'
01:57.906  render           | Saved: 'C:\Users\gil_n\Documents\GitHub\Godot-game-development-codex\build\melee_trail_review\measured_dense\knife\247.5\056.png'
01:58.062  render           | Saved: 'C:\Users\gil_n\Documents\GitHub\Godot-game-development-codex\build\melee_trail_review\measured_dense\knife\247.5\057.png'
01:58.203  render           | Saved: 'C:\Users\gil_n\Documents\GitHub\Godot-game-development-codex\build\melee_trail_review\measured_dense\knife\247.5\058.png'
01:58.359  render           | Saved: 'C:\Users\gil_n\Documents\GitHub\Godot-game-development-codex\build\melee_trail_review\measured_dense\knife\247.5\059.png'
01:58.500  render           | Saved: 'C:\Users\gil_n\Documents\GitHub\Godot-game-development-codex\build\melee_trail_review\measured_dense\knife\247.5\060.png'
01:58.640  render           | Saved: 'C:\Users\gil_n\Documents\GitHub\Godot-game-development-codex\build\melee_trail_review\measured_dense\knife\247.5\061.png'
01:58.797  render           | Saved: 'C:\Users\gil_n\Documents\GitHub\Godot-game-development-codex\build\melee_trail_review\measured_dense\knife\247.5\062.png'
01:58.953  render           | Saved: 'C:\Users\gil_n\Documents\GitHub\Godot-game-development-codex\build\melee_trail_review\measured_dense\knife\247.5\063.png'
01:59.094  render           | Saved: 'C:\Users\gil_n\Documents\GitHub\Godot-game-development-codex\build\melee_trail_review\measured_dense\knife\247.5\064.png'
01:59.250  render           | Saved: 'C:\Users\gil_n\Documents\GitHub\Godot-game-development-codex\build\melee_trail_review\measured_dense\knife\270\000.png'
01:59.406  render           | Saved: 'C:\Users\gil_n\Documents\GitHub\Godot-game-development-codex\build\melee_trail_review\measured_dense\knife\270\001.png'
01:59.547  render           | Saved: 'C:\Users\gil_n\Documents\GitHub\Godot-game-development-codex\build\melee_trail_review\measured_dense\knife\270\002.png'
01:59.703  render           | Saved: 'C:\Users\gil_n\Documents\GitHub\Godot-game-development-codex\build\melee_trail_review\measured_dense\knife\270\003.png'
01:59.844  render           | Saved: 'C:\Users\gil_n\Documents\GitHub\Godot-game-development-codex\build\melee_trail_review\measured_dense\knife\270\004.png'
02:00.000  render           | Saved: 'C:\Users\gil_n\Documents\GitHub\Godot-game-development-codex\build\melee_trail_review\measured_dense\knife\270\005.png'
02:00.140  render           | Saved: 'C:\Users\gil_n\Documents\GitHub\Godot-game-development-codex\build\melee_trail_review\measured_dense\knife\270\006.png'
02:00.297  render           | Saved: 'C:\Users\gil_n\Documents\GitHub\Godot-game-development-codex\build\melee_trail_review\measured_dense\knife\270\007.png'
02:00.453  render           | Saved: 'C:\Users\gil_n\Documents\GitHub\Godot-game-development-codex\build\melee_trail_review\measured_dense\knife\270\008.png'
02:00.594  render           | Saved: 'C:\Users\gil_n\Documents\GitHub\Godot-game-development-codex\build\melee_trail_review\measured_dense\knife\270\009.png'
02:00.750  render           | Saved: 'C:\Users\gil_n\Documents\GitHub\Godot-game-development-codex\build\melee_trail_review\measured_dense\knife\270\010.png'
02:00.906  render           | Saved: 'C:\Users\gil_n\Documents\GitHub\Godot-game-development-codex\build\melee_trail_review\measured_dense\knife\270\011.png'
02:01.047  render           | Saved: 'C:\Users\gil_n\Documents\GitHub\Godot-game-development-codex\build\melee_trail_review\measured_dense\knife\270\012.png'
02:01.203  render           | Saved: 'C:\Users\gil_n\Documents\GitHub\Godot-game-development-codex\build\melee_trail_review\measured_dense\knife\270\013.png'
02:01.359  render           | Saved: 'C:\Users\gil_n\Documents\GitHub\Godot-game-development-codex\build\melee_trail_review\measured_dense\knife\270\014.png'
02:01.515  render           | Saved: 'C:\Users\gil_n\Documents\GitHub\Godot-game-development-codex\build\melee_trail_review\measured_dense\knife\270\015.png'
02:01.656  render           | Saved: 'C:\Users\gil_n\Documents\GitHub\Godot-game-development-codex\build\melee_trail_review\measured_dense\knife\270\016.png'
02:01.812  render           | Saved: 'C:\Users\gil_n\Documents\GitHub\Godot-game-development-codex\build\melee_trail_review\measured_dense\knife\270\017.png'
02:01.953  render           | Saved: 'C:\Users\gil_n\Documents\GitHub\Godot-game-development-codex\build\melee_trail_review\measured_dense\knife\270\018.png'
02:02.109  render           | Saved: 'C:\Users\gil_n\Documents\GitHub\Godot-game-development-codex\build\melee_trail_review\measured_dense\knife\270\019.png'
02:02.250  render           | Saved: 'C:\Users\gil_n\Documents\GitHub\Godot-game-development-codex\build\melee_trail_review\measured_dense\knife\270\020.png'
02:02.406  render           | Saved: 'C:\Users\gil_n\Documents\GitHub\Godot-game-development-codex\build\melee_trail_review\measured_dense\knife\270\021.png'
02:02.547  render           | Saved: 'C:\Users\gil_n\Documents\GitHub\Godot-game-development-codex\build\melee_trail_review\measured_dense\knife\270\022.png'
02:02.703  render           | Saved: 'C:\Users\gil_n\Documents\GitHub\Godot-game-development-codex\build\melee_trail_review\measured_dense\knife\270\023.png'
02:02.844  render           | Saved: 'C:\Users\gil_n\Documents\GitHub\Godot-game-development-codex\build\melee_trail_review\measured_dense\knife\270\024.png'
02:03.000  render           | Saved: 'C:\Users\gil_n\Documents\GitHub\Godot-game-development-codex\build\melee_trail_review\measured_dense\knife\270\025.png'
02:03.140  render           | Saved: 'C:\Users\gil_n\Documents\GitHub\Godot-game-development-codex\build\melee_trail_review\measured_dense\knife\270\026.png'
02:03.297  render           | Saved: 'C:\Users\gil_n\Documents\GitHub\Godot-game-development-codex\build\melee_trail_review\measured_dense\knife\270\027.png'
02:03.453  render           | Saved: 'C:\Users\gil_n\Documents\GitHub\Godot-game-development-codex\build\melee_trail_review\measured_dense\knife\270\028.png'
02:03.594  render           | Saved: 'C:\Users\gil_n\Documents\GitHub\Godot-game-development-codex\build\melee_trail_review\measured_dense\knife\270\029.png'
02:03.750  render           | Saved: 'C:\Users\gil_n\Documents\GitHub\Godot-game-development-codex\build\melee_trail_review\measured_dense\knife\270\030.png'
02:03.890  render           | Saved: 'C:\Users\gil_n\Documents\GitHub\Godot-game-development-codex\build\melee_trail_review\measured_dense\knife\270\031.png'
02:04.047  render           | Saved: 'C:\Users\gil_n\Documents\GitHub\Godot-game-development-codex\build\melee_trail_review\measured_dense\knife\270\032.png'
02:04.187  render           | Saved: 'C:\Users\gil_n\Documents\GitHub\Godot-game-development-codex\build\melee_trail_review\measured_dense\knife\270\033.png'
02:04.344  render           | Saved: 'C:\Users\gil_n\Documents\GitHub\Godot-game-development-codex\build\melee_trail_review\measured_dense\knife\270\034.png'
02:04.484  render           | Saved: 'C:\Users\gil_n\Documents\GitHub\Godot-game-development-codex\build\melee_trail_review\measured_dense\knife\270\035.png'
02:04.640  render           | Saved: 'C:\Users\gil_n\Documents\GitHub\Godot-game-development-codex\build\melee_trail_review\measured_dense\knife\270\036.png'
02:04.797  render           | Saved: 'C:\Users\gil_n\Documents\GitHub\Godot-game-development-codex\build\melee_trail_review\measured_dense\knife\270\037.png'
02:04.953  render           | Saved: 'C:\Users\gil_n\Documents\GitHub\Godot-game-development-codex\build\melee_trail_review\measured_dense\knife\270\038.png'
02:05.094  render           | Saved: 'C:\Users\gil_n\Documents\GitHub\Godot-game-development-codex\build\melee_trail_review\measured_dense\knife\270\039.png'
02:05.250  render           | Saved: 'C:\Users\gil_n\Documents\GitHub\Godot-game-development-codex\build\melee_trail_review\measured_dense\knife\270\040.png'
02:05.390  render           | Saved: 'C:\Users\gil_n\Documents\GitHub\Godot-game-development-codex\build\melee_trail_review\measured_dense\knife\270\041.png'
02:05.547  render           | Saved: 'C:\Users\gil_n\Documents\GitHub\Godot-game-development-codex\build\melee_trail_review\measured_dense\knife\270\042.png'
02:05.687  render           | Saved: 'C:\Users\gil_n\Documents\GitHub\Godot-game-development-codex\build\melee_trail_review\measured_dense\knife\270\043.png'
02:05.844  render           | Saved: 'C:\Users\gil_n\Documents\GitHub\Godot-game-development-codex\build\melee_trail_review\measured_dense\knife\270\044.png'
02:05.984  render           | Saved: 'C:\Users\gil_n\Documents\GitHub\Godot-game-development-codex\build\melee_trail_review\measured_dense\knife\270\045.png'
02:06.140  render           | Saved: 'C:\Users\gil_n\Documents\GitHub\Godot-game-development-codex\build\melee_trail_review\measured_dense\knife\270\046.png'
02:06.281  render           | Saved: 'C:\Users\gil_n\Documents\GitHub\Godot-game-development-codex\build\melee_trail_review\measured_dense\knife\270\047.png'
02:06.437  render           | Saved: 'C:\Users\gil_n\Documents\GitHub\Godot-game-development-codex\build\melee_trail_review\measured_dense\knife\270\048.png'
02:06.578  render           | Saved: 'C:\Users\gil_n\Documents\GitHub\Godot-game-development-codex\build\melee_trail_review\measured_dense\knife\270\049.png'
02:06.734  render           | Saved: 'C:\Users\gil_n\Documents\GitHub\Godot-game-development-codex\build\melee_trail_review\measured_dense\knife\270\050.png'
02:06.890  render           | Saved: 'C:\Users\gil_n\Documents\GitHub\Godot-game-development-codex\build\melee_trail_review\measured_dense\knife\270\051.png'
02:07.031  render           | Saved: 'C:\Users\gil_n\Documents\GitHub\Godot-game-development-codex\build\melee_trail_review\measured_dense\knife\270\052.png'
02:07.187  render           | Saved: 'C:\Users\gil_n\Documents\GitHub\Godot-game-development-codex\build\melee_trail_review\measured_dense\knife\270\053.png'
02:07.359  render           | Saved: 'C:\Users\gil_n\Documents\GitHub\Godot-game-development-codex\build\melee_trail_review\measured_dense\knife\270\054.png'
02:07.500  render           | Saved: 'C:\Users\gil_n\Documents\GitHub\Godot-game-development-codex\build\melee_trail_review\measured_dense\knife\270\055.png'
02:07.656  render           | Saved: 'C:\Users\gil_n\Documents\GitHub\Godot-game-development-codex\build\melee_trail_review\measured_dense\knife\270\056.png'
02:07.812  render           | Saved: 'C:\Users\gil_n\Documents\GitHub\Godot-game-development-codex\build\melee_trail_review\measured_dense\knife\270\057.png'
02:07.953  render           | Saved: 'C:\Users\gil_n\Documents\GitHub\Godot-game-development-codex\build\melee_trail_review\measured_dense\knife\270\058.png'
02:08.109  render           | Saved: 'C:\Users\gil_n\Documents\GitHub\Godot-game-development-codex\build\melee_trail_review\measured_dense\knife\270\059.png'
02:08.265  render           | Saved: 'C:\Users\gil_n\Documents\GitHub\Godot-game-development-codex\build\melee_trail_review\measured_dense\knife\270\060.png'
02:08.406  render           | Saved: 'C:\Users\gil_n\Documents\GitHub\Godot-game-development-codex\build\melee_trail_review\measured_dense\knife\270\061.png'
02:08.562  render           | Saved: 'C:\Users\gil_n\Documents\GitHub\Godot-game-development-codex\build\melee_trail_review\measured_dense\knife\270\062.png'
02:08.719  render           | Saved: 'C:\Users\gil_n\Documents\GitHub\Godot-game-development-codex\build\melee_trail_review\measured_dense\knife\270\063.png'
02:08.859  render           | Saved: 'C:\Users\gil_n\Documents\GitHub\Godot-game-development-codex\build\melee_trail_review\measured_dense\knife\270\064.png'
02:09.031  render           | Saved: 'C:\Users\gil_n\Documents\GitHub\Godot-game-development-codex\build\melee_trail_review\measured_dense\knife\292.5\000.png'
02:09.172  render           | Saved: 'C:\Users\gil_n\Documents\GitHub\Godot-game-development-codex\build\melee_trail_review\measured_dense\knife\292.5\001.png'
02:09.328  render           | Saved: 'C:\Users\gil_n\Documents\GitHub\Godot-game-development-codex\build\melee_trail_review\measured_dense\knife\292.5\002.png'
02:09.469  render           | Saved: 'C:\Users\gil_n\Documents\GitHub\Godot-game-development-codex\build\melee_trail_review\measured_dense\knife\292.5\003.png'
02:09.625  render           | Saved: 'C:\Users\gil_n\Documents\GitHub\Godot-game-development-codex\build\melee_trail_review\measured_dense\knife\292.5\004.png'
02:09.781  render           | Saved: 'C:\Users\gil_n\Documents\GitHub\Godot-game-development-codex\build\melee_trail_review\measured_dense\knife\292.5\005.png'
02:09.922  render           | Saved: 'C:\Users\gil_n\Documents\GitHub\Godot-game-development-codex\build\melee_trail_review\measured_dense\knife\292.5\006.png'
02:10.078  render           | Saved: 'C:\Users\gil_n\Documents\GitHub\Godot-game-development-codex\build\melee_trail_review\measured_dense\knife\292.5\007.png'
02:10.219  render           | Saved: 'C:\Users\gil_n\Documents\GitHub\Godot-game-development-codex\build\melee_trail_review\measured_dense\knife\292.5\008.png'
02:10.375  render           | Saved: 'C:\Users\gil_n\Documents\GitHub\Godot-game-development-codex\build\melee_trail_review\measured_dense\knife\292.5\009.png'
02:10.515  render           | Saved: 'C:\Users\gil_n\Documents\GitHub\Godot-game-development-codex\build\melee_trail_review\measured_dense\knife\292.5\010.png'
02:10.672  render           | Saved: 'C:\Users\gil_n\Documents\GitHub\Godot-game-development-codex\build\melee_trail_review\measured_dense\knife\292.5\011.png'
02:10.812  render           | Saved: 'C:\Users\gil_n\Documents\GitHub\Godot-game-development-codex\build\melee_trail_review\measured_dense\knife\292.5\012.png'
02:10.969  render           | Saved: 'C:\Users\gil_n\Documents\GitHub\Godot-game-development-codex\build\melee_trail_review\measured_dense\knife\292.5\013.png'
02:11.109  render           | Saved: 'C:\Users\gil_n\Documents\GitHub\Godot-game-development-codex\build\melee_trail_review\measured_dense\knife\292.5\014.png'
02:11.265  render           | Saved: 'C:\Users\gil_n\Documents\GitHub\Godot-game-development-codex\build\melee_trail_review\measured_dense\knife\292.5\015.png'
02:11.422  render           | Saved: 'C:\Users\gil_n\Documents\GitHub\Godot-game-development-codex\build\melee_trail_review\measured_dense\knife\292.5\016.png'
02:11.562  render           | Saved: 'C:\Users\gil_n\Documents\GitHub\Godot-game-development-codex\build\melee_trail_review\measured_dense\knife\292.5\017.png'
02:11.719  render           | Saved: 'C:\Users\gil_n\Documents\GitHub\Godot-game-development-codex\build\melee_trail_review\measured_dense\knife\292.5\018.png'
02:11.859  render           | Saved: 'C:\Users\gil_n\Documents\GitHub\Godot-game-development-codex\build\melee_trail_review\measured_dense\knife\292.5\019.png'
02:12.015  render           | Saved: 'C:\Users\gil_n\Documents\GitHub\Godot-game-development-codex\build\melee_trail_review\measured_dense\knife\292.5\020.png'
02:12.172  render           | Saved: 'C:\Users\gil_n\Documents\GitHub\Godot-game-development-codex\build\melee_trail_review\measured_dense\knife\292.5\021.png'
02:12.312  render           | Saved: 'C:\Users\gil_n\Documents\GitHub\Godot-game-development-codex\build\melee_trail_review\measured_dense\knife\292.5\022.png'
02:12.469  render           | Saved: 'C:\Users\gil_n\Documents\GitHub\Godot-game-development-codex\build\melee_trail_review\measured_dense\knife\292.5\023.png'
02:12.625  render           | Saved: 'C:\Users\gil_n\Documents\GitHub\Godot-game-development-codex\build\melee_trail_review\measured_dense\knife\292.5\024.png'
02:12.765  render           | Saved: 'C:\Users\gil_n\Documents\GitHub\Godot-game-development-codex\build\melee_trail_review\measured_dense\knife\292.5\025.png'
02:12.922  render           | Saved: 'C:\Users\gil_n\Documents\GitHub\Godot-game-development-codex\build\melee_trail_review\measured_dense\knife\292.5\026.png'
02:13.062  render           | Saved: 'C:\Users\gil_n\Documents\GitHub\Godot-game-development-codex\build\melee_trail_review\measured_dense\knife\292.5\027.png'
02:13.219  render           | Saved: 'C:\Users\gil_n\Documents\GitHub\Godot-game-development-codex\build\melee_trail_review\measured_dense\knife\292.5\028.png'
02:13.375  render           | Saved: 'C:\Users\gil_n\Documents\GitHub\Godot-game-development-codex\build\melee_trail_review\measured_dense\knife\292.5\029.png'
02:13.515  render           | Saved: 'C:\Users\gil_n\Documents\GitHub\Godot-game-development-codex\build\melee_trail_review\measured_dense\knife\292.5\030.png'
02:13.672  render           | Saved: 'C:\Users\gil_n\Documents\GitHub\Godot-game-development-codex\build\melee_trail_review\measured_dense\knife\292.5\031.png'
02:13.812  render           | Saved: 'C:\Users\gil_n\Documents\GitHub\Godot-game-development-codex\build\melee_trail_review\measured_dense\knife\292.5\032.png'
02:13.969  render           | Saved: 'C:\Users\gil_n\Documents\GitHub\Godot-game-development-codex\build\melee_trail_review\measured_dense\knife\292.5\033.png'
02:14.109  render           | Saved: 'C:\Users\gil_n\Documents\GitHub\Godot-game-development-codex\build\melee_trail_review\measured_dense\knife\292.5\034.png'
02:14.265  render           | Saved: 'C:\Users\gil_n\Documents\GitHub\Godot-game-development-codex\build\melee_trail_review\measured_dense\knife\292.5\035.png'
02:14.406  render           | Saved: 'C:\Users\gil_n\Documents\GitHub\Godot-game-development-codex\build\melee_trail_review\measured_dense\knife\292.5\036.png'
02:14.562  render           | Saved: 'C:\Users\gil_n\Documents\GitHub\Godot-game-development-codex\build\melee_trail_review\measured_dense\knife\292.5\037.png'
02:14.703  render           | Saved: 'C:\Users\gil_n\Documents\GitHub\Godot-game-development-codex\build\melee_trail_review\measured_dense\knife\292.5\038.png'
02:14.859  render           | Saved: 'C:\Users\gil_n\Documents\GitHub\Godot-game-development-codex\build\melee_trail_review\measured_dense\knife\292.5\039.png'
02:15.000  render           | Saved: 'C:\Users\gil_n\Documents\GitHub\Godot-game-development-codex\build\melee_trail_review\measured_dense\knife\292.5\040.png'
02:15.156  render           | Saved: 'C:\Users\gil_n\Documents\GitHub\Godot-game-development-codex\build\melee_trail_review\measured_dense\knife\292.5\041.png'
02:15.297  render           | Saved: 'C:\Users\gil_n\Documents\GitHub\Godot-game-development-codex\build\melee_trail_review\measured_dense\knife\292.5\042.png'
02:15.453  render           | Saved: 'C:\Users\gil_n\Documents\GitHub\Godot-game-development-codex\build\melee_trail_review\measured_dense\knife\292.5\043.png'
02:15.609  render           | Saved: 'C:\Users\gil_n\Documents\GitHub\Godot-game-development-codex\build\melee_trail_review\measured_dense\knife\292.5\044.png'
02:15.750  render           | Saved: 'C:\Users\gil_n\Documents\GitHub\Godot-game-development-codex\build\melee_trail_review\measured_dense\knife\292.5\045.png'
02:15.906  render           | Saved: 'C:\Users\gil_n\Documents\GitHub\Godot-game-development-codex\build\melee_trail_review\measured_dense\knife\292.5\046.png'
02:16.047  render           | Saved: 'C:\Users\gil_n\Documents\GitHub\Godot-game-development-codex\build\melee_trail_review\measured_dense\knife\292.5\047.png'
02:16.203  render           | Saved: 'C:\Users\gil_n\Documents\GitHub\Godot-game-development-codex\build\melee_trail_review\measured_dense\knife\292.5\048.png'
02:16.359  render           | Saved: 'C:\Users\gil_n\Documents\GitHub\Godot-game-development-codex\build\melee_trail_review\measured_dense\knife\292.5\049.png'
02:16.500  render           | Saved: 'C:\Users\gil_n\Documents\GitHub\Godot-game-development-codex\build\melee_trail_review\measured_dense\knife\292.5\050.png'
02:16.656  render           | Saved: 'C:\Users\gil_n\Documents\GitHub\Godot-game-development-codex\build\melee_trail_review\measured_dense\knife\292.5\051.png'
02:16.812  render           | Saved: 'C:\Users\gil_n\Documents\GitHub\Godot-game-development-codex\build\melee_trail_review\measured_dense\knife\292.5\052.png'
02:16.953  render           | Saved: 'C:\Users\gil_n\Documents\GitHub\Godot-game-development-codex\build\melee_trail_review\measured_dense\knife\292.5\053.png'
02:17.109  render           | Saved: 'C:\Users\gil_n\Documents\GitHub\Godot-game-development-codex\build\melee_trail_review\measured_dense\knife\292.5\054.png'
02:17.265  render           | Saved: 'C:\Users\gil_n\Documents\GitHub\Godot-game-development-codex\build\melee_trail_review\measured_dense\knife\292.5\055.png'
02:17.406  render           | Saved: 'C:\Users\gil_n\Documents\GitHub\Godot-game-development-codex\build\melee_trail_review\measured_dense\knife\292.5\056.png'
02:17.562  render           | Saved: 'C:\Users\gil_n\Documents\GitHub\Godot-game-development-codex\build\melee_trail_review\measured_dense\knife\292.5\057.png'
02:17.719  render           | Saved: 'C:\Users\gil_n\Documents\GitHub\Godot-game-development-codex\build\melee_trail_review\measured_dense\knife\292.5\058.png'
02:17.859  render           | Saved: 'C:\Users\gil_n\Documents\GitHub\Godot-game-development-codex\build\melee_trail_review\measured_dense\knife\292.5\059.png'
02:18.015  render           | Saved: 'C:\Users\gil_n\Documents\GitHub\Godot-game-development-codex\build\melee_trail_review\measured_dense\knife\292.5\060.png'
02:18.172  render           | Saved: 'C:\Users\gil_n\Documents\GitHub\Godot-game-development-codex\build\melee_trail_review\measured_dense\knife\292.5\061.png'
02:18.312  render           | Saved: 'C:\Users\gil_n\Documents\GitHub\Godot-game-development-codex\build\melee_trail_review\measured_dense\knife\292.5\062.png'
02:18.469  render           | Saved: 'C:\Users\gil_n\Documents\GitHub\Godot-game-development-codex\build\melee_trail_review\measured_dense\knife\292.5\063.png'
02:18.609  render           | Saved: 'C:\Users\gil_n\Documents\GitHub\Godot-game-development-codex\build\melee_trail_review\measured_dense\knife\292.5\064.png'
02:18.781  render           | Saved: 'C:\Users\gil_n\Documents\GitHub\Godot-game-development-codex\build\melee_trail_review\measured_dense\knife\315\000.png'
02:18.922  render           | Saved: 'C:\Users\gil_n\Documents\GitHub\Godot-game-development-codex\build\melee_trail_review\measured_dense\knife\315\001.png'
02:19.062  render           | Saved: 'C:\Users\gil_n\Documents\GitHub\Godot-game-development-codex\build\melee_trail_review\measured_dense\knife\315\002.png'
02:19.219  render           | Saved: 'C:\Users\gil_n\Documents\GitHub\Godot-game-development-codex\build\melee_trail_review\measured_dense\knife\315\003.png'
02:19.375  render           | Saved: 'C:\Users\gil_n\Documents\GitHub\Godot-game-development-codex\build\melee_trail_review\measured_dense\knife\315\004.png'
02:19.515  render           | Saved: 'C:\Users\gil_n\Documents\GitHub\Godot-game-development-codex\build\melee_trail_review\measured_dense\knife\315\005.png'
02:19.672  render           | Saved: 'C:\Users\gil_n\Documents\GitHub\Godot-game-development-codex\build\melee_trail_review\measured_dense\knife\315\006.png'
02:19.812  render           | Saved: 'C:\Users\gil_n\Documents\GitHub\Godot-game-development-codex\build\melee_trail_review\measured_dense\knife\315\007.png'
02:19.969  render           | Saved: 'C:\Users\gil_n\Documents\GitHub\Godot-game-development-codex\build\melee_trail_review\measured_dense\knife\315\008.png'
02:20.125  render           | Saved: 'C:\Users\gil_n\Documents\GitHub\Godot-game-development-codex\build\melee_trail_review\measured_dense\knife\315\009.png'
02:20.265  render           | Saved: 'C:\Users\gil_n\Documents\GitHub\Godot-game-development-codex\build\melee_trail_review\measured_dense\knife\315\010.png'
02:20.422  render           | Saved: 'C:\Users\gil_n\Documents\GitHub\Godot-game-development-codex\build\melee_trail_review\measured_dense\knife\315\011.png'
02:20.562  render           | Saved: 'C:\Users\gil_n\Documents\GitHub\Godot-game-development-codex\build\melee_trail_review\measured_dense\knife\315\012.png'
02:20.719  render           | Saved: 'C:\Users\gil_n\Documents\GitHub\Godot-game-development-codex\build\melee_trail_review\measured_dense\knife\315\013.png'
02:20.875  render           | Saved: 'C:\Users\gil_n\Documents\GitHub\Godot-game-development-codex\build\melee_trail_review\measured_dense\knife\315\014.png'
02:21.015  render           | Saved: 'C:\Users\gil_n\Documents\GitHub\Godot-game-development-codex\build\melee_trail_review\measured_dense\knife\315\015.png'
02:21.172  render           | Saved: 'C:\Users\gil_n\Documents\GitHub\Godot-game-development-codex\build\melee_trail_review\measured_dense\knife\315\016.png'
02:21.328  render           | Saved: 'C:\Users\gil_n\Documents\GitHub\Godot-game-development-codex\build\melee_trail_review\measured_dense\knife\315\017.png'
02:21.469  render           | Saved: 'C:\Users\gil_n\Documents\GitHub\Godot-game-development-codex\build\melee_trail_review\measured_dense\knife\315\018.png'
02:21.625  render           | Saved: 'C:\Users\gil_n\Documents\GitHub\Godot-game-development-codex\build\melee_trail_review\measured_dense\knife\315\019.png'
02:21.781  render           | Saved: 'C:\Users\gil_n\Documents\GitHub\Godot-game-development-codex\build\melee_trail_review\measured_dense\knife\315\020.png'
02:21.922  render           | Saved: 'C:\Users\gil_n\Documents\GitHub\Godot-game-development-codex\build\melee_trail_review\measured_dense\knife\315\021.png'
02:22.078  render           | Saved: 'C:\Users\gil_n\Documents\GitHub\Godot-game-development-codex\build\melee_trail_review\measured_dense\knife\315\022.png'
02:22.219  render           | Saved: 'C:\Users\gil_n\Documents\GitHub\Godot-game-development-codex\build\melee_trail_review\measured_dense\knife\315\023.png'
02:22.375  render           | Saved: 'C:\Users\gil_n\Documents\GitHub\Godot-game-development-codex\build\melee_trail_review\measured_dense\knife\315\024.png'
02:22.531  render           | Saved: 'C:\Users\gil_n\Documents\GitHub\Godot-game-development-codex\build\melee_trail_review\measured_dense\knife\315\025.png'
02:22.672  render           | Saved: 'C:\Users\gil_n\Documents\GitHub\Godot-game-development-codex\build\melee_trail_review\measured_dense\knife\315\026.png'
02:22.828  render           | Saved: 'C:\Users\gil_n\Documents\GitHub\Godot-game-development-codex\build\melee_trail_review\measured_dense\knife\315\027.png'
02:22.969  render           | Saved: 'C:\Users\gil_n\Documents\GitHub\Godot-game-development-codex\build\melee_trail_review\measured_dense\knife\315\028.png'
02:23.125  render           | Saved: 'C:\Users\gil_n\Documents\GitHub\Godot-game-development-codex\build\melee_trail_review\measured_dense\knife\315\029.png'
02:23.265  render           | Saved: 'C:\Users\gil_n\Documents\GitHub\Godot-game-development-codex\build\melee_trail_review\measured_dense\knife\315\030.png'
02:23.422  render           | Saved: 'C:\Users\gil_n\Documents\GitHub\Godot-game-development-codex\build\melee_trail_review\measured_dense\knife\315\031.png'
02:23.562  render           | Saved: 'C:\Users\gil_n\Documents\GitHub\Godot-game-development-codex\build\melee_trail_review\measured_dense\knife\315\032.png'
02:23.719  render           | Saved: 'C:\Users\gil_n\Documents\GitHub\Godot-game-development-codex\build\melee_trail_review\measured_dense\knife\315\033.png'
02:23.859  render           | Saved: 'C:\Users\gil_n\Documents\GitHub\Godot-game-development-codex\build\melee_trail_review\measured_dense\knife\315\034.png'
02:24.015  render           | Saved: 'C:\Users\gil_n\Documents\GitHub\Godot-game-development-codex\build\melee_trail_review\measured_dense\knife\315\035.png'
02:24.172  render           | Saved: 'C:\Users\gil_n\Documents\GitHub\Godot-game-development-codex\build\melee_trail_review\measured_dense\knife\315\036.png'
02:24.312  render           | Saved: 'C:\Users\gil_n\Documents\GitHub\Godot-game-development-codex\build\melee_trail_review\measured_dense\knife\315\037.png'
02:24.469  render           | Saved: 'C:\Users\gil_n\Documents\GitHub\Godot-game-development-codex\build\melee_trail_review\measured_dense\knife\315\038.png'
02:24.625  render           | Saved: 'C:\Users\gil_n\Documents\GitHub\Godot-game-development-codex\build\melee_trail_review\measured_dense\knife\315\039.png'
02:24.781  render           | Saved: 'C:\Users\gil_n\Documents\GitHub\Godot-game-development-codex\build\melee_trail_review\measured_dense\knife\315\040.png'
02:24.922  render           | Saved: 'C:\Users\gil_n\Documents\GitHub\Godot-game-development-codex\build\melee_trail_review\measured_dense\knife\315\041.png'
02:25.078  render           | Saved: 'C:\Users\gil_n\Documents\GitHub\Godot-game-development-codex\build\melee_trail_review\measured_dense\knife\315\042.png'
02:25.234  render           | Saved: 'C:\Users\gil_n\Documents\GitHub\Godot-game-development-codex\build\melee_trail_review\measured_dense\knife\315\043.png'
02:25.390  render           | Saved: 'C:\Users\gil_n\Documents\GitHub\Godot-game-development-codex\build\melee_trail_review\measured_dense\knife\315\044.png'
02:25.547  render           | Saved: 'C:\Users\gil_n\Documents\GitHub\Godot-game-development-codex\build\melee_trail_review\measured_dense\knife\315\045.png'
02:25.687  render           | Saved: 'C:\Users\gil_n\Documents\GitHub\Godot-game-development-codex\build\melee_trail_review\measured_dense\knife\315\046.png'
02:25.844  render           | Saved: 'C:\Users\gil_n\Documents\GitHub\Godot-game-development-codex\build\melee_trail_review\measured_dense\knife\315\047.png'
02:26.000  render           | Saved: 'C:\Users\gil_n\Documents\GitHub\Godot-game-development-codex\build\melee_trail_review\measured_dense\knife\315\048.png'
02:26.156  render           | Saved: 'C:\Users\gil_n\Documents\GitHub\Godot-game-development-codex\build\melee_trail_review\measured_dense\knife\315\049.png'
02:26.297  render           | Saved: 'C:\Users\gil_n\Documents\GitHub\Godot-game-development-codex\build\melee_trail_review\measured_dense\knife\315\050.png'
02:26.453  render           | Saved: 'C:\Users\gil_n\Documents\GitHub\Godot-game-development-codex\build\melee_trail_review\measured_dense\knife\315\051.png'
02:26.594  render           | Saved: 'C:\Users\gil_n\Documents\GitHub\Godot-game-development-codex\build\melee_trail_review\measured_dense\knife\315\052.png'
02:26.750  render           | Saved: 'C:\Users\gil_n\Documents\GitHub\Godot-game-development-codex\build\melee_trail_review\measured_dense\knife\315\053.png'
02:26.890  render           | Saved: 'C:\Users\gil_n\Documents\GitHub\Godot-game-development-codex\build\melee_trail_review\measured_dense\knife\315\054.png'
02:27.047  render           | Saved: 'C:\Users\gil_n\Documents\GitHub\Godot-game-development-codex\build\melee_trail_review\measured_dense\knife\315\055.png'
02:27.187  render           | Saved: 'C:\Users\gil_n\Documents\GitHub\Godot-game-development-codex\build\melee_trail_review\measured_dense\knife\315\056.png'
02:27.344  render           | Saved: 'C:\Users\gil_n\Documents\GitHub\Godot-game-development-codex\build\melee_trail_review\measured_dense\knife\315\057.png'
02:27.484  render           | Saved: 'C:\Users\gil_n\Documents\GitHub\Godot-game-development-codex\build\melee_trail_review\measured_dense\knife\315\058.png'
02:27.640  render           | Saved: 'C:\Users\gil_n\Documents\GitHub\Godot-game-development-codex\build\melee_trail_review\measured_dense\knife\315\059.png'
02:27.781  render           | Saved: 'C:\Users\gil_n\Documents\GitHub\Godot-game-development-codex\build\melee_trail_review\measured_dense\knife\315\060.png'
02:27.937  render           | Saved: 'C:\Users\gil_n\Documents\GitHub\Godot-game-development-codex\build\melee_trail_review\measured_dense\knife\315\061.png'
02:28.094  render           | Saved: 'C:\Users\gil_n\Documents\GitHub\Godot-game-development-codex\build\melee_trail_review\measured_dense\knife\315\062.png'
02:28.234  render           | Saved: 'C:\Users\gil_n\Documents\GitHub\Godot-game-development-codex\build\melee_trail_review\measured_dense\knife\315\063.png'
02:28.390  render           | Saved: 'C:\Users\gil_n\Documents\GitHub\Godot-game-development-codex\build\melee_trail_review\measured_dense\knife\315\064.png'
02:28.547  render           | Saved: 'C:\Users\gil_n\Documents\GitHub\Godot-game-development-codex\build\melee_trail_review\measured_dense\knife\337.5\000.png'
02:28.687  render           | Saved: 'C:\Users\gil_n\Documents\GitHub\Godot-game-development-codex\build\melee_trail_review\measured_dense\knife\337.5\001.png'
02:28.844  render           | Saved: 'C:\Users\gil_n\Documents\GitHub\Godot-game-development-codex\build\melee_trail_review\measured_dense\knife\337.5\002.png'
02:29.000  render           | Saved: 'C:\Users\gil_n\Documents\GitHub\Godot-game-development-codex\build\melee_trail_review\measured_dense\knife\337.5\003.png'
02:29.140  render           | Saved: 'C:\Users\gil_n\Documents\GitHub\Godot-game-development-codex\build\melee_trail_review\measured_dense\knife\337.5\004.png'
02:29.297  render           | Saved: 'C:\Users\gil_n\Documents\GitHub\Godot-game-development-codex\build\melee_trail_review\measured_dense\knife\337.5\005.png'
02:29.453  render           | Saved: 'C:\Users\gil_n\Documents\GitHub\Godot-game-development-codex\build\melee_trail_review\measured_dense\knife\337.5\006.png'
02:29.594  render           | Saved: 'C:\Users\gil_n\Documents\GitHub\Godot-game-development-codex\build\melee_trail_review\measured_dense\knife\337.5\007.png'
02:29.750  render           | Saved: 'C:\Users\gil_n\Documents\GitHub\Godot-game-development-codex\build\melee_trail_review\measured_dense\knife\337.5\008.png'
02:29.906  render           | Saved: 'C:\Users\gil_n\Documents\GitHub\Godot-game-development-codex\build\melee_trail_review\measured_dense\knife\337.5\009.png'
02:30.047  render           | Saved: 'C:\Users\gil_n\Documents\GitHub\Godot-game-development-codex\build\melee_trail_review\measured_dense\knife\337.5\010.png'
02:30.203  render           | Saved: 'C:\Users\gil_n\Documents\GitHub\Godot-game-development-codex\build\melee_trail_review\measured_dense\knife\337.5\011.png'
02:30.344  render           | Saved: 'C:\Users\gil_n\Documents\GitHub\Godot-game-development-codex\build\melee_trail_review\measured_dense\knife\337.5\012.png'
02:30.500  render           | Saved: 'C:\Users\gil_n\Documents\GitHub\Godot-game-development-codex\build\melee_trail_review\measured_dense\knife\337.5\013.png'
02:30.640  render           | Saved: 'C:\Users\gil_n\Documents\GitHub\Godot-game-development-codex\build\melee_trail_review\measured_dense\knife\337.5\014.png'
02:30.797  render           | Saved: 'C:\Users\gil_n\Documents\GitHub\Godot-game-development-codex\build\melee_trail_review\measured_dense\knife\337.5\015.png'
02:30.937  render           | Saved: 'C:\Users\gil_n\Documents\GitHub\Godot-game-development-codex\build\melee_trail_review\measured_dense\knife\337.5\016.png'
02:31.094  render           | Saved: 'C:\Users\gil_n\Documents\GitHub\Godot-game-development-codex\build\melee_trail_review\measured_dense\knife\337.5\017.png'
02:31.234  render           | Saved: 'C:\Users\gil_n\Documents\GitHub\Godot-game-development-codex\build\melee_trail_review\measured_dense\knife\337.5\018.png'
02:31.390  render           | Saved: 'C:\Users\gil_n\Documents\GitHub\Godot-game-development-codex\build\melee_trail_review\measured_dense\knife\337.5\019.png'
02:31.531  render           | Saved: 'C:\Users\gil_n\Documents\GitHub\Godot-game-development-codex\build\melee_trail_review\measured_dense\knife\337.5\020.png'
02:31.687  render           | Saved: 'C:\Users\gil_n\Documents\GitHub\Godot-game-development-codex\build\melee_trail_review\measured_dense\knife\337.5\021.png'
02:31.844  render           | Saved: 'C:\Users\gil_n\Documents\GitHub\Godot-game-development-codex\build\melee_trail_review\measured_dense\knife\337.5\022.png'
02:31.984  render           | Saved: 'C:\Users\gil_n\Documents\GitHub\Godot-game-development-codex\build\melee_trail_review\measured_dense\knife\337.5\023.png'
02:32.140  render           | Saved: 'C:\Users\gil_n\Documents\GitHub\Godot-game-development-codex\build\melee_trail_review\measured_dense\knife\337.5\024.png'
02:32.281  render           | Saved: 'C:\Users\gil_n\Documents\GitHub\Godot-game-development-codex\build\melee_trail_review\measured_dense\knife\337.5\025.png'
02:32.437  render           | Saved: 'C:\Users\gil_n\Documents\GitHub\Godot-game-development-codex\build\melee_trail_review\measured_dense\knife\337.5\026.png'
02:32.578  render           | Saved: 'C:\Users\gil_n\Documents\GitHub\Godot-game-development-codex\build\melee_trail_review\measured_dense\knife\337.5\027.png'
02:32.734  render           | Saved: 'C:\Users\gil_n\Documents\GitHub\Godot-game-development-codex\build\melee_trail_review\measured_dense\knife\337.5\028.png'
02:32.890  render           | Saved: 'C:\Users\gil_n\Documents\GitHub\Godot-game-development-codex\build\melee_trail_review\measured_dense\knife\337.5\029.png'
02:33.031  render           | Saved: 'C:\Users\gil_n\Documents\GitHub\Godot-game-development-codex\build\melee_trail_review\measured_dense\knife\337.5\030.png'
02:33.187  render           | Saved: 'C:\Users\gil_n\Documents\GitHub\Godot-game-development-codex\build\melee_trail_review\measured_dense\knife\337.5\031.png'
02:33.344  render           | Saved: 'C:\Users\gil_n\Documents\GitHub\Godot-game-development-codex\build\melee_trail_review\measured_dense\knife\337.5\032.png'
02:33.484  render           | Saved: 'C:\Users\gil_n\Documents\GitHub\Godot-game-development-codex\build\melee_trail_review\measured_dense\knife\337.5\033.png'
02:33.640  render           | Saved: 'C:\Users\gil_n\Documents\GitHub\Godot-game-development-codex\build\melee_trail_review\measured_dense\knife\337.5\034.png'
02:33.797  render           | Saved: 'C:\Users\gil_n\Documents\GitHub\Godot-game-development-codex\build\melee_trail_review\measured_dense\knife\337.5\035.png'
02:33.937  render           | Saved: 'C:\Users\gil_n\Documents\GitHub\Godot-game-development-codex\build\melee_trail_review\measured_dense\knife\337.5\036.png'
02:34.094  render           | Saved: 'C:\Users\gil_n\Documents\GitHub\Godot-game-development-codex\build\melee_trail_review\measured_dense\knife\337.5\037.png'
02:34.234  render           | Saved: 'C:\Users\gil_n\Documents\GitHub\Godot-game-development-codex\build\melee_trail_review\measured_dense\knife\337.5\038.png'
02:34.390  render           | Saved: 'C:\Users\gil_n\Documents\GitHub\Godot-game-development-codex\build\melee_trail_review\measured_dense\knife\337.5\039.png'
02:34.531  render           | Saved: 'C:\Users\gil_n\Documents\GitHub\Godot-game-development-codex\build\melee_trail_review\measured_dense\knife\337.5\040.png'
02:34.687  render           | Saved: 'C:\Users\gil_n\Documents\GitHub\Godot-game-development-codex\build\melee_trail_review\measured_dense\knife\337.5\041.png'
02:34.828  render           | Saved: 'C:\Users\gil_n\Documents\GitHub\Godot-game-development-codex\build\melee_trail_review\measured_dense\knife\337.5\042.png'
02:34.984  render           | Saved: 'C:\Users\gil_n\Documents\GitHub\Godot-game-development-codex\build\melee_trail_review\measured_dense\knife\337.5\043.png'
02:35.125  render           | Saved: 'C:\Users\gil_n\Documents\GitHub\Godot-game-development-codex\build\melee_trail_review\measured_dense\knife\337.5\044.png'
02:35.281  render           | Saved: 'C:\Users\gil_n\Documents\GitHub\Godot-game-development-codex\build\melee_trail_review\measured_dense\knife\337.5\045.png'
02:35.422  render           | Saved: 'C:\Users\gil_n\Documents\GitHub\Godot-game-development-codex\build\melee_trail_review\measured_dense\knife\337.5\046.png'
02:35.578  render           | Saved: 'C:\Users\gil_n\Documents\GitHub\Godot-game-development-codex\build\melee_trail_review\measured_dense\knife\337.5\047.png'
02:35.719  render           | Saved: 'C:\Users\gil_n\Documents\GitHub\Godot-game-development-codex\build\melee_trail_review\measured_dense\knife\337.5\048.png'
02:35.875  render           | Saved: 'C:\Users\gil_n\Documents\GitHub\Godot-game-development-codex\build\melee_trail_review\measured_dense\knife\337.5\049.png'
02:36.015  render           | Saved: 'C:\Users\gil_n\Documents\GitHub\Godot-game-development-codex\build\melee_trail_review\measured_dense\knife\337.5\050.png'
02:36.172  render           | Saved: 'C:\Users\gil_n\Documents\GitHub\Godot-game-development-codex\build\melee_trail_review\measured_dense\knife\337.5\051.png'
02:36.328  render           | Saved: 'C:\Users\gil_n\Documents\GitHub\Godot-game-development-codex\build\melee_trail_review\measured_dense\knife\337.5\052.png'
02:36.469  render           | Saved: 'C:\Users\gil_n\Documents\GitHub\Godot-game-development-codex\build\melee_trail_review\measured_dense\knife\337.5\053.png'
02:36.625  render           | Saved: 'C:\Users\gil_n\Documents\GitHub\Godot-game-development-codex\build\melee_trail_review\measured_dense\knife\337.5\054.png'
02:36.765  render           | Saved: 'C:\Users\gil_n\Documents\GitHub\Godot-game-development-codex\build\melee_trail_review\measured_dense\knife\337.5\055.png'
02:36.922  render           | Saved: 'C:\Users\gil_n\Documents\GitHub\Godot-game-development-codex\build\melee_trail_review\measured_dense\knife\337.5\056.png'
02:37.078  render           | Saved: 'C:\Users\gil_n\Documents\GitHub\Godot-game-development-codex\build\melee_trail_review\measured_dense\knife\337.5\057.png'
02:37.219  render           | Saved: 'C:\Users\gil_n\Documents\GitHub\Godot-game-development-codex\build\melee_trail_review\measured_dense\knife\337.5\058.png'
02:37.375  render           | Saved: 'C:\Users\gil_n\Documents\GitHub\Godot-game-development-codex\build\melee_trail_review\measured_dense\knife\337.5\059.png'
02:37.531  render           | Saved: 'C:\Users\gil_n\Documents\GitHub\Godot-game-development-codex\build\melee_trail_review\measured_dense\knife\337.5\060.png'
02:37.672  render           | Saved: 'C:\Users\gil_n\Documents\GitHub\Godot-game-development-codex\build\melee_trail_review\measured_dense\knife\337.5\061.png'
02:37.828  render           | Saved: 'C:\Users\gil_n\Documents\GitHub\Godot-game-development-codex\build\melee_trail_review\measured_dense\knife\337.5\062.png'
02:37.969  render           | Saved: 'C:\Users\gil_n\Documents\GitHub\Godot-game-development-codex\build\melee_trail_review\measured_dense\knife\337.5\063.png'
02:38.125  render           | Saved: 'C:\Users\gil_n\Documents\GitHub\Godot-game-development-codex\build\melee_trail_review\measured_dense\knife\337.5\064.png'
Info: Saved as "source.blend"
Info: Saved as "source.blend"
Info: Saved as "source.blend"
Info: Saved as "source.blend"
Info: Saved as "source.blend"
Info: Saved as "source.blend"
Info: Saved as "source.blend"
Info: Saved as "source.blend"
Info: Saved as "source.blend"
Info: Saved as "source.blend"
Info: Saved as "source.blend"
Info: Saved as "source.blend"
Info: Saved as "source.blend"
Info: Saved as "source.blend"
Info: Saved as "source.blend"
Info: Saved as "source.blend"
Blender 5.2.2 LTS (hash d13f752e3b9c built 2026-09-15 01:37:04)

Blender quit
