C:\Users\gil_n\Documents\GitHub\Godot-game-development-codex\tools\blender\render_measured_melee_trails.py:28: DeprecationWarning: 'Material.use_nodes' is expected to be removed in Blender 6.0
  m=bpy.data.materials.new(name);m.use_nodes=True;n=m.node_tree.nodes;n.clear()
00:02.907  render           | Saved: 'C:\Users\gil_n\Documents\GitHub\Godot-game-development-codex\build\melee_trail_review\measured_dense\knife_long\knife\0\000.png'
00:03.078  render           | Saved: 'C:\Users\gil_n\Documents\GitHub\Godot-game-development-codex\build\melee_trail_review\measured_dense\knife_long\knife\0\001.png'
00:03.235  render           | Saved: 'C:\Users\gil_n\Documents\GitHub\Godot-game-development-codex\build\melee_trail_review\measured_dense\knife_long\knife\0\002.png'
00:03.375  render           | Saved: 'C:\Users\gil_n\Documents\GitHub\Godot-game-development-codex\build\melee_trail_review\measured_dense\knife_long\knife\0\003.png'
00:03.532  render           | Saved: 'C:\Users\gil_n\Documents\GitHub\Godot-game-development-codex\build\melee_trail_review\measured_dense\knife_long\knife\0\004.png'
00:03.672  render           | Saved: 'C:\Users\gil_n\Documents\GitHub\Godot-game-development-codex\build\melee_trail_review\measured_dense\knife_long\knife\0\005.png'
00:03.828  render           | Saved: 'C:\Users\gil_n\Documents\GitHub\Godot-game-development-codex\build\melee_trail_review\measured_dense\knife_long\knife\0\006.png'
00:03.969  render           | Saved: 'C:\Users\gil_n\Documents\GitHub\Godot-game-development-codex\build\melee_trail_review\measured_dense\knife_long\knife\0\007.png'
00:04.125  render           | Saved: 'C:\Users\gil_n\Documents\GitHub\Godot-game-development-codex\build\melee_trail_review\measured_dense\knife_long\knife\0\008.png'
00:04.266  render           | Saved: 'C:\Users\gil_n\Documents\GitHub\Godot-game-development-codex\build\melee_trail_review\measured_dense\knife_long\knife\0\009.png'
00:04.422  render           | Saved: 'C:\Users\gil_n\Documents\GitHub\Godot-game-development-codex\build\melee_trail_review\measured_dense\knife_long\knife\0\010.png'
00:04.563  render           | Saved: 'C:\Users\gil_n\Documents\GitHub\Godot-game-development-codex\build\melee_trail_review\measured_dense\knife_long\knife\0\011.png'
00:04.719  render           | Saved: 'C:\Users\gil_n\Documents\GitHub\Godot-game-development-codex\build\melee_trail_review\measured_dense\knife_long\knife\0\012.png'
00:04.860  render           | Saved: 'C:\Users\gil_n\Documents\GitHub\Godot-game-development-codex\build\melee_trail_review\measured_dense\knife_long\knife\0\013.png'
00:05.016  render           | Saved: 'C:\Users\gil_n\Documents\GitHub\Godot-game-development-codex\build\melee_trail_review\measured_dense\knife_long\knife\0\014.png'
00:05.157  render           | Saved: 'C:\Users\gil_n\Documents\GitHub\Godot-game-development-codex\build\melee_trail_review\measured_dense\knife_long\knife\0\015.png'
00:05.313  render           | Saved: 'C:\Users\gil_n\Documents\GitHub\Godot-game-development-codex\build\melee_trail_review\measured_dense\knife_long\knife\0\016.png'
00:05.453  render           | Saved: 'C:\Users\gil_n\Documents\GitHub\Godot-game-development-codex\build\melee_trail_review\measured_dense\knife_long\knife\0\017.png'
00:05.610  render           | Saved: 'C:\Users\gil_n\Documents\GitHub\Godot-game-development-codex\build\melee_trail_review\measured_dense\knife_long\knife\0\018.png'
00:05.750  render           | Saved: 'C:\Users\gil_n\Documents\GitHub\Godot-game-development-codex\build\melee_trail_review\measured_dense\knife_long\knife\0\019.png'
00:05.891  render           | Saved: 'C:\Users\gil_n\Documents\GitHub\Godot-game-development-codex\build\melee_trail_review\measured_dense\knife_long\knife\0\020.png'
00:06.047  render           | Saved: 'C:\Users\gil_n\Documents\GitHub\Godot-game-development-codex\build\melee_trail_review\measured_dense\knife_long\knife\0\021.png'
00:06.188  render           | Saved: 'C:\Users\gil_n\Documents\GitHub\Godot-game-development-codex\build\melee_trail_review\measured_dense\knife_long\knife\0\022.png'
00:06.344  render           | Saved: 'C:\Users\gil_n\Documents\GitHub\Godot-game-development-codex\build\melee_trail_review\measured_dense\knife_long\knife\0\023.png'
00:06.485  render           | Saved: 'C:\Users\gil_n\Documents\GitHub\Godot-game-development-codex\build\melee_trail_review\measured_dense\knife_long\knife\0\024.png'
00:06.625  render           | Saved: 'C:\Users\gil_n\Documents\GitHub\Godot-game-development-codex\build\melee_trail_review\measured_dense\knife_long\knife\0\025.png'
00:06.782  render           | Saved: 'C:\Users\gil_n\Documents\GitHub\Godot-game-development-codex\build\melee_trail_review\measured_dense\knife_long\knife\0\026.png'
00:06.922  render           | Saved: 'C:\Users\gil_n\Documents\GitHub\Godot-game-development-codex\build\melee_trail_review\measured_dense\knife_long\knife\0\027.png'
00:07.078  render           | Saved: 'C:\Users\gil_n\Documents\GitHub\Godot-game-development-codex\build\melee_trail_review\measured_dense\knife_long\knife\0\028.png'
00:07.219  render           | Saved: 'C:\Users\gil_n\Documents\GitHub\Godot-game-development-codex\build\melee_trail_review\measured_dense\knife_long\knife\0\029.png'
00:07.360  render           | Saved: 'C:\Users\gil_n\Documents\GitHub\Godot-game-development-codex\build\melee_trail_review\measured_dense\knife_long\knife\0\030.png'
00:07.516  render           | Saved: 'C:\Users\gil_n\Documents\GitHub\Godot-game-development-codex\build\melee_trail_review\measured_dense\knife_long\knife\0\031.png'
00:07.657  render           | Saved: 'C:\Users\gil_n\Documents\GitHub\Godot-game-development-codex\build\melee_trail_review\measured_dense\knife_long\knife\0\032.png'
00:07.813  render           | Saved: 'C:\Users\gil_n\Documents\GitHub\Godot-game-development-codex\build\melee_trail_review\measured_dense\knife_long\knife\0\033.png'
00:07.953  render           | Saved: 'C:\Users\gil_n\Documents\GitHub\Godot-game-development-codex\build\melee_trail_review\measured_dense\knife_long\knife\0\034.png'
00:08.094  render           | Saved: 'C:\Users\gil_n\Documents\GitHub\Godot-game-development-codex\build\melee_trail_review\measured_dense\knife_long\knife\0\035.png'
00:08.250  render           | Saved: 'C:\Users\gil_n\Documents\GitHub\Godot-game-development-codex\build\melee_trail_review\measured_dense\knife_long\knife\0\036.png'
00:08.391  render           | Saved: 'C:\Users\gil_n\Documents\GitHub\Godot-game-development-codex\build\melee_trail_review\measured_dense\knife_long\knife\0\037.png'
00:08.547  render           | Saved: 'C:\Users\gil_n\Documents\GitHub\Godot-game-development-codex\build\melee_trail_review\measured_dense\knife_long\knife\0\038.png'
00:08.703  render           | Saved: 'C:\Users\gil_n\Documents\GitHub\Godot-game-development-codex\build\melee_trail_review\measured_dense\knife_long\knife\0\039.png'
00:08.844  render           | Saved: 'C:\Users\gil_n\Documents\GitHub\Godot-game-development-codex\build\melee_trail_review\measured_dense\knife_long\knife\0\040.png'
00:08.985  render           | Saved: 'C:\Users\gil_n\Documents\GitHub\Godot-game-development-codex\build\melee_trail_review\measured_dense\knife_long\knife\0\041.png'
00:09.141  render           | Saved: 'C:\Users\gil_n\Documents\GitHub\Godot-game-development-codex\build\melee_trail_review\measured_dense\knife_long\knife\0\042.png'
00:09.282  render           | Saved: 'C:\Users\gil_n\Documents\GitHub\Godot-game-development-codex\build\melee_trail_review\measured_dense\knife_long\knife\0\043.png'
00:09.438  render           | Saved: 'C:\Users\gil_n\Documents\GitHub\Godot-game-development-codex\build\melee_trail_review\measured_dense\knife_long\knife\0\044.png'
00:09.578  render           | Saved: 'C:\Users\gil_n\Documents\GitHub\Godot-game-development-codex\build\melee_trail_review\measured_dense\knife_long\knife\0\045.png'
00:09.735  render           | Saved: 'C:\Users\gil_n\Documents\GitHub\Godot-game-development-codex\build\melee_trail_review\measured_dense\knife_long\knife\0\046.png'
00:09.891  render           | Saved: 'C:\Users\gil_n\Documents\GitHub\Godot-game-development-codex\build\melee_trail_review\measured_dense\knife_long\knife\0\047.png'
00:10.032  render           | Saved: 'C:\Users\gil_n\Documents\GitHub\Godot-game-development-codex\build\melee_trail_review\measured_dense\knife_long\knife\0\048.png'
00:10.188  render           | Saved: 'C:\Users\gil_n\Documents\GitHub\Godot-game-development-codex\build\melee_trail_review\measured_dense\knife_long\knife\0\049.png'
00:10.328  render           | Saved: 'C:\Users\gil_n\Documents\GitHub\Godot-game-development-codex\build\melee_trail_review\measured_dense\knife_long\knife\0\050.png'
00:10.485  render           | Saved: 'C:\Users\gil_n\Documents\GitHub\Godot-game-development-codex\build\melee_trail_review\measured_dense\knife_long\knife\0\051.png'
00:10.625  render           | Saved: 'C:\Users\gil_n\Documents\GitHub\Godot-game-development-codex\build\melee_trail_review\measured_dense\knife_long\knife\0\052.png'
00:10.782  render           | Saved: 'C:\Users\gil_n\Documents\GitHub\Godot-game-development-codex\build\melee_trail_review\measured_dense\knife_long\knife\0\053.png'
00:10.922  render           | Saved: 'C:\Users\gil_n\Documents\GitHub\Godot-game-development-codex\build\melee_trail_review\measured_dense\knife_long\knife\0\054.png'
00:11.078  render           | Saved: 'C:\Users\gil_n\Documents\GitHub\Godot-game-development-codex\build\melee_trail_review\measured_dense\knife_long\knife\0\055.png'
00:11.219  render           | Saved: 'C:\Users\gil_n\Documents\GitHub\Godot-game-development-codex\build\melee_trail_review\measured_dense\knife_long\knife\0\056.png'
00:11.375  render           | Saved: 'C:\Users\gil_n\Documents\GitHub\Godot-game-development-codex\build\melee_trail_review\measured_dense\knife_long\knife\0\057.png'
00:11.516  render           | Saved: 'C:\Users\gil_n\Documents\GitHub\Godot-game-development-codex\build\melee_trail_review\measured_dense\knife_long\knife\0\058.png'
00:11.672  render           | Saved: 'C:\Users\gil_n\Documents\GitHub\Godot-game-development-codex\build\melee_trail_review\measured_dense\knife_long\knife\0\059.png'
00:11.813  render           | Saved: 'C:\Users\gil_n\Documents\GitHub\Godot-game-development-codex\build\melee_trail_review\measured_dense\knife_long\knife\0\060.png'
00:11.969  render           | Saved: 'C:\Users\gil_n\Documents\GitHub\Godot-game-development-codex\build\melee_trail_review\measured_dense\knife_long\knife\0\061.png'
00:12.110  render           | Saved: 'C:\Users\gil_n\Documents\GitHub\Godot-game-development-codex\build\melee_trail_review\measured_dense\knife_long\knife\0\062.png'
00:12.266  render           | Saved: 'C:\Users\gil_n\Documents\GitHub\Godot-game-development-codex\build\melee_trail_review\measured_dense\knife_long\knife\0\063.png'
00:12.407  render           | Saved: 'C:\Users\gil_n\Documents\GitHub\Godot-game-development-codex\build\melee_trail_review\measured_dense\knife_long\knife\0\064.png'
00:12.594  render           | Saved: 'C:\Users\gil_n\Documents\GitHub\Godot-game-development-codex\build\melee_trail_review\measured_dense\knife_long\knife\22.5\000.png'
00:12.735  render           | Saved: 'C:\Users\gil_n\Documents\GitHub\Godot-game-development-codex\build\melee_trail_review\measured_dense\knife_long\knife\22.5\001.png'
00:12.891  render           | Saved: 'C:\Users\gil_n\Documents\GitHub\Godot-game-development-codex\build\melee_trail_review\measured_dense\knife_long\knife\22.5\002.png'
00:13.032  render           | Saved: 'C:\Users\gil_n\Documents\GitHub\Godot-game-development-codex\build\melee_trail_review\measured_dense\knife_long\knife\22.5\003.png'
00:13.188  render           | Saved: 'C:\Users\gil_n\Documents\GitHub\Godot-game-development-codex\build\melee_trail_review\measured_dense\knife_long\knife\22.5\004.png'
00:13.328  render           | Saved: 'C:\Users\gil_n\Documents\GitHub\Godot-game-development-codex\build\melee_trail_review\measured_dense\knife_long\knife\22.5\005.png'
00:13.485  render           | Saved: 'C:\Users\gil_n\Documents\GitHub\Godot-game-development-codex\build\melee_trail_review\measured_dense\knife_long\knife\22.5\006.png'
00:13.625  render           | Saved: 'C:\Users\gil_n\Documents\GitHub\Godot-game-development-codex\build\melee_trail_review\measured_dense\knife_long\knife\22.5\007.png'
00:13.766  render           | Saved: 'C:\Users\gil_n\Documents\GitHub\Godot-game-development-codex\build\melee_trail_review\measured_dense\knife_long\knife\22.5\008.png'
00:13.922  render           | Saved: 'C:\Users\gil_n\Documents\GitHub\Godot-game-development-codex\build\melee_trail_review\measured_dense\knife_long\knife\22.5\009.png'
00:14.063  render           | Saved: 'C:\Users\gil_n\Documents\GitHub\Godot-game-development-codex\build\melee_trail_review\measured_dense\knife_long\knife\22.5\010.png'
00:14.219  render           | Saved: 'C:\Users\gil_n\Documents\GitHub\Godot-game-development-codex\build\melee_trail_review\measured_dense\knife_long\knife\22.5\011.png'
00:14.360  render           | Saved: 'C:\Users\gil_n\Documents\GitHub\Godot-game-development-codex\build\melee_trail_review\measured_dense\knife_long\knife\22.5\012.png'
00:14.500  render           | Saved: 'C:\Users\gil_n\Documents\GitHub\Godot-game-development-codex\build\melee_trail_review\measured_dense\knife_long\knife\22.5\013.png'
00:14.657  render           | Saved: 'C:\Users\gil_n\Documents\GitHub\Godot-game-development-codex\build\melee_trail_review\measured_dense\knife_long\knife\22.5\014.png'
00:14.797  render           | Saved: 'C:\Users\gil_n\Documents\GitHub\Godot-game-development-codex\build\melee_trail_review\measured_dense\knife_long\knife\22.5\015.png'
00:14.953  render           | Saved: 'C:\Users\gil_n\Documents\GitHub\Godot-game-development-codex\build\melee_trail_review\measured_dense\knife_long\knife\22.5\016.png'
00:15.094  render           | Saved: 'C:\Users\gil_n\Documents\GitHub\Godot-game-development-codex\build\melee_trail_review\measured_dense\knife_long\knife\22.5\017.png'
00:15.235  render           | Saved: 'C:\Users\gil_n\Documents\GitHub\Godot-game-development-codex\build\melee_trail_review\measured_dense\knife_long\knife\22.5\018.png'
00:15.391  render           | Saved: 'C:\Users\gil_n\Documents\GitHub\Godot-game-development-codex\build\melee_trail_review\measured_dense\knife_long\knife\22.5\019.png'
00:15.532  render           | Saved: 'C:\Users\gil_n\Documents\GitHub\Godot-game-development-codex\build\melee_trail_review\measured_dense\knife_long\knife\22.5\020.png'
00:15.688  render           | Saved: 'C:\Users\gil_n\Documents\GitHub\Godot-game-development-codex\build\melee_trail_review\measured_dense\knife_long\knife\22.5\021.png'
00:15.828  render           | Saved: 'C:\Users\gil_n\Documents\GitHub\Godot-game-development-codex\build\melee_trail_review\measured_dense\knife_long\knife\22.5\022.png'
00:15.969  render           | Saved: 'C:\Users\gil_n\Documents\GitHub\Godot-game-development-codex\build\melee_trail_review\measured_dense\knife_long\knife\22.5\023.png'
00:16.125  render           | Saved: 'C:\Users\gil_n\Documents\GitHub\Godot-game-development-codex\build\melee_trail_review\measured_dense\knife_long\knife\22.5\024.png'
00:16.266  render           | Saved: 'C:\Users\gil_n\Documents\GitHub\Godot-game-development-codex\build\melee_trail_review\measured_dense\knife_long\knife\22.5\025.png'
00:16.422  render           | Saved: 'C:\Users\gil_n\Documents\GitHub\Godot-game-development-codex\build\melee_trail_review\measured_dense\knife_long\knife\22.5\026.png'
00:16.578  render           | Saved: 'C:\Users\gil_n\Documents\GitHub\Godot-game-development-codex\build\melee_trail_review\measured_dense\knife_long\knife\22.5\027.png'
00:16.719  render           | Saved: 'C:\Users\gil_n\Documents\GitHub\Godot-game-development-codex\build\melee_trail_review\measured_dense\knife_long\knife\22.5\028.png'
00:16.875  render           | Saved: 'C:\Users\gil_n\Documents\GitHub\Godot-game-development-codex\build\melee_trail_review\measured_dense\knife_long\knife\22.5\029.png'
00:17.032  render           | Saved: 'C:\Users\gil_n\Documents\GitHub\Godot-game-development-codex\build\melee_trail_review\measured_dense\knife_long\knife\22.5\030.png'
00:17.172  render           | Saved: 'C:\Users\gil_n\Documents\GitHub\Godot-game-development-codex\build\melee_trail_review\measured_dense\knife_long\knife\22.5\031.png'
00:17.328  render           | Saved: 'C:\Users\gil_n\Documents\GitHub\Godot-game-development-codex\build\melee_trail_review\measured_dense\knife_long\knife\22.5\032.png'
00:17.469  render           | Saved: 'C:\Users\gil_n\Documents\GitHub\Godot-game-development-codex\build\melee_trail_review\measured_dense\knife_long\knife\22.5\033.png'
00:17.625  render           | Saved: 'C:\Users\gil_n\Documents\GitHub\Godot-game-development-codex\build\melee_trail_review\measured_dense\knife_long\knife\22.5\034.png'
00:17.766  render           | Saved: 'C:\Users\gil_n\Documents\GitHub\Godot-game-development-codex\build\melee_trail_review\measured_dense\knife_long\knife\22.5\035.png'
00:17.907  render           | Saved: 'C:\Users\gil_n\Documents\GitHub\Godot-game-development-codex\build\melee_trail_review\measured_dense\knife_long\knife\22.5\036.png'
00:18.063  render           | Saved: 'C:\Users\gil_n\Documents\GitHub\Godot-game-development-codex\build\melee_trail_review\measured_dense\knife_long\knife\22.5\037.png'
00:18.203  render           | Saved: 'C:\Users\gil_n\Documents\GitHub\Godot-game-development-codex\build\melee_trail_review\measured_dense\knife_long\knife\22.5\038.png'
00:18.360  render           | Saved: 'C:\Users\gil_n\Documents\GitHub\Godot-game-development-codex\build\melee_trail_review\measured_dense\knife_long\knife\22.5\039.png'
00:18.500  render           | Saved: 'C:\Users\gil_n\Documents\GitHub\Godot-game-development-codex\build\melee_trail_review\measured_dense\knife_long\knife\22.5\040.png'
00:18.641  render           | Saved: 'C:\Users\gil_n\Documents\GitHub\Godot-game-development-codex\build\melee_trail_review\measured_dense\knife_long\knife\22.5\041.png'
00:18.797  render           | Saved: 'C:\Users\gil_n\Documents\GitHub\Godot-game-development-codex\build\melee_trail_review\measured_dense\knife_long\knife\22.5\042.png'
00:18.938  render           | Saved: 'C:\Users\gil_n\Documents\GitHub\Godot-game-development-codex\build\melee_trail_review\measured_dense\knife_long\knife\22.5\043.png'
00:19.078  render           | Saved: 'C:\Users\gil_n\Documents\GitHub\Godot-game-development-codex\build\melee_trail_review\measured_dense\knife_long\knife\22.5\044.png'
00:19.235  render           | Saved: 'C:\Users\gil_n\Documents\GitHub\Godot-game-development-codex\build\melee_trail_review\measured_dense\knife_long\knife\22.5\045.png'
00:19.375  render           | Saved: 'C:\Users\gil_n\Documents\GitHub\Godot-game-development-codex\build\melee_trail_review\measured_dense\knife_long\knife\22.5\046.png'
00:19.532  render           | Saved: 'C:\Users\gil_n\Documents\GitHub\Godot-game-development-codex\build\melee_trail_review\measured_dense\knife_long\knife\22.5\047.png'
00:19.672  render           | Saved: 'C:\Users\gil_n\Documents\GitHub\Godot-game-development-codex\build\melee_trail_review\measured_dense\knife_long\knife\22.5\048.png'
00:19.813  render           | Saved: 'C:\Users\gil_n\Documents\GitHub\Godot-game-development-codex\build\melee_trail_review\measured_dense\knife_long\knife\22.5\049.png'
00:19.969  render           | Saved: 'C:\Users\gil_n\Documents\GitHub\Godot-game-development-codex\build\melee_trail_review\measured_dense\knife_long\knife\22.5\050.png'
00:20.110  render           | Saved: 'C:\Users\gil_n\Documents\GitHub\Godot-game-development-codex\build\melee_trail_review\measured_dense\knife_long\knife\22.5\051.png'
00:20.266  render           | Saved: 'C:\Users\gil_n\Documents\GitHub\Godot-game-development-codex\build\melee_trail_review\measured_dense\knife_long\knife\22.5\052.png'
00:20.407  render           | Saved: 'C:\Users\gil_n\Documents\GitHub\Godot-game-development-codex\build\melee_trail_review\measured_dense\knife_long\knife\22.5\053.png'
00:20.563  render           | Saved: 'C:\Users\gil_n\Documents\GitHub\Godot-game-development-codex\build\melee_trail_review\measured_dense\knife_long\knife\22.5\054.png'
00:20.703  render           | Saved: 'C:\Users\gil_n\Documents\GitHub\Godot-game-development-codex\build\melee_trail_review\measured_dense\knife_long\knife\22.5\055.png'
00:20.860  render           | Saved: 'C:\Users\gil_n\Documents\GitHub\Godot-game-development-codex\build\melee_trail_review\measured_dense\knife_long\knife\22.5\056.png'
00:21.000  render           | Saved: 'C:\Users\gil_n\Documents\GitHub\Godot-game-development-codex\build\melee_trail_review\measured_dense\knife_long\knife\22.5\057.png'
00:21.157  render           | Saved: 'C:\Users\gil_n\Documents\GitHub\Godot-game-development-codex\build\melee_trail_review\measured_dense\knife_long\knife\22.5\058.png'
00:21.297  render           | Saved: 'C:\Users\gil_n\Documents\GitHub\Godot-game-development-codex\build\melee_trail_review\measured_dense\knife_long\knife\22.5\059.png'
00:21.453  render           | Saved: 'C:\Users\gil_n\Documents\GitHub\Godot-game-development-codex\build\melee_trail_review\measured_dense\knife_long\knife\22.5\060.png'
00:21.594  render           | Saved: 'C:\Users\gil_n\Documents\GitHub\Godot-game-development-codex\build\melee_trail_review\measured_dense\knife_long\knife\22.5\061.png'
00:21.750  render           | Saved: 'C:\Users\gil_n\Documents\GitHub\Godot-game-development-codex\build\melee_trail_review\measured_dense\knife_long\knife\22.5\062.png'
00:21.985  render           | Saved: 'C:\Users\gil_n\Documents\GitHub\Godot-game-development-codex\build\melee_trail_review\measured_dense\knife_long\knife\22.5\063.png'
00:22.125  render           | Saved: 'C:\Users\gil_n\Documents\GitHub\Godot-game-development-codex\build\melee_trail_review\measured_dense\knife_long\knife\22.5\064.png'
00:22.297  render           | Saved: 'C:\Users\gil_n\Documents\GitHub\Godot-game-development-codex\build\melee_trail_review\measured_dense\knife_long\knife\45\000.png'
00:22.438  render           | Saved: 'C:\Users\gil_n\Documents\GitHub\Godot-game-development-codex\build\melee_trail_review\measured_dense\knife_long\knife\45\001.png'
00:22.578  render           | Saved: 'C:\Users\gil_n\Documents\GitHub\Godot-game-development-codex\build\melee_trail_review\measured_dense\knife_long\knife\45\002.png'
00:22.735  render           | Saved: 'C:\Users\gil_n\Documents\GitHub\Godot-game-development-codex\build\melee_trail_review\measured_dense\knife_long\knife\45\003.png'
00:22.875  render           | Saved: 'C:\Users\gil_n\Documents\GitHub\Godot-game-development-codex\build\melee_trail_review\measured_dense\knife_long\knife\45\004.png'
00:23.016  render           | Saved: 'C:\Users\gil_n\Documents\GitHub\Godot-game-development-codex\build\melee_trail_review\measured_dense\knife_long\knife\45\005.png'
00:23.172  render           | Saved: 'C:\Users\gil_n\Documents\GitHub\Godot-game-development-codex\build\melee_trail_review\measured_dense\knife_long\knife\45\006.png'
00:23.313  render           | Saved: 'C:\Users\gil_n\Documents\GitHub\Godot-game-development-codex\build\melee_trail_review\measured_dense\knife_long\knife\45\007.png'
00:23.469  render           | Saved: 'C:\Users\gil_n\Documents\GitHub\Godot-game-development-codex\build\melee_trail_review\measured_dense\knife_long\knife\45\008.png'
00:23.610  render           | Saved: 'C:\Users\gil_n\Documents\GitHub\Godot-game-development-codex\build\melee_trail_review\measured_dense\knife_long\knife\45\009.png'
00:23.766  render           | Saved: 'C:\Users\gil_n\Documents\GitHub\Godot-game-development-codex\build\melee_trail_review\measured_dense\knife_long\knife\45\010.png'
00:23.907  render           | Saved: 'C:\Users\gil_n\Documents\GitHub\Godot-game-development-codex\build\melee_trail_review\measured_dense\knife_long\knife\45\011.png'
00:24.063  render           | Saved: 'C:\Users\gil_n\Documents\GitHub\Godot-game-development-codex\build\melee_trail_review\measured_dense\knife_long\knife\45\012.png'
00:24.203  render           | Saved: 'C:\Users\gil_n\Documents\GitHub\Godot-game-development-codex\build\melee_trail_review\measured_dense\knife_long\knife\45\013.png'
00:24.344  render           | Saved: 'C:\Users\gil_n\Documents\GitHub\Godot-game-development-codex\build\melee_trail_review\measured_dense\knife_long\knife\45\014.png'
00:24.500  render           | Saved: 'C:\Users\gil_n\Documents\GitHub\Godot-game-development-codex\build\melee_trail_review\measured_dense\knife_long\knife\45\015.png'
00:24.657  render           | Saved: 'C:\Users\gil_n\Documents\GitHub\Godot-game-development-codex\build\melee_trail_review\measured_dense\knife_long\knife\45\016.png'
00:24.797  render           | Saved: 'C:\Users\gil_n\Documents\GitHub\Godot-game-development-codex\build\melee_trail_review\measured_dense\knife_long\knife\45\017.png'
00:24.953  render           | Saved: 'C:\Users\gil_n\Documents\GitHub\Godot-game-development-codex\build\melee_trail_review\measured_dense\knife_long\knife\45\018.png'
00:25.094  render           | Saved: 'C:\Users\gil_n\Documents\GitHub\Godot-game-development-codex\build\melee_trail_review\measured_dense\knife_long\knife\45\019.png'
00:25.250  render           | Saved: 'C:\Users\gil_n\Documents\GitHub\Godot-game-development-codex\build\melee_trail_review\measured_dense\knife_long\knife\45\020.png'
00:25.391  render           | Saved: 'C:\Users\gil_n\Documents\GitHub\Godot-game-development-codex\build\melee_trail_review\measured_dense\knife_long\knife\45\021.png'
00:25.547  render           | Saved: 'C:\Users\gil_n\Documents\GitHub\Godot-game-development-codex\build\melee_trail_review\measured_dense\knife_long\knife\45\022.png'
00:25.688  render           | Saved: 'C:\Users\gil_n\Documents\GitHub\Godot-game-development-codex\build\melee_trail_review\measured_dense\knife_long\knife\45\023.png'
00:25.844  render           | Saved: 'C:\Users\gil_n\Documents\GitHub\Godot-game-development-codex\build\melee_trail_review\measured_dense\knife_long\knife\45\024.png'
00:25.985  render           | Saved: 'C:\Users\gil_n\Documents\GitHub\Godot-game-development-codex\build\melee_trail_review\measured_dense\knife_long\knife\45\025.png'
00:26.141  render           | Saved: 'C:\Users\gil_n\Documents\GitHub\Godot-game-development-codex\build\melee_trail_review\measured_dense\knife_long\knife\45\026.png'
00:26.282  render           | Saved: 'C:\Users\gil_n\Documents\GitHub\Godot-game-development-codex\build\melee_trail_review\measured_dense\knife_long\knife\45\027.png'
00:26.438  render           | Saved: 'C:\Users\gil_n\Documents\GitHub\Godot-game-development-codex\build\melee_trail_review\measured_dense\knife_long\knife\45\028.png'
00:26.578  render           | Saved: 'C:\Users\gil_n\Documents\GitHub\Godot-game-development-codex\build\melee_trail_review\measured_dense\knife_long\knife\45\029.png'
00:26.719  render           | Saved: 'C:\Users\gil_n\Documents\GitHub\Godot-game-development-codex\build\melee_trail_review\measured_dense\knife_long\knife\45\030.png'
00:26.875  render           | Saved: 'C:\Users\gil_n\Documents\GitHub\Godot-game-development-codex\build\melee_trail_review\measured_dense\knife_long\knife\45\031.png'
00:27.016  render           | Saved: 'C:\Users\gil_n\Documents\GitHub\Godot-game-development-codex\build\melee_trail_review\measured_dense\knife_long\knife\45\032.png'
00:27.172  render           | Saved: 'C:\Users\gil_n\Documents\GitHub\Godot-game-development-codex\build\melee_trail_review\measured_dense\knife_long\knife\45\033.png'
00:27.313  render           | Saved: 'C:\Users\gil_n\Documents\GitHub\Godot-game-development-codex\build\melee_trail_review\measured_dense\knife_long\knife\45\034.png'
00:27.469  render           | Saved: 'C:\Users\gil_n\Documents\GitHub\Godot-game-development-codex\build\melee_trail_review\measured_dense\knife_long\knife\45\035.png'
00:27.610  render           | Saved: 'C:\Users\gil_n\Documents\GitHub\Godot-game-development-codex\build\melee_trail_review\measured_dense\knife_long\knife\45\036.png'
00:27.750  render           | Saved: 'C:\Users\gil_n\Documents\GitHub\Godot-game-development-codex\build\melee_trail_review\measured_dense\knife_long\knife\45\037.png'
00:27.907  render           | Saved: 'C:\Users\gil_n\Documents\GitHub\Godot-game-development-codex\build\melee_trail_review\measured_dense\knife_long\knife\45\038.png'
00:28.063  render           | Saved: 'C:\Users\gil_n\Documents\GitHub\Godot-game-development-codex\build\melee_trail_review\measured_dense\knife_long\knife\45\039.png'
00:28.203  render           | Saved: 'C:\Users\gil_n\Documents\GitHub\Godot-game-development-codex\build\melee_trail_review\measured_dense\knife_long\knife\45\040.png'
00:28.344  render           | Saved: 'C:\Users\gil_n\Documents\GitHub\Godot-game-development-codex\build\melee_trail_review\measured_dense\knife_long\knife\45\041.png'
00:28.500  render           | Saved: 'C:\Users\gil_n\Documents\GitHub\Godot-game-development-codex\build\melee_trail_review\measured_dense\knife_long\knife\45\042.png'
00:28.657  render           | Saved: 'C:\Users\gil_n\Documents\GitHub\Godot-game-development-codex\build\melee_trail_review\measured_dense\knife_long\knife\45\043.png'
00:28.797  render           | Saved: 'C:\Users\gil_n\Documents\GitHub\Godot-game-development-codex\build\melee_trail_review\measured_dense\knife_long\knife\45\044.png'
00:28.953  render           | Saved: 'C:\Users\gil_n\Documents\GitHub\Godot-game-development-codex\build\melee_trail_review\measured_dense\knife_long\knife\45\045.png'
00:29.094  render           | Saved: 'C:\Users\gil_n\Documents\GitHub\Godot-game-development-codex\build\melee_trail_review\measured_dense\knife_long\knife\45\046.png'
00:29.250  render           | Saved: 'C:\Users\gil_n\Documents\GitHub\Godot-game-development-codex\build\melee_trail_review\measured_dense\knife_long\knife\45\047.png'
00:29.391  render           | Saved: 'C:\Users\gil_n\Documents\GitHub\Godot-game-development-codex\build\melee_trail_review\measured_dense\knife_long\knife\45\048.png'
00:29.547  render           | Saved: 'C:\Users\gil_n\Documents\GitHub\Godot-game-development-codex\build\melee_trail_review\measured_dense\knife_long\knife\45\049.png'
00:29.688  render           | Saved: 'C:\Users\gil_n\Documents\GitHub\Godot-game-development-codex\build\melee_trail_review\measured_dense\knife_long\knife\45\050.png'
00:29.844  render           | Saved: 'C:\Users\gil_n\Documents\GitHub\Godot-game-development-codex\build\melee_trail_review\measured_dense\knife_long\knife\45\051.png'
00:29.985  render           | Saved: 'C:\Users\gil_n\Documents\GitHub\Godot-game-development-codex\build\melee_trail_review\measured_dense\knife_long\knife\45\052.png'
00:30.141  render           | Saved: 'C:\Users\gil_n\Documents\GitHub\Godot-game-development-codex\build\melee_trail_review\measured_dense\knife_long\knife\45\053.png'
00:30.282  render           | Saved: 'C:\Users\gil_n\Documents\GitHub\Godot-game-development-codex\build\melee_trail_review\measured_dense\knife_long\knife\45\054.png'
00:30.438  render           | Saved: 'C:\Users\gil_n\Documents\GitHub\Godot-game-development-codex\build\melee_trail_review\measured_dense\knife_long\knife\45\055.png'
00:30.594  render           | Saved: 'C:\Users\gil_n\Documents\GitHub\Godot-game-development-codex\build\melee_trail_review\measured_dense\knife_long\knife\45\056.png'
00:30.750  render           | Saved: 'C:\Users\gil_n\Documents\GitHub\Godot-game-development-codex\build\melee_trail_review\measured_dense\knife_long\knife\45\057.png'
00:30.907  render           | Saved: 'C:\Users\gil_n\Documents\GitHub\Godot-game-development-codex\build\melee_trail_review\measured_dense\knife_long\knife\45\058.png'
00:31.063  render           | Saved: 'C:\Users\gil_n\Documents\GitHub\Godot-game-development-codex\build\melee_trail_review\measured_dense\knife_long\knife\45\059.png'
00:31.219  render           | Saved: 'C:\Users\gil_n\Documents\GitHub\Godot-game-development-codex\build\melee_trail_review\measured_dense\knife_long\knife\45\060.png'
00:31.360  render           | Saved: 'C:\Users\gil_n\Documents\GitHub\Godot-game-development-codex\build\melee_trail_review\measured_dense\knife_long\knife\45\061.png'
00:31.516  render           | Saved: 'C:\Users\gil_n\Documents\GitHub\Godot-game-development-codex\build\melee_trail_review\measured_dense\knife_long\knife\45\062.png'
00:31.657  render           | Saved: 'C:\Users\gil_n\Documents\GitHub\Godot-game-development-codex\build\melee_trail_review\measured_dense\knife_long\knife\45\063.png'
00:31.813  render           | Saved: 'C:\Users\gil_n\Documents\GitHub\Godot-game-development-codex\build\melee_trail_review\measured_dense\knife_long\knife\45\064.png'
00:31.969  render           | Saved: 'C:\Users\gil_n\Documents\GitHub\Godot-game-development-codex\build\melee_trail_review\measured_dense\knife_long\knife\67.5\000.png'
00:32.125  render           | Saved: 'C:\Users\gil_n\Documents\GitHub\Godot-game-development-codex\build\melee_trail_review\measured_dense\knife_long\knife\67.5\001.png'
00:32.266  render           | Saved: 'C:\Users\gil_n\Documents\GitHub\Godot-game-development-codex\build\melee_trail_review\measured_dense\knife_long\knife\67.5\002.png'
00:32.422  render           | Saved: 'C:\Users\gil_n\Documents\GitHub\Godot-game-development-codex\build\melee_trail_review\measured_dense\knife_long\knife\67.5\003.png'
00:32.578  render           | Saved: 'C:\Users\gil_n\Documents\GitHub\Godot-game-development-codex\build\melee_trail_review\measured_dense\knife_long\knife\67.5\004.png'
00:32.719  render           | Saved: 'C:\Users\gil_n\Documents\GitHub\Godot-game-development-codex\build\melee_trail_review\measured_dense\knife_long\knife\67.5\005.png'
00:32.875  render           | Saved: 'C:\Users\gil_n\Documents\GitHub\Godot-game-development-codex\build\melee_trail_review\measured_dense\knife_long\knife\67.5\006.png'
00:33.032  render           | Saved: 'C:\Users\gil_n\Documents\GitHub\Godot-game-development-codex\build\melee_trail_review\measured_dense\knife_long\knife\67.5\007.png'
00:33.172  render           | Saved: 'C:\Users\gil_n\Documents\GitHub\Godot-game-development-codex\build\melee_trail_review\measured_dense\knife_long\knife\67.5\008.png'
00:33.328  render           | Saved: 'C:\Users\gil_n\Documents\GitHub\Godot-game-development-codex\build\melee_trail_review\measured_dense\knife_long\knife\67.5\009.png'
00:33.469  render           | Saved: 'C:\Users\gil_n\Documents\GitHub\Godot-game-development-codex\build\melee_trail_review\measured_dense\knife_long\knife\67.5\010.png'
00:33.610  render           | Saved: 'C:\Users\gil_n\Documents\GitHub\Godot-game-development-codex\build\melee_trail_review\measured_dense\knife_long\knife\67.5\011.png'
00:33.766  render           | Saved: 'C:\Users\gil_n\Documents\GitHub\Godot-game-development-codex\build\melee_trail_review\measured_dense\knife_long\knife\67.5\012.png'
00:33.907  render           | Saved: 'C:\Users\gil_n\Documents\GitHub\Godot-game-development-codex\build\melee_trail_review\measured_dense\knife_long\knife\67.5\013.png'
00:34.063  render           | Saved: 'C:\Users\gil_n\Documents\GitHub\Godot-game-development-codex\build\melee_trail_review\measured_dense\knife_long\knife\67.5\014.png'
00:34.203  render           | Saved: 'C:\Users\gil_n\Documents\GitHub\Godot-game-development-codex\build\melee_trail_review\measured_dense\knife_long\knife\67.5\015.png'
00:34.360  render           | Saved: 'C:\Users\gil_n\Documents\GitHub\Godot-game-development-codex\build\melee_trail_review\measured_dense\knife_long\knife\67.5\016.png'
00:34.500  render           | Saved: 'C:\Users\gil_n\Documents\GitHub\Godot-game-development-codex\build\melee_trail_review\measured_dense\knife_long\knife\67.5\017.png'
00:34.657  render           | Saved: 'C:\Users\gil_n\Documents\GitHub\Godot-game-development-codex\build\melee_trail_review\measured_dense\knife_long\knife\67.5\018.png'
00:34.797  render           | Saved: 'C:\Users\gil_n\Documents\GitHub\Godot-game-development-codex\build\melee_trail_review\measured_dense\knife_long\knife\67.5\019.png'
00:34.953  render           | Saved: 'C:\Users\gil_n\Documents\GitHub\Godot-game-development-codex\build\melee_trail_review\measured_dense\knife_long\knife\67.5\020.png'
00:35.110  render           | Saved: 'C:\Users\gil_n\Documents\GitHub\Godot-game-development-codex\build\melee_trail_review\measured_dense\knife_long\knife\67.5\021.png'
00:35.250  render           | Saved: 'C:\Users\gil_n\Documents\GitHub\Godot-game-development-codex\build\melee_trail_review\measured_dense\knife_long\knife\67.5\022.png'
00:35.407  render           | Saved: 'C:\Users\gil_n\Documents\GitHub\Godot-game-development-codex\build\melee_trail_review\measured_dense\knife_long\knife\67.5\023.png'
00:35.547  render           | Saved: 'C:\Users\gil_n\Documents\GitHub\Godot-game-development-codex\build\melee_trail_review\measured_dense\knife_long\knife\67.5\024.png'
00:35.703  render           | Saved: 'C:\Users\gil_n\Documents\GitHub\Godot-game-development-codex\build\melee_trail_review\measured_dense\knife_long\knife\67.5\025.png'
00:35.844  render           | Saved: 'C:\Users\gil_n\Documents\GitHub\Godot-game-development-codex\build\melee_trail_review\measured_dense\knife_long\knife\67.5\026.png'
00:36.000  render           | Saved: 'C:\Users\gil_n\Documents\GitHub\Godot-game-development-codex\build\melee_trail_review\measured_dense\knife_long\knife\67.5\027.png'
00:36.141  render           | Saved: 'C:\Users\gil_n\Documents\GitHub\Godot-game-development-codex\build\melee_trail_review\measured_dense\knife_long\knife\67.5\028.png'
00:36.297  render           | Saved: 'C:\Users\gil_n\Documents\GitHub\Godot-game-development-codex\build\melee_trail_review\measured_dense\knife_long\knife\67.5\029.png'
00:36.438  render           | Saved: 'C:\Users\gil_n\Documents\GitHub\Godot-game-development-codex\build\melee_trail_review\measured_dense\knife_long\knife\67.5\030.png'
00:36.594  render           | Saved: 'C:\Users\gil_n\Documents\GitHub\Godot-game-development-codex\build\melee_trail_review\measured_dense\knife_long\knife\67.5\031.png'
00:36.735  render           | Saved: 'C:\Users\gil_n\Documents\GitHub\Godot-game-development-codex\build\melee_trail_review\measured_dense\knife_long\knife\67.5\032.png'
00:36.891  render           | Saved: 'C:\Users\gil_n\Documents\GitHub\Godot-game-development-codex\build\melee_trail_review\measured_dense\knife_long\knife\67.5\033.png'
00:37.047  render           | Saved: 'C:\Users\gil_n\Documents\GitHub\Godot-game-development-codex\build\melee_trail_review\measured_dense\knife_long\knife\67.5\034.png'
00:37.188  render           | Saved: 'C:\Users\gil_n\Documents\GitHub\Godot-game-development-codex\build\melee_trail_review\measured_dense\knife_long\knife\67.5\035.png'
00:37.328  render           | Saved: 'C:\Users\gil_n\Documents\GitHub\Godot-game-development-codex\build\melee_trail_review\measured_dense\knife_long\knife\67.5\036.png'
00:37.485  render           | Saved: 'C:\Users\gil_n\Documents\GitHub\Godot-game-development-codex\build\melee_trail_review\measured_dense\knife_long\knife\67.5\037.png'
00:37.625  render           | Saved: 'C:\Users\gil_n\Documents\GitHub\Godot-game-development-codex\build\melee_trail_review\measured_dense\knife_long\knife\67.5\038.png'
00:37.782  render           | Saved: 'C:\Users\gil_n\Documents\GitHub\Godot-game-development-codex\build\melee_trail_review\measured_dense\knife_long\knife\67.5\039.png'
00:37.953  render           | Saved: 'C:\Users\gil_n\Documents\GitHub\Godot-game-development-codex\build\melee_trail_review\measured_dense\knife_long\knife\67.5\040.png'
00:38.110  render           | Saved: 'C:\Users\gil_n\Documents\GitHub\Godot-game-development-codex\build\melee_trail_review\measured_dense\knife_long\knife\67.5\041.png'
00:38.266  render           | Saved: 'C:\Users\gil_n\Documents\GitHub\Godot-game-development-codex\build\melee_trail_review\measured_dense\knife_long\knife\67.5\042.png'
00:38.422  render           | Saved: 'C:\Users\gil_n\Documents\GitHub\Godot-game-development-codex\build\melee_trail_review\measured_dense\knife_long\knife\67.5\043.png'
00:38.594  render           | Saved: 'C:\Users\gil_n\Documents\GitHub\Godot-game-development-codex\build\melee_trail_review\measured_dense\knife_long\knife\67.5\044.png'
00:38.750  render           | Saved: 'C:\Users\gil_n\Documents\GitHub\Godot-game-development-codex\build\melee_trail_review\measured_dense\knife_long\knife\67.5\045.png'
00:38.922  render           | Saved: 'C:\Users\gil_n\Documents\GitHub\Godot-game-development-codex\build\melee_trail_review\measured_dense\knife_long\knife\67.5\046.png'
00:39.078  render           | Saved: 'C:\Users\gil_n\Documents\GitHub\Godot-game-development-codex\build\melee_trail_review\measured_dense\knife_long\knife\67.5\047.png'
00:39.250  render           | Saved: 'C:\Users\gil_n\Documents\GitHub\Godot-game-development-codex\build\melee_trail_review\measured_dense\knife_long\knife\67.5\048.png'
00:39.407  render           | Saved: 'C:\Users\gil_n\Documents\GitHub\Godot-game-development-codex\build\melee_trail_review\measured_dense\knife_long\knife\67.5\049.png'
00:39.563  render           | Saved: 'C:\Users\gil_n\Documents\GitHub\Godot-game-development-codex\build\melee_trail_review\measured_dense\knife_long\knife\67.5\050.png'
00:39.735  render           | Saved: 'C:\Users\gil_n\Documents\GitHub\Godot-game-development-codex\build\melee_trail_review\measured_dense\knife_long\knife\67.5\051.png'
00:39.891  render           | Saved: 'C:\Users\gil_n\Documents\GitHub\Godot-game-development-codex\build\melee_trail_review\measured_dense\knife_long\knife\67.5\052.png'
00:40.063  render           | Saved: 'C:\Users\gil_n\Documents\GitHub\Godot-game-development-codex\build\melee_trail_review\measured_dense\knife_long\knife\67.5\053.png'
00:40.391  render           | Saved: 'C:\Users\gil_n\Documents\GitHub\Godot-game-development-codex\build\melee_trail_review\measured_dense\knife_long\knife\67.5\054.png'
00:40.532  render           | Saved: 'C:\Users\gil_n\Documents\GitHub\Godot-game-development-codex\build\melee_trail_review\measured_dense\knife_long\knife\67.5\055.png'
00:40.688  render           | Saved: 'C:\Users\gil_n\Documents\GitHub\Godot-game-development-codex\build\melee_trail_review\measured_dense\knife_long\knife\67.5\056.png'
00:40.844  render           | Saved: 'C:\Users\gil_n\Documents\GitHub\Godot-game-development-codex\build\melee_trail_review\measured_dense\knife_long\knife\67.5\057.png'
00:40.985  render           | Saved: 'C:\Users\gil_n\Documents\GitHub\Godot-game-development-codex\build\melee_trail_review\measured_dense\knife_long\knife\67.5\058.png'
00:41.141  render           | Saved: 'C:\Users\gil_n\Documents\GitHub\Godot-game-development-codex\build\melee_trail_review\measured_dense\knife_long\knife\67.5\059.png'
00:41.297  render           | Saved: 'C:\Users\gil_n\Documents\GitHub\Godot-game-development-codex\build\melee_trail_review\measured_dense\knife_long\knife\67.5\060.png'
00:41.438  render           | Saved: 'C:\Users\gil_n\Documents\GitHub\Godot-game-development-codex\build\melee_trail_review\measured_dense\knife_long\knife\67.5\061.png'
00:41.594  render           | Saved: 'C:\Users\gil_n\Documents\GitHub\Godot-game-development-codex\build\melee_trail_review\measured_dense\knife_long\knife\67.5\062.png'
00:41.750  render           | Saved: 'C:\Users\gil_n\Documents\GitHub\Godot-game-development-codex\build\melee_trail_review\measured_dense\knife_long\knife\67.5\063.png'
00:41.891  render           | Saved: 'C:\Users\gil_n\Documents\GitHub\Godot-game-development-codex\build\melee_trail_review\measured_dense\knife_long\knife\67.5\064.png'
00:42.047  render           | Saved: 'C:\Users\gil_n\Documents\GitHub\Godot-game-development-codex\build\melee_trail_review\measured_dense\knife_long\knife\90\000.png'
00:42.203  render           | Saved: 'C:\Users\gil_n\Documents\GitHub\Godot-game-development-codex\build\melee_trail_review\measured_dense\knife_long\knife\90\001.png'
00:42.344  render           | Saved: 'C:\Users\gil_n\Documents\GitHub\Godot-game-development-codex\build\melee_trail_review\measured_dense\knife_long\knife\90\002.png'
00:42.500  render           | Saved: 'C:\Users\gil_n\Documents\GitHub\Godot-game-development-codex\build\melee_trail_review\measured_dense\knife_long\knife\90\003.png'
00:42.641  render           | Saved: 'C:\Users\gil_n\Documents\GitHub\Godot-game-development-codex\build\melee_trail_review\measured_dense\knife_long\knife\90\004.png'
00:42.797  render           | Saved: 'C:\Users\gil_n\Documents\GitHub\Godot-game-development-codex\build\melee_trail_review\measured_dense\knife_long\knife\90\005.png'
00:42.938  render           | Saved: 'C:\Users\gil_n\Documents\GitHub\Godot-game-development-codex\build\melee_trail_review\measured_dense\knife_long\knife\90\006.png'
00:43.094  render           | Saved: 'C:\Users\gil_n\Documents\GitHub\Godot-game-development-codex\build\melee_trail_review\measured_dense\knife_long\knife\90\007.png'
00:43.235  render           | Saved: 'C:\Users\gil_n\Documents\GitHub\Godot-game-development-codex\build\melee_trail_review\measured_dense\knife_long\knife\90\008.png'
00:43.391  render           | Saved: 'C:\Users\gil_n\Documents\GitHub\Godot-game-development-codex\build\melee_trail_review\measured_dense\knife_long\knife\90\009.png'
00:43.532  render           | Saved: 'C:\Users\gil_n\Documents\GitHub\Godot-game-development-codex\build\melee_trail_review\measured_dense\knife_long\knife\90\010.png'
00:43.688  render           | Saved: 'C:\Users\gil_n\Documents\GitHub\Godot-game-development-codex\build\melee_trail_review\measured_dense\knife_long\knife\90\011.png'
00:43.828  render           | Saved: 'C:\Users\gil_n\Documents\GitHub\Godot-game-development-codex\build\melee_trail_review\measured_dense\knife_long\knife\90\012.png'
00:43.985  render           | Saved: 'C:\Users\gil_n\Documents\GitHub\Godot-game-development-codex\build\melee_trail_review\measured_dense\knife_long\knife\90\013.png'
00:44.125  render           | Saved: 'C:\Users\gil_n\Documents\GitHub\Godot-game-development-codex\build\melee_trail_review\measured_dense\knife_long\knife\90\014.png'
00:44.282  render           | Saved: 'C:\Users\gil_n\Documents\GitHub\Godot-game-development-codex\build\melee_trail_review\measured_dense\knife_long\knife\90\015.png'
00:44.422  render           | Saved: 'C:\Users\gil_n\Documents\GitHub\Godot-game-development-codex\build\melee_trail_review\measured_dense\knife_long\knife\90\016.png'
00:44.563  render           | Saved: 'C:\Users\gil_n\Documents\GitHub\Godot-game-development-codex\build\melee_trail_review\measured_dense\knife_long\knife\90\017.png'
00:44.719  render           | Saved: 'C:\Users\gil_n\Documents\GitHub\Godot-game-development-codex\build\melee_trail_review\measured_dense\knife_long\knife\90\018.png'
00:44.875  render           | Saved: 'C:\Users\gil_n\Documents\GitHub\Godot-game-development-codex\build\melee_trail_review\measured_dense\knife_long\knife\90\019.png'
00:45.032  render           | Saved: 'C:\Users\gil_n\Documents\GitHub\Godot-game-development-codex\build\melee_trail_review\measured_dense\knife_long\knife\90\020.png'
00:45.188  render           | Saved: 'C:\Users\gil_n\Documents\GitHub\Godot-game-development-codex\build\melee_trail_review\measured_dense\knife_long\knife\90\021.png'
00:45.328  render           | Saved: 'C:\Users\gil_n\Documents\GitHub\Godot-game-development-codex\build\melee_trail_review\measured_dense\knife_long\knife\90\022.png'
00:45.485  render           | Saved: 'C:\Users\gil_n\Documents\GitHub\Godot-game-development-codex\build\melee_trail_review\measured_dense\knife_long\knife\90\023.png'
00:45.641  render           | Saved: 'C:\Users\gil_n\Documents\GitHub\Godot-game-development-codex\build\melee_trail_review\measured_dense\knife_long\knife\90\024.png'
00:45.782  render           | Saved: 'C:\Users\gil_n\Documents\GitHub\Godot-game-development-codex\build\melee_trail_review\measured_dense\knife_long\knife\90\025.png'
00:45.938  render           | Saved: 'C:\Users\gil_n\Documents\GitHub\Godot-game-development-codex\build\melee_trail_review\measured_dense\knife_long\knife\90\026.png'
00:46.078  render           | Saved: 'C:\Users\gil_n\Documents\GitHub\Godot-game-development-codex\build\melee_trail_review\measured_dense\knife_long\knife\90\027.png'
00:46.235  render           | Saved: 'C:\Users\gil_n\Documents\GitHub\Godot-game-development-codex\build\melee_trail_review\measured_dense\knife_long\knife\90\028.png'
00:46.375  render           | Saved: 'C:\Users\gil_n\Documents\GitHub\Godot-game-development-codex\build\melee_trail_review\measured_dense\knife_long\knife\90\029.png'
00:46.532  render           | Saved: 'C:\Users\gil_n\Documents\GitHub\Godot-game-development-codex\build\melee_trail_review\measured_dense\knife_long\knife\90\030.png'
00:46.672  render           | Saved: 'C:\Users\gil_n\Documents\GitHub\Godot-game-development-codex\build\melee_trail_review\measured_dense\knife_long\knife\90\031.png'
00:46.828  render           | Saved: 'C:\Users\gil_n\Documents\GitHub\Godot-game-development-codex\build\melee_trail_review\measured_dense\knife_long\knife\90\032.png'
00:46.969  render           | Saved: 'C:\Users\gil_n\Documents\GitHub\Godot-game-development-codex\build\melee_trail_review\measured_dense\knife_long\knife\90\033.png'
00:47.110  render           | Saved: 'C:\Users\gil_n\Documents\GitHub\Godot-game-development-codex\build\melee_trail_review\measured_dense\knife_long\knife\90\034.png'
00:47.266  render           | Saved: 'C:\Users\gil_n\Documents\GitHub\Godot-game-development-codex\build\melee_trail_review\measured_dense\knife_long\knife\90\035.png'
00:47.407  render           | Saved: 'C:\Users\gil_n\Documents\GitHub\Godot-game-development-codex\build\melee_trail_review\measured_dense\knife_long\knife\90\036.png'
00:47.563  render           | Saved: 'C:\Users\gil_n\Documents\GitHub\Godot-game-development-codex\build\melee_trail_review\measured_dense\knife_long\knife\90\037.png'
00:47.703  render           | Saved: 'C:\Users\gil_n\Documents\GitHub\Godot-game-development-codex\build\melee_trail_review\measured_dense\knife_long\knife\90\038.png'
00:47.860  render           | Saved: 'C:\Users\gil_n\Documents\GitHub\Godot-game-development-codex\build\melee_trail_review\measured_dense\knife_long\knife\90\039.png'
00:48.000  render           | Saved: 'C:\Users\gil_n\Documents\GitHub\Godot-game-development-codex\build\melee_trail_review\measured_dense\knife_long\knife\90\040.png'
00:48.157  render           | Saved: 'C:\Users\gil_n\Documents\GitHub\Godot-game-development-codex\build\melee_trail_review\measured_dense\knife_long\knife\90\041.png'
00:48.297  render           | Saved: 'C:\Users\gil_n\Documents\GitHub\Godot-game-development-codex\build\melee_trail_review\measured_dense\knife_long\knife\90\042.png'
00:48.500  render           | Saved: 'C:\Users\gil_n\Documents\GitHub\Godot-game-development-codex\build\melee_trail_review\measured_dense\knife_long\knife\90\043.png'
00:48.657  render           | Saved: 'C:\Users\gil_n\Documents\GitHub\Godot-game-development-codex\build\melee_trail_review\measured_dense\knife_long\knife\90\044.png'
00:48.797  render           | Saved: 'C:\Users\gil_n\Documents\GitHub\Godot-game-development-codex\build\melee_trail_review\measured_dense\knife_long\knife\90\045.png'
00:48.953  render           | Saved: 'C:\Users\gil_n\Documents\GitHub\Godot-game-development-codex\build\melee_trail_review\measured_dense\knife_long\knife\90\046.png'
00:49.110  render           | Saved: 'C:\Users\gil_n\Documents\GitHub\Godot-game-development-codex\build\melee_trail_review\measured_dense\knife_long\knife\90\047.png'
00:49.328  render           | Saved: 'C:\Users\gil_n\Documents\GitHub\Godot-game-development-codex\build\melee_trail_review\measured_dense\knife_long\knife\90\048.png'
00:49.469  render           | Saved: 'C:\Users\gil_n\Documents\GitHub\Godot-game-development-codex\build\melee_trail_review\measured_dense\knife_long\knife\90\049.png'
00:49.625  render           | Saved: 'C:\Users\gil_n\Documents\GitHub\Godot-game-development-codex\build\melee_trail_review\measured_dense\knife_long\knife\90\050.png'
00:49.782  render           | Saved: 'C:\Users\gil_n\Documents\GitHub\Godot-game-development-codex\build\melee_trail_review\measured_dense\knife_long\knife\90\051.png'
00:49.922  render           | Saved: 'C:\Users\gil_n\Documents\GitHub\Godot-game-development-codex\build\melee_trail_review\measured_dense\knife_long\knife\90\052.png'
00:50.078  render           | Saved: 'C:\Users\gil_n\Documents\GitHub\Godot-game-development-codex\build\melee_trail_review\measured_dense\knife_long\knife\90\053.png'
00:50.219  render           | Saved: 'C:\Users\gil_n\Documents\GitHub\Godot-game-development-codex\build\melee_trail_review\measured_dense\knife_long\knife\90\054.png'
00:50.375  render           | Saved: 'C:\Users\gil_n\Documents\GitHub\Godot-game-development-codex\build\melee_trail_review\measured_dense\knife_long\knife\90\055.png'
00:50.516  render           | Saved: 'C:\Users\gil_n\Documents\GitHub\Godot-game-development-codex\build\melee_trail_review\measured_dense\knife_long\knife\90\056.png'
00:50.672  render           | Saved: 'C:\Users\gil_n\Documents\GitHub\Godot-game-development-codex\build\melee_trail_review\measured_dense\knife_long\knife\90\057.png'
00:50.813  render           | Saved: 'C:\Users\gil_n\Documents\GitHub\Godot-game-development-codex\build\melee_trail_review\measured_dense\knife_long\knife\90\058.png'
00:50.969  render           | Saved: 'C:\Users\gil_n\Documents\GitHub\Godot-game-development-codex\build\melee_trail_review\measured_dense\knife_long\knife\90\059.png'
00:51.110  render           | Saved: 'C:\Users\gil_n\Documents\GitHub\Godot-game-development-codex\build\melee_trail_review\measured_dense\knife_long\knife\90\060.png'
00:51.266  render           | Saved: 'C:\Users\gil_n\Documents\GitHub\Godot-game-development-codex\build\melee_trail_review\measured_dense\knife_long\knife\90\061.png'
00:51.422  render           | Saved: 'C:\Users\gil_n\Documents\GitHub\Godot-game-development-codex\build\melee_trail_review\measured_dense\knife_long\knife\90\062.png'
00:51.563  render           | Saved: 'C:\Users\gil_n\Documents\GitHub\Godot-game-development-codex\build\melee_trail_review\measured_dense\knife_long\knife\90\063.png'
00:51.719  render           | Saved: 'C:\Users\gil_n\Documents\GitHub\Godot-game-development-codex\build\melee_trail_review\measured_dense\knife_long\knife\90\064.png'
00:51.875  render           | Saved: 'C:\Users\gil_n\Documents\GitHub\Godot-game-development-codex\build\melee_trail_review\measured_dense\knife_long\knife\112.5\000.png'
00:52.016  render           | Saved: 'C:\Users\gil_n\Documents\GitHub\Godot-game-development-codex\build\melee_trail_review\measured_dense\knife_long\knife\112.5\001.png'
00:52.172  render           | Saved: 'C:\Users\gil_n\Documents\GitHub\Godot-game-development-codex\build\melee_trail_review\measured_dense\knife_long\knife\112.5\002.png'
00:52.313  render           | Saved: 'C:\Users\gil_n\Documents\GitHub\Godot-game-development-codex\build\melee_trail_review\measured_dense\knife_long\knife\112.5\003.png'
00:52.469  render           | Saved: 'C:\Users\gil_n\Documents\GitHub\Godot-game-development-codex\build\melee_trail_review\measured_dense\knife_long\knife\112.5\004.png'
00:52.610  render           | Saved: 'C:\Users\gil_n\Documents\GitHub\Godot-game-development-codex\build\melee_trail_review\measured_dense\knife_long\knife\112.5\005.png'
00:52.766  render           | Saved: 'C:\Users\gil_n\Documents\GitHub\Godot-game-development-codex\build\melee_trail_review\measured_dense\knife_long\knife\112.5\006.png'
00:52.907  render           | Saved: 'C:\Users\gil_n\Documents\GitHub\Godot-game-development-codex\build\melee_trail_review\measured_dense\knife_long\knife\112.5\007.png'
00:53.063  render           | Saved: 'C:\Users\gil_n\Documents\GitHub\Godot-game-development-codex\build\melee_trail_review\measured_dense\knife_long\knife\112.5\008.png'
00:53.219  render           | Saved: 'C:\Users\gil_n\Documents\GitHub\Godot-game-development-codex\build\melee_trail_review\measured_dense\knife_long\knife\112.5\009.png'
00:53.360  render           | Saved: 'C:\Users\gil_n\Documents\GitHub\Godot-game-development-codex\build\melee_trail_review\measured_dense\knife_long\knife\112.5\010.png'
00:53.516  render           | Saved: 'C:\Users\gil_n\Documents\GitHub\Godot-game-development-codex\build\melee_trail_review\measured_dense\knife_long\knife\112.5\011.png'
00:53.672  render           | Saved: 'C:\Users\gil_n\Documents\GitHub\Godot-game-development-codex\build\melee_trail_review\measured_dense\knife_long\knife\112.5\012.png'
00:53.813  render           | Saved: 'C:\Users\gil_n\Documents\GitHub\Godot-game-development-codex\build\melee_trail_review\measured_dense\knife_long\knife\112.5\013.png'
00:53.969  render           | Saved: 'C:\Users\gil_n\Documents\GitHub\Godot-game-development-codex\build\melee_trail_review\measured_dense\knife_long\knife\112.5\014.png'
00:54.125  render           | Saved: 'C:\Users\gil_n\Documents\GitHub\Godot-game-development-codex\build\melee_trail_review\measured_dense\knife_long\knife\112.5\015.png'
00:54.266  render           | Saved: 'C:\Users\gil_n\Documents\GitHub\Godot-game-development-codex\build\melee_trail_review\measured_dense\knife_long\knife\112.5\016.png'
00:54.422  render           | Saved: 'C:\Users\gil_n\Documents\GitHub\Godot-game-development-codex\build\melee_trail_review\measured_dense\knife_long\knife\112.5\017.png'
00:54.563  render           | Saved: 'C:\Users\gil_n\Documents\GitHub\Godot-game-development-codex\build\melee_trail_review\measured_dense\knife_long\knife\112.5\018.png'
00:54.719  render           | Saved: 'C:\Users\gil_n\Documents\GitHub\Godot-game-development-codex\build\melee_trail_review\measured_dense\knife_long\knife\112.5\019.png'
00:54.860  render           | Saved: 'C:\Users\gil_n\Documents\GitHub\Godot-game-development-codex\build\melee_trail_review\measured_dense\knife_long\knife\112.5\020.png'
00:55.016  render           | Saved: 'C:\Users\gil_n\Documents\GitHub\Godot-game-development-codex\build\melee_trail_review\measured_dense\knife_long\knife\112.5\021.png'
00:55.157  render           | Saved: 'C:\Users\gil_n\Documents\GitHub\Godot-game-development-codex\build\melee_trail_review\measured_dense\knife_long\knife\112.5\022.png'
00:55.313  render           | Saved: 'C:\Users\gil_n\Documents\GitHub\Godot-game-development-codex\build\melee_trail_review\measured_dense\knife_long\knife\112.5\023.png'
00:55.453  render           | Saved: 'C:\Users\gil_n\Documents\GitHub\Godot-game-development-codex\build\melee_trail_review\measured_dense\knife_long\knife\112.5\024.png'
00:55.610  render           | Saved: 'C:\Users\gil_n\Documents\GitHub\Godot-game-development-codex\build\melee_trail_review\measured_dense\knife_long\knife\112.5\025.png'
00:55.750  render           | Saved: 'C:\Users\gil_n\Documents\GitHub\Godot-game-development-codex\build\melee_trail_review\measured_dense\knife_long\knife\112.5\026.png'
00:55.907  render           | Saved: 'C:\Users\gil_n\Documents\GitHub\Godot-game-development-codex\build\melee_trail_review\measured_dense\knife_long\knife\112.5\027.png'
00:56.047  render           | Saved: 'C:\Users\gil_n\Documents\GitHub\Godot-game-development-codex\build\melee_trail_review\measured_dense\knife_long\knife\112.5\028.png'
00:56.203  render           | Saved: 'C:\Users\gil_n\Documents\GitHub\Godot-game-development-codex\build\melee_trail_review\measured_dense\knife_long\knife\112.5\029.png'
00:56.344  render           | Saved: 'C:\Users\gil_n\Documents\GitHub\Godot-game-development-codex\build\melee_trail_review\measured_dense\knife_long\knife\112.5\030.png'
00:56.485  render           | Saved: 'C:\Users\gil_n\Documents\GitHub\Godot-game-development-codex\build\melee_trail_review\measured_dense\knife_long\knife\112.5\031.png'
00:56.641  render           | Saved: 'C:\Users\gil_n\Documents\GitHub\Godot-game-development-codex\build\melee_trail_review\measured_dense\knife_long\knife\112.5\032.png'
00:56.782  render           | Saved: 'C:\Users\gil_n\Documents\GitHub\Godot-game-development-codex\build\melee_trail_review\measured_dense\knife_long\knife\112.5\033.png'
00:56.938  render           | Saved: 'C:\Users\gil_n\Documents\GitHub\Godot-game-development-codex\build\melee_trail_review\measured_dense\knife_long\knife\112.5\034.png'
00:57.094  render           | Saved: 'C:\Users\gil_n\Documents\GitHub\Godot-game-development-codex\build\melee_trail_review\measured_dense\knife_long\knife\112.5\035.png'
00:57.250  render           | Saved: 'C:\Users\gil_n\Documents\GitHub\Godot-game-development-codex\build\melee_trail_review\measured_dense\knife_long\knife\112.5\036.png'
00:57.391  render           | Saved: 'C:\Users\gil_n\Documents\GitHub\Godot-game-development-codex\build\melee_trail_review\measured_dense\knife_long\knife\112.5\037.png'
00:57.547  render           | Saved: 'C:\Users\gil_n\Documents\GitHub\Godot-game-development-codex\build\melee_trail_review\measured_dense\knife_long\knife\112.5\038.png'
00:57.703  render           | Saved: 'C:\Users\gil_n\Documents\GitHub\Godot-game-development-codex\build\melee_trail_review\measured_dense\knife_long\knife\112.5\039.png'
00:57.860  render           | Saved: 'C:\Users\gil_n\Documents\GitHub\Godot-game-development-codex\build\melee_trail_review\measured_dense\knife_long\knife\112.5\040.png'
00:58.000  render           | Saved: 'C:\Users\gil_n\Documents\GitHub\Godot-game-development-codex\build\melee_trail_review\measured_dense\knife_long\knife\112.5\041.png'
00:58.157  render           | Saved: 'C:\Users\gil_n\Documents\GitHub\Godot-game-development-codex\build\melee_trail_review\measured_dense\knife_long\knife\112.5\042.png'
00:58.297  render           | Saved: 'C:\Users\gil_n\Documents\GitHub\Godot-game-development-codex\build\melee_trail_review\measured_dense\knife_long\knife\112.5\043.png'
00:58.453  render           | Saved: 'C:\Users\gil_n\Documents\GitHub\Godot-game-development-codex\build\melee_trail_review\measured_dense\knife_long\knife\112.5\044.png'
00:58.610  render           | Saved: 'C:\Users\gil_n\Documents\GitHub\Godot-game-development-codex\build\melee_trail_review\measured_dense\knife_long\knife\112.5\045.png'
00:58.766  render           | Saved: 'C:\Users\gil_n\Documents\GitHub\Godot-game-development-codex\build\melee_trail_review\measured_dense\knife_long\knife\112.5\046.png'
00:58.938  render           | Saved: 'C:\Users\gil_n\Documents\GitHub\Godot-game-development-codex\build\melee_trail_review\measured_dense\knife_long\knife\112.5\047.png'
00:59.110  render           | Saved: 'C:\Users\gil_n\Documents\GitHub\Godot-game-development-codex\build\melee_trail_review\measured_dense\knife_long\knife\112.5\048.png'
00:59.266  render           | Saved: 'C:\Users\gil_n\Documents\GitHub\Godot-game-development-codex\build\melee_trail_review\measured_dense\knife_long\knife\112.5\049.png'
00:59.407  render           | Saved: 'C:\Users\gil_n\Documents\GitHub\Godot-game-development-codex\build\melee_trail_review\measured_dense\knife_long\knife\112.5\050.png'
00:59.563  render           | Saved: 'C:\Users\gil_n\Documents\GitHub\Godot-game-development-codex\build\melee_trail_review\measured_dense\knife_long\knife\112.5\051.png'
00:59.703  render           | Saved: 'C:\Users\gil_n\Documents\GitHub\Godot-game-development-codex\build\melee_trail_review\measured_dense\knife_long\knife\112.5\052.png'
00:59.860  render           | Saved: 'C:\Users\gil_n\Documents\GitHub\Godot-game-development-codex\build\melee_trail_review\measured_dense\knife_long\knife\112.5\053.png'
01:00.016  render           | Saved: 'C:\Users\gil_n\Documents\GitHub\Godot-game-development-codex\build\melee_trail_review\measured_dense\knife_long\knife\112.5\054.png'
01:00.172  render           | Saved: 'C:\Users\gil_n\Documents\GitHub\Godot-game-development-codex\build\melee_trail_review\measured_dense\knife_long\knife\112.5\055.png'
01:00.313  render           | Saved: 'C:\Users\gil_n\Documents\GitHub\Godot-game-development-codex\build\melee_trail_review\measured_dense\knife_long\knife\112.5\056.png'
01:00.469  render           | Saved: 'C:\Users\gil_n\Documents\GitHub\Godot-game-development-codex\build\melee_trail_review\measured_dense\knife_long\knife\112.5\057.png'
01:00.610  render           | Saved: 'C:\Users\gil_n\Documents\GitHub\Godot-game-development-codex\build\melee_trail_review\measured_dense\knife_long\knife\112.5\058.png'
01:00.766  render           | Saved: 'C:\Users\gil_n\Documents\GitHub\Godot-game-development-codex\build\melee_trail_review\measured_dense\knife_long\knife\112.5\059.png'
01:00.907  render           | Saved: 'C:\Users\gil_n\Documents\GitHub\Godot-game-development-codex\build\melee_trail_review\measured_dense\knife_long\knife\112.5\060.png'
01:01.063  render           | Saved: 'C:\Users\gil_n\Documents\GitHub\Godot-game-development-codex\build\melee_trail_review\measured_dense\knife_long\knife\112.5\061.png'
01:01.203  render           | Saved: 'C:\Users\gil_n\Documents\GitHub\Godot-game-development-codex\build\melee_trail_review\measured_dense\knife_long\knife\112.5\062.png'
01:01.360  render           | Saved: 'C:\Users\gil_n\Documents\GitHub\Godot-game-development-codex\build\melee_trail_review\measured_dense\knife_long\knife\112.5\063.png'
01:01.500  render           | Saved: 'C:\Users\gil_n\Documents\GitHub\Godot-game-development-codex\build\melee_trail_review\measured_dense\knife_long\knife\112.5\064.png'
01:01.672  render           | Saved: 'C:\Users\gil_n\Documents\GitHub\Godot-game-development-codex\build\melee_trail_review\measured_dense\knife_long\knife\135\000.png'
01:01.813  render           | Saved: 'C:\Users\gil_n\Documents\GitHub\Godot-game-development-codex\build\melee_trail_review\measured_dense\knife_long\knife\135\001.png'
01:01.953  render           | Saved: 'C:\Users\gil_n\Documents\GitHub\Godot-game-development-codex\build\melee_trail_review\measured_dense\knife_long\knife\135\002.png'
01:02.110  render           | Saved: 'C:\Users\gil_n\Documents\GitHub\Godot-game-development-codex\build\melee_trail_review\measured_dense\knife_long\knife\135\003.png'
01:02.250  render           | Saved: 'C:\Users\gil_n\Documents\GitHub\Godot-game-development-codex\build\melee_trail_review\measured_dense\knife_long\knife\135\004.png'
01:02.407  render           | Saved: 'C:\Users\gil_n\Documents\GitHub\Godot-game-development-codex\build\melee_trail_review\measured_dense\knife_long\knife\135\005.png'
01:02.547  render           | Saved: 'C:\Users\gil_n\Documents\GitHub\Godot-game-development-codex\build\melee_trail_review\measured_dense\knife_long\knife\135\006.png'
01:02.703  render           | Saved: 'C:\Users\gil_n\Documents\GitHub\Godot-game-development-codex\build\melee_trail_review\measured_dense\knife_long\knife\135\007.png'
01:02.844  render           | Saved: 'C:\Users\gil_n\Documents\GitHub\Godot-game-development-codex\build\melee_trail_review\measured_dense\knife_long\knife\135\008.png'
01:03.000  render           | Saved: 'C:\Users\gil_n\Documents\GitHub\Godot-game-development-codex\build\melee_trail_review\measured_dense\knife_long\knife\135\009.png'
01:03.157  render           | Saved: 'C:\Users\gil_n\Documents\GitHub\Godot-game-development-codex\build\melee_trail_review\measured_dense\knife_long\knife\135\010.png'
01:03.297  render           | Saved: 'C:\Users\gil_n\Documents\GitHub\Godot-game-development-codex\build\melee_trail_review\measured_dense\knife_long\knife\135\011.png'
01:03.453  render           | Saved: 'C:\Users\gil_n\Documents\GitHub\Godot-game-development-codex\build\melee_trail_review\measured_dense\knife_long\knife\135\012.png'
01:03.610  render           | Saved: 'C:\Users\gil_n\Documents\GitHub\Godot-game-development-codex\build\melee_trail_review\measured_dense\knife_long\knife\135\013.png'
01:03.750  render           | Saved: 'C:\Users\gil_n\Documents\GitHub\Godot-game-development-codex\build\melee_trail_review\measured_dense\knife_long\knife\135\014.png'
01:03.907  render           | Saved: 'C:\Users\gil_n\Documents\GitHub\Godot-game-development-codex\build\melee_trail_review\measured_dense\knife_long\knife\135\015.png'
01:04.063  render           | Saved: 'C:\Users\gil_n\Documents\GitHub\Godot-game-development-codex\build\melee_trail_review\measured_dense\knife_long\knife\135\016.png'
01:04.203  render           | Saved: 'C:\Users\gil_n\Documents\GitHub\Godot-game-development-codex\build\melee_trail_review\measured_dense\knife_long\knife\135\017.png'
01:04.360  render           | Saved: 'C:\Users\gil_n\Documents\GitHub\Godot-game-development-codex\build\melee_trail_review\measured_dense\knife_long\knife\135\018.png'
01:04.500  render           | Saved: 'C:\Users\gil_n\Documents\GitHub\Godot-game-development-codex\build\melee_trail_review\measured_dense\knife_long\knife\135\019.png'
01:04.657  render           | Saved: 'C:\Users\gil_n\Documents\GitHub\Godot-game-development-codex\build\melee_trail_review\measured_dense\knife_long\knife\135\020.png'
01:04.797  render           | Saved: 'C:\Users\gil_n\Documents\GitHub\Godot-game-development-codex\build\melee_trail_review\measured_dense\knife_long\knife\135\021.png'
01:04.953  render           | Saved: 'C:\Users\gil_n\Documents\GitHub\Godot-game-development-codex\build\melee_trail_review\measured_dense\knife_long\knife\135\022.png'
01:05.094  render           | Saved: 'C:\Users\gil_n\Documents\GitHub\Godot-game-development-codex\build\melee_trail_review\measured_dense\knife_long\knife\135\023.png'
01:05.250  render           | Saved: 'C:\Users\gil_n\Documents\GitHub\Godot-game-development-codex\build\melee_trail_review\measured_dense\knife_long\knife\135\024.png'
01:05.391  render           | Saved: 'C:\Users\gil_n\Documents\GitHub\Godot-game-development-codex\build\melee_trail_review\measured_dense\knife_long\knife\135\025.png'
01:05.547  render           | Saved: 'C:\Users\gil_n\Documents\GitHub\Godot-game-development-codex\build\melee_trail_review\measured_dense\knife_long\knife\135\026.png'
01:05.688  render           | Saved: 'C:\Users\gil_n\Documents\GitHub\Godot-game-development-codex\build\melee_trail_review\measured_dense\knife_long\knife\135\027.png'
01:05.844  render           | Saved: 'C:\Users\gil_n\Documents\GitHub\Godot-game-development-codex\build\melee_trail_review\measured_dense\knife_long\knife\135\028.png'
01:06.000  render           | Saved: 'C:\Users\gil_n\Documents\GitHub\Godot-game-development-codex\build\melee_trail_review\measured_dense\knife_long\knife\135\029.png'
01:06.141  render           | Saved: 'C:\Users\gil_n\Documents\GitHub\Godot-game-development-codex\build\melee_trail_review\measured_dense\knife_long\knife\135\030.png'
01:06.297  render           | Saved: 'C:\Users\gil_n\Documents\GitHub\Godot-game-development-codex\build\melee_trail_review\measured_dense\knife_long\knife\135\031.png'
01:06.438  render           | Saved: 'C:\Users\gil_n\Documents\GitHub\Godot-game-development-codex\build\melee_trail_review\measured_dense\knife_long\knife\135\032.png'
01:06.594  render           | Saved: 'C:\Users\gil_n\Documents\GitHub\Godot-game-development-codex\build\melee_trail_review\measured_dense\knife_long\knife\135\033.png'
01:06.735  render           | Saved: 'C:\Users\gil_n\Documents\GitHub\Godot-game-development-codex\build\melee_trail_review\measured_dense\knife_long\knife\135\034.png'
01:06.891  render           | Saved: 'C:\Users\gil_n\Documents\GitHub\Godot-game-development-codex\build\melee_trail_review\measured_dense\knife_long\knife\135\035.png'
01:07.047  render           | Saved: 'C:\Users\gil_n\Documents\GitHub\Godot-game-development-codex\build\melee_trail_review\measured_dense\knife_long\knife\135\036.png'
01:07.188  render           | Saved: 'C:\Users\gil_n\Documents\GitHub\Godot-game-development-codex\build\melee_trail_review\measured_dense\knife_long\knife\135\037.png'
01:07.344  render           | Saved: 'C:\Users\gil_n\Documents\GitHub\Godot-game-development-codex\build\melee_trail_review\measured_dense\knife_long\knife\135\038.png'
01:07.500  render           | Saved: 'C:\Users\gil_n\Documents\GitHub\Godot-game-development-codex\build\melee_trail_review\measured_dense\knife_long\knife\135\039.png'
01:07.641  render           | Saved: 'C:\Users\gil_n\Documents\GitHub\Godot-game-development-codex\build\melee_trail_review\measured_dense\knife_long\knife\135\040.png'
01:07.797  render           | Saved: 'C:\Users\gil_n\Documents\GitHub\Godot-game-development-codex\build\melee_trail_review\measured_dense\knife_long\knife\135\041.png'
01:07.938  render           | Saved: 'C:\Users\gil_n\Documents\GitHub\Godot-game-development-codex\build\melee_trail_review\measured_dense\knife_long\knife\135\042.png'
01:08.094  render           | Saved: 'C:\Users\gil_n\Documents\GitHub\Godot-game-development-codex\build\melee_trail_review\measured_dense\knife_long\knife\135\043.png'
01:08.235  render           | Saved: 'C:\Users\gil_n\Documents\GitHub\Godot-game-development-codex\build\melee_trail_review\measured_dense\knife_long\knife\135\044.png'
01:08.391  render           | Saved: 'C:\Users\gil_n\Documents\GitHub\Godot-game-development-codex\build\melee_trail_review\measured_dense\knife_long\knife\135\045.png'
01:08.532  render           | Saved: 'C:\Users\gil_n\Documents\GitHub\Godot-game-development-codex\build\melee_trail_review\measured_dense\knife_long\knife\135\046.png'
01:08.688  render           | Saved: 'C:\Users\gil_n\Documents\GitHub\Godot-game-development-codex\build\melee_trail_review\measured_dense\knife_long\knife\135\047.png'
01:08.844  render           | Saved: 'C:\Users\gil_n\Documents\GitHub\Godot-game-development-codex\build\melee_trail_review\measured_dense\knife_long\knife\135\048.png'
01:09.000  render           | Saved: 'C:\Users\gil_n\Documents\GitHub\Godot-game-development-codex\build\melee_trail_review\measured_dense\knife_long\knife\135\049.png'
01:09.157  render           | Saved: 'C:\Users\gil_n\Documents\GitHub\Godot-game-development-codex\build\melee_trail_review\measured_dense\knife_long\knife\135\050.png'
01:09.313  render           | Saved: 'C:\Users\gil_n\Documents\GitHub\Godot-game-development-codex\build\melee_trail_review\measured_dense\knife_long\knife\135\051.png'
01:09.469  render           | Saved: 'C:\Users\gil_n\Documents\GitHub\Godot-game-development-codex\build\melee_trail_review\measured_dense\knife_long\knife\135\052.png'
01:09.625  render           | Saved: 'C:\Users\gil_n\Documents\GitHub\Godot-game-development-codex\build\melee_trail_review\measured_dense\knife_long\knife\135\053.png'
01:09.766  render           | Saved: 'C:\Users\gil_n\Documents\GitHub\Godot-game-development-codex\build\melee_trail_review\measured_dense\knife_long\knife\135\054.png'
01:09.922  render           | Saved: 'C:\Users\gil_n\Documents\GitHub\Godot-game-development-codex\build\melee_trail_review\measured_dense\knife_long\knife\135\055.png'
01:10.078  render           | Saved: 'C:\Users\gil_n\Documents\GitHub\Godot-game-development-codex\build\melee_trail_review\measured_dense\knife_long\knife\135\056.png'
01:10.235  render           | Saved: 'C:\Users\gil_n\Documents\GitHub\Godot-game-development-codex\build\melee_trail_review\measured_dense\knife_long\knife\135\057.png'
01:10.391  render           | Saved: 'C:\Users\gil_n\Documents\GitHub\Godot-game-development-codex\build\melee_trail_review\measured_dense\knife_long\knife\135\058.png'
01:10.532  render           | Saved: 'C:\Users\gil_n\Documents\GitHub\Godot-game-development-codex\build\melee_trail_review\measured_dense\knife_long\knife\135\059.png'
01:10.688  render           | Saved: 'C:\Users\gil_n\Documents\GitHub\Godot-game-development-codex\build\melee_trail_review\measured_dense\knife_long\knife\135\060.png'
01:10.844  render           | Saved: 'C:\Users\gil_n\Documents\GitHub\Godot-game-development-codex\build\melee_trail_review\measured_dense\knife_long\knife\135\061.png'
01:10.985  render           | Saved: 'C:\Users\gil_n\Documents\GitHub\Godot-game-development-codex\build\melee_trail_review\measured_dense\knife_long\knife\135\062.png'
01:11.141  render           | Saved: 'C:\Users\gil_n\Documents\GitHub\Godot-game-development-codex\build\melee_trail_review\measured_dense\knife_long\knife\135\063.png'
01:11.282  render           | Saved: 'C:\Users\gil_n\Documents\GitHub\Godot-game-development-codex\build\melee_trail_review\measured_dense\knife_long\knife\135\064.png'
01:11.453  render           | Saved: 'C:\Users\gil_n\Documents\GitHub\Godot-game-development-codex\build\melee_trail_review\measured_dense\knife_long\knife\157.5\000.png'
01:11.594  render           | Saved: 'C:\Users\gil_n\Documents\GitHub\Godot-game-development-codex\build\melee_trail_review\measured_dense\knife_long\knife\157.5\001.png'
01:11.750  render           | Saved: 'C:\Users\gil_n\Documents\GitHub\Godot-game-development-codex\build\melee_trail_review\measured_dense\knife_long\knife\157.5\002.png'
01:11.891  render           | Saved: 'C:\Users\gil_n\Documents\GitHub\Godot-game-development-codex\build\melee_trail_review\measured_dense\knife_long\knife\157.5\003.png'
01:12.047  render           | Saved: 'C:\Users\gil_n\Documents\GitHub\Godot-game-development-codex\build\melee_trail_review\measured_dense\knife_long\knife\157.5\004.png'
01:12.188  render           | Saved: 'C:\Users\gil_n\Documents\GitHub\Godot-game-development-codex\build\melee_trail_review\measured_dense\knife_long\knife\157.5\005.png'
01:12.344  render           | Saved: 'C:\Users\gil_n\Documents\GitHub\Godot-game-development-codex\build\melee_trail_review\measured_dense\knife_long\knife\157.5\006.png'
01:12.500  render           | Saved: 'C:\Users\gil_n\Documents\GitHub\Godot-game-development-codex\build\melee_trail_review\measured_dense\knife_long\knife\157.5\007.png'
01:12.641  render           | Saved: 'C:\Users\gil_n\Documents\GitHub\Godot-game-development-codex\build\melee_trail_review\measured_dense\knife_long\knife\157.5\008.png'
01:12.782  render           | Saved: 'C:\Users\gil_n\Documents\GitHub\Godot-game-development-codex\build\melee_trail_review\measured_dense\knife_long\knife\157.5\009.png'
01:12.938  render           | Saved: 'C:\Users\gil_n\Documents\GitHub\Godot-game-development-codex\build\melee_trail_review\measured_dense\knife_long\knife\157.5\010.png'
01:13.078  render           | Saved: 'C:\Users\gil_n\Documents\GitHub\Godot-game-development-codex\build\melee_trail_review\measured_dense\knife_long\knife\157.5\011.png'
01:13.235  render           | Saved: 'C:\Users\gil_n\Documents\GitHub\Godot-game-development-codex\build\melee_trail_review\measured_dense\knife_long\knife\157.5\012.png'
01:13.375  render           | Saved: 'C:\Users\gil_n\Documents\GitHub\Godot-game-development-codex\build\melee_trail_review\measured_dense\knife_long\knife\157.5\013.png'
01:13.532  render           | Saved: 'C:\Users\gil_n\Documents\GitHub\Godot-game-development-codex\build\melee_trail_review\measured_dense\knife_long\knife\157.5\014.png'
01:13.672  render           | Saved: 'C:\Users\gil_n\Documents\GitHub\Godot-game-development-codex\build\melee_trail_review\measured_dense\knife_long\knife\157.5\015.png'
01:13.828  render           | Saved: 'C:\Users\gil_n\Documents\GitHub\Godot-game-development-codex\build\melee_trail_review\measured_dense\knife_long\knife\157.5\016.png'
01:13.985  render           | Saved: 'C:\Users\gil_n\Documents\GitHub\Godot-game-development-codex\build\melee_trail_review\measured_dense\knife_long\knife\157.5\017.png'
01:14.125  render           | Saved: 'C:\Users\gil_n\Documents\GitHub\Godot-game-development-codex\build\melee_trail_review\measured_dense\knife_long\knife\157.5\018.png'
01:14.282  render           | Saved: 'C:\Users\gil_n\Documents\GitHub\Godot-game-development-codex\build\melee_trail_review\measured_dense\knife_long\knife\157.5\019.png'
01:14.438  render           | Saved: 'C:\Users\gil_n\Documents\GitHub\Godot-game-development-codex\build\melee_trail_review\measured_dense\knife_long\knife\157.5\020.png'
01:14.594  render           | Saved: 'C:\Users\gil_n\Documents\GitHub\Godot-game-development-codex\build\melee_trail_review\measured_dense\knife_long\knife\157.5\021.png'
01:14.735  render           | Saved: 'C:\Users\gil_n\Documents\GitHub\Godot-game-development-codex\build\melee_trail_review\measured_dense\knife_long\knife\157.5\022.png'
01:14.891  render           | Saved: 'C:\Users\gil_n\Documents\GitHub\Godot-game-development-codex\build\melee_trail_review\measured_dense\knife_long\knife\157.5\023.png'
01:15.032  render           | Saved: 'C:\Users\gil_n\Documents\GitHub\Godot-game-development-codex\build\melee_trail_review\measured_dense\knife_long\knife\157.5\024.png'
01:15.188  render           | Saved: 'C:\Users\gil_n\Documents\GitHub\Godot-game-development-codex\build\melee_trail_review\measured_dense\knife_long\knife\157.5\025.png'
01:15.344  render           | Saved: 'C:\Users\gil_n\Documents\GitHub\Godot-game-development-codex\build\melee_trail_review\measured_dense\knife_long\knife\157.5\026.png'
01:15.485  render           | Saved: 'C:\Users\gil_n\Documents\GitHub\Godot-game-development-codex\build\melee_trail_review\measured_dense\knife_long\knife\157.5\027.png'
01:15.641  render           | Saved: 'C:\Users\gil_n\Documents\GitHub\Godot-game-development-codex\build\melee_trail_review\measured_dense\knife_long\knife\157.5\028.png'
01:15.782  render           | Saved: 'C:\Users\gil_n\Documents\GitHub\Godot-game-development-codex\build\melee_trail_review\measured_dense\knife_long\knife\157.5\029.png'
01:15.938  render           | Saved: 'C:\Users\gil_n\Documents\GitHub\Godot-game-development-codex\build\melee_trail_review\measured_dense\knife_long\knife\157.5\030.png'
01:16.078  render           | Saved: 'C:\Users\gil_n\Documents\GitHub\Godot-game-development-codex\build\melee_trail_review\measured_dense\knife_long\knife\157.5\031.png'
01:16.235  render           | Saved: 'C:\Users\gil_n\Documents\GitHub\Godot-game-development-codex\build\melee_trail_review\measured_dense\knife_long\knife\157.5\032.png'
01:16.375  render           | Saved: 'C:\Users\gil_n\Documents\GitHub\Godot-game-development-codex\build\melee_trail_review\measured_dense\knife_long\knife\157.5\033.png'
01:16.532  render           | Saved: 'C:\Users\gil_n\Documents\GitHub\Godot-game-development-codex\build\melee_trail_review\measured_dense\knife_long\knife\157.5\034.png'
01:16.672  render           | Saved: 'C:\Users\gil_n\Documents\GitHub\Godot-game-development-codex\build\melee_trail_review\measured_dense\knife_long\knife\157.5\035.png'
01:16.828  render           | Saved: 'C:\Users\gil_n\Documents\GitHub\Godot-game-development-codex\build\melee_trail_review\measured_dense\knife_long\knife\157.5\036.png'
01:16.969  render           | Saved: 'C:\Users\gil_n\Documents\GitHub\Godot-game-development-codex\build\melee_trail_review\measured_dense\knife_long\knife\157.5\037.png'
01:17.110  render           | Saved: 'C:\Users\gil_n\Documents\GitHub\Godot-game-development-codex\build\melee_trail_review\measured_dense\knife_long\knife\157.5\038.png'
01:17.266  render           | Saved: 'C:\Users\gil_n\Documents\GitHub\Godot-game-development-codex\build\melee_trail_review\measured_dense\knife_long\knife\157.5\039.png'
01:17.407  render           | Saved: 'C:\Users\gil_n\Documents\GitHub\Godot-game-development-codex\build\melee_trail_review\measured_dense\knife_long\knife\157.5\040.png'
01:17.563  render           | Saved: 'C:\Users\gil_n\Documents\GitHub\Godot-game-development-codex\build\melee_trail_review\measured_dense\knife_long\knife\157.5\041.png'
01:17.703  render           | Saved: 'C:\Users\gil_n\Documents\GitHub\Godot-game-development-codex\build\melee_trail_review\measured_dense\knife_long\knife\157.5\042.png'
01:17.860  render           | Saved: 'C:\Users\gil_n\Documents\GitHub\Godot-game-development-codex\build\melee_trail_review\measured_dense\knife_long\knife\157.5\043.png'
01:18.016  render           | Saved: 'C:\Users\gil_n\Documents\GitHub\Godot-game-development-codex\build\melee_trail_review\measured_dense\knife_long\knife\157.5\044.png'
01:18.157  render           | Saved: 'C:\Users\gil_n\Documents\GitHub\Godot-game-development-codex\build\melee_trail_review\measured_dense\knife_long\knife\157.5\045.png'
01:18.313  render           | Saved: 'C:\Users\gil_n\Documents\GitHub\Godot-game-development-codex\build\melee_trail_review\measured_dense\knife_long\knife\157.5\046.png'
01:18.469  render           | Saved: 'C:\Users\gil_n\Documents\GitHub\Godot-game-development-codex\build\melee_trail_review\measured_dense\knife_long\knife\157.5\047.png'
01:18.610  render           | Saved: 'C:\Users\gil_n\Documents\GitHub\Godot-game-development-codex\build\melee_trail_review\measured_dense\knife_long\knife\157.5\048.png'
01:18.766  render           | Saved: 'C:\Users\gil_n\Documents\GitHub\Godot-game-development-codex\build\melee_trail_review\measured_dense\knife_long\knife\157.5\049.png'
01:18.922  render           | Saved: 'C:\Users\gil_n\Documents\GitHub\Godot-game-development-codex\build\melee_trail_review\measured_dense\knife_long\knife\157.5\050.png'
01:19.078  render           | Saved: 'C:\Users\gil_n\Documents\GitHub\Godot-game-development-codex\build\melee_trail_review\measured_dense\knife_long\knife\157.5\051.png'
01:19.219  render           | Saved: 'C:\Users\gil_n\Documents\GitHub\Godot-game-development-codex\build\melee_trail_review\measured_dense\knife_long\knife\157.5\052.png'
01:19.375  render           | Saved: 'C:\Users\gil_n\Documents\GitHub\Godot-game-development-codex\build\melee_trail_review\measured_dense\knife_long\knife\157.5\053.png'
01:19.516  render           | Saved: 'C:\Users\gil_n\Documents\GitHub\Godot-game-development-codex\build\melee_trail_review\measured_dense\knife_long\knife\157.5\054.png'
01:19.672  render           | Saved: 'C:\Users\gil_n\Documents\GitHub\Godot-game-development-codex\build\melee_trail_review\measured_dense\knife_long\knife\157.5\055.png'
01:19.813  render           | Saved: 'C:\Users\gil_n\Documents\GitHub\Godot-game-development-codex\build\melee_trail_review\measured_dense\knife_long\knife\157.5\056.png'
01:19.969  render           | Saved: 'C:\Users\gil_n\Documents\GitHub\Godot-game-development-codex\build\melee_trail_review\measured_dense\knife_long\knife\157.5\057.png'
01:20.110  render           | Saved: 'C:\Users\gil_n\Documents\GitHub\Godot-game-development-codex\build\melee_trail_review\measured_dense\knife_long\knife\157.5\058.png'
01:20.266  render           | Saved: 'C:\Users\gil_n\Documents\GitHub\Godot-game-development-codex\build\melee_trail_review\measured_dense\knife_long\knife\157.5\059.png'
01:20.422  render           | Saved: 'C:\Users\gil_n\Documents\GitHub\Godot-game-development-codex\build\melee_trail_review\measured_dense\knife_long\knife\157.5\060.png'
01:20.563  render           | Saved: 'C:\Users\gil_n\Documents\GitHub\Godot-game-development-codex\build\melee_trail_review\measured_dense\knife_long\knife\157.5\061.png'
01:20.719  render           | Saved: 'C:\Users\gil_n\Documents\GitHub\Godot-game-development-codex\build\melee_trail_review\measured_dense\knife_long\knife\157.5\062.png'
01:20.860  render           | Saved: 'C:\Users\gil_n\Documents\GitHub\Godot-game-development-codex\build\melee_trail_review\measured_dense\knife_long\knife\157.5\063.png'
01:21.016  render           | Saved: 'C:\Users\gil_n\Documents\GitHub\Godot-game-development-codex\build\melee_trail_review\measured_dense\knife_long\knife\157.5\064.png'
01:21.172  render           | Saved: 'C:\Users\gil_n\Documents\GitHub\Godot-game-development-codex\build\melee_trail_review\measured_dense\knife_long\knife\180\000.png'
01:21.313  render           | Saved: 'C:\Users\gil_n\Documents\GitHub\Godot-game-development-codex\build\melee_trail_review\measured_dense\knife_long\knife\180\001.png'
01:21.469  render           | Saved: 'C:\Users\gil_n\Documents\GitHub\Godot-game-development-codex\build\melee_trail_review\measured_dense\knife_long\knife\180\002.png'
01:21.610  render           | Saved: 'C:\Users\gil_n\Documents\GitHub\Godot-game-development-codex\build\melee_trail_review\measured_dense\knife_long\knife\180\003.png'
01:21.766  render           | Saved: 'C:\Users\gil_n\Documents\GitHub\Godot-game-development-codex\build\melee_trail_review\measured_dense\knife_long\knife\180\004.png'
01:21.922  render           | Saved: 'C:\Users\gil_n\Documents\GitHub\Godot-game-development-codex\build\melee_trail_review\measured_dense\knife_long\knife\180\005.png'
01:22.063  render           | Saved: 'C:\Users\gil_n\Documents\GitHub\Godot-game-development-codex\build\melee_trail_review\measured_dense\knife_long\knife\180\006.png'
01:22.219  render           | Saved: 'C:\Users\gil_n\Documents\GitHub\Godot-game-development-codex\build\melee_trail_review\measured_dense\knife_long\knife\180\007.png'
01:22.375  render           | Saved: 'C:\Users\gil_n\Documents\GitHub\Godot-game-development-codex\build\melee_trail_review\measured_dense\knife_long\knife\180\008.png'
01:22.516  render           | Saved: 'C:\Users\gil_n\Documents\GitHub\Godot-game-development-codex\build\melee_trail_review\measured_dense\knife_long\knife\180\009.png'
01:22.672  render           | Saved: 'C:\Users\gil_n\Documents\GitHub\Godot-game-development-codex\build\melee_trail_review\measured_dense\knife_long\knife\180\010.png'
01:22.828  render           | Saved: 'C:\Users\gil_n\Documents\GitHub\Godot-game-development-codex\build\melee_trail_review\measured_dense\knife_long\knife\180\011.png'
01:22.969  render           | Saved: 'C:\Users\gil_n\Documents\GitHub\Godot-game-development-codex\build\melee_trail_review\measured_dense\knife_long\knife\180\012.png'
01:23.125  render           | Saved: 'C:\Users\gil_n\Documents\GitHub\Godot-game-development-codex\build\melee_trail_review\measured_dense\knife_long\knife\180\013.png'
01:23.266  render           | Saved: 'C:\Users\gil_n\Documents\GitHub\Godot-game-development-codex\build\melee_trail_review\measured_dense\knife_long\knife\180\014.png'
01:23.422  render           | Saved: 'C:\Users\gil_n\Documents\GitHub\Godot-game-development-codex\build\melee_trail_review\measured_dense\knife_long\knife\180\015.png'
01:23.563  render           | Saved: 'C:\Users\gil_n\Documents\GitHub\Godot-game-development-codex\build\melee_trail_review\measured_dense\knife_long\knife\180\016.png'
01:23.719  render           | Saved: 'C:\Users\gil_n\Documents\GitHub\Godot-game-development-codex\build\melee_trail_review\measured_dense\knife_long\knife\180\017.png'
01:23.875  render           | Saved: 'C:\Users\gil_n\Documents\GitHub\Godot-game-development-codex\build\melee_trail_review\measured_dense\knife_long\knife\180\018.png'
01:24.016  render           | Saved: 'C:\Users\gil_n\Documents\GitHub\Godot-game-development-codex\build\melee_trail_review\measured_dense\knife_long\knife\180\019.png'
01:24.172  render           | Saved: 'C:\Users\gil_n\Documents\GitHub\Godot-game-development-codex\build\melee_trail_review\measured_dense\knife_long\knife\180\020.png'
01:24.313  render           | Saved: 'C:\Users\gil_n\Documents\GitHub\Godot-game-development-codex\build\melee_trail_review\measured_dense\knife_long\knife\180\021.png'
01:24.469  render           | Saved: 'C:\Users\gil_n\Documents\GitHub\Godot-game-development-codex\build\melee_trail_review\measured_dense\knife_long\knife\180\022.png'
01:24.610  render           | Saved: 'C:\Users\gil_n\Documents\GitHub\Godot-game-development-codex\build\melee_trail_review\measured_dense\knife_long\knife\180\023.png'
01:24.766  render           | Saved: 'C:\Users\gil_n\Documents\GitHub\Godot-game-development-codex\build\melee_trail_review\measured_dense\knife_long\knife\180\024.png'
01:24.907  render           | Saved: 'C:\Users\gil_n\Documents\GitHub\Godot-game-development-codex\build\melee_trail_review\measured_dense\knife_long\knife\180\025.png'
01:25.063  render           | Saved: 'C:\Users\gil_n\Documents\GitHub\Godot-game-development-codex\build\melee_trail_review\measured_dense\knife_long\knife\180\026.png'
01:25.203  render           | Saved: 'C:\Users\gil_n\Documents\GitHub\Godot-game-development-codex\build\melee_trail_review\measured_dense\knife_long\knife\180\027.png'
01:25.360  render           | Saved: 'C:\Users\gil_n\Documents\GitHub\Godot-game-development-codex\build\melee_trail_review\measured_dense\knife_long\knife\180\028.png'
01:25.500  render           | Saved: 'C:\Users\gil_n\Documents\GitHub\Godot-game-development-codex\build\melee_trail_review\measured_dense\knife_long\knife\180\029.png'
01:25.657  render           | Saved: 'C:\Users\gil_n\Documents\GitHub\Godot-game-development-codex\build\melee_trail_review\measured_dense\knife_long\knife\180\030.png'
01:25.797  render           | Saved: 'C:\Users\gil_n\Documents\GitHub\Godot-game-development-codex\build\melee_trail_review\measured_dense\knife_long\knife\180\031.png'
01:25.953  render           | Saved: 'C:\Users\gil_n\Documents\GitHub\Godot-game-development-codex\build\melee_trail_review\measured_dense\knife_long\knife\180\032.png'
01:26.110  render           | Saved: 'C:\Users\gil_n\Documents\GitHub\Godot-game-development-codex\build\melee_trail_review\measured_dense\knife_long\knife\180\033.png'
01:26.250  render           | Saved: 'C:\Users\gil_n\Documents\GitHub\Godot-game-development-codex\build\melee_trail_review\measured_dense\knife_long\knife\180\034.png'
01:26.407  render           | Saved: 'C:\Users\gil_n\Documents\GitHub\Godot-game-development-codex\build\melee_trail_review\measured_dense\knife_long\knife\180\035.png'
01:26.547  render           | Saved: 'C:\Users\gil_n\Documents\GitHub\Godot-game-development-codex\build\melee_trail_review\measured_dense\knife_long\knife\180\036.png'
01:26.703  render           | Saved: 'C:\Users\gil_n\Documents\GitHub\Godot-game-development-codex\build\melee_trail_review\measured_dense\knife_long\knife\180\037.png'
01:26.860  render           | Saved: 'C:\Users\gil_n\Documents\GitHub\Godot-game-development-codex\build\melee_trail_review\measured_dense\knife_long\knife\180\038.png'
01:27.000  render           | Saved: 'C:\Users\gil_n\Documents\GitHub\Godot-game-development-codex\build\melee_trail_review\measured_dense\knife_long\knife\180\039.png'
01:27.157  render           | Saved: 'C:\Users\gil_n\Documents\GitHub\Godot-game-development-codex\build\melee_trail_review\measured_dense\knife_long\knife\180\040.png'
01:27.313  render           | Saved: 'C:\Users\gil_n\Documents\GitHub\Godot-game-development-codex\build\melee_trail_review\measured_dense\knife_long\knife\180\041.png'
01:27.453  render           | Saved: 'C:\Users\gil_n\Documents\GitHub\Godot-game-development-codex\build\melee_trail_review\measured_dense\knife_long\knife\180\042.png'
01:27.610  render           | Saved: 'C:\Users\gil_n\Documents\GitHub\Godot-game-development-codex\build\melee_trail_review\measured_dense\knife_long\knife\180\043.png'
01:27.750  render           | Saved: 'C:\Users\gil_n\Documents\GitHub\Godot-game-development-codex\build\melee_trail_review\measured_dense\knife_long\knife\180\044.png'
01:27.907  render           | Saved: 'C:\Users\gil_n\Documents\GitHub\Godot-game-development-codex\build\melee_trail_review\measured_dense\knife_long\knife\180\045.png'
01:28.063  render           | Saved: 'C:\Users\gil_n\Documents\GitHub\Godot-game-development-codex\build\melee_trail_review\measured_dense\knife_long\knife\180\046.png'
01:28.203  render           | Saved: 'C:\Users\gil_n\Documents\GitHub\Godot-game-development-codex\build\melee_trail_review\measured_dense\knife_long\knife\180\047.png'
01:28.360  render           | Saved: 'C:\Users\gil_n\Documents\GitHub\Godot-game-development-codex\build\melee_trail_review\measured_dense\knife_long\knife\180\048.png'
01:28.500  render           | Saved: 'C:\Users\gil_n\Documents\GitHub\Godot-game-development-codex\build\melee_trail_review\measured_dense\knife_long\knife\180\049.png'
01:28.657  render           | Saved: 'C:\Users\gil_n\Documents\GitHub\Godot-game-development-codex\build\melee_trail_review\measured_dense\knife_long\knife\180\050.png'
01:28.797  render           | Saved: 'C:\Users\gil_n\Documents\GitHub\Godot-game-development-codex\build\melee_trail_review\measured_dense\knife_long\knife\180\051.png'
01:28.953  render           | Saved: 'C:\Users\gil_n\Documents\GitHub\Godot-game-development-codex\build\melee_trail_review\measured_dense\knife_long\knife\180\052.png'
01:29.094  render           | Saved: 'C:\Users\gil_n\Documents\GitHub\Godot-game-development-codex\build\melee_trail_review\measured_dense\knife_long\knife\180\053.png'
01:29.250  render           | Saved: 'C:\Users\gil_n\Documents\GitHub\Godot-game-development-codex\build\melee_trail_review\measured_dense\knife_long\knife\180\054.png'
01:29.391  render           | Saved: 'C:\Users\gil_n\Documents\GitHub\Godot-game-development-codex\build\melee_trail_review\measured_dense\knife_long\knife\180\055.png'
01:29.547  render           | Saved: 'C:\Users\gil_n\Documents\GitHub\Godot-game-development-codex\build\melee_trail_review\measured_dense\knife_long\knife\180\056.png'
01:29.688  render           | Saved: 'C:\Users\gil_n\Documents\GitHub\Godot-game-development-codex\build\melee_trail_review\measured_dense\knife_long\knife\180\057.png'
01:29.844  render           | Saved: 'C:\Users\gil_n\Documents\GitHub\Godot-game-development-codex\build\melee_trail_review\measured_dense\knife_long\knife\180\058.png'
01:29.985  render           | Saved: 'C:\Users\gil_n\Documents\GitHub\Godot-game-development-codex\build\melee_trail_review\measured_dense\knife_long\knife\180\059.png'
01:30.141  render           | Saved: 'C:\Users\gil_n\Documents\GitHub\Godot-game-development-codex\build\melee_trail_review\measured_dense\knife_long\knife\180\060.png'
01:30.297  render           | Saved: 'C:\Users\gil_n\Documents\GitHub\Godot-game-development-codex\build\melee_trail_review\measured_dense\knife_long\knife\180\061.png'
01:30.453  render           | Saved: 'C:\Users\gil_n\Documents\GitHub\Godot-game-development-codex\build\melee_trail_review\measured_dense\knife_long\knife\180\062.png'
01:30.594  render           | Saved: 'C:\Users\gil_n\Documents\GitHub\Godot-game-development-codex\build\melee_trail_review\measured_dense\knife_long\knife\180\063.png'
01:30.750  render           | Saved: 'C:\Users\gil_n\Documents\GitHub\Godot-game-development-codex\build\melee_trail_review\measured_dense\knife_long\knife\180\064.png'
01:30.907  render           | Saved: 'C:\Users\gil_n\Documents\GitHub\Godot-game-development-codex\build\melee_trail_review\measured_dense\knife_long\knife\202.5\000.png'
01:31.063  render           | Saved: 'C:\Users\gil_n\Documents\GitHub\Godot-game-development-codex\build\melee_trail_review\measured_dense\knife_long\knife\202.5\001.png'
01:31.203  render           | Saved: 'C:\Users\gil_n\Documents\GitHub\Godot-game-development-codex\build\melee_trail_review\measured_dense\knife_long\knife\202.5\002.png'
01:31.360  render           | Saved: 'C:\Users\gil_n\Documents\GitHub\Godot-game-development-codex\build\melee_trail_review\measured_dense\knife_long\knife\202.5\003.png'
01:31.516  render           | Saved: 'C:\Users\gil_n\Documents\GitHub\Godot-game-development-codex\build\melee_trail_review\measured_dense\knife_long\knife\202.5\004.png'
01:31.672  render           | Saved: 'C:\Users\gil_n\Documents\GitHub\Godot-game-development-codex\build\melee_trail_review\measured_dense\knife_long\knife\202.5\005.png'
01:31.813  render           | Saved: 'C:\Users\gil_n\Documents\GitHub\Godot-game-development-codex\build\melee_trail_review\measured_dense\knife_long\knife\202.5\006.png'
01:31.969  render           | Saved: 'C:\Users\gil_n\Documents\GitHub\Godot-game-development-codex\build\melee_trail_review\measured_dense\knife_long\knife\202.5\007.png'
01:32.125  render           | Saved: 'C:\Users\gil_n\Documents\GitHub\Godot-game-development-codex\build\melee_trail_review\measured_dense\knife_long\knife\202.5\008.png'
01:32.266  render           | Saved: 'C:\Users\gil_n\Documents\GitHub\Godot-game-development-codex\build\melee_trail_review\measured_dense\knife_long\knife\202.5\009.png'
01:32.422  render           | Saved: 'C:\Users\gil_n\Documents\GitHub\Godot-game-development-codex\build\melee_trail_review\measured_dense\knife_long\knife\202.5\010.png'
01:32.563  render           | Saved: 'C:\Users\gil_n\Documents\GitHub\Godot-game-development-codex\build\melee_trail_review\measured_dense\knife_long\knife\202.5\011.png'
01:32.719  render           | Saved: 'C:\Users\gil_n\Documents\GitHub\Godot-game-development-codex\build\melee_trail_review\measured_dense\knife_long\knife\202.5\012.png'
01:32.860  render           | Saved: 'C:\Users\gil_n\Documents\GitHub\Godot-game-development-codex\build\melee_trail_review\measured_dense\knife_long\knife\202.5\013.png'
01:33.016  render           | Saved: 'C:\Users\gil_n\Documents\GitHub\Godot-game-development-codex\build\melee_trail_review\measured_dense\knife_long\knife\202.5\014.png'
01:33.172  render           | Saved: 'C:\Users\gil_n\Documents\GitHub\Godot-game-development-codex\build\melee_trail_review\measured_dense\knife_long\knife\202.5\015.png'
01:33.313  render           | Saved: 'C:\Users\gil_n\Documents\GitHub\Godot-game-development-codex\build\melee_trail_review\measured_dense\knife_long\knife\202.5\016.png'
01:33.469  render           | Saved: 'C:\Users\gil_n\Documents\GitHub\Godot-game-development-codex\build\melee_trail_review\measured_dense\knife_long\knife\202.5\017.png'
01:33.625  render           | Saved: 'C:\Users\gil_n\Documents\GitHub\Godot-game-development-codex\build\melee_trail_review\measured_dense\knife_long\knife\202.5\018.png'
01:33.766  render           | Saved: 'C:\Users\gil_n\Documents\GitHub\Godot-game-development-codex\build\melee_trail_review\measured_dense\knife_long\knife\202.5\019.png'
01:33.922  render           | Saved: 'C:\Users\gil_n\Documents\GitHub\Godot-game-development-codex\build\melee_trail_review\measured_dense\knife_long\knife\202.5\020.png'
01:34.063  render           | Saved: 'C:\Users\gil_n\Documents\GitHub\Godot-game-development-codex\build\melee_trail_review\measured_dense\knife_long\knife\202.5\021.png'
01:34.219  render           | Saved: 'C:\Users\gil_n\Documents\GitHub\Godot-game-development-codex\build\melee_trail_review\measured_dense\knife_long\knife\202.5\022.png'
01:34.375  render           | Saved: 'C:\Users\gil_n\Documents\GitHub\Godot-game-development-codex\build\melee_trail_review\measured_dense\knife_long\knife\202.5\023.png'
01:34.532  render           | Saved: 'C:\Users\gil_n\Documents\GitHub\Godot-game-development-codex\build\melee_trail_review\measured_dense\knife_long\knife\202.5\024.png'
01:34.688  render           | Saved: 'C:\Users\gil_n\Documents\GitHub\Godot-game-development-codex\build\melee_trail_review\measured_dense\knife_long\knife\202.5\025.png'
01:34.844  render           | Saved: 'C:\Users\gil_n\Documents\GitHub\Godot-game-development-codex\build\melee_trail_review\measured_dense\knife_long\knife\202.5\026.png'
01:35.000  render           | Saved: 'C:\Users\gil_n\Documents\GitHub\Godot-game-development-codex\build\melee_trail_review\measured_dense\knife_long\knife\202.5\027.png'
01:35.157  render           | Saved: 'C:\Users\gil_n\Documents\GitHub\Godot-game-development-codex\build\melee_trail_review\measured_dense\knife_long\knife\202.5\028.png'
01:35.313  render           | Saved: 'C:\Users\gil_n\Documents\GitHub\Godot-game-development-codex\build\melee_trail_review\measured_dense\knife_long\knife\202.5\029.png'
01:35.469  render           | Saved: 'C:\Users\gil_n\Documents\GitHub\Godot-game-development-codex\build\melee_trail_review\measured_dense\knife_long\knife\202.5\030.png'
01:35.610  render           | Saved: 'C:\Users\gil_n\Documents\GitHub\Godot-game-development-codex\build\melee_trail_review\measured_dense\knife_long\knife\202.5\031.png'
01:35.766  render           | Saved: 'C:\Users\gil_n\Documents\GitHub\Godot-game-development-codex\build\melee_trail_review\measured_dense\knife_long\knife\202.5\032.png'
01:35.922  render           | Saved: 'C:\Users\gil_n\Documents\GitHub\Godot-game-development-codex\build\melee_trail_review\measured_dense\knife_long\knife\202.5\033.png'
01:36.063  render           | Saved: 'C:\Users\gil_n\Documents\GitHub\Godot-game-development-codex\build\melee_trail_review\measured_dense\knife_long\knife\202.5\034.png'
01:36.219  render           | Saved: 'C:\Users\gil_n\Documents\GitHub\Godot-game-development-codex\build\melee_trail_review\measured_dense\knife_long\knife\202.5\035.png'
01:36.375  render           | Saved: 'C:\Users\gil_n\Documents\GitHub\Godot-game-development-codex\build\melee_trail_review\measured_dense\knife_long\knife\202.5\036.png'
01:36.516  render           | Saved: 'C:\Users\gil_n\Documents\GitHub\Godot-game-development-codex\build\melee_trail_review\measured_dense\knife_long\knife\202.5\037.png'
01:36.672  render           | Saved: 'C:\Users\gil_n\Documents\GitHub\Godot-game-development-codex\build\melee_trail_review\measured_dense\knife_long\knife\202.5\038.png'
01:36.813  render           | Saved: 'C:\Users\gil_n\Documents\GitHub\Godot-game-development-codex\build\melee_trail_review\measured_dense\knife_long\knife\202.5\039.png'
01:36.969  render           | Saved: 'C:\Users\gil_n\Documents\GitHub\Godot-game-development-codex\build\melee_trail_review\measured_dense\knife_long\knife\202.5\040.png'
01:37.125  render           | Saved: 'C:\Users\gil_n\Documents\GitHub\Godot-game-development-codex\build\melee_trail_review\measured_dense\knife_long\knife\202.5\041.png'
01:37.282  render           | Saved: 'C:\Users\gil_n\Documents\GitHub\Godot-game-development-codex\build\melee_trail_review\measured_dense\knife_long\knife\202.5\042.png'
01:37.422  render           | Saved: 'C:\Users\gil_n\Documents\GitHub\Godot-game-development-codex\build\melee_trail_review\measured_dense\knife_long\knife\202.5\043.png'
01:37.578  render           | Saved: 'C:\Users\gil_n\Documents\GitHub\Godot-game-development-codex\build\melee_trail_review\measured_dense\knife_long\knife\202.5\044.png'
01:37.719  render           | Saved: 'C:\Users\gil_n\Documents\GitHub\Godot-game-development-codex\build\melee_trail_review\measured_dense\knife_long\knife\202.5\045.png'
01:37.875  render           | Saved: 'C:\Users\gil_n\Documents\GitHub\Godot-game-development-codex\build\melee_trail_review\measured_dense\knife_long\knife\202.5\046.png'
01:38.016  render           | Saved: 'C:\Users\gil_n\Documents\GitHub\Godot-game-development-codex\build\melee_trail_review\measured_dense\knife_long\knife\202.5\047.png'
01:38.172  render           | Saved: 'C:\Users\gil_n\Documents\GitHub\Godot-game-development-codex\build\melee_trail_review\measured_dense\knife_long\knife\202.5\048.png'
01:38.313  render           | Saved: 'C:\Users\gil_n\Documents\GitHub\Godot-game-development-codex\build\melee_trail_review\measured_dense\knife_long\knife\202.5\049.png'
01:38.469  render           | Saved: 'C:\Users\gil_n\Documents\GitHub\Godot-game-development-codex\build\melee_trail_review\measured_dense\knife_long\knife\202.5\050.png'
01:38.625  render           | Saved: 'C:\Users\gil_n\Documents\GitHub\Godot-game-development-codex\build\melee_trail_review\measured_dense\knife_long\knife\202.5\051.png'
01:38.766  render           | Saved: 'C:\Users\gil_n\Documents\GitHub\Godot-game-development-codex\build\melee_trail_review\measured_dense\knife_long\knife\202.5\052.png'
01:38.922  render           | Saved: 'C:\Users\gil_n\Documents\GitHub\Godot-game-development-codex\build\melee_trail_review\measured_dense\knife_long\knife\202.5\053.png'
01:39.063  render           | Saved: 'C:\Users\gil_n\Documents\GitHub\Godot-game-development-codex\build\melee_trail_review\measured_dense\knife_long\knife\202.5\054.png'
01:39.219  render           | Saved: 'C:\Users\gil_n\Documents\GitHub\Godot-game-development-codex\build\melee_trail_review\measured_dense\knife_long\knife\202.5\055.png'
01:39.375  render           | Saved: 'C:\Users\gil_n\Documents\GitHub\Godot-game-development-codex\build\melee_trail_review\measured_dense\knife_long\knife\202.5\056.png'
01:39.516  render           | Saved: 'C:\Users\gil_n\Documents\GitHub\Godot-game-development-codex\build\melee_trail_review\measured_dense\knife_long\knife\202.5\057.png'
01:39.672  render           | Saved: 'C:\Users\gil_n\Documents\GitHub\Godot-game-development-codex\build\melee_trail_review\measured_dense\knife_long\knife\202.5\058.png'
01:39.828  render           | Saved: 'C:\Users\gil_n\Documents\GitHub\Godot-game-development-codex\build\melee_trail_review\measured_dense\knife_long\knife\202.5\059.png'
01:39.985  render           | Saved: 'C:\Users\gil_n\Documents\GitHub\Godot-game-development-codex\build\melee_trail_review\measured_dense\knife_long\knife\202.5\060.png'
01:40.125  render           | Saved: 'C:\Users\gil_n\Documents\GitHub\Godot-game-development-codex\build\melee_trail_review\measured_dense\knife_long\knife\202.5\061.png'
01:40.282  render           | Saved: 'C:\Users\gil_n\Documents\GitHub\Godot-game-development-codex\build\melee_trail_review\measured_dense\knife_long\knife\202.5\062.png'
01:40.438  render           | Saved: 'C:\Users\gil_n\Documents\GitHub\Godot-game-development-codex\build\melee_trail_review\measured_dense\knife_long\knife\202.5\063.png'
01:40.578  render           | Saved: 'C:\Users\gil_n\Documents\GitHub\Godot-game-development-codex\build\melee_trail_review\measured_dense\knife_long\knife\202.5\064.png'
01:40.735  render           | Saved: 'C:\Users\gil_n\Documents\GitHub\Godot-game-development-codex\build\melee_trail_review\measured_dense\knife_long\knife\225\000.png'
01:40.891  render           | Saved: 'C:\Users\gil_n\Documents\GitHub\Godot-game-development-codex\build\melee_trail_review\measured_dense\knife_long\knife\225\001.png'
01:41.032  render           | Saved: 'C:\Users\gil_n\Documents\GitHub\Godot-game-development-codex\build\melee_trail_review\measured_dense\knife_long\knife\225\002.png'
01:41.188  render           | Saved: 'C:\Users\gil_n\Documents\GitHub\Godot-game-development-codex\build\melee_trail_review\measured_dense\knife_long\knife\225\003.png'
01:41.328  render           | Saved: 'C:\Users\gil_n\Documents\GitHub\Godot-game-development-codex\build\melee_trail_review\measured_dense\knife_long\knife\225\004.png'
01:41.485  render           | Saved: 'C:\Users\gil_n\Documents\GitHub\Godot-game-development-codex\build\melee_trail_review\measured_dense\knife_long\knife\225\005.png'
01:41.641  render           | Saved: 'C:\Users\gil_n\Documents\GitHub\Godot-game-development-codex\build\melee_trail_review\measured_dense\knife_long\knife\225\006.png'
01:41.782  render           | Saved: 'C:\Users\gil_n\Documents\GitHub\Godot-game-development-codex\build\melee_trail_review\measured_dense\knife_long\knife\225\007.png'
01:41.938  render           | Saved: 'C:\Users\gil_n\Documents\GitHub\Godot-game-development-codex\build\melee_trail_review\measured_dense\knife_long\knife\225\008.png'
01:42.078  render           | Saved: 'C:\Users\gil_n\Documents\GitHub\Godot-game-development-codex\build\melee_trail_review\measured_dense\knife_long\knife\225\009.png'
01:42.235  render           | Saved: 'C:\Users\gil_n\Documents\GitHub\Godot-game-development-codex\build\melee_trail_review\measured_dense\knife_long\knife\225\010.png'
01:42.375  render           | Saved: 'C:\Users\gil_n\Documents\GitHub\Godot-game-development-codex\build\melee_trail_review\measured_dense\knife_long\knife\225\011.png'
01:42.532  render           | Saved: 'C:\Users\gil_n\Documents\GitHub\Godot-game-development-codex\build\melee_trail_review\measured_dense\knife_long\knife\225\012.png'
01:42.688  render           | Saved: 'C:\Users\gil_n\Documents\GitHub\Godot-game-development-codex\build\melee_trail_review\measured_dense\knife_long\knife\225\013.png'
01:42.828  render           | Saved: 'C:\Users\gil_n\Documents\GitHub\Godot-game-development-codex\build\melee_trail_review\measured_dense\knife_long\knife\225\014.png'
01:42.985  render           | Saved: 'C:\Users\gil_n\Documents\GitHub\Godot-game-development-codex\build\melee_trail_review\measured_dense\knife_long\knife\225\015.png'
01:43.125  render           | Saved: 'C:\Users\gil_n\Documents\GitHub\Godot-game-development-codex\build\melee_trail_review\measured_dense\knife_long\knife\225\016.png'
01:43.282  render           | Saved: 'C:\Users\gil_n\Documents\GitHub\Godot-game-development-codex\build\melee_trail_review\measured_dense\knife_long\knife\225\017.png'
01:43.438  render           | Saved: 'C:\Users\gil_n\Documents\GitHub\Godot-game-development-codex\build\melee_trail_review\measured_dense\knife_long\knife\225\018.png'
01:43.578  render           | Saved: 'C:\Users\gil_n\Documents\GitHub\Godot-game-development-codex\build\melee_trail_review\measured_dense\knife_long\knife\225\019.png'
01:43.735  render           | Saved: 'C:\Users\gil_n\Documents\GitHub\Godot-game-development-codex\build\melee_trail_review\measured_dense\knife_long\knife\225\020.png'
01:43.891  render           | Saved: 'C:\Users\gil_n\Documents\GitHub\Godot-game-development-codex\build\melee_trail_review\measured_dense\knife_long\knife\225\021.png'
01:44.032  render           | Saved: 'C:\Users\gil_n\Documents\GitHub\Godot-game-development-codex\build\melee_trail_review\measured_dense\knife_long\knife\225\022.png'
01:44.188  render           | Saved: 'C:\Users\gil_n\Documents\GitHub\Godot-game-development-codex\build\melee_trail_review\measured_dense\knife_long\knife\225\023.png'
01:44.344  render           | Saved: 'C:\Users\gil_n\Documents\GitHub\Godot-game-development-codex\build\melee_trail_review\measured_dense\knife_long\knife\225\024.png'
01:44.485  render           | Saved: 'C:\Users\gil_n\Documents\GitHub\Godot-game-development-codex\build\melee_trail_review\measured_dense\knife_long\knife\225\025.png'
01:44.641  render           | Saved: 'C:\Users\gil_n\Documents\GitHub\Godot-game-development-codex\build\melee_trail_review\measured_dense\knife_long\knife\225\026.png'
01:44.782  render           | Saved: 'C:\Users\gil_n\Documents\GitHub\Godot-game-development-codex\build\melee_trail_review\measured_dense\knife_long\knife\225\027.png'
01:44.938  render           | Saved: 'C:\Users\gil_n\Documents\GitHub\Godot-game-development-codex\build\melee_trail_review\measured_dense\knife_long\knife\225\028.png'
01:45.094  render           | Saved: 'C:\Users\gil_n\Documents\GitHub\Godot-game-development-codex\build\melee_trail_review\measured_dense\knife_long\knife\225\029.png'
01:45.235  render           | Saved: 'C:\Users\gil_n\Documents\GitHub\Godot-game-development-codex\build\melee_trail_review\measured_dense\knife_long\knife\225\030.png'
01:45.391  render           | Saved: 'C:\Users\gil_n\Documents\GitHub\Godot-game-development-codex\build\melee_trail_review\measured_dense\knife_long\knife\225\031.png'
01:45.532  render           | Saved: 'C:\Users\gil_n\Documents\GitHub\Godot-game-development-codex\build\melee_trail_review\measured_dense\knife_long\knife\225\032.png'
01:45.688  render           | Saved: 'C:\Users\gil_n\Documents\GitHub\Godot-game-development-codex\build\melee_trail_review\measured_dense\knife_long\knife\225\033.png'
01:45.844  render           | Saved: 'C:\Users\gil_n\Documents\GitHub\Godot-game-development-codex\build\melee_trail_review\measured_dense\knife_long\knife\225\034.png'
01:45.985  render           | Saved: 'C:\Users\gil_n\Documents\GitHub\Godot-game-development-codex\build\melee_trail_review\measured_dense\knife_long\knife\225\035.png'
01:46.141  render           | Saved: 'C:\Users\gil_n\Documents\GitHub\Godot-game-development-codex\build\melee_trail_review\measured_dense\knife_long\knife\225\036.png'
01:46.282  render           | Saved: 'C:\Users\gil_n\Documents\GitHub\Godot-game-development-codex\build\melee_trail_review\measured_dense\knife_long\knife\225\037.png'
01:46.438  render           | Saved: 'C:\Users\gil_n\Documents\GitHub\Godot-game-development-codex\build\melee_trail_review\measured_dense\knife_long\knife\225\038.png'
01:46.578  render           | Saved: 'C:\Users\gil_n\Documents\GitHub\Godot-game-development-codex\build\melee_trail_review\measured_dense\knife_long\knife\225\039.png'
01:46.735  render           | Saved: 'C:\Users\gil_n\Documents\GitHub\Godot-game-development-codex\build\melee_trail_review\measured_dense\knife_long\knife\225\040.png'
01:46.891  render           | Saved: 'C:\Users\gil_n\Documents\GitHub\Godot-game-development-codex\build\melee_trail_review\measured_dense\knife_long\knife\225\041.png'
01:47.032  render           | Saved: 'C:\Users\gil_n\Documents\GitHub\Godot-game-development-codex\build\melee_trail_review\measured_dense\knife_long\knife\225\042.png'
01:47.188  render           | Saved: 'C:\Users\gil_n\Documents\GitHub\Godot-game-development-codex\build\melee_trail_review\measured_dense\knife_long\knife\225\043.png'
01:47.344  render           | Saved: 'C:\Users\gil_n\Documents\GitHub\Godot-game-development-codex\build\melee_trail_review\measured_dense\knife_long\knife\225\044.png'
01:47.485  render           | Saved: 'C:\Users\gil_n\Documents\GitHub\Godot-game-development-codex\build\melee_trail_review\measured_dense\knife_long\knife\225\045.png'
01:47.641  render           | Saved: 'C:\Users\gil_n\Documents\GitHub\Godot-game-development-codex\build\melee_trail_review\measured_dense\knife_long\knife\225\046.png'
01:47.797  render           | Saved: 'C:\Users\gil_n\Documents\GitHub\Godot-game-development-codex\build\melee_trail_review\measured_dense\knife_long\knife\225\047.png'
01:47.938  render           | Saved: 'C:\Users\gil_n\Documents\GitHub\Godot-game-development-codex\build\melee_trail_review\measured_dense\knife_long\knife\225\048.png'
01:48.094  render           | Saved: 'C:\Users\gil_n\Documents\GitHub\Godot-game-development-codex\build\melee_trail_review\measured_dense\knife_long\knife\225\049.png'
01:48.250  render           | Saved: 'C:\Users\gil_n\Documents\GitHub\Godot-game-development-codex\build\melee_trail_review\measured_dense\knife_long\knife\225\050.png'
01:48.391  render           | Saved: 'C:\Users\gil_n\Documents\GitHub\Godot-game-development-codex\build\melee_trail_review\measured_dense\knife_long\knife\225\051.png'
01:48.563  render           | Saved: 'C:\Users\gil_n\Documents\GitHub\Godot-game-development-codex\build\melee_trail_review\measured_dense\knife_long\knife\225\052.png'
01:48.703  render           | Saved: 'C:\Users\gil_n\Documents\GitHub\Godot-game-development-codex\build\melee_trail_review\measured_dense\knife_long\knife\225\053.png'
01:48.860  render           | Saved: 'C:\Users\gil_n\Documents\GitHub\Godot-game-development-codex\build\melee_trail_review\measured_dense\knife_long\knife\225\054.png'
01:49.000  render           | Saved: 'C:\Users\gil_n\Documents\GitHub\Godot-game-development-codex\build\melee_trail_review\measured_dense\knife_long\knife\225\055.png'
01:49.157  render           | Saved: 'C:\Users\gil_n\Documents\GitHub\Godot-game-development-codex\build\melee_trail_review\measured_dense\knife_long\knife\225\056.png'
01:49.313  render           | Saved: 'C:\Users\gil_n\Documents\GitHub\Godot-game-development-codex\build\melee_trail_review\measured_dense\knife_long\knife\225\057.png'
01:49.453  render           | Saved: 'C:\Users\gil_n\Documents\GitHub\Godot-game-development-codex\build\melee_trail_review\measured_dense\knife_long\knife\225\058.png'
01:49.610  render           | Saved: 'C:\Users\gil_n\Documents\GitHub\Godot-game-development-codex\build\melee_trail_review\measured_dense\knife_long\knife\225\059.png'
01:49.750  render           | Saved: 'C:\Users\gil_n\Documents\GitHub\Godot-game-development-codex\build\melee_trail_review\measured_dense\knife_long\knife\225\060.png'
01:49.907  render           | Saved: 'C:\Users\gil_n\Documents\GitHub\Godot-game-development-codex\build\melee_trail_review\measured_dense\knife_long\knife\225\061.png'
01:50.063  render           | Saved: 'C:\Users\gil_n\Documents\GitHub\Godot-game-development-codex\build\melee_trail_review\measured_dense\knife_long\knife\225\062.png'
01:50.203  render           | Saved: 'C:\Users\gil_n\Documents\GitHub\Godot-game-development-codex\build\melee_trail_review\measured_dense\knife_long\knife\225\063.png'
01:50.360  render           | Saved: 'C:\Users\gil_n\Documents\GitHub\Godot-game-development-codex\build\melee_trail_review\measured_dense\knife_long\knife\225\064.png'
01:50.516  render           | Saved: 'C:\Users\gil_n\Documents\GitHub\Godot-game-development-codex\build\melee_trail_review\measured_dense\knife_long\knife\247.5\000.png'
01:50.672  render           | Saved: 'C:\Users\gil_n\Documents\GitHub\Godot-game-development-codex\build\melee_trail_review\measured_dense\knife_long\knife\247.5\001.png'
01:50.828  render           | Saved: 'C:\Users\gil_n\Documents\GitHub\Godot-game-development-codex\build\melee_trail_review\measured_dense\knife_long\knife\247.5\002.png'
01:50.969  render           | Saved: 'C:\Users\gil_n\Documents\GitHub\Godot-game-development-codex\build\melee_trail_review\measured_dense\knife_long\knife\247.5\003.png'
01:51.125  render           | Saved: 'C:\Users\gil_n\Documents\GitHub\Godot-game-development-codex\build\melee_trail_review\measured_dense\knife_long\knife\247.5\004.png'
01:51.282  render           | Saved: 'C:\Users\gil_n\Documents\GitHub\Godot-game-development-codex\build\melee_trail_review\measured_dense\knife_long\knife\247.5\005.png'
01:51.422  render           | Saved: 'C:\Users\gil_n\Documents\GitHub\Godot-game-development-codex\build\melee_trail_review\measured_dense\knife_long\knife\247.5\006.png'
01:51.578  render           | Saved: 'C:\Users\gil_n\Documents\GitHub\Godot-game-development-codex\build\melee_trail_review\measured_dense\knife_long\knife\247.5\007.png'
01:51.735  render           | Saved: 'C:\Users\gil_n\Documents\GitHub\Godot-game-development-codex\build\melee_trail_review\measured_dense\knife_long\knife\247.5\008.png'
01:51.875  render           | Saved: 'C:\Users\gil_n\Documents\GitHub\Godot-game-development-codex\build\melee_trail_review\measured_dense\knife_long\knife\247.5\009.png'
01:52.032  render           | Saved: 'C:\Users\gil_n\Documents\GitHub\Godot-game-development-codex\build\melee_trail_review\measured_dense\knife_long\knife\247.5\010.png'
01:52.172  render           | Saved: 'C:\Users\gil_n\Documents\GitHub\Godot-game-development-codex\build\melee_trail_review\measured_dense\knife_long\knife\247.5\011.png'
01:52.328  render           | Saved: 'C:\Users\gil_n\Documents\GitHub\Godot-game-development-codex\build\melee_trail_review\measured_dense\knife_long\knife\247.5\012.png'
01:52.469  render           | Saved: 'C:\Users\gil_n\Documents\GitHub\Godot-game-development-codex\build\melee_trail_review\measured_dense\knife_long\knife\247.5\013.png'
01:52.625  render           | Saved: 'C:\Users\gil_n\Documents\GitHub\Godot-game-development-codex\build\melee_trail_review\measured_dense\knife_long\knife\247.5\014.png'
01:52.766  render           | Saved: 'C:\Users\gil_n\Documents\GitHub\Godot-game-development-codex\build\melee_trail_review\measured_dense\knife_long\knife\247.5\015.png'
01:52.922  render           | Saved: 'C:\Users\gil_n\Documents\GitHub\Godot-game-development-codex\build\melee_trail_review\measured_dense\knife_long\knife\247.5\016.png'
01:53.078  render           | Saved: 'C:\Users\gil_n\Documents\GitHub\Godot-game-development-codex\build\melee_trail_review\measured_dense\knife_long\knife\247.5\017.png'
01:53.219  render           | Saved: 'C:\Users\gil_n\Documents\GitHub\Godot-game-development-codex\build\melee_trail_review\measured_dense\knife_long\knife\247.5\018.png'
01:53.375  render           | Saved: 'C:\Users\gil_n\Documents\GitHub\Godot-game-development-codex\build\melee_trail_review\measured_dense\knife_long\knife\247.5\019.png'
01:53.516  render           | Saved: 'C:\Users\gil_n\Documents\GitHub\Godot-game-development-codex\build\melee_trail_review\measured_dense\knife_long\knife\247.5\020.png'
01:53.672  render           | Saved: 'C:\Users\gil_n\Documents\GitHub\Godot-game-development-codex\build\melee_trail_review\measured_dense\knife_long\knife\247.5\021.png'
01:53.828  render           | Saved: 'C:\Users\gil_n\Documents\GitHub\Godot-game-development-codex\build\melee_trail_review\measured_dense\knife_long\knife\247.5\022.png'
01:53.969  render           | Saved: 'C:\Users\gil_n\Documents\GitHub\Godot-game-development-codex\build\melee_trail_review\measured_dense\knife_long\knife\247.5\023.png'
01:54.125  render           | Saved: 'C:\Users\gil_n\Documents\GitHub\Godot-game-development-codex\build\melee_trail_review\measured_dense\knife_long\knife\247.5\024.png'
01:54.266  render           | Saved: 'C:\Users\gil_n\Documents\GitHub\Godot-game-development-codex\build\melee_trail_review\measured_dense\knife_long\knife\247.5\025.png'
01:54.422  render           | Saved: 'C:\Users\gil_n\Documents\GitHub\Godot-game-development-codex\build\melee_trail_review\measured_dense\knife_long\knife\247.5\026.png'
01:54.578  render           | Saved: 'C:\Users\gil_n\Documents\GitHub\Godot-game-development-codex\build\melee_trail_review\measured_dense\knife_long\knife\247.5\027.png'
01:54.719  render           | Saved: 'C:\Users\gil_n\Documents\GitHub\Godot-game-development-codex\build\melee_trail_review\measured_dense\knife_long\knife\247.5\028.png'
01:54.875  render           | Saved: 'C:\Users\gil_n\Documents\GitHub\Godot-game-development-codex\build\melee_trail_review\measured_dense\knife_long\knife\247.5\029.png'
01:55.032  render           | Saved: 'C:\Users\gil_n\Documents\GitHub\Godot-game-development-codex\build\melee_trail_review\measured_dense\knife_long\knife\247.5\030.png'
01:55.172  render           | Saved: 'C:\Users\gil_n\Documents\GitHub\Godot-game-development-codex\build\melee_trail_review\measured_dense\knife_long\knife\247.5\031.png'
01:55.328  render           | Saved: 'C:\Users\gil_n\Documents\GitHub\Godot-game-development-codex\build\melee_trail_review\measured_dense\knife_long\knife\247.5\032.png'
01:55.485  render           | Saved: 'C:\Users\gil_n\Documents\GitHub\Godot-game-development-codex\build\melee_trail_review\measured_dense\knife_long\knife\247.5\033.png'
01:55.625  render           | Saved: 'C:\Users\gil_n\Documents\GitHub\Godot-game-development-codex\build\melee_trail_review\measured_dense\knife_long\knife\247.5\034.png'
01:55.782  render           | Saved: 'C:\Users\gil_n\Documents\GitHub\Godot-game-development-codex\build\melee_trail_review\measured_dense\knife_long\knife\247.5\035.png'
01:55.922  render           | Saved: 'C:\Users\gil_n\Documents\GitHub\Godot-game-development-codex\build\melee_trail_review\measured_dense\knife_long\knife\247.5\036.png'
01:56.078  render           | Saved: 'C:\Users\gil_n\Documents\GitHub\Godot-game-development-codex\build\melee_trail_review\measured_dense\knife_long\knife\247.5\037.png'
01:56.235  render           | Saved: 'C:\Users\gil_n\Documents\GitHub\Godot-game-development-codex\build\melee_trail_review\measured_dense\knife_long\knife\247.5\038.png'
01:56.375  render           | Saved: 'C:\Users\gil_n\Documents\GitHub\Godot-game-development-codex\build\melee_trail_review\measured_dense\knife_long\knife\247.5\039.png'
01:56.516  render           | Saved: 'C:\Users\gil_n\Documents\GitHub\Godot-game-development-codex\build\melee_trail_review\measured_dense\knife_long\knife\247.5\040.png'
01:56.672  render           | Saved: 'C:\Users\gil_n\Documents\GitHub\Godot-game-development-codex\build\melee_trail_review\measured_dense\knife_long\knife\247.5\041.png'
01:56.828  render           | Saved: 'C:\Users\gil_n\Documents\GitHub\Godot-game-development-codex\build\melee_trail_review\measured_dense\knife_long\knife\247.5\042.png'
01:56.969  render           | Saved: 'C:\Users\gil_n\Documents\GitHub\Godot-game-development-codex\build\melee_trail_review\measured_dense\knife_long\knife\247.5\043.png'
01:57.125  render           | Saved: 'C:\Users\gil_n\Documents\GitHub\Godot-game-development-codex\build\melee_trail_review\measured_dense\knife_long\knife\247.5\044.png'
01:57.266  render           | Saved: 'C:\Users\gil_n\Documents\GitHub\Godot-game-development-codex\build\melee_trail_review\measured_dense\knife_long\knife\247.5\045.png'
01:57.422  render           | Saved: 'C:\Users\gil_n\Documents\GitHub\Godot-game-development-codex\build\melee_trail_review\measured_dense\knife_long\knife\247.5\046.png'
01:57.563  render           | Saved: 'C:\Users\gil_n\Documents\GitHub\Godot-game-development-codex\build\melee_trail_review\measured_dense\knife_long\knife\247.5\047.png'
01:57.719  render           | Saved: 'C:\Users\gil_n\Documents\GitHub\Godot-game-development-codex\build\melee_trail_review\measured_dense\knife_long\knife\247.5\048.png'
01:57.860  render           | Saved: 'C:\Users\gil_n\Documents\GitHub\Godot-game-development-codex\build\melee_trail_review\measured_dense\knife_long\knife\247.5\049.png'
01:58.016  render           | Saved: 'C:\Users\gil_n\Documents\GitHub\Godot-game-development-codex\build\melee_trail_review\measured_dense\knife_long\knife\247.5\050.png'
01:58.172  render           | Saved: 'C:\Users\gil_n\Documents\GitHub\Godot-game-development-codex\build\melee_trail_review\measured_dense\knife_long\knife\247.5\051.png'
01:58.313  render           | Saved: 'C:\Users\gil_n\Documents\GitHub\Godot-game-development-codex\build\melee_trail_review\measured_dense\knife_long\knife\247.5\052.png'
01:58.469  render           | Saved: 'C:\Users\gil_n\Documents\GitHub\Godot-game-development-codex\build\melee_trail_review\measured_dense\knife_long\knife\247.5\053.png'
01:58.625  render           | Saved: 'C:\Users\gil_n\Documents\GitHub\Godot-game-development-codex\build\melee_trail_review\measured_dense\knife_long\knife\247.5\054.png'
01:58.766  render           | Saved: 'C:\Users\gil_n\Documents\GitHub\Godot-game-development-codex\build\melee_trail_review\measured_dense\knife_long\knife\247.5\055.png'
01:58.922  render           | Saved: 'C:\Users\gil_n\Documents\GitHub\Godot-game-development-codex\build\melee_trail_review\measured_dense\knife_long\knife\247.5\056.png'
01:59.078  render           | Saved: 'C:\Users\gil_n\Documents\GitHub\Godot-game-development-codex\build\melee_trail_review\measured_dense\knife_long\knife\247.5\057.png'
01:59.235  render           | Saved: 'C:\Users\gil_n\Documents\GitHub\Godot-game-development-codex\build\melee_trail_review\measured_dense\knife_long\knife\247.5\058.png'
01:59.375  render           | Saved: 'C:\Users\gil_n\Documents\GitHub\Godot-game-development-codex\build\melee_trail_review\measured_dense\knife_long\knife\247.5\059.png'
01:59.532  render           | Saved: 'C:\Users\gil_n\Documents\GitHub\Godot-game-development-codex\build\melee_trail_review\measured_dense\knife_long\knife\247.5\060.png'
01:59.672  render           | Saved: 'C:\Users\gil_n\Documents\GitHub\Godot-game-development-codex\build\melee_trail_review\measured_dense\knife_long\knife\247.5\061.png'
01:59.828  render           | Saved: 'C:\Users\gil_n\Documents\GitHub\Godot-game-development-codex\build\melee_trail_review\measured_dense\knife_long\knife\247.5\062.png'
01:59.985  render           | Saved: 'C:\Users\gil_n\Documents\GitHub\Godot-game-development-codex\build\melee_trail_review\measured_dense\knife_long\knife\247.5\063.png'
02:00.141  render           | Saved: 'C:\Users\gil_n\Documents\GitHub\Godot-game-development-codex\build\melee_trail_review\measured_dense\knife_long\knife\247.5\064.png'
02:00.297  render           | Saved: 'C:\Users\gil_n\Documents\GitHub\Godot-game-development-codex\build\melee_trail_review\measured_dense\knife_long\knife\270\000.png'
02:00.438  render           | Saved: 'C:\Users\gil_n\Documents\GitHub\Godot-game-development-codex\build\melee_trail_review\measured_dense\knife_long\knife\270\001.png'
02:00.594  render           | Saved: 'C:\Users\gil_n\Documents\GitHub\Godot-game-development-codex\build\melee_trail_review\measured_dense\knife_long\knife\270\002.png'
02:00.735  render           | Saved: 'C:\Users\gil_n\Documents\GitHub\Godot-game-development-codex\build\melee_trail_review\measured_dense\knife_long\knife\270\003.png'
02:00.891  render           | Saved: 'C:\Users\gil_n\Documents\GitHub\Godot-game-development-codex\build\melee_trail_review\measured_dense\knife_long\knife\270\004.png'
02:01.032  render           | Saved: 'C:\Users\gil_n\Documents\GitHub\Godot-game-development-codex\build\melee_trail_review\measured_dense\knife_long\knife\270\005.png'
02:01.188  render           | Saved: 'C:\Users\gil_n\Documents\GitHub\Godot-game-development-codex\build\melee_trail_review\measured_dense\knife_long\knife\270\006.png'
02:01.344  render           | Saved: 'C:\Users\gil_n\Documents\GitHub\Godot-game-development-codex\build\melee_trail_review\measured_dense\knife_long\knife\270\007.png'
02:01.485  render           | Saved: 'C:\Users\gil_n\Documents\GitHub\Godot-game-development-codex\build\melee_trail_review\measured_dense\knife_long\knife\270\008.png'
02:01.641  render           | Saved: 'C:\Users\gil_n\Documents\GitHub\Godot-game-development-codex\build\melee_trail_review\measured_dense\knife_long\knife\270\009.png'
02:01.782  render           | Saved: 'C:\Users\gil_n\Documents\GitHub\Godot-game-development-codex\build\melee_trail_review\measured_dense\knife_long\knife\270\010.png'
02:01.938  render           | Saved: 'C:\Users\gil_n\Documents\GitHub\Godot-game-development-codex\build\melee_trail_review\measured_dense\knife_long\knife\270\011.png'
02:02.078  render           | Saved: 'C:\Users\gil_n\Documents\GitHub\Godot-game-development-codex\build\melee_trail_review\measured_dense\knife_long\knife\270\012.png'
02:02.235  render           | Saved: 'C:\Users\gil_n\Documents\GitHub\Godot-game-development-codex\build\melee_trail_review\measured_dense\knife_long\knife\270\013.png'
02:02.391  render           | Saved: 'C:\Users\gil_n\Documents\GitHub\Godot-game-development-codex\build\melee_trail_review\measured_dense\knife_long\knife\270\014.png'
02:02.532  render           | Saved: 'C:\Users\gil_n\Documents\GitHub\Godot-game-development-codex\build\melee_trail_review\measured_dense\knife_long\knife\270\015.png'
02:02.688  render           | Saved: 'C:\Users\gil_n\Documents\GitHub\Godot-game-development-codex\build\melee_trail_review\measured_dense\knife_long\knife\270\016.png'
02:02.844  render           | Saved: 'C:\Users\gil_n\Documents\GitHub\Godot-game-development-codex\build\melee_trail_review\measured_dense\knife_long\knife\270\017.png'
02:02.985  render           | Saved: 'C:\Users\gil_n\Documents\GitHub\Godot-game-development-codex\build\melee_trail_review\measured_dense\knife_long\knife\270\018.png'
02:03.141  render           | Saved: 'C:\Users\gil_n\Documents\GitHub\Godot-game-development-codex\build\melee_trail_review\measured_dense\knife_long\knife\270\019.png'
02:03.297  render           | Saved: 'C:\Users\gil_n\Documents\GitHub\Godot-game-development-codex\build\melee_trail_review\measured_dense\knife_long\knife\270\020.png'
02:03.438  render           | Saved: 'C:\Users\gil_n\Documents\GitHub\Godot-game-development-codex\build\melee_trail_review\measured_dense\knife_long\knife\270\021.png'
02:03.594  render           | Saved: 'C:\Users\gil_n\Documents\GitHub\Godot-game-development-codex\build\melee_trail_review\measured_dense\knife_long\knife\270\022.png'
02:03.735  render           | Saved: 'C:\Users\gil_n\Documents\GitHub\Godot-game-development-codex\build\melee_trail_review\measured_dense\knife_long\knife\270\023.png'
02:03.891  render           | Saved: 'C:\Users\gil_n\Documents\GitHub\Godot-game-development-codex\build\melee_trail_review\measured_dense\knife_long\knife\270\024.png'
02:04.047  render           | Saved: 'C:\Users\gil_n\Documents\GitHub\Godot-game-development-codex\build\melee_trail_review\measured_dense\knife_long\knife\270\025.png'
02:04.188  render           | Saved: 'C:\Users\gil_n\Documents\GitHub\Godot-game-development-codex\build\melee_trail_review\measured_dense\knife_long\knife\270\026.png'
02:04.344  render           | Saved: 'C:\Users\gil_n\Documents\GitHub\Godot-game-development-codex\build\melee_trail_review\measured_dense\knife_long\knife\270\027.png'
02:04.500  render           | Saved: 'C:\Users\gil_n\Documents\GitHub\Godot-game-development-codex\build\melee_trail_review\measured_dense\knife_long\knife\270\028.png'
02:04.641  render           | Saved: 'C:\Users\gil_n\Documents\GitHub\Godot-game-development-codex\build\melee_trail_review\measured_dense\knife_long\knife\270\029.png'
02:04.797  render           | Saved: 'C:\Users\gil_n\Documents\GitHub\Godot-game-development-codex\build\melee_trail_review\measured_dense\knife_long\knife\270\030.png'
02:04.938  render           | Saved: 'C:\Users\gil_n\Documents\GitHub\Godot-game-development-codex\build\melee_trail_review\measured_dense\knife_long\knife\270\031.png'
02:05.094  render           | Saved: 'C:\Users\gil_n\Documents\GitHub\Godot-game-development-codex\build\melee_trail_review\measured_dense\knife_long\knife\270\032.png'
02:05.250  render           | Saved: 'C:\Users\gil_n\Documents\GitHub\Godot-game-development-codex\build\melee_trail_review\measured_dense\knife_long\knife\270\033.png'
02:05.391  render           | Saved: 'C:\Users\gil_n\Documents\GitHub\Godot-game-development-codex\build\melee_trail_review\measured_dense\knife_long\knife\270\034.png'
02:05.547  render           | Saved: 'C:\Users\gil_n\Documents\GitHub\Godot-game-development-codex\build\melee_trail_review\measured_dense\knife_long\knife\270\035.png'
02:05.703  render           | Saved: 'C:\Users\gil_n\Documents\GitHub\Godot-game-development-codex\build\melee_trail_review\measured_dense\knife_long\knife\270\036.png'
02:05.844  render           | Saved: 'C:\Users\gil_n\Documents\GitHub\Godot-game-development-codex\build\melee_trail_review\measured_dense\knife_long\knife\270\037.png'
02:06.000  render           | Saved: 'C:\Users\gil_n\Documents\GitHub\Godot-game-development-codex\build\melee_trail_review\measured_dense\knife_long\knife\270\038.png'
02:06.141  render           | Saved: 'C:\Users\gil_n\Documents\GitHub\Godot-game-development-codex\build\melee_trail_review\measured_dense\knife_long\knife\270\039.png'
02:06.297  render           | Saved: 'C:\Users\gil_n\Documents\GitHub\Godot-game-development-codex\build\melee_trail_review\measured_dense\knife_long\knife\270\040.png'
02:06.453  render           | Saved: 'C:\Users\gil_n\Documents\GitHub\Godot-game-development-codex\build\melee_trail_review\measured_dense\knife_long\knife\270\041.png'
02:06.610  render           | Saved: 'C:\Users\gil_n\Documents\GitHub\Godot-game-development-codex\build\melee_trail_review\measured_dense\knife_long\knife\270\042.png'
02:06.750  render           | Saved: 'C:\Users\gil_n\Documents\GitHub\Godot-game-development-codex\build\melee_trail_review\measured_dense\knife_long\knife\270\043.png'
02:06.907  render           | Saved: 'C:\Users\gil_n\Documents\GitHub\Godot-game-development-codex\build\melee_trail_review\measured_dense\knife_long\knife\270\044.png'
02:07.063  render           | Saved: 'C:\Users\gil_n\Documents\GitHub\Godot-game-development-codex\build\melee_trail_review\measured_dense\knife_long\knife\270\045.png'
02:07.203  render           | Saved: 'C:\Users\gil_n\Documents\GitHub\Godot-game-development-codex\build\melee_trail_review\measured_dense\knife_long\knife\270\046.png'
02:07.360  render           | Saved: 'C:\Users\gil_n\Documents\GitHub\Godot-game-development-codex\build\melee_trail_review\measured_dense\knife_long\knife\270\047.png'
02:07.516  render           | Saved: 'C:\Users\gil_n\Documents\GitHub\Godot-game-development-codex\build\melee_trail_review\measured_dense\knife_long\knife\270\048.png'
02:07.657  render           | Saved: 'C:\Users\gil_n\Documents\GitHub\Godot-game-development-codex\build\melee_trail_review\measured_dense\knife_long\knife\270\049.png'
02:07.813  render           | Saved: 'C:\Users\gil_n\Documents\GitHub\Godot-game-development-codex\build\melee_trail_review\measured_dense\knife_long\knife\270\050.png'
02:07.953  render           | Saved: 'C:\Users\gil_n\Documents\GitHub\Godot-game-development-codex\build\melee_trail_review\measured_dense\knife_long\knife\270\051.png'
02:08.110  render           | Saved: 'C:\Users\gil_n\Documents\GitHub\Godot-game-development-codex\build\melee_trail_review\measured_dense\knife_long\knife\270\052.png'
02:08.266  render           | Saved: 'C:\Users\gil_n\Documents\GitHub\Godot-game-development-codex\build\melee_trail_review\measured_dense\knife_long\knife\270\053.png'
02:08.407  render           | Saved: 'C:\Users\gil_n\Documents\GitHub\Godot-game-development-codex\build\melee_trail_review\measured_dense\knife_long\knife\270\054.png'
02:08.563  render           | Saved: 'C:\Users\gil_n\Documents\GitHub\Godot-game-development-codex\build\melee_trail_review\measured_dense\knife_long\knife\270\055.png'
02:08.703  render           | Saved: 'C:\Users\gil_n\Documents\GitHub\Godot-game-development-codex\build\melee_trail_review\measured_dense\knife_long\knife\270\056.png'
02:08.860  render           | Saved: 'C:\Users\gil_n\Documents\GitHub\Godot-game-development-codex\build\melee_trail_review\measured_dense\knife_long\knife\270\057.png'
02:09.016  render           | Saved: 'C:\Users\gil_n\Documents\GitHub\Godot-game-development-codex\build\melee_trail_review\measured_dense\knife_long\knife\270\058.png'
02:09.157  render           | Saved: 'C:\Users\gil_n\Documents\GitHub\Godot-game-development-codex\build\melee_trail_review\measured_dense\knife_long\knife\270\059.png'
02:09.313  render           | Saved: 'C:\Users\gil_n\Documents\GitHub\Godot-game-development-codex\build\melee_trail_review\measured_dense\knife_long\knife\270\060.png'
02:09.469  render           | Saved: 'C:\Users\gil_n\Documents\GitHub\Godot-game-development-codex\build\melee_trail_review\measured_dense\knife_long\knife\270\061.png'
02:09.610  render           | Saved: 'C:\Users\gil_n\Documents\GitHub\Godot-game-development-codex\build\melee_trail_review\measured_dense\knife_long\knife\270\062.png'
02:09.766  render           | Saved: 'C:\Users\gil_n\Documents\GitHub\Godot-game-development-codex\build\melee_trail_review\measured_dense\knife_long\knife\270\063.png'
02:09.907  render           | Saved: 'C:\Users\gil_n\Documents\GitHub\Godot-game-development-codex\build\melee_trail_review\measured_dense\knife_long\knife\270\064.png'
02:10.078  render           | Saved: 'C:\Users\gil_n\Documents\GitHub\Godot-game-development-codex\build\melee_trail_review\measured_dense\knife_long\knife\292.5\000.png'
02:10.235  render           | Saved: 'C:\Users\gil_n\Documents\GitHub\Godot-game-development-codex\build\melee_trail_review\measured_dense\knife_long\knife\292.5\001.png'
02:10.391  render           | Saved: 'C:\Users\gil_n\Documents\GitHub\Godot-game-development-codex\build\melee_trail_review\measured_dense\knife_long\knife\292.5\002.png'
02:10.563  render           | Saved: 'C:\Users\gil_n\Documents\GitHub\Godot-game-development-codex\build\melee_trail_review\measured_dense\knife_long\knife\292.5\003.png'
02:10.719  render           | Saved: 'C:\Users\gil_n\Documents\GitHub\Godot-game-development-codex\build\melee_trail_review\measured_dense\knife_long\knife\292.5\004.png'
02:10.875  render           | Saved: 'C:\Users\gil_n\Documents\GitHub\Godot-game-development-codex\build\melee_trail_review\measured_dense\knife_long\knife\292.5\005.png'
02:11.047  render           | Saved: 'C:\Users\gil_n\Documents\GitHub\Godot-game-development-codex\build\melee_trail_review\measured_dense\knife_long\knife\292.5\006.png'
02:11.203  render           | Saved: 'C:\Users\gil_n\Documents\GitHub\Godot-game-development-codex\build\melee_trail_review\measured_dense\knife_long\knife\292.5\007.png'
02:11.375  render           | Saved: 'C:\Users\gil_n\Documents\GitHub\Godot-game-development-codex\build\melee_trail_review\measured_dense\knife_long\knife\292.5\008.png'
02:11.532  render           | Saved: 'C:\Users\gil_n\Documents\GitHub\Godot-game-development-codex\build\melee_trail_review\measured_dense\knife_long\knife\292.5\009.png'
02:11.688  render           | Saved: 'C:\Users\gil_n\Documents\GitHub\Godot-game-development-codex\build\melee_trail_review\measured_dense\knife_long\knife\292.5\010.png'
02:11.844  render           | Saved: 'C:\Users\gil_n\Documents\GitHub\Godot-game-development-codex\build\melee_trail_review\measured_dense\knife_long\knife\292.5\011.png'
02:12.016  render           | Saved: 'C:\Users\gil_n\Documents\GitHub\Godot-game-development-codex\build\melee_trail_review\measured_dense\knife_long\knife\292.5\012.png'
02:12.172  render           | Saved: 'C:\Users\gil_n\Documents\GitHub\Godot-game-development-codex\build\melee_trail_review\measured_dense\knife_long\knife\292.5\013.png'
02:12.328  render           | Saved: 'C:\Users\gil_n\Documents\GitHub\Godot-game-development-codex\build\melee_trail_review\measured_dense\knife_long\knife\292.5\014.png'
02:12.485  render           | Saved: 'C:\Users\gil_n\Documents\GitHub\Godot-game-development-codex\build\melee_trail_review\measured_dense\knife_long\knife\292.5\015.png'
02:12.625  render           | Saved: 'C:\Users\gil_n\Documents\GitHub\Godot-game-development-codex\build\melee_trail_review\measured_dense\knife_long\knife\292.5\016.png'
02:12.782  render           | Saved: 'C:\Users\gil_n\Documents\GitHub\Godot-game-development-codex\build\melee_trail_review\measured_dense\knife_long\knife\292.5\017.png'
02:12.938  render           | Saved: 'C:\Users\gil_n\Documents\GitHub\Godot-game-development-codex\build\melee_trail_review\measured_dense\knife_long\knife\292.5\018.png'
02:13.094  render           | Saved: 'C:\Users\gil_n\Documents\GitHub\Godot-game-development-codex\build\melee_trail_review\measured_dense\knife_long\knife\292.5\019.png'
02:13.235  render           | Saved: 'C:\Users\gil_n\Documents\GitHub\Godot-game-development-codex\build\melee_trail_review\measured_dense\knife_long\knife\292.5\020.png'
02:13.391  render           | Saved: 'C:\Users\gil_n\Documents\GitHub\Godot-game-development-codex\build\melee_trail_review\measured_dense\knife_long\knife\292.5\021.png'
02:13.532  render           | Saved: 'C:\Users\gil_n\Documents\GitHub\Godot-game-development-codex\build\melee_trail_review\measured_dense\knife_long\knife\292.5\022.png'
02:13.688  render           | Saved: 'C:\Users\gil_n\Documents\GitHub\Godot-game-development-codex\build\melee_trail_review\measured_dense\knife_long\knife\292.5\023.png'
02:13.828  render           | Saved: 'C:\Users\gil_n\Documents\GitHub\Godot-game-development-codex\build\melee_trail_review\measured_dense\knife_long\knife\292.5\024.png'
02:13.985  render           | Saved: 'C:\Users\gil_n\Documents\GitHub\Godot-game-development-codex\build\melee_trail_review\measured_dense\knife_long\knife\292.5\025.png'
02:14.141  render           | Saved: 'C:\Users\gil_n\Documents\GitHub\Godot-game-development-codex\build\melee_trail_review\measured_dense\knife_long\knife\292.5\026.png'
02:14.282  render           | Saved: 'C:\Users\gil_n\Documents\GitHub\Godot-game-development-codex\build\melee_trail_review\measured_dense\knife_long\knife\292.5\027.png'
02:14.438  render           | Saved: 'C:\Users\gil_n\Documents\GitHub\Godot-game-development-codex\build\melee_trail_review\measured_dense\knife_long\knife\292.5\028.png'
02:14.578  render           | Saved: 'C:\Users\gil_n\Documents\GitHub\Godot-game-development-codex\build\melee_trail_review\measured_dense\knife_long\knife\292.5\029.png'
02:14.735  render           | Saved: 'C:\Users\gil_n\Documents\GitHub\Godot-game-development-codex\build\melee_trail_review\measured_dense\knife_long\knife\292.5\030.png'
02:14.875  render           | Saved: 'C:\Users\gil_n\Documents\GitHub\Godot-game-development-codex\build\melee_trail_review\measured_dense\knife_long\knife\292.5\031.png'
02:15.032  render           | Saved: 'C:\Users\gil_n\Documents\GitHub\Godot-game-development-codex\build\melee_trail_review\measured_dense\knife_long\knife\292.5\032.png'
02:15.188  render           | Saved: 'C:\Users\gil_n\Documents\GitHub\Godot-game-development-codex\build\melee_trail_review\measured_dense\knife_long\knife\292.5\033.png'
02:15.344  render           | Saved: 'C:\Users\gil_n\Documents\GitHub\Godot-game-development-codex\build\melee_trail_review\measured_dense\knife_long\knife\292.5\034.png'
02:15.500  render           | Saved: 'C:\Users\gil_n\Documents\GitHub\Godot-game-development-codex\build\melee_trail_review\measured_dense\knife_long\knife\292.5\035.png'
02:15.641  render           | Saved: 'C:\Users\gil_n\Documents\GitHub\Godot-game-development-codex\build\melee_trail_review\measured_dense\knife_long\knife\292.5\036.png'
02:15.797  render           | Saved: 'C:\Users\gil_n\Documents\GitHub\Godot-game-development-codex\build\melee_trail_review\measured_dense\knife_long\knife\292.5\037.png'
02:15.938  render           | Saved: 'C:\Users\gil_n\Documents\GitHub\Godot-game-development-codex\build\melee_trail_review\measured_dense\knife_long\knife\292.5\038.png'
02:16.094  render           | Saved: 'C:\Users\gil_n\Documents\GitHub\Godot-game-development-codex\build\melee_trail_review\measured_dense\knife_long\knife\292.5\039.png'
02:16.235  render           | Saved: 'C:\Users\gil_n\Documents\GitHub\Godot-game-development-codex\build\melee_trail_review\measured_dense\knife_long\knife\292.5\040.png'
02:16.391  render           | Saved: 'C:\Users\gil_n\Documents\GitHub\Godot-game-development-codex\build\melee_trail_review\measured_dense\knife_long\knife\292.5\041.png'
02:16.532  render           | Saved: 'C:\Users\gil_n\Documents\GitHub\Godot-game-development-codex\build\melee_trail_review\measured_dense\knife_long\knife\292.5\042.png'
02:16.688  render           | Saved: 'C:\Users\gil_n\Documents\GitHub\Godot-game-development-codex\build\melee_trail_review\measured_dense\knife_long\knife\292.5\043.png'
02:16.844  render           | Saved: 'C:\Users\gil_n\Documents\GitHub\Godot-game-development-codex\build\melee_trail_review\measured_dense\knife_long\knife\292.5\044.png'
02:16.985  render           | Saved: 'C:\Users\gil_n\Documents\GitHub\Godot-game-development-codex\build\melee_trail_review\measured_dense\knife_long\knife\292.5\045.png'
02:17.141  render           | Saved: 'C:\Users\gil_n\Documents\GitHub\Godot-game-development-codex\build\melee_trail_review\measured_dense\knife_long\knife\292.5\046.png'
02:17.282  render           | Saved: 'C:\Users\gil_n\Documents\GitHub\Godot-game-development-codex\build\melee_trail_review\measured_dense\knife_long\knife\292.5\047.png'
02:17.438  render           | Saved: 'C:\Users\gil_n\Documents\GitHub\Godot-game-development-codex\build\melee_trail_review\measured_dense\knife_long\knife\292.5\048.png'
02:17.578  render           | Saved: 'C:\Users\gil_n\Documents\GitHub\Godot-game-development-codex\build\melee_trail_review\measured_dense\knife_long\knife\292.5\049.png'
02:17.735  render           | Saved: 'C:\Users\gil_n\Documents\GitHub\Godot-game-development-codex\build\melee_trail_review\measured_dense\knife_long\knife\292.5\050.png'
02:17.891  render           | Saved: 'C:\Users\gil_n\Documents\GitHub\Godot-game-development-codex\build\melee_trail_review\measured_dense\knife_long\knife\292.5\051.png'
02:18.032  render           | Saved: 'C:\Users\gil_n\Documents\GitHub\Godot-game-development-codex\build\melee_trail_review\measured_dense\knife_long\knife\292.5\052.png'
02:18.188  render           | Saved: 'C:\Users\gil_n\Documents\GitHub\Godot-game-development-codex\build\melee_trail_review\measured_dense\knife_long\knife\292.5\053.png'
02:18.328  render           | Saved: 'C:\Users\gil_n\Documents\GitHub\Godot-game-development-codex\build\melee_trail_review\measured_dense\knife_long\knife\292.5\054.png'
02:18.485  render           | Saved: 'C:\Users\gil_n\Documents\GitHub\Godot-game-development-codex\build\melee_trail_review\measured_dense\knife_long\knife\292.5\055.png'
02:18.641  render           | Saved: 'C:\Users\gil_n\Documents\GitHub\Godot-game-development-codex\build\melee_trail_review\measured_dense\knife_long\knife\292.5\056.png'
02:18.782  render           | Saved: 'C:\Users\gil_n\Documents\GitHub\Godot-game-development-codex\build\melee_trail_review\measured_dense\knife_long\knife\292.5\057.png'
02:18.938  render           | Saved: 'C:\Users\gil_n\Documents\GitHub\Godot-game-development-codex\build\melee_trail_review\measured_dense\knife_long\knife\292.5\058.png'
02:19.094  render           | Saved: 'C:\Users\gil_n\Documents\GitHub\Godot-game-development-codex\build\melee_trail_review\measured_dense\knife_long\knife\292.5\059.png'
02:19.235  render           | Saved: 'C:\Users\gil_n\Documents\GitHub\Godot-game-development-codex\build\melee_trail_review\measured_dense\knife_long\knife\292.5\060.png'
02:19.391  render           | Saved: 'C:\Users\gil_n\Documents\GitHub\Godot-game-development-codex\build\melee_trail_review\measured_dense\knife_long\knife\292.5\061.png'
02:19.547  render           | Saved: 'C:\Users\gil_n\Documents\GitHub\Godot-game-development-codex\build\melee_trail_review\measured_dense\knife_long\knife\292.5\062.png'
02:19.688  render           | Saved: 'C:\Users\gil_n\Documents\GitHub\Godot-game-development-codex\build\melee_trail_review\measured_dense\knife_long\knife\292.5\063.png'
02:19.844  render           | Saved: 'C:\Users\gil_n\Documents\GitHub\Godot-game-development-codex\build\melee_trail_review\measured_dense\knife_long\knife\292.5\064.png'
02:20.000  render           | Saved: 'C:\Users\gil_n\Documents\GitHub\Godot-game-development-codex\build\melee_trail_review\measured_dense\knife_long\knife\315\000.png'
02:20.157  render           | Saved: 'C:\Users\gil_n\Documents\GitHub\Godot-game-development-codex\build\melee_trail_review\measured_dense\knife_long\knife\315\001.png'
02:20.313  render           | Saved: 'C:\Users\gil_n\Documents\GitHub\Godot-game-development-codex\build\melee_trail_review\measured_dense\knife_long\knife\315\002.png'
02:20.453  render           | Saved: 'C:\Users\gil_n\Documents\GitHub\Godot-game-development-codex\build\melee_trail_review\measured_dense\knife_long\knife\315\003.png'
02:20.610  render           | Saved: 'C:\Users\gil_n\Documents\GitHub\Godot-game-development-codex\build\melee_trail_review\measured_dense\knife_long\knife\315\004.png'
02:20.766  render           | Saved: 'C:\Users\gil_n\Documents\GitHub\Godot-game-development-codex\build\melee_trail_review\measured_dense\knife_long\knife\315\005.png'
02:20.922  render           | Saved: 'C:\Users\gil_n\Documents\GitHub\Godot-game-development-codex\build\melee_trail_review\measured_dense\knife_long\knife\315\006.png'
02:21.063  render           | Saved: 'C:\Users\gil_n\Documents\GitHub\Godot-game-development-codex\build\melee_trail_review\measured_dense\knife_long\knife\315\007.png'
02:21.219  render           | Saved: 'C:\Users\gil_n\Documents\GitHub\Godot-game-development-codex\build\melee_trail_review\measured_dense\knife_long\knife\315\008.png'
02:21.375  render           | Saved: 'C:\Users\gil_n\Documents\GitHub\Godot-game-development-codex\build\melee_trail_review\measured_dense\knife_long\knife\315\009.png'
02:21.516  render           | Saved: 'C:\Users\gil_n\Documents\GitHub\Godot-game-development-codex\build\melee_trail_review\measured_dense\knife_long\knife\315\010.png'
02:21.672  render           | Saved: 'C:\Users\gil_n\Documents\GitHub\Godot-game-development-codex\build\melee_trail_review\measured_dense\knife_long\knife\315\011.png'
02:21.813  render           | Saved: 'C:\Users\gil_n\Documents\GitHub\Godot-game-development-codex\build\melee_trail_review\measured_dense\knife_long\knife\315\012.png'
02:21.969  render           | Saved: 'C:\Users\gil_n\Documents\GitHub\Godot-game-development-codex\build\melee_trail_review\measured_dense\knife_long\knife\315\013.png'
02:22.125  render           | Saved: 'C:\Users\gil_n\Documents\GitHub\Godot-game-development-codex\build\melee_trail_review\measured_dense\knife_long\knife\315\014.png'
02:22.266  render           | Saved: 'C:\Users\gil_n\Documents\GitHub\Godot-game-development-codex\build\melee_trail_review\measured_dense\knife_long\knife\315\015.png'
02:22.422  render           | Saved: 'C:\Users\gil_n\Documents\GitHub\Godot-game-development-codex\build\melee_trail_review\measured_dense\knife_long\knife\315\016.png'
02:22.578  render           | Saved: 'C:\Users\gil_n\Documents\GitHub\Godot-game-development-codex\build\melee_trail_review\measured_dense\knife_long\knife\315\017.png'
02:22.719  render           | Saved: 'C:\Users\gil_n\Documents\GitHub\Godot-game-development-codex\build\melee_trail_review\measured_dense\knife_long\knife\315\018.png'
02:22.875  render           | Saved: 'C:\Users\gil_n\Documents\GitHub\Godot-game-development-codex\build\melee_trail_review\measured_dense\knife_long\knife\315\019.png'
02:23.016  render           | Saved: 'C:\Users\gil_n\Documents\GitHub\Godot-game-development-codex\build\melee_trail_review\measured_dense\knife_long\knife\315\020.png'
02:23.172  render           | Saved: 'C:\Users\gil_n\Documents\GitHub\Godot-game-development-codex\build\melee_trail_review\measured_dense\knife_long\knife\315\021.png'
02:23.313  render           | Saved: 'C:\Users\gil_n\Documents\GitHub\Godot-game-development-codex\build\melee_trail_review\measured_dense\knife_long\knife\315\022.png'
02:23.469  render           | Saved: 'C:\Users\gil_n\Documents\GitHub\Godot-game-development-codex\build\melee_trail_review\measured_dense\knife_long\knife\315\023.png'
02:23.625  render           | Saved: 'C:\Users\gil_n\Documents\GitHub\Godot-game-development-codex\build\melee_trail_review\measured_dense\knife_long\knife\315\024.png'
02:23.766  render           | Saved: 'C:\Users\gil_n\Documents\GitHub\Godot-game-development-codex\build\melee_trail_review\measured_dense\knife_long\knife\315\025.png'
02:23.922  render           | Saved: 'C:\Users\gil_n\Documents\GitHub\Godot-game-development-codex\build\melee_trail_review\measured_dense\knife_long\knife\315\026.png'
02:24.063  render           | Saved: 'C:\Users\gil_n\Documents\GitHub\Godot-game-development-codex\build\melee_trail_review\measured_dense\knife_long\knife\315\027.png'
02:24.219  render           | Saved: 'C:\Users\gil_n\Documents\GitHub\Godot-game-development-codex\build\melee_trail_review\measured_dense\knife_long\knife\315\028.png'
02:24.375  render           | Saved: 'C:\Users\gil_n\Documents\GitHub\Godot-game-development-codex\build\melee_trail_review\measured_dense\knife_long\knife\315\029.png'
02:24.532  render           | Saved: 'C:\Users\gil_n\Documents\GitHub\Godot-game-development-codex\build\melee_trail_review\measured_dense\knife_long\knife\315\030.png'
02:24.672  render           | Saved: 'C:\Users\gil_n\Documents\GitHub\Godot-game-development-codex\build\melee_trail_review\measured_dense\knife_long\knife\315\031.png'
02:24.828  render           | Saved: 'C:\Users\gil_n\Documents\GitHub\Godot-game-development-codex\build\melee_trail_review\measured_dense\knife_long\knife\315\032.png'
02:24.985  render           | Saved: 'C:\Users\gil_n\Documents\GitHub\Godot-game-development-codex\build\melee_trail_review\measured_dense\knife_long\knife\315\033.png'
02:25.141  render           | Saved: 'C:\Users\gil_n\Documents\GitHub\Godot-game-development-codex\build\melee_trail_review\measured_dense\knife_long\knife\315\034.png'
02:25.282  render           | Saved: 'C:\Users\gil_n\Documents\GitHub\Godot-game-development-codex\build\melee_trail_review\measured_dense\knife_long\knife\315\035.png'
02:25.438  render           | Saved: 'C:\Users\gil_n\Documents\GitHub\Godot-game-development-codex\build\melee_trail_review\measured_dense\knife_long\knife\315\036.png'
02:25.594  render           | Saved: 'C:\Users\gil_n\Documents\GitHub\Godot-game-development-codex\build\melee_trail_review\measured_dense\knife_long\knife\315\037.png'
02:25.735  render           | Saved: 'C:\Users\gil_n\Documents\GitHub\Godot-game-development-codex\build\melee_trail_review\measured_dense\knife_long\knife\315\038.png'
02:25.891  render           | Saved: 'C:\Users\gil_n\Documents\GitHub\Godot-game-development-codex\build\melee_trail_review\measured_dense\knife_long\knife\315\039.png'
02:26.032  render           | Saved: 'C:\Users\gil_n\Documents\GitHub\Godot-game-development-codex\build\melee_trail_review\measured_dense\knife_long\knife\315\040.png'
02:26.188  render           | Saved: 'C:\Users\gil_n\Documents\GitHub\Godot-game-development-codex\build\melee_trail_review\measured_dense\knife_long\knife\315\041.png'
02:26.344  render           | Saved: 'C:\Users\gil_n\Documents\GitHub\Godot-game-development-codex\build\melee_trail_review\measured_dense\knife_long\knife\315\042.png'
02:26.485  render           | Saved: 'C:\Users\gil_n\Documents\GitHub\Godot-game-development-codex\build\melee_trail_review\measured_dense\knife_long\knife\315\043.png'
02:26.641  render           | Saved: 'C:\Users\gil_n\Documents\GitHub\Godot-game-development-codex\build\melee_trail_review\measured_dense\knife_long\knife\315\044.png'
02:26.797  render           | Saved: 'C:\Users\gil_n\Documents\GitHub\Godot-game-development-codex\build\melee_trail_review\measured_dense\knife_long\knife\315\045.png'
02:26.938  render           | Saved: 'C:\Users\gil_n\Documents\GitHub\Godot-game-development-codex\build\melee_trail_review\measured_dense\knife_long\knife\315\046.png'
02:27.094  render           | Saved: 'C:\Users\gil_n\Documents\GitHub\Godot-game-development-codex\build\melee_trail_review\measured_dense\knife_long\knife\315\047.png'
02:27.250  render           | Saved: 'C:\Users\gil_n\Documents\GitHub\Godot-game-development-codex\build\melee_trail_review\measured_dense\knife_long\knife\315\048.png'
02:27.391  render           | Saved: 'C:\Users\gil_n\Documents\GitHub\Godot-game-development-codex\build\melee_trail_review\measured_dense\knife_long\knife\315\049.png'
02:27.547  render           | Saved: 'C:\Users\gil_n\Documents\GitHub\Godot-game-development-codex\build\melee_trail_review\measured_dense\knife_long\knife\315\050.png'
02:27.688  render           | Saved: 'C:\Users\gil_n\Documents\GitHub\Godot-game-development-codex\build\melee_trail_review\measured_dense\knife_long\knife\315\051.png'
02:27.844  render           | Saved: 'C:\Users\gil_n\Documents\GitHub\Godot-game-development-codex\build\melee_trail_review\measured_dense\knife_long\knife\315\052.png'
02:28.000  render           | Saved: 'C:\Users\gil_n\Documents\GitHub\Godot-game-development-codex\build\melee_trail_review\measured_dense\knife_long\knife\315\053.png'
02:28.141  render           | Saved: 'C:\Users\gil_n\Documents\GitHub\Godot-game-development-codex\build\melee_trail_review\measured_dense\knife_long\knife\315\054.png'
02:28.297  render           | Saved: 'C:\Users\gil_n\Documents\GitHub\Godot-game-development-codex\build\melee_trail_review\measured_dense\knife_long\knife\315\055.png'
02:28.438  render           | Saved: 'C:\Users\gil_n\Documents\GitHub\Godot-game-development-codex\build\melee_trail_review\measured_dense\knife_long\knife\315\056.png'
02:28.594  render           | Saved: 'C:\Users\gil_n\Documents\GitHub\Godot-game-development-codex\build\melee_trail_review\measured_dense\knife_long\knife\315\057.png'
02:28.750  render           | Saved: 'C:\Users\gil_n\Documents\GitHub\Godot-game-development-codex\build\melee_trail_review\measured_dense\knife_long\knife\315\058.png'
02:28.907  render           | Saved: 'C:\Users\gil_n\Documents\GitHub\Godot-game-development-codex\build\melee_trail_review\measured_dense\knife_long\knife\315\059.png'
02:29.047  render           | Saved: 'C:\Users\gil_n\Documents\GitHub\Godot-game-development-codex\build\melee_trail_review\measured_dense\knife_long\knife\315\060.png'
02:29.203  render           | Saved: 'C:\Users\gil_n\Documents\GitHub\Godot-game-development-codex\build\melee_trail_review\measured_dense\knife_long\knife\315\061.png'
02:29.360  render           | Saved: 'C:\Users\gil_n\Documents\GitHub\Godot-game-development-codex\build\melee_trail_review\measured_dense\knife_long\knife\315\062.png'
02:29.516  render           | Saved: 'C:\Users\gil_n\Documents\GitHub\Godot-game-development-codex\build\melee_trail_review\measured_dense\knife_long\knife\315\063.png'
02:29.657  render           | Saved: 'C:\Users\gil_n\Documents\GitHub\Godot-game-development-codex\build\melee_trail_review\measured_dense\knife_long\knife\315\064.png'
02:29.828  render           | Saved: 'C:\Users\gil_n\Documents\GitHub\Godot-game-development-codex\build\melee_trail_review\measured_dense\knife_long\knife\337.5\000.png'
02:29.969  render           | Saved: 'C:\Users\gil_n\Documents\GitHub\Godot-game-development-codex\build\melee_trail_review\measured_dense\knife_long\knife\337.5\001.png'
02:30.125  render           | Saved: 'C:\Users\gil_n\Documents\GitHub\Godot-game-development-codex\build\melee_trail_review\measured_dense\knife_long\knife\337.5\002.png'
02:30.282  render           | Saved: 'C:\Users\gil_n\Documents\GitHub\Godot-game-development-codex\build\melee_trail_review\measured_dense\knife_long\knife\337.5\003.png'
02:30.422  render           | Saved: 'C:\Users\gil_n\Documents\GitHub\Godot-game-development-codex\build\melee_trail_review\measured_dense\knife_long\knife\337.5\004.png'
02:30.578  render           | Saved: 'C:\Users\gil_n\Documents\GitHub\Godot-game-development-codex\build\melee_trail_review\measured_dense\knife_long\knife\337.5\005.png'
02:30.719  render           | Saved: 'C:\Users\gil_n\Documents\GitHub\Godot-game-development-codex\build\melee_trail_review\measured_dense\knife_long\knife\337.5\006.png'
02:30.875  render           | Saved: 'C:\Users\gil_n\Documents\GitHub\Godot-game-development-codex\build\melee_trail_review\measured_dense\knife_long\knife\337.5\007.png'
02:31.032  render           | Saved: 'C:\Users\gil_n\Documents\GitHub\Godot-game-development-codex\build\melee_trail_review\measured_dense\knife_long\knife\337.5\008.png'
02:31.188  render           | Saved: 'C:\Users\gil_n\Documents\GitHub\Godot-game-development-codex\build\melee_trail_review\measured_dense\knife_long\knife\337.5\009.png'
02:31.360  render           | Saved: 'C:\Users\gil_n\Documents\GitHub\Godot-game-development-codex\build\melee_trail_review\measured_dense\knife_long\knife\337.5\010.png'
02:31.516  render           | Saved: 'C:\Users\gil_n\Documents\GitHub\Godot-game-development-codex\build\melee_trail_review\measured_dense\knife_long\knife\337.5\011.png'
02:31.672  render           | Saved: 'C:\Users\gil_n\Documents\GitHub\Godot-game-development-codex\build\melee_trail_review\measured_dense\knife_long\knife\337.5\012.png'
02:31.828  render           | Saved: 'C:\Users\gil_n\Documents\GitHub\Godot-game-development-codex\build\melee_trail_review\measured_dense\knife_long\knife\337.5\013.png'
02:31.985  render           | Saved: 'C:\Users\gil_n\Documents\GitHub\Godot-game-development-codex\build\melee_trail_review\measured_dense\knife_long\knife\337.5\014.png'
02:32.141  render           | Saved: 'C:\Users\gil_n\Documents\GitHub\Godot-game-development-codex\build\melee_trail_review\measured_dense\knife_long\knife\337.5\015.png'
02:32.282  render           | Saved: 'C:\Users\gil_n\Documents\GitHub\Godot-game-development-codex\build\melee_trail_review\measured_dense\knife_long\knife\337.5\016.png'
02:32.438  render           | Saved: 'C:\Users\gil_n\Documents\GitHub\Godot-game-development-codex\build\melee_trail_review\measured_dense\knife_long\knife\337.5\017.png'
02:32.594  render           | Saved: 'C:\Users\gil_n\Documents\GitHub\Godot-game-development-codex\build\melee_trail_review\measured_dense\knife_long\knife\337.5\018.png'
02:32.735  render           | Saved: 'C:\Users\gil_n\Documents\GitHub\Godot-game-development-codex\build\melee_trail_review\measured_dense\knife_long\knife\337.5\019.png'
02:32.891  render           | Saved: 'C:\Users\gil_n\Documents\GitHub\Godot-game-development-codex\build\melee_trail_review\measured_dense\knife_long\knife\337.5\020.png'
02:33.032  render           | Saved: 'C:\Users\gil_n\Documents\GitHub\Godot-game-development-codex\build\melee_trail_review\measured_dense\knife_long\knife\337.5\021.png'
02:33.188  render           | Saved: 'C:\Users\gil_n\Documents\GitHub\Godot-game-development-codex\build\melee_trail_review\measured_dense\knife_long\knife\337.5\022.png'
02:33.344  render           | Saved: 'C:\Users\gil_n\Documents\GitHub\Godot-game-development-codex\build\melee_trail_review\measured_dense\knife_long\knife\337.5\023.png'
02:33.485  render           | Saved: 'C:\Users\gil_n\Documents\GitHub\Godot-game-development-codex\build\melee_trail_review\measured_dense\knife_long\knife\337.5\024.png'
02:33.641  render           | Saved: 'C:\Users\gil_n\Documents\GitHub\Godot-game-development-codex\build\melee_trail_review\measured_dense\knife_long\knife\337.5\025.png'
02:33.797  render           | Saved: 'C:\Users\gil_n\Documents\GitHub\Godot-game-development-codex\build\melee_trail_review\measured_dense\knife_long\knife\337.5\026.png'
02:33.938  render           | Saved: 'C:\Users\gil_n\Documents\GitHub\Godot-game-development-codex\build\melee_trail_review\measured_dense\knife_long\knife\337.5\027.png'
02:34.094  render           | Saved: 'C:\Users\gil_n\Documents\GitHub\Godot-game-development-codex\build\melee_trail_review\measured_dense\knife_long\knife\337.5\028.png'
02:34.235  render           | Saved: 'C:\Users\gil_n\Documents\GitHub\Godot-game-development-codex\build\melee_trail_review\measured_dense\knife_long\knife\337.5\029.png'
02:34.391  render           | Saved: 'C:\Users\gil_n\Documents\GitHub\Godot-game-development-codex\build\melee_trail_review\measured_dense\knife_long\knife\337.5\030.png'
02:34.547  render           | Saved: 'C:\Users\gil_n\Documents\GitHub\Godot-game-development-codex\build\melee_trail_review\measured_dense\knife_long\knife\337.5\031.png'
02:34.703  render           | Saved: 'C:\Users\gil_n\Documents\GitHub\Godot-game-development-codex\build\melee_trail_review\measured_dense\knife_long\knife\337.5\032.png'
02:34.844  render           | Saved: 'C:\Users\gil_n\Documents\GitHub\Godot-game-development-codex\build\melee_trail_review\measured_dense\knife_long\knife\337.5\033.png'
02:35.000  render           | Saved: 'C:\Users\gil_n\Documents\GitHub\Godot-game-development-codex\build\melee_trail_review\measured_dense\knife_long\knife\337.5\034.png'
02:35.157  render           | Saved: 'C:\Users\gil_n\Documents\GitHub\Godot-game-development-codex\build\melee_trail_review\measured_dense\knife_long\knife\337.5\035.png'
02:35.297  render           | Saved: 'C:\Users\gil_n\Documents\GitHub\Godot-game-development-codex\build\melee_trail_review\measured_dense\knife_long\knife\337.5\036.png'
02:35.453  render           | Saved: 'C:\Users\gil_n\Documents\GitHub\Godot-game-development-codex\build\melee_trail_review\measured_dense\knife_long\knife\337.5\037.png'
02:35.610  render           | Saved: 'C:\Users\gil_n\Documents\GitHub\Godot-game-development-codex\build\melee_trail_review\measured_dense\knife_long\knife\337.5\038.png'
02:35.750  render           | Saved: 'C:\Users\gil_n\Documents\GitHub\Godot-game-development-codex\build\melee_trail_review\measured_dense\knife_long\knife\337.5\039.png'
02:35.907  render           | Saved: 'C:\Users\gil_n\Documents\GitHub\Godot-game-development-codex\build\melee_trail_review\measured_dense\knife_long\knife\337.5\040.png'
02:36.047  render           | Saved: 'C:\Users\gil_n\Documents\GitHub\Godot-game-development-codex\build\melee_trail_review\measured_dense\knife_long\knife\337.5\041.png'
02:36.203  render           | Saved: 'C:\Users\gil_n\Documents\GitHub\Godot-game-development-codex\build\melee_trail_review\measured_dense\knife_long\knife\337.5\042.png'
02:36.360  render           | Saved: 'C:\Users\gil_n\Documents\GitHub\Godot-game-development-codex\build\melee_trail_review\measured_dense\knife_long\knife\337.5\043.png'
02:36.500  render           | Saved: 'C:\Users\gil_n\Documents\GitHub\Godot-game-development-codex\build\melee_trail_review\measured_dense\knife_long\knife\337.5\044.png'
02:36.657  render           | Saved: 'C:\Users\gil_n\Documents\GitHub\Godot-game-development-codex\build\melee_trail_review\measured_dense\knife_long\knife\337.5\045.png'
02:36.813  render           | Saved: 'C:\Users\gil_n\Documents\GitHub\Godot-game-development-codex\build\melee_trail_review\measured_dense\knife_long\knife\337.5\046.png'
02:36.969  render           | Saved: 'C:\Users\gil_n\Documents\GitHub\Godot-game-development-codex\build\melee_trail_review\measured_dense\knife_long\knife\337.5\047.png'
02:37.125  render           | Saved: 'C:\Users\gil_n\Documents\GitHub\Godot-game-development-codex\build\melee_trail_review\measured_dense\knife_long\knife\337.5\048.png'
02:37.266  render           | Saved: 'C:\Users\gil_n\Documents\GitHub\Godot-game-development-codex\build\melee_trail_review\measured_dense\knife_long\knife\337.5\049.png'
02:37.422  render           | Saved: 'C:\Users\gil_n\Documents\GitHub\Godot-game-development-codex\build\melee_trail_review\measured_dense\knife_long\knife\337.5\050.png'
02:37.578  render           | Saved: 'C:\Users\gil_n\Documents\GitHub\Godot-game-development-codex\build\melee_trail_review\measured_dense\knife_long\knife\337.5\051.png'
02:37.719  render           | Saved: 'C:\Users\gil_n\Documents\GitHub\Godot-game-development-codex\build\melee_trail_review\measured_dense\knife_long\knife\337.5\052.png'
02:37.875  render           | Saved: 'C:\Users\gil_n\Documents\GitHub\Godot-game-development-codex\build\melee_trail_review\measured_dense\knife_long\knife\337.5\053.png'
02:38.032  render           | Saved: 'C:\Users\gil_n\Documents\GitHub\Godot-game-development-codex\build\melee_trail_review\measured_dense\knife_long\knife\337.5\054.png'
02:38.172  render           | Saved: 'C:\Users\gil_n\Documents\GitHub\Godot-game-development-codex\build\melee_trail_review\measured_dense\knife_long\knife\337.5\055.png'
02:38.328  render           | Saved: 'C:\Users\gil_n\Documents\GitHub\Godot-game-development-codex\build\melee_trail_review\measured_dense\knife_long\knife\337.5\056.png'
02:38.469  render           | Saved: 'C:\Users\gil_n\Documents\GitHub\Godot-game-development-codex\build\melee_trail_review\measured_dense\knife_long\knife\337.5\057.png'
02:38.625  render           | Saved: 'C:\Users\gil_n\Documents\GitHub\Godot-game-development-codex\build\melee_trail_review\measured_dense\knife_long\knife\337.5\058.png'
02:38.782  render           | Saved: 'C:\Users\gil_n\Documents\GitHub\Godot-game-development-codex\build\melee_trail_review\measured_dense\knife_long\knife\337.5\059.png'
02:38.922  render           | Saved: 'C:\Users\gil_n\Documents\GitHub\Godot-game-development-codex\build\melee_trail_review\measured_dense\knife_long\knife\337.5\060.png'
02:39.078  render           | Saved: 'C:\Users\gil_n\Documents\GitHub\Godot-game-development-codex\build\melee_trail_review\measured_dense\knife_long\knife\337.5\061.png'
02:39.235  render           | Saved: 'C:\Users\gil_n\Documents\GitHub\Godot-game-development-codex\build\melee_trail_review\measured_dense\knife_long\knife\337.5\062.png'
02:39.375  render           | Saved: 'C:\Users\gil_n\Documents\GitHub\Godot-game-development-codex\build\melee_trail_review\measured_dense\knife_long\knife\337.5\063.png'
02:39.532  render           | Saved: 'C:\Users\gil_n\Documents\GitHub\Godot-game-development-codex\build\melee_trail_review\measured_dense\knife_long\knife\337.5\064.png'
Info: Saved as "source.blend"
Info: Saved as "source.blend"
Info: Saved as "source.blend"
Info: Saved as "source.blend"
Info: Saved as "source.blend"
Info: Saved as "source.blend"
Info: Saved as "source.blend"
Info: Saved as "source.blend"
Info: Saved as "source.blend"
Info: Saved as "source.blend"
Info: Saved as "source.blend"
Info: Saved as "source.blend"
Info: Saved as "source.blend"
Info: Saved as "source.blend"
Info: Saved as "source.blend"
Info: Saved as "source.blend"
Blender 5.2.2 LTS (hash d13f752e3b9c built 2026-09-15 01:37:04)

Blender quit
