C:\Users\gil_n\Documents\GitHub\Godot-game-development-codex\tools\blender\render_measured_melee_trails.py:28: DeprecationWarning: 'Material.use_nodes' is expected to be removed in Blender 6.0
  m=bpy.data.materials.new(name);m.use_nodes=True;n=m.node_tree.nodes;n.clear()
00:02.890  render           | Saved: 'C:\Users\gil_n\Documents\GitHub\Godot-game-development-codex\build\melee_trail_review\measured_dense\knife_extended\knife\0\000.png'
00:03.062  render           | Saved: 'C:\Users\gil_n\Documents\GitHub\Godot-game-development-codex\build\melee_trail_review\measured_dense\knife_extended\knife\0\001.png'
00:03.203  render           | Saved: 'C:\Users\gil_n\Documents\GitHub\Godot-game-development-codex\build\melee_trail_review\measured_dense\knife_extended\knife\0\002.png'
00:03.359  render           | Saved: 'C:\Users\gil_n\Documents\GitHub\Godot-game-development-codex\build\melee_trail_review\measured_dense\knife_extended\knife\0\003.png'
00:03.500  render           | Saved: 'C:\Users\gil_n\Documents\GitHub\Godot-game-development-codex\build\melee_trail_review\measured_dense\knife_extended\knife\0\004.png'
00:03.640  render           | Saved: 'C:\Users\gil_n\Documents\GitHub\Godot-game-development-codex\build\melee_trail_review\measured_dense\knife_extended\knife\0\005.png'
00:03.781  render           | Saved: 'C:\Users\gil_n\Documents\GitHub\Godot-game-development-codex\build\melee_trail_review\measured_dense\knife_extended\knife\0\006.png'
00:03.937  render           | Saved: 'C:\Users\gil_n\Documents\GitHub\Godot-game-development-codex\build\melee_trail_review\measured_dense\knife_extended\knife\0\007.png'
00:04.078  render           | Saved: 'C:\Users\gil_n\Documents\GitHub\Godot-game-development-codex\build\melee_trail_review\measured_dense\knife_extended\knife\0\008.png'
00:04.218  render           | Saved: 'C:\Users\gil_n\Documents\GitHub\Godot-game-development-codex\build\melee_trail_review\measured_dense\knife_extended\knife\0\009.png'
00:04.359  render           | Saved: 'C:\Users\gil_n\Documents\GitHub\Godot-game-development-codex\build\melee_trail_review\measured_dense\knife_extended\knife\0\010.png'
00:04.515  render           | Saved: 'C:\Users\gil_n\Documents\GitHub\Godot-game-development-codex\build\melee_trail_review\measured_dense\knife_extended\knife\0\011.png'
00:04.671  render           | Saved: 'C:\Users\gil_n\Documents\GitHub\Godot-game-development-codex\build\melee_trail_review\measured_dense\knife_extended\knife\0\012.png'
00:04.812  render           | Saved: 'C:\Users\gil_n\Documents\GitHub\Godot-game-development-codex\build\melee_trail_review\measured_dense\knife_extended\knife\0\013.png'
00:04.968  render           | Saved: 'C:\Users\gil_n\Documents\GitHub\Godot-game-development-codex\build\melee_trail_review\measured_dense\knife_extended\knife\0\014.png'
00:05.109  render           | Saved: 'C:\Users\gil_n\Documents\GitHub\Godot-game-development-codex\build\melee_trail_review\measured_dense\knife_extended\knife\0\015.png'
00:05.250  render           | Saved: 'C:\Users\gil_n\Documents\GitHub\Godot-game-development-codex\build\melee_trail_review\measured_dense\knife_extended\knife\0\016.png'
00:05.406  render           | Saved: 'C:\Users\gil_n\Documents\GitHub\Godot-game-development-codex\build\melee_trail_review\measured_dense\knife_extended\knife\0\017.png'
00:05.546  render           | Saved: 'C:\Users\gil_n\Documents\GitHub\Godot-game-development-codex\build\melee_trail_review\measured_dense\knife_extended\knife\0\018.png'
00:05.703  render           | Saved: 'C:\Users\gil_n\Documents\GitHub\Godot-game-development-codex\build\melee_trail_review\measured_dense\knife_extended\knife\0\019.png'
00:05.843  render           | Saved: 'C:\Users\gil_n\Documents\GitHub\Godot-game-development-codex\build\melee_trail_review\measured_dense\knife_extended\knife\0\020.png'
00:05.984  render           | Saved: 'C:\Users\gil_n\Documents\GitHub\Godot-game-development-codex\build\melee_trail_review\measured_dense\knife_extended\knife\0\021.png'
00:06.140  render           | Saved: 'C:\Users\gil_n\Documents\GitHub\Godot-game-development-codex\build\melee_trail_review\measured_dense\knife_extended\knife\0\022.png'
00:06.281  render           | Saved: 'C:\Users\gil_n\Documents\GitHub\Godot-game-development-codex\build\melee_trail_review\measured_dense\knife_extended\knife\0\023.png'
00:06.421  render           | Saved: 'C:\Users\gil_n\Documents\GitHub\Godot-game-development-codex\build\melee_trail_review\measured_dense\knife_extended\knife\0\024.png'
00:06.562  render           | Saved: 'C:\Users\gil_n\Documents\GitHub\Godot-game-development-codex\build\melee_trail_review\measured_dense\knife_extended\knife\0\025.png'
00:06.718  render           | Saved: 'C:\Users\gil_n\Documents\GitHub\Godot-game-development-codex\build\melee_trail_review\measured_dense\knife_extended\knife\0\026.png'
00:06.859  render           | Saved: 'C:\Users\gil_n\Documents\GitHub\Godot-game-development-codex\build\melee_trail_review\measured_dense\knife_extended\knife\0\027.png'
00:07.000  render           | Saved: 'C:\Users\gil_n\Documents\GitHub\Godot-game-development-codex\build\melee_trail_review\measured_dense\knife_extended\knife\0\028.png'
00:07.156  render           | Saved: 'C:\Users\gil_n\Documents\GitHub\Godot-game-development-codex\build\melee_trail_review\measured_dense\knife_extended\knife\0\029.png'
00:07.296  render           | Saved: 'C:\Users\gil_n\Documents\GitHub\Godot-game-development-codex\build\melee_trail_review\measured_dense\knife_extended\knife\0\030.png'
00:07.437  render           | Saved: 'C:\Users\gil_n\Documents\GitHub\Godot-game-development-codex\build\melee_trail_review\measured_dense\knife_extended\knife\0\031.png'
00:07.593  render           | Saved: 'C:\Users\gil_n\Documents\GitHub\Godot-game-development-codex\build\melee_trail_review\measured_dense\knife_extended\knife\0\032.png'
00:07.734  render           | Saved: 'C:\Users\gil_n\Documents\GitHub\Godot-game-development-codex\build\melee_trail_review\measured_dense\knife_extended\knife\0\033.png'
00:07.875  render           | Saved: 'C:\Users\gil_n\Documents\GitHub\Godot-game-development-codex\build\melee_trail_review\measured_dense\knife_extended\knife\0\034.png'
00:08.015  render           | Saved: 'C:\Users\gil_n\Documents\GitHub\Godot-game-development-codex\build\melee_trail_review\measured_dense\knife_extended\knife\0\035.png'
00:08.171  render           | Saved: 'C:\Users\gil_n\Documents\GitHub\Godot-game-development-codex\build\melee_trail_review\measured_dense\knife_extended\knife\0\036.png'
00:08.312  render           | Saved: 'C:\Users\gil_n\Documents\GitHub\Godot-game-development-codex\build\melee_trail_review\measured_dense\knife_extended\knife\0\037.png'
00:08.453  render           | Saved: 'C:\Users\gil_n\Documents\GitHub\Godot-game-development-codex\build\melee_trail_review\measured_dense\knife_extended\knife\0\038.png'
00:08.609  render           | Saved: 'C:\Users\gil_n\Documents\GitHub\Godot-game-development-codex\build\melee_trail_review\measured_dense\knife_extended\knife\0\039.png'
00:08.750  render           | Saved: 'C:\Users\gil_n\Documents\GitHub\Godot-game-development-codex\build\melee_trail_review\measured_dense\knife_extended\knife\0\040.png'
00:08.906  render           | Saved: 'C:\Users\gil_n\Documents\GitHub\Godot-game-development-codex\build\melee_trail_review\measured_dense\knife_extended\knife\0\041.png'
00:09.046  render           | Saved: 'C:\Users\gil_n\Documents\GitHub\Godot-game-development-codex\build\melee_trail_review\measured_dense\knife_extended\knife\0\042.png'
00:09.187  render           | Saved: 'C:\Users\gil_n\Documents\GitHub\Godot-game-development-codex\build\melee_trail_review\measured_dense\knife_extended\knife\0\043.png'
00:09.328  render           | Saved: 'C:\Users\gil_n\Documents\GitHub\Godot-game-development-codex\build\melee_trail_review\measured_dense\knife_extended\knife\0\044.png'
00:09.484  render           | Saved: 'C:\Users\gil_n\Documents\GitHub\Godot-game-development-codex\build\melee_trail_review\measured_dense\knife_extended\knife\0\045.png'
00:09.625  render           | Saved: 'C:\Users\gil_n\Documents\GitHub\Godot-game-development-codex\build\melee_trail_review\measured_dense\knife_extended\knife\0\046.png'
00:09.765  render           | Saved: 'C:\Users\gil_n\Documents\GitHub\Godot-game-development-codex\build\melee_trail_review\measured_dense\knife_extended\knife\0\047.png'
00:09.906  render           | Saved: 'C:\Users\gil_n\Documents\GitHub\Godot-game-development-codex\build\melee_trail_review\measured_dense\knife_extended\knife\0\048.png'
00:10.062  render           | Saved: 'C:\Users\gil_n\Documents\GitHub\Godot-game-development-codex\build\melee_trail_review\measured_dense\knife_extended\knife\0\049.png'
00:10.203  render           | Saved: 'C:\Users\gil_n\Documents\GitHub\Godot-game-development-codex\build\melee_trail_review\measured_dense\knife_extended\knife\0\050.png'
00:10.359  render           | Saved: 'C:\Users\gil_n\Documents\GitHub\Godot-game-development-codex\build\melee_trail_review\measured_dense\knife_extended\knife\0\051.png'
00:10.515  render           | Saved: 'C:\Users\gil_n\Documents\GitHub\Godot-game-development-codex\build\melee_trail_review\measured_dense\knife_extended\knife\0\052.png'
00:10.671  render           | Saved: 'C:\Users\gil_n\Documents\GitHub\Godot-game-development-codex\build\melee_trail_review\measured_dense\knife_extended\knife\0\053.png'
00:10.812  render           | Saved: 'C:\Users\gil_n\Documents\GitHub\Godot-game-development-codex\build\melee_trail_review\measured_dense\knife_extended\knife\0\054.png'
00:10.968  render           | Saved: 'C:\Users\gil_n\Documents\GitHub\Godot-game-development-codex\build\melee_trail_review\measured_dense\knife_extended\knife\0\055.png'
00:11.109  render           | Saved: 'C:\Users\gil_n\Documents\GitHub\Godot-game-development-codex\build\melee_trail_review\measured_dense\knife_extended\knife\0\056.png'
00:11.250  render           | Saved: 'C:\Users\gil_n\Documents\GitHub\Godot-game-development-codex\build\melee_trail_review\measured_dense\knife_extended\knife\0\057.png'
00:11.406  render           | Saved: 'C:\Users\gil_n\Documents\GitHub\Godot-game-development-codex\build\melee_trail_review\measured_dense\knife_extended\knife\0\058.png'
00:11.546  render           | Saved: 'C:\Users\gil_n\Documents\GitHub\Godot-game-development-codex\build\melee_trail_review\measured_dense\knife_extended\knife\0\059.png'
00:11.703  render           | Saved: 'C:\Users\gil_n\Documents\GitHub\Godot-game-development-codex\build\melee_trail_review\measured_dense\knife_extended\knife\0\060.png'
00:11.843  render           | Saved: 'C:\Users\gil_n\Documents\GitHub\Godot-game-development-codex\build\melee_trail_review\measured_dense\knife_extended\knife\0\061.png'
00:12.000  render           | Saved: 'C:\Users\gil_n\Documents\GitHub\Godot-game-development-codex\build\melee_trail_review\measured_dense\knife_extended\knife\0\062.png'
00:12.140  render           | Saved: 'C:\Users\gil_n\Documents\GitHub\Godot-game-development-codex\build\melee_trail_review\measured_dense\knife_extended\knife\0\063.png'
00:12.296  render           | Saved: 'C:\Users\gil_n\Documents\GitHub\Godot-game-development-codex\build\melee_trail_review\measured_dense\knife_extended\knife\0\064.png'
00:12.468  render           | Saved: 'C:\Users\gil_n\Documents\GitHub\Godot-game-development-codex\build\melee_trail_review\measured_dense\knife_extended\knife\22.5\000.png'
00:12.609  render           | Saved: 'C:\Users\gil_n\Documents\GitHub\Godot-game-development-codex\build\melee_trail_review\measured_dense\knife_extended\knife\22.5\001.png'
00:12.765  render           | Saved: 'C:\Users\gil_n\Documents\GitHub\Godot-game-development-codex\build\melee_trail_review\measured_dense\knife_extended\knife\22.5\002.png'
00:12.906  render           | Saved: 'C:\Users\gil_n\Documents\GitHub\Godot-game-development-codex\build\melee_trail_review\measured_dense\knife_extended\knife\22.5\003.png'
00:13.046  render           | Saved: 'C:\Users\gil_n\Documents\GitHub\Godot-game-development-codex\build\melee_trail_review\measured_dense\knife_extended\knife\22.5\004.png'
00:13.203  render           | Saved: 'C:\Users\gil_n\Documents\GitHub\Godot-game-development-codex\build\melee_trail_review\measured_dense\knife_extended\knife\22.5\005.png'
00:13.359  render           | Saved: 'C:\Users\gil_n\Documents\GitHub\Godot-game-development-codex\build\melee_trail_review\measured_dense\knife_extended\knife\22.5\006.png'
00:13.500  render           | Saved: 'C:\Users\gil_n\Documents\GitHub\Godot-game-development-codex\build\melee_trail_review\measured_dense\knife_extended\knife\22.5\007.png'
00:13.656  render           | Saved: 'C:\Users\gil_n\Documents\GitHub\Godot-game-development-codex\build\melee_trail_review\measured_dense\knife_extended\knife\22.5\008.png'
00:13.796  render           | Saved: 'C:\Users\gil_n\Documents\GitHub\Godot-game-development-codex\build\melee_trail_review\measured_dense\knife_extended\knife\22.5\009.png'
00:13.937  render           | Saved: 'C:\Users\gil_n\Documents\GitHub\Godot-game-development-codex\build\melee_trail_review\measured_dense\knife_extended\knife\22.5\010.png'
00:14.093  render           | Saved: 'C:\Users\gil_n\Documents\GitHub\Godot-game-development-codex\build\melee_trail_review\measured_dense\knife_extended\knife\22.5\011.png'
00:14.234  render           | Saved: 'C:\Users\gil_n\Documents\GitHub\Godot-game-development-codex\build\melee_trail_review\measured_dense\knife_extended\knife\22.5\012.png'
00:14.375  render           | Saved: 'C:\Users\gil_n\Documents\GitHub\Godot-game-development-codex\build\melee_trail_review\measured_dense\knife_extended\knife\22.5\013.png'
00:14.531  render           | Saved: 'C:\Users\gil_n\Documents\GitHub\Godot-game-development-codex\build\melee_trail_review\measured_dense\knife_extended\knife\22.5\014.png'
00:14.671  render           | Saved: 'C:\Users\gil_n\Documents\GitHub\Godot-game-development-codex\build\melee_trail_review\measured_dense\knife_extended\knife\22.5\015.png'
00:14.828  render           | Saved: 'C:\Users\gil_n\Documents\GitHub\Godot-game-development-codex\build\melee_trail_review\measured_dense\knife_extended\knife\22.5\016.png'
00:14.968  render           | Saved: 'C:\Users\gil_n\Documents\GitHub\Godot-game-development-codex\build\melee_trail_review\measured_dense\knife_extended\knife\22.5\017.png'
00:15.109  render           | Saved: 'C:\Users\gil_n\Documents\GitHub\Godot-game-development-codex\build\melee_trail_review\measured_dense\knife_extended\knife\22.5\018.png'
00:15.265  render           | Saved: 'C:\Users\gil_n\Documents\GitHub\Godot-game-development-codex\build\melee_trail_review\measured_dense\knife_extended\knife\22.5\019.png'
00:15.406  render           | Saved: 'C:\Users\gil_n\Documents\GitHub\Godot-game-development-codex\build\melee_trail_review\measured_dense\knife_extended\knife\22.5\020.png'
00:15.546  render           | Saved: 'C:\Users\gil_n\Documents\GitHub\Godot-game-development-codex\build\melee_trail_review\measured_dense\knife_extended\knife\22.5\021.png'
00:15.703  render           | Saved: 'C:\Users\gil_n\Documents\GitHub\Godot-game-development-codex\build\melee_trail_review\measured_dense\knife_extended\knife\22.5\022.png'
00:15.843  render           | Saved: 'C:\Users\gil_n\Documents\GitHub\Godot-game-development-codex\build\melee_trail_review\measured_dense\knife_extended\knife\22.5\023.png'
00:16.000  render           | Saved: 'C:\Users\gil_n\Documents\GitHub\Godot-game-development-codex\build\melee_trail_review\measured_dense\knife_extended\knife\22.5\024.png'
00:16.140  render           | Saved: 'C:\Users\gil_n\Documents\GitHub\Godot-game-development-codex\build\melee_trail_review\measured_dense\knife_extended\knife\22.5\025.png'
00:16.281  render           | Saved: 'C:\Users\gil_n\Documents\GitHub\Godot-game-development-codex\build\melee_trail_review\measured_dense\knife_extended\knife\22.5\026.png'
00:16.437  render           | Saved: 'C:\Users\gil_n\Documents\GitHub\Godot-game-development-codex\build\melee_trail_review\measured_dense\knife_extended\knife\22.5\027.png'
00:16.578  render           | Saved: 'C:\Users\gil_n\Documents\GitHub\Godot-game-development-codex\build\melee_trail_review\measured_dense\knife_extended\knife\22.5\028.png'
00:16.718  render           | Saved: 'C:\Users\gil_n\Documents\GitHub\Godot-game-development-codex\build\melee_trail_review\measured_dense\knife_extended\knife\22.5\029.png'
00:16.875  render           | Saved: 'C:\Users\gil_n\Documents\GitHub\Godot-game-development-codex\build\melee_trail_review\measured_dense\knife_extended\knife\22.5\030.png'
00:17.031  render           | Saved: 'C:\Users\gil_n\Documents\GitHub\Godot-game-development-codex\build\melee_trail_review\measured_dense\knife_extended\knife\22.5\031.png'
00:17.171  render           | Saved: 'C:\Users\gil_n\Documents\GitHub\Godot-game-development-codex\build\melee_trail_review\measured_dense\knife_extended\knife\22.5\032.png'
00:17.312  render           | Saved: 'C:\Users\gil_n\Documents\GitHub\Godot-game-development-codex\build\melee_trail_review\measured_dense\knife_extended\knife\22.5\033.png'
00:17.468  render           | Saved: 'C:\Users\gil_n\Documents\GitHub\Godot-game-development-codex\build\melee_trail_review\measured_dense\knife_extended\knife\22.5\034.png'
00:17.609  render           | Saved: 'C:\Users\gil_n\Documents\GitHub\Godot-game-development-codex\build\melee_trail_review\measured_dense\knife_extended\knife\22.5\035.png'
00:17.750  render           | Saved: 'C:\Users\gil_n\Documents\GitHub\Godot-game-development-codex\build\melee_trail_review\measured_dense\knife_extended\knife\22.5\036.png'
00:17.906  render           | Saved: 'C:\Users\gil_n\Documents\GitHub\Godot-game-development-codex\build\melee_trail_review\measured_dense\knife_extended\knife\22.5\037.png'
00:18.046  render           | Saved: 'C:\Users\gil_n\Documents\GitHub\Godot-game-development-codex\build\melee_trail_review\measured_dense\knife_extended\knife\22.5\038.png'
00:18.187  render           | Saved: 'C:\Users\gil_n\Documents\GitHub\Godot-game-development-codex\build\melee_trail_review\measured_dense\knife_extended\knife\22.5\039.png'
00:18.343  render           | Saved: 'C:\Users\gil_n\Documents\GitHub\Godot-game-development-codex\build\melee_trail_review\measured_dense\knife_extended\knife\22.5\040.png'
00:18.484  render           | Saved: 'C:\Users\gil_n\Documents\GitHub\Godot-game-development-codex\build\melee_trail_review\measured_dense\knife_extended\knife\22.5\041.png'
00:18.625  render           | Saved: 'C:\Users\gil_n\Documents\GitHub\Godot-game-development-codex\build\melee_trail_review\measured_dense\knife_extended\knife\22.5\042.png'
00:18.765  render           | Saved: 'C:\Users\gil_n\Documents\GitHub\Godot-game-development-codex\build\melee_trail_review\measured_dense\knife_extended\knife\22.5\043.png'
00:18.921  render           | Saved: 'C:\Users\gil_n\Documents\GitHub\Godot-game-development-codex\build\melee_trail_review\measured_dense\knife_extended\knife\22.5\044.png'
00:19.062  render           | Saved: 'C:\Users\gil_n\Documents\GitHub\Godot-game-development-codex\build\melee_trail_review\measured_dense\knife_extended\knife\22.5\045.png'
00:19.203  render           | Saved: 'C:\Users\gil_n\Documents\GitHub\Godot-game-development-codex\build\melee_trail_review\measured_dense\knife_extended\knife\22.5\046.png'
00:19.343  render           | Saved: 'C:\Users\gil_n\Documents\GitHub\Godot-game-development-codex\build\melee_trail_review\measured_dense\knife_extended\knife\22.5\047.png'
00:19.500  render           | Saved: 'C:\Users\gil_n\Documents\GitHub\Godot-game-development-codex\build\melee_trail_review\measured_dense\knife_extended\knife\22.5\048.png'
00:19.640  render           | Saved: 'C:\Users\gil_n\Documents\GitHub\Godot-game-development-codex\build\melee_trail_review\measured_dense\knife_extended\knife\22.5\049.png'
00:19.781  render           | Saved: 'C:\Users\gil_n\Documents\GitHub\Godot-game-development-codex\build\melee_trail_review\measured_dense\knife_extended\knife\22.5\050.png'
00:19.937  render           | Saved: 'C:\Users\gil_n\Documents\GitHub\Godot-game-development-codex\build\melee_trail_review\measured_dense\knife_extended\knife\22.5\051.png'
00:20.078  render           | Saved: 'C:\Users\gil_n\Documents\GitHub\Godot-game-development-codex\build\melee_trail_review\measured_dense\knife_extended\knife\22.5\052.png'
00:20.218  render           | Saved: 'C:\Users\gil_n\Documents\GitHub\Godot-game-development-codex\build\melee_trail_review\measured_dense\knife_extended\knife\22.5\053.png'
00:20.375  render           | Saved: 'C:\Users\gil_n\Documents\GitHub\Godot-game-development-codex\build\melee_trail_review\measured_dense\knife_extended\knife\22.5\054.png'
00:20.515  render           | Saved: 'C:\Users\gil_n\Documents\GitHub\Godot-game-development-codex\build\melee_trail_review\measured_dense\knife_extended\knife\22.5\055.png'
00:20.671  render           | Saved: 'C:\Users\gil_n\Documents\GitHub\Godot-game-development-codex\build\melee_trail_review\measured_dense\knife_extended\knife\22.5\056.png'
00:20.812  render           | Saved: 'C:\Users\gil_n\Documents\GitHub\Godot-game-development-codex\build\melee_trail_review\measured_dense\knife_extended\knife\22.5\057.png'
00:20.953  render           | Saved: 'C:\Users\gil_n\Documents\GitHub\Godot-game-development-codex\build\melee_trail_review\measured_dense\knife_extended\knife\22.5\058.png'
00:21.109  render           | Saved: 'C:\Users\gil_n\Documents\GitHub\Godot-game-development-codex\build\melee_trail_review\measured_dense\knife_extended\knife\22.5\059.png'
00:21.250  render           | Saved: 'C:\Users\gil_n\Documents\GitHub\Godot-game-development-codex\build\melee_trail_review\measured_dense\knife_extended\knife\22.5\060.png'
00:21.390  render           | Saved: 'C:\Users\gil_n\Documents\GitHub\Godot-game-development-codex\build\melee_trail_review\measured_dense\knife_extended\knife\22.5\061.png'
00:21.546  render           | Saved: 'C:\Users\gil_n\Documents\GitHub\Godot-game-development-codex\build\melee_trail_review\measured_dense\knife_extended\knife\22.5\062.png'
00:21.687  render           | Saved: 'C:\Users\gil_n\Documents\GitHub\Godot-game-development-codex\build\melee_trail_review\measured_dense\knife_extended\knife\22.5\063.png'
00:21.843  render           | Saved: 'C:\Users\gil_n\Documents\GitHub\Godot-game-development-codex\build\melee_trail_review\measured_dense\knife_extended\knife\22.5\064.png'
00:21.984  render           | Saved: 'C:\Users\gil_n\Documents\GitHub\Godot-game-development-codex\build\melee_trail_review\measured_dense\knife_extended\knife\45\000.png'
00:22.125  render           | Saved: 'C:\Users\gil_n\Documents\GitHub\Godot-game-development-codex\build\melee_trail_review\measured_dense\knife_extended\knife\45\001.png'
00:22.281  render           | Saved: 'C:\Users\gil_n\Documents\GitHub\Godot-game-development-codex\build\melee_trail_review\measured_dense\knife_extended\knife\45\002.png'
00:22.421  render           | Saved: 'C:\Users\gil_n\Documents\GitHub\Godot-game-development-codex\build\melee_trail_review\measured_dense\knife_extended\knife\45\003.png'
00:22.578  render           | Saved: 'C:\Users\gil_n\Documents\GitHub\Godot-game-development-codex\build\melee_trail_review\measured_dense\knife_extended\knife\45\004.png'
00:22.718  render           | Saved: 'C:\Users\gil_n\Documents\GitHub\Godot-game-development-codex\build\melee_trail_review\measured_dense\knife_extended\knife\45\005.png'
00:22.859  render           | Saved: 'C:\Users\gil_n\Documents\GitHub\Godot-game-development-codex\build\melee_trail_review\measured_dense\knife_extended\knife\45\006.png'
00:23.000  render           | Saved: 'C:\Users\gil_n\Documents\GitHub\Godot-game-development-codex\build\melee_trail_review\measured_dense\knife_extended\knife\45\007.png'
00:23.140  render           | Saved: 'C:\Users\gil_n\Documents\GitHub\Godot-game-development-codex\build\melee_trail_review\measured_dense\knife_extended\knife\45\008.png'
00:23.296  render           | Saved: 'C:\Users\gil_n\Documents\GitHub\Godot-game-development-codex\build\melee_trail_review\measured_dense\knife_extended\knife\45\009.png'
00:23.437  render           | Saved: 'C:\Users\gil_n\Documents\GitHub\Godot-game-development-codex\build\melee_trail_review\measured_dense\knife_extended\knife\45\010.png'
00:23.593  render           | Saved: 'C:\Users\gil_n\Documents\GitHub\Godot-game-development-codex\build\melee_trail_review\measured_dense\knife_extended\knife\45\011.png'
00:23.734  render           | Saved: 'C:\Users\gil_n\Documents\GitHub\Godot-game-development-codex\build\melee_trail_review\measured_dense\knife_extended\knife\45\012.png'
00:23.875  render           | Saved: 'C:\Users\gil_n\Documents\GitHub\Godot-game-development-codex\build\melee_trail_review\measured_dense\knife_extended\knife\45\013.png'
00:24.015  render           | Saved: 'C:\Users\gil_n\Documents\GitHub\Godot-game-development-codex\build\melee_trail_review\measured_dense\knife_extended\knife\45\014.png'
00:24.171  render           | Saved: 'C:\Users\gil_n\Documents\GitHub\Godot-game-development-codex\build\melee_trail_review\measured_dense\knife_extended\knife\45\015.png'
00:24.312  render           | Saved: 'C:\Users\gil_n\Documents\GitHub\Godot-game-development-codex\build\melee_trail_review\measured_dense\knife_extended\knife\45\016.png'
00:24.453  render           | Saved: 'C:\Users\gil_n\Documents\GitHub\Godot-game-development-codex\build\melee_trail_review\measured_dense\knife_extended\knife\45\017.png'
00:24.609  render           | Saved: 'C:\Users\gil_n\Documents\GitHub\Godot-game-development-codex\build\melee_trail_review\measured_dense\knife_extended\knife\45\018.png'
00:24.750  render           | Saved: 'C:\Users\gil_n\Documents\GitHub\Godot-game-development-codex\build\melee_trail_review\measured_dense\knife_extended\knife\45\019.png'
00:24.890  render           | Saved: 'C:\Users\gil_n\Documents\GitHub\Godot-game-development-codex\build\melee_trail_review\measured_dense\knife_extended\knife\45\020.png'
00:25.046  render           | Saved: 'C:\Users\gil_n\Documents\GitHub\Godot-game-development-codex\build\melee_trail_review\measured_dense\knife_extended\knife\45\021.png'
00:25.187  render           | Saved: 'C:\Users\gil_n\Documents\GitHub\Godot-game-development-codex\build\melee_trail_review\measured_dense\knife_extended\knife\45\022.png'
00:25.343  render           | Saved: 'C:\Users\gil_n\Documents\GitHub\Godot-game-development-codex\build\melee_trail_review\measured_dense\knife_extended\knife\45\023.png'
00:25.484  render           | Saved: 'C:\Users\gil_n\Documents\GitHub\Godot-game-development-codex\build\melee_trail_review\measured_dense\knife_extended\knife\45\024.png'
00:25.640  render           | Saved: 'C:\Users\gil_n\Documents\GitHub\Godot-game-development-codex\build\melee_trail_review\measured_dense\knife_extended\knife\45\025.png'
00:25.781  render           | Saved: 'C:\Users\gil_n\Documents\GitHub\Godot-game-development-codex\build\melee_trail_review\measured_dense\knife_extended\knife\45\026.png'
00:25.937  render           | Saved: 'C:\Users\gil_n\Documents\GitHub\Godot-game-development-codex\build\melee_trail_review\measured_dense\knife_extended\knife\45\027.png'
00:26.078  render           | Saved: 'C:\Users\gil_n\Documents\GitHub\Godot-game-development-codex\build\melee_trail_review\measured_dense\knife_extended\knife\45\028.png'
00:26.218  render           | Saved: 'C:\Users\gil_n\Documents\GitHub\Godot-game-development-codex\build\melee_trail_review\measured_dense\knife_extended\knife\45\029.png'
00:26.375  render           | Saved: 'C:\Users\gil_n\Documents\GitHub\Godot-game-development-codex\build\melee_trail_review\measured_dense\knife_extended\knife\45\030.png'
00:26.515  render           | Saved: 'C:\Users\gil_n\Documents\GitHub\Godot-game-development-codex\build\melee_trail_review\measured_dense\knife_extended\knife\45\031.png'
00:26.656  render           | Saved: 'C:\Users\gil_n\Documents\GitHub\Godot-game-development-codex\build\melee_trail_review\measured_dense\knife_extended\knife\45\032.png'
00:26.812  render           | Saved: 'C:\Users\gil_n\Documents\GitHub\Godot-game-development-codex\build\melee_trail_review\measured_dense\knife_extended\knife\45\033.png'
00:26.984  render           | Saved: 'C:\Users\gil_n\Documents\GitHub\Godot-game-development-codex\build\melee_trail_review\measured_dense\knife_extended\knife\45\034.png'
00:27.140  render           | Saved: 'C:\Users\gil_n\Documents\GitHub\Godot-game-development-codex\build\melee_trail_review\measured_dense\knife_extended\knife\45\035.png'
00:27.296  render           | Saved: 'C:\Users\gil_n\Documents\GitHub\Godot-game-development-codex\build\melee_trail_review\measured_dense\knife_extended\knife\45\036.png'
00:27.453  render           | Saved: 'C:\Users\gil_n\Documents\GitHub\Godot-game-development-codex\build\melee_trail_review\measured_dense\knife_extended\knife\45\037.png'
00:27.625  render           | Saved: 'C:\Users\gil_n\Documents\GitHub\Godot-game-development-codex\build\melee_trail_review\measured_dense\knife_extended\knife\45\038.png'
00:27.781  render           | Saved: 'C:\Users\gil_n\Documents\GitHub\Godot-game-development-codex\build\melee_trail_review\measured_dense\knife_extended\knife\45\039.png'
00:27.937  render           | Saved: 'C:\Users\gil_n\Documents\GitHub\Godot-game-development-codex\build\melee_trail_review\measured_dense\knife_extended\knife\45\040.png'
00:28.093  render           | Saved: 'C:\Users\gil_n\Documents\GitHub\Godot-game-development-codex\build\melee_trail_review\measured_dense\knife_extended\knife\45\041.png'
00:28.250  render           | Saved: 'C:\Users\gil_n\Documents\GitHub\Godot-game-development-codex\build\melee_trail_review\measured_dense\knife_extended\knife\45\042.png'
00:28.406  render           | Saved: 'C:\Users\gil_n\Documents\GitHub\Godot-game-development-codex\build\melee_trail_review\measured_dense\knife_extended\knife\45\043.png'
00:28.562  render           | Saved: 'C:\Users\gil_n\Documents\GitHub\Godot-game-development-codex\build\melee_trail_review\measured_dense\knife_extended\knife\45\044.png'
00:28.718  render           | Saved: 'C:\Users\gil_n\Documents\GitHub\Godot-game-development-codex\build\melee_trail_review\measured_dense\knife_extended\knife\45\045.png'
00:28.875  render           | Saved: 'C:\Users\gil_n\Documents\GitHub\Godot-game-development-codex\build\melee_trail_review\measured_dense\knife_extended\knife\45\046.png'
00:29.031  render           | Saved: 'C:\Users\gil_n\Documents\GitHub\Godot-game-development-codex\build\melee_trail_review\measured_dense\knife_extended\knife\45\047.png'
00:29.187  render           | Saved: 'C:\Users\gil_n\Documents\GitHub\Godot-game-development-codex\build\melee_trail_review\measured_dense\knife_extended\knife\45\048.png'
00:29.343  render           | Saved: 'C:\Users\gil_n\Documents\GitHub\Godot-game-development-codex\build\melee_trail_review\measured_dense\knife_extended\knife\45\049.png'
00:29.500  render           | Saved: 'C:\Users\gil_n\Documents\GitHub\Godot-game-development-codex\build\melee_trail_review\measured_dense\knife_extended\knife\45\050.png'
00:29.656  render           | Saved: 'C:\Users\gil_n\Documents\GitHub\Godot-game-development-codex\build\melee_trail_review\measured_dense\knife_extended\knife\45\051.png'
00:29.812  render           | Saved: 'C:\Users\gil_n\Documents\GitHub\Godot-game-development-codex\build\melee_trail_review\measured_dense\knife_extended\knife\45\052.png'
00:29.968  render           | Saved: 'C:\Users\gil_n\Documents\GitHub\Godot-game-development-codex\build\melee_trail_review\measured_dense\knife_extended\knife\45\053.png'
00:30.140  render           | Saved: 'C:\Users\gil_n\Documents\GitHub\Godot-game-development-codex\build\melee_trail_review\measured_dense\knife_extended\knife\45\054.png'
00:30.296  render           | Saved: 'C:\Users\gil_n\Documents\GitHub\Godot-game-development-codex\build\melee_trail_review\measured_dense\knife_extended\knife\45\055.png'
00:30.453  render           | Saved: 'C:\Users\gil_n\Documents\GitHub\Godot-game-development-codex\build\melee_trail_review\measured_dense\knife_extended\knife\45\056.png'
00:30.609  render           | Saved: 'C:\Users\gil_n\Documents\GitHub\Godot-game-development-codex\build\melee_trail_review\measured_dense\knife_extended\knife\45\057.png'
00:30.765  render           | Saved: 'C:\Users\gil_n\Documents\GitHub\Godot-game-development-codex\build\melee_trail_review\measured_dense\knife_extended\knife\45\058.png'
00:30.906  render           | Saved: 'C:\Users\gil_n\Documents\GitHub\Godot-game-development-codex\build\melee_trail_review\measured_dense\knife_extended\knife\45\059.png'
00:31.078  render           | Saved: 'C:\Users\gil_n\Documents\GitHub\Godot-game-development-codex\build\melee_trail_review\measured_dense\knife_extended\knife\45\060.png'
00:31.234  render           | Saved: 'C:\Users\gil_n\Documents\GitHub\Godot-game-development-codex\build\melee_trail_review\measured_dense\knife_extended\knife\45\061.png'
00:31.390  render           | Saved: 'C:\Users\gil_n\Documents\GitHub\Godot-game-development-codex\build\melee_trail_review\measured_dense\knife_extended\knife\45\062.png'
00:31.546  render           | Saved: 'C:\Users\gil_n\Documents\GitHub\Godot-game-development-codex\build\melee_trail_review\measured_dense\knife_extended\knife\45\063.png'
00:31.703  render           | Saved: 'C:\Users\gil_n\Documents\GitHub\Godot-game-development-codex\build\melee_trail_review\measured_dense\knife_extended\knife\45\064.png'
00:31.859  render           | Saved: 'C:\Users\gil_n\Documents\GitHub\Godot-game-development-codex\build\melee_trail_review\measured_dense\knife_extended\knife\67.5\000.png'
00:32.015  render           | Saved: 'C:\Users\gil_n\Documents\GitHub\Godot-game-development-codex\build\melee_trail_review\measured_dense\knife_extended\knife\67.5\001.png'
00:32.187  render           | Saved: 'C:\Users\gil_n\Documents\GitHub\Godot-game-development-codex\build\melee_trail_review\measured_dense\knife_extended\knife\67.5\002.png'
00:32.343  render           | Saved: 'C:\Users\gil_n\Documents\GitHub\Godot-game-development-codex\build\melee_trail_review\measured_dense\knife_extended\knife\67.5\003.png'
00:32.500  render           | Saved: 'C:\Users\gil_n\Documents\GitHub\Godot-game-development-codex\build\melee_trail_review\measured_dense\knife_extended\knife\67.5\004.png'
00:32.656  render           | Saved: 'C:\Users\gil_n\Documents\GitHub\Godot-game-development-codex\build\melee_trail_review\measured_dense\knife_extended\knife\67.5\005.png'
00:32.812  render           | Saved: 'C:\Users\gil_n\Documents\GitHub\Godot-game-development-codex\build\melee_trail_review\measured_dense\knife_extended\knife\67.5\006.png'
00:32.984  render           | Saved: 'C:\Users\gil_n\Documents\GitHub\Godot-game-development-codex\build\melee_trail_review\measured_dense\knife_extended\knife\67.5\007.png'
00:33.140  render           | Saved: 'C:\Users\gil_n\Documents\GitHub\Godot-game-development-codex\build\melee_trail_review\measured_dense\knife_extended\knife\67.5\008.png'
00:33.328  render           | Saved: 'C:\Users\gil_n\Documents\GitHub\Godot-game-development-codex\build\melee_trail_review\measured_dense\knife_extended\knife\67.5\009.png'
00:33.484  render           | Saved: 'C:\Users\gil_n\Documents\GitHub\Godot-game-development-codex\build\melee_trail_review\measured_dense\knife_extended\knife\67.5\010.png'
00:33.640  render           | Saved: 'C:\Users\gil_n\Documents\GitHub\Godot-game-development-codex\build\melee_trail_review\measured_dense\knife_extended\knife\67.5\011.png'
00:33.796  render           | Saved: 'C:\Users\gil_n\Documents\GitHub\Godot-game-development-codex\build\melee_trail_review\measured_dense\knife_extended\knife\67.5\012.png'
00:33.953  render           | Saved: 'C:\Users\gil_n\Documents\GitHub\Godot-game-development-codex\build\melee_trail_review\measured_dense\knife_extended\knife\67.5\013.png'
00:34.109  render           | Saved: 'C:\Users\gil_n\Documents\GitHub\Godot-game-development-codex\build\melee_trail_review\measured_dense\knife_extended\knife\67.5\014.png'
00:34.265  render           | Saved: 'C:\Users\gil_n\Documents\GitHub\Godot-game-development-codex\build\melee_trail_review\measured_dense\knife_extended\knife\67.5\015.png'
00:34.421  render           | Saved: 'C:\Users\gil_n\Documents\GitHub\Godot-game-development-codex\build\melee_trail_review\measured_dense\knife_extended\knife\67.5\016.png'
00:34.578  render           | Saved: 'C:\Users\gil_n\Documents\GitHub\Godot-game-development-codex\build\melee_trail_review\measured_dense\knife_extended\knife\67.5\017.png'
00:34.734  render           | Saved: 'C:\Users\gil_n\Documents\GitHub\Godot-game-development-codex\build\melee_trail_review\measured_dense\knife_extended\knife\67.5\018.png'
00:34.890  render           | Saved: 'C:\Users\gil_n\Documents\GitHub\Godot-game-development-codex\build\melee_trail_review\measured_dense\knife_extended\knife\67.5\019.png'
00:35.046  render           | Saved: 'C:\Users\gil_n\Documents\GitHub\Godot-game-development-codex\build\melee_trail_review\measured_dense\knife_extended\knife\67.5\020.png'
00:35.203  render           | Saved: 'C:\Users\gil_n\Documents\GitHub\Godot-game-development-codex\build\melee_trail_review\measured_dense\knife_extended\knife\67.5\021.png'
00:35.359  render           | Saved: 'C:\Users\gil_n\Documents\GitHub\Godot-game-development-codex\build\melee_trail_review\measured_dense\knife_extended\knife\67.5\022.png'
00:35.515  render           | Saved: 'C:\Users\gil_n\Documents\GitHub\Godot-game-development-codex\build\melee_trail_review\measured_dense\knife_extended\knife\67.5\023.png'
00:35.671  render           | Saved: 'C:\Users\gil_n\Documents\GitHub\Godot-game-development-codex\build\melee_trail_review\measured_dense\knife_extended\knife\67.5\024.png'
00:35.843  render           | Saved: 'C:\Users\gil_n\Documents\GitHub\Godot-game-development-codex\build\melee_trail_review\measured_dense\knife_extended\knife\67.5\025.png'
00:36.000  render           | Saved: 'C:\Users\gil_n\Documents\GitHub\Godot-game-development-codex\build\melee_trail_review\measured_dense\knife_extended\knife\67.5\026.png'
00:36.156  render           | Saved: 'C:\Users\gil_n\Documents\GitHub\Godot-game-development-codex\build\melee_trail_review\measured_dense\knife_extended\knife\67.5\027.png'
00:36.312  render           | Saved: 'C:\Users\gil_n\Documents\GitHub\Godot-game-development-codex\build\melee_trail_review\measured_dense\knife_extended\knife\67.5\028.png'
00:36.468  render           | Saved: 'C:\Users\gil_n\Documents\GitHub\Godot-game-development-codex\build\melee_trail_review\measured_dense\knife_extended\knife\67.5\029.png'
00:36.625  render           | Saved: 'C:\Users\gil_n\Documents\GitHub\Godot-game-development-codex\build\melee_trail_review\measured_dense\knife_extended\knife\67.5\030.png'
00:36.796  render           | Saved: 'C:\Users\gil_n\Documents\GitHub\Godot-game-development-codex\build\melee_trail_review\measured_dense\knife_extended\knife\67.5\031.png'
00:36.953  render           | Saved: 'C:\Users\gil_n\Documents\GitHub\Godot-game-development-codex\build\melee_trail_review\measured_dense\knife_extended\knife\67.5\032.png'
00:37.109  render           | Saved: 'C:\Users\gil_n\Documents\GitHub\Godot-game-development-codex\build\melee_trail_review\measured_dense\knife_extended\knife\67.5\033.png'
00:37.265  render           | Saved: 'C:\Users\gil_n\Documents\GitHub\Godot-game-development-codex\build\melee_trail_review\measured_dense\knife_extended\knife\67.5\034.png'
00:37.421  render           | Saved: 'C:\Users\gil_n\Documents\GitHub\Godot-game-development-codex\build\melee_trail_review\measured_dense\knife_extended\knife\67.5\035.png'
00:37.578  render           | Saved: 'C:\Users\gil_n\Documents\GitHub\Godot-game-development-codex\build\melee_trail_review\measured_dense\knife_extended\knife\67.5\036.png'
00:37.734  render           | Saved: 'C:\Users\gil_n\Documents\GitHub\Godot-game-development-codex\build\melee_trail_review\measured_dense\knife_extended\knife\67.5\037.png'
00:37.875  render           | Saved: 'C:\Users\gil_n\Documents\GitHub\Godot-game-development-codex\build\melee_trail_review\measured_dense\knife_extended\knife\67.5\038.png'
00:38.015  render           | Saved: 'C:\Users\gil_n\Documents\GitHub\Godot-game-development-codex\build\melee_trail_review\measured_dense\knife_extended\knife\67.5\039.png'
00:38.171  render           | Saved: 'C:\Users\gil_n\Documents\GitHub\Godot-game-development-codex\build\melee_trail_review\measured_dense\knife_extended\knife\67.5\040.png'
00:38.312  render           | Saved: 'C:\Users\gil_n\Documents\GitHub\Godot-game-development-codex\build\melee_trail_review\measured_dense\knife_extended\knife\67.5\041.png'
00:38.468  render           | Saved: 'C:\Users\gil_n\Documents\GitHub\Godot-game-development-codex\build\melee_trail_review\measured_dense\knife_extended\knife\67.5\042.png'
00:38.609  render           | Saved: 'C:\Users\gil_n\Documents\GitHub\Godot-game-development-codex\build\melee_trail_review\measured_dense\knife_extended\knife\67.5\043.png'
00:38.765  render           | Saved: 'C:\Users\gil_n\Documents\GitHub\Godot-game-development-codex\build\melee_trail_review\measured_dense\knife_extended\knife\67.5\044.png'
00:38.921  render           | Saved: 'C:\Users\gil_n\Documents\GitHub\Godot-game-development-codex\build\melee_trail_review\measured_dense\knife_extended\knife\67.5\045.png'
00:39.062  render           | Saved: 'C:\Users\gil_n\Documents\GitHub\Godot-game-development-codex\build\melee_trail_review\measured_dense\knife_extended\knife\67.5\046.png'
00:39.203  render           | Saved: 'C:\Users\gil_n\Documents\GitHub\Godot-game-development-codex\build\melee_trail_review\measured_dense\knife_extended\knife\67.5\047.png'
00:39.359  render           | Saved: 'C:\Users\gil_n\Documents\GitHub\Godot-game-development-codex\build\melee_trail_review\measured_dense\knife_extended\knife\67.5\048.png'
00:39.500  render           | Saved: 'C:\Users\gil_n\Documents\GitHub\Godot-game-development-codex\build\melee_trail_review\measured_dense\knife_extended\knife\67.5\049.png'
00:39.640  render           | Saved: 'C:\Users\gil_n\Documents\GitHub\Godot-game-development-codex\build\melee_trail_review\measured_dense\knife_extended\knife\67.5\050.png'
00:39.796  render           | Saved: 'C:\Users\gil_n\Documents\GitHub\Godot-game-development-codex\build\melee_trail_review\measured_dense\knife_extended\knife\67.5\051.png'
00:39.937  render           | Saved: 'C:\Users\gil_n\Documents\GitHub\Godot-game-development-codex\build\melee_trail_review\measured_dense\knife_extended\knife\67.5\052.png'
00:40.093  render           | Saved: 'C:\Users\gil_n\Documents\GitHub\Godot-game-development-codex\build\melee_trail_review\measured_dense\knife_extended\knife\67.5\053.png'
00:40.234  render           | Saved: 'C:\Users\gil_n\Documents\GitHub\Godot-game-development-codex\build\melee_trail_review\measured_dense\knife_extended\knife\67.5\054.png'
00:40.375  render           | Saved: 'C:\Users\gil_n\Documents\GitHub\Godot-game-development-codex\build\melee_trail_review\measured_dense\knife_extended\knife\67.5\055.png'
00:40.531  render           | Saved: 'C:\Users\gil_n\Documents\GitHub\Godot-game-development-codex\build\melee_trail_review\measured_dense\knife_extended\knife\67.5\056.png'
00:40.687  render           | Saved: 'C:\Users\gil_n\Documents\GitHub\Godot-game-development-codex\build\melee_trail_review\measured_dense\knife_extended\knife\67.5\057.png'
00:40.828  render           | Saved: 'C:\Users\gil_n\Documents\GitHub\Godot-game-development-codex\build\melee_trail_review\measured_dense\knife_extended\knife\67.5\058.png'
00:40.968  render           | Saved: 'C:\Users\gil_n\Documents\GitHub\Godot-game-development-codex\build\melee_trail_review\measured_dense\knife_extended\knife\67.5\059.png'
00:41.125  render           | Saved: 'C:\Users\gil_n\Documents\GitHub\Godot-game-development-codex\build\melee_trail_review\measured_dense\knife_extended\knife\67.5\060.png'
00:41.265  render           | Saved: 'C:\Users\gil_n\Documents\GitHub\Godot-game-development-codex\build\melee_trail_review\measured_dense\knife_extended\knife\67.5\061.png'
00:41.421  render           | Saved: 'C:\Users\gil_n\Documents\GitHub\Godot-game-development-codex\build\melee_trail_review\measured_dense\knife_extended\knife\67.5\062.png'
00:41.562  render           | Saved: 'C:\Users\gil_n\Documents\GitHub\Godot-game-development-codex\build\melee_trail_review\measured_dense\knife_extended\knife\67.5\063.png'
00:41.718  render           | Saved: 'C:\Users\gil_n\Documents\GitHub\Godot-game-development-codex\build\melee_trail_review\measured_dense\knife_extended\knife\67.5\064.png'
00:41.875  render           | Saved: 'C:\Users\gil_n\Documents\GitHub\Godot-game-development-codex\build\melee_trail_review\measured_dense\knife_extended\knife\90\000.png'
00:42.015  render           | Saved: 'C:\Users\gil_n\Documents\GitHub\Godot-game-development-codex\build\melee_trail_review\measured_dense\knife_extended\knife\90\001.png'
00:42.171  render           | Saved: 'C:\Users\gil_n\Documents\GitHub\Godot-game-development-codex\build\melee_trail_review\measured_dense\knife_extended\knife\90\002.png'
00:42.312  render           | Saved: 'C:\Users\gil_n\Documents\GitHub\Godot-game-development-codex\build\melee_trail_review\measured_dense\knife_extended\knife\90\003.png'
00:42.468  render           | Saved: 'C:\Users\gil_n\Documents\GitHub\Godot-game-development-codex\build\melee_trail_review\measured_dense\knife_extended\knife\90\004.png'
00:42.609  render           | Saved: 'C:\Users\gil_n\Documents\GitHub\Godot-game-development-codex\build\melee_trail_review\measured_dense\knife_extended\knife\90\005.png'
00:42.765  render           | Saved: 'C:\Users\gil_n\Documents\GitHub\Godot-game-development-codex\build\melee_trail_review\measured_dense\knife_extended\knife\90\006.png'
00:42.906  render           | Saved: 'C:\Users\gil_n\Documents\GitHub\Godot-game-development-codex\build\melee_trail_review\measured_dense\knife_extended\knife\90\007.png'
00:43.046  render           | Saved: 'C:\Users\gil_n\Documents\GitHub\Godot-game-development-codex\build\melee_trail_review\measured_dense\knife_extended\knife\90\008.png'
00:43.203  render           | Saved: 'C:\Users\gil_n\Documents\GitHub\Godot-game-development-codex\build\melee_trail_review\measured_dense\knife_extended\knife\90\009.png'
00:43.343  render           | Saved: 'C:\Users\gil_n\Documents\GitHub\Godot-game-development-codex\build\melee_trail_review\measured_dense\knife_extended\knife\90\010.png'
00:43.500  render           | Saved: 'C:\Users\gil_n\Documents\GitHub\Godot-game-development-codex\build\melee_trail_review\measured_dense\knife_extended\knife\90\011.png'
00:43.656  render           | Saved: 'C:\Users\gil_n\Documents\GitHub\Godot-game-development-codex\build\melee_trail_review\measured_dense\knife_extended\knife\90\012.png'
00:43.796  render           | Saved: 'C:\Users\gil_n\Documents\GitHub\Godot-game-development-codex\build\melee_trail_review\measured_dense\knife_extended\knife\90\013.png'
00:43.953  render           | Saved: 'C:\Users\gil_n\Documents\GitHub\Godot-game-development-codex\build\melee_trail_review\measured_dense\knife_extended\knife\90\014.png'
00:44.093  render           | Saved: 'C:\Users\gil_n\Documents\GitHub\Godot-game-development-codex\build\melee_trail_review\measured_dense\knife_extended\knife\90\015.png'
00:44.250  render           | Saved: 'C:\Users\gil_n\Documents\GitHub\Godot-game-development-codex\build\melee_trail_review\measured_dense\knife_extended\knife\90\016.png'
00:44.390  render           | Saved: 'C:\Users\gil_n\Documents\GitHub\Godot-game-development-codex\build\melee_trail_review\measured_dense\knife_extended\knife\90\017.png'
00:44.531  render           | Saved: 'C:\Users\gil_n\Documents\GitHub\Godot-game-development-codex\build\melee_trail_review\measured_dense\knife_extended\knife\90\018.png'
00:44.687  render           | Saved: 'C:\Users\gil_n\Documents\GitHub\Godot-game-development-codex\build\melee_trail_review\measured_dense\knife_extended\knife\90\019.png'
00:44.843  render           | Saved: 'C:\Users\gil_n\Documents\GitHub\Godot-game-development-codex\build\melee_trail_review\measured_dense\knife_extended\knife\90\020.png'
00:44.984  render           | Saved: 'C:\Users\gil_n\Documents\GitHub\Godot-game-development-codex\build\melee_trail_review\measured_dense\knife_extended\knife\90\021.png'
00:45.125  render           | Saved: 'C:\Users\gil_n\Documents\GitHub\Godot-game-development-codex\build\melee_trail_review\measured_dense\knife_extended\knife\90\022.png'
00:45.281  render           | Saved: 'C:\Users\gil_n\Documents\GitHub\Godot-game-development-codex\build\melee_trail_review\measured_dense\knife_extended\knife\90\023.png'
00:45.421  render           | Saved: 'C:\Users\gil_n\Documents\GitHub\Godot-game-development-codex\build\melee_trail_review\measured_dense\knife_extended\knife\90\024.png'
00:45.578  render           | Saved: 'C:\Users\gil_n\Documents\GitHub\Godot-game-development-codex\build\melee_trail_review\measured_dense\knife_extended\knife\90\025.png'
00:45.718  render           | Saved: 'C:\Users\gil_n\Documents\GitHub\Godot-game-development-codex\build\melee_trail_review\measured_dense\knife_extended\knife\90\026.png'
00:45.875  render           | Saved: 'C:\Users\gil_n\Documents\GitHub\Godot-game-development-codex\build\melee_trail_review\measured_dense\knife_extended\knife\90\027.png'
00:46.015  render           | Saved: 'C:\Users\gil_n\Documents\GitHub\Godot-game-development-codex\build\melee_trail_review\measured_dense\knife_extended\knife\90\028.png'
00:46.171  render           | Saved: 'C:\Users\gil_n\Documents\GitHub\Godot-game-development-codex\build\melee_trail_review\measured_dense\knife_extended\knife\90\029.png'
00:46.312  render           | Saved: 'C:\Users\gil_n\Documents\GitHub\Godot-game-development-codex\build\melee_trail_review\measured_dense\knife_extended\knife\90\030.png'
00:46.468  render           | Saved: 'C:\Users\gil_n\Documents\GitHub\Godot-game-development-codex\build\melee_trail_review\measured_dense\knife_extended\knife\90\031.png'
00:46.609  render           | Saved: 'C:\Users\gil_n\Documents\GitHub\Godot-game-development-codex\build\melee_trail_review\measured_dense\knife_extended\knife\90\032.png'
00:46.765  render           | Saved: 'C:\Users\gil_n\Documents\GitHub\Godot-game-development-codex\build\melee_trail_review\measured_dense\knife_extended\knife\90\033.png'
00:46.906  render           | Saved: 'C:\Users\gil_n\Documents\GitHub\Godot-game-development-codex\build\melee_trail_review\measured_dense\knife_extended\knife\90\034.png'
00:47.046  render           | Saved: 'C:\Users\gil_n\Documents\GitHub\Godot-game-development-codex\build\melee_trail_review\measured_dense\knife_extended\knife\90\035.png'
00:47.203  render           | Saved: 'C:\Users\gil_n\Documents\GitHub\Godot-game-development-codex\build\melee_trail_review\measured_dense\knife_extended\knife\90\036.png'
00:47.343  render           | Saved: 'C:\Users\gil_n\Documents\GitHub\Godot-game-development-codex\build\melee_trail_review\measured_dense\knife_extended\knife\90\037.png'
00:47.500  render           | Saved: 'C:\Users\gil_n\Documents\GitHub\Godot-game-development-codex\build\melee_trail_review\measured_dense\knife_extended\knife\90\038.png'
00:47.640  render           | Saved: 'C:\Users\gil_n\Documents\GitHub\Godot-game-development-codex\build\melee_trail_review\measured_dense\knife_extended\knife\90\039.png'
00:47.796  render           | Saved: 'C:\Users\gil_n\Documents\GitHub\Godot-game-development-codex\build\melee_trail_review\measured_dense\knife_extended\knife\90\040.png'
00:47.937  render           | Saved: 'C:\Users\gil_n\Documents\GitHub\Godot-game-development-codex\build\melee_trail_review\measured_dense\knife_extended\knife\90\041.png'
00:48.093  render           | Saved: 'C:\Users\gil_n\Documents\GitHub\Godot-game-development-codex\build\melee_trail_review\measured_dense\knife_extended\knife\90\042.png'
00:48.234  render           | Saved: 'C:\Users\gil_n\Documents\GitHub\Godot-game-development-codex\build\melee_trail_review\measured_dense\knife_extended\knife\90\043.png'
00:48.390  render           | Saved: 'C:\Users\gil_n\Documents\GitHub\Godot-game-development-codex\build\melee_trail_review\measured_dense\knife_extended\knife\90\044.png'
00:48.531  render           | Saved: 'C:\Users\gil_n\Documents\GitHub\Godot-game-development-codex\build\melee_trail_review\measured_dense\knife_extended\knife\90\045.png'
00:48.687  render           | Saved: 'C:\Users\gil_n\Documents\GitHub\Godot-game-development-codex\build\melee_trail_review\measured_dense\knife_extended\knife\90\046.png'
00:48.828  render           | Saved: 'C:\Users\gil_n\Documents\GitHub\Godot-game-development-codex\build\melee_trail_review\measured_dense\knife_extended\knife\90\047.png'
00:48.984  render           | Saved: 'C:\Users\gil_n\Documents\GitHub\Godot-game-development-codex\build\melee_trail_review\measured_dense\knife_extended\knife\90\048.png'
00:49.125  render           | Saved: 'C:\Users\gil_n\Documents\GitHub\Godot-game-development-codex\build\melee_trail_review\measured_dense\knife_extended\knife\90\049.png'
00:49.281  render           | Saved: 'C:\Users\gil_n\Documents\GitHub\Godot-game-development-codex\build\melee_trail_review\measured_dense\knife_extended\knife\90\050.png'
00:49.421  render           | Saved: 'C:\Users\gil_n\Documents\GitHub\Godot-game-development-codex\build\melee_trail_review\measured_dense\knife_extended\knife\90\051.png'
00:49.578  render           | Saved: 'C:\Users\gil_n\Documents\GitHub\Godot-game-development-codex\build\melee_trail_review\measured_dense\knife_extended\knife\90\052.png'
00:49.718  render           | Saved: 'C:\Users\gil_n\Documents\GitHub\Godot-game-development-codex\build\melee_trail_review\measured_dense\knife_extended\knife\90\053.png'
00:49.875  render           | Saved: 'C:\Users\gil_n\Documents\GitHub\Godot-game-development-codex\build\melee_trail_review\measured_dense\knife_extended\knife\90\054.png'
00:50.015  render           | Saved: 'C:\Users\gil_n\Documents\GitHub\Godot-game-development-codex\build\melee_trail_review\measured_dense\knife_extended\knife\90\055.png'
00:50.171  render           | Saved: 'C:\Users\gil_n\Documents\GitHub\Godot-game-development-codex\build\melee_trail_review\measured_dense\knife_extended\knife\90\056.png'
00:50.312  render           | Saved: 'C:\Users\gil_n\Documents\GitHub\Godot-game-development-codex\build\melee_trail_review\measured_dense\knife_extended\knife\90\057.png'
00:50.453  render           | Saved: 'C:\Users\gil_n\Documents\GitHub\Godot-game-development-codex\build\melee_trail_review\measured_dense\knife_extended\knife\90\058.png'
00:50.609  render           | Saved: 'C:\Users\gil_n\Documents\GitHub\Godot-game-development-codex\build\melee_trail_review\measured_dense\knife_extended\knife\90\059.png'
00:50.750  render           | Saved: 'C:\Users\gil_n\Documents\GitHub\Godot-game-development-codex\build\melee_trail_review\measured_dense\knife_extended\knife\90\060.png'
00:50.890  render           | Saved: 'C:\Users\gil_n\Documents\GitHub\Godot-game-development-codex\build\melee_trail_review\measured_dense\knife_extended\knife\90\061.png'
00:51.046  render           | Saved: 'C:\Users\gil_n\Documents\GitHub\Godot-game-development-codex\build\melee_trail_review\measured_dense\knife_extended\knife\90\062.png'
00:51.187  render           | Saved: 'C:\Users\gil_n\Documents\GitHub\Godot-game-development-codex\build\melee_trail_review\measured_dense\knife_extended\knife\90\063.png'
00:51.343  render           | Saved: 'C:\Users\gil_n\Documents\GitHub\Godot-game-development-codex\build\melee_trail_review\measured_dense\knife_extended\knife\90\064.png'
00:51.500  render           | Saved: 'C:\Users\gil_n\Documents\GitHub\Godot-game-development-codex\build\melee_trail_review\measured_dense\knife_extended\knife\112.5\000.png'
00:51.640  render           | Saved: 'C:\Users\gil_n\Documents\GitHub\Godot-game-development-codex\build\melee_trail_review\measured_dense\knife_extended\knife\112.5\001.png'
00:51.796  render           | Saved: 'C:\Users\gil_n\Documents\GitHub\Godot-game-development-codex\build\melee_trail_review\measured_dense\knife_extended\knife\112.5\002.png'
00:51.953  render           | Saved: 'C:\Users\gil_n\Documents\GitHub\Godot-game-development-codex\build\melee_trail_review\measured_dense\knife_extended\knife\112.5\003.png'
00:52.109  render           | Saved: 'C:\Users\gil_n\Documents\GitHub\Godot-game-development-codex\build\melee_trail_review\measured_dense\knife_extended\knife\112.5\004.png'
00:52.265  render           | Saved: 'C:\Users\gil_n\Documents\GitHub\Godot-game-development-codex\build\melee_trail_review\measured_dense\knife_extended\knife\112.5\005.png'
00:52.421  render           | Saved: 'C:\Users\gil_n\Documents\GitHub\Godot-game-development-codex\build\melee_trail_review\measured_dense\knife_extended\knife\112.5\006.png'
00:52.656  render           | Saved: 'C:\Users\gil_n\Documents\GitHub\Godot-game-development-codex\build\melee_trail_review\measured_dense\knife_extended\knife\112.5\007.png'
00:52.843  render           | Saved: 'C:\Users\gil_n\Documents\GitHub\Godot-game-development-codex\build\melee_trail_review\measured_dense\knife_extended\knife\112.5\008.png'
00:52.984  render           | Saved: 'C:\Users\gil_n\Documents\GitHub\Godot-game-development-codex\build\melee_trail_review\measured_dense\knife_extended\knife\112.5\009.png'
00:53.140  render           | Saved: 'C:\Users\gil_n\Documents\GitHub\Godot-game-development-codex\build\melee_trail_review\measured_dense\knife_extended\knife\112.5\010.png'
00:53.296  render           | Saved: 'C:\Users\gil_n\Documents\GitHub\Godot-game-development-codex\build\melee_trail_review\measured_dense\knife_extended\knife\112.5\011.png'
00:53.437  render           | Saved: 'C:\Users\gil_n\Documents\GitHub\Godot-game-development-codex\build\melee_trail_review\measured_dense\knife_extended\knife\112.5\012.png'
00:53.593  render           | Saved: 'C:\Users\gil_n\Documents\GitHub\Godot-game-development-codex\build\melee_trail_review\measured_dense\knife_extended\knife\112.5\013.png'
00:53.734  render           | Saved: 'C:\Users\gil_n\Documents\GitHub\Godot-game-development-codex\build\melee_trail_review\measured_dense\knife_extended\knife\112.5\014.png'
00:53.890  render           | Saved: 'C:\Users\gil_n\Documents\GitHub\Godot-game-development-codex\build\melee_trail_review\measured_dense\knife_extended\knife\112.5\015.png'
00:54.031  render           | Saved: 'C:\Users\gil_n\Documents\GitHub\Godot-game-development-codex\build\melee_trail_review\measured_dense\knife_extended\knife\112.5\016.png'
00:54.187  render           | Saved: 'C:\Users\gil_n\Documents\GitHub\Godot-game-development-codex\build\melee_trail_review\measured_dense\knife_extended\knife\112.5\017.png'
00:54.328  render           | Saved: 'C:\Users\gil_n\Documents\GitHub\Godot-game-development-codex\build\melee_trail_review\measured_dense\knife_extended\knife\112.5\018.png'
00:54.484  render           | Saved: 'C:\Users\gil_n\Documents\GitHub\Godot-game-development-codex\build\melee_trail_review\measured_dense\knife_extended\knife\112.5\019.png'
00:54.625  render           | Saved: 'C:\Users\gil_n\Documents\GitHub\Godot-game-development-codex\build\melee_trail_review\measured_dense\knife_extended\knife\112.5\020.png'
00:54.781  render           | Saved: 'C:\Users\gil_n\Documents\GitHub\Godot-game-development-codex\build\melee_trail_review\measured_dense\knife_extended\knife\112.5\021.png'
00:54.921  render           | Saved: 'C:\Users\gil_n\Documents\GitHub\Godot-game-development-codex\build\melee_trail_review\measured_dense\knife_extended\knife\112.5\022.png'
00:55.062  render           | Saved: 'C:\Users\gil_n\Documents\GitHub\Godot-game-development-codex\build\melee_trail_review\measured_dense\knife_extended\knife\112.5\023.png'
00:55.218  render           | Saved: 'C:\Users\gil_n\Documents\GitHub\Godot-game-development-codex\build\melee_trail_review\measured_dense\knife_extended\knife\112.5\024.png'
00:55.359  render           | Saved: 'C:\Users\gil_n\Documents\GitHub\Godot-game-development-codex\build\melee_trail_review\measured_dense\knife_extended\knife\112.5\025.png'
00:55.515  render           | Saved: 'C:\Users\gil_n\Documents\GitHub\Godot-game-development-codex\build\melee_trail_review\measured_dense\knife_extended\knife\112.5\026.png'
00:55.656  render           | Saved: 'C:\Users\gil_n\Documents\GitHub\Godot-game-development-codex\build\melee_trail_review\measured_dense\knife_extended\knife\112.5\027.png'
00:55.812  render           | Saved: 'C:\Users\gil_n\Documents\GitHub\Godot-game-development-codex\build\melee_trail_review\measured_dense\knife_extended\knife\112.5\028.png'
00:55.953  render           | Saved: 'C:\Users\gil_n\Documents\GitHub\Godot-game-development-codex\build\melee_trail_review\measured_dense\knife_extended\knife\112.5\029.png'
00:56.093  render           | Saved: 'C:\Users\gil_n\Documents\GitHub\Godot-game-development-codex\build\melee_trail_review\measured_dense\knife_extended\knife\112.5\030.png'
00:56.250  render           | Saved: 'C:\Users\gil_n\Documents\GitHub\Godot-game-development-codex\build\melee_trail_review\measured_dense\knife_extended\knife\112.5\031.png'
00:56.406  render           | Saved: 'C:\Users\gil_n\Documents\GitHub\Godot-game-development-codex\build\melee_trail_review\measured_dense\knife_extended\knife\112.5\032.png'
00:56.546  render           | Saved: 'C:\Users\gil_n\Documents\GitHub\Godot-game-development-codex\build\melee_trail_review\measured_dense\knife_extended\knife\112.5\033.png'
00:56.703  render           | Saved: 'C:\Users\gil_n\Documents\GitHub\Godot-game-development-codex\build\melee_trail_review\measured_dense\knife_extended\knife\112.5\034.png'
00:56.843  render           | Saved: 'C:\Users\gil_n\Documents\GitHub\Godot-game-development-codex\build\melee_trail_review\measured_dense\knife_extended\knife\112.5\035.png'
00:57.000  render           | Saved: 'C:\Users\gil_n\Documents\GitHub\Godot-game-development-codex\build\melee_trail_review\measured_dense\knife_extended\knife\112.5\036.png'
00:57.140  render           | Saved: 'C:\Users\gil_n\Documents\GitHub\Godot-game-development-codex\build\melee_trail_review\measured_dense\knife_extended\knife\112.5\037.png'
00:57.296  render           | Saved: 'C:\Users\gil_n\Documents\GitHub\Godot-game-development-codex\build\melee_trail_review\measured_dense\knife_extended\knife\112.5\038.png'
00:57.437  render           | Saved: 'C:\Users\gil_n\Documents\GitHub\Godot-game-development-codex\build\melee_trail_review\measured_dense\knife_extended\knife\112.5\039.png'
00:57.593  render           | Saved: 'C:\Users\gil_n\Documents\GitHub\Godot-game-development-codex\build\melee_trail_review\measured_dense\knife_extended\knife\112.5\040.png'
00:57.734  render           | Saved: 'C:\Users\gil_n\Documents\GitHub\Godot-game-development-codex\build\melee_trail_review\measured_dense\knife_extended\knife\112.5\041.png'
00:57.890  render           | Saved: 'C:\Users\gil_n\Documents\GitHub\Godot-game-development-codex\build\melee_trail_review\measured_dense\knife_extended\knife\112.5\042.png'
00:58.031  render           | Saved: 'C:\Users\gil_n\Documents\GitHub\Godot-game-development-codex\build\melee_trail_review\measured_dense\knife_extended\knife\112.5\043.png'
00:58.187  render           | Saved: 'C:\Users\gil_n\Documents\GitHub\Godot-game-development-codex\build\melee_trail_review\measured_dense\knife_extended\knife\112.5\044.png'
00:58.328  render           | Saved: 'C:\Users\gil_n\Documents\GitHub\Godot-game-development-codex\build\melee_trail_review\measured_dense\knife_extended\knife\112.5\045.png'
00:58.484  render           | Saved: 'C:\Users\gil_n\Documents\GitHub\Godot-game-development-codex\build\melee_trail_review\measured_dense\knife_extended\knife\112.5\046.png'
00:58.625  render           | Saved: 'C:\Users\gil_n\Documents\GitHub\Godot-game-development-codex\build\melee_trail_review\measured_dense\knife_extended\knife\112.5\047.png'
00:58.781  render           | Saved: 'C:\Users\gil_n\Documents\GitHub\Godot-game-development-codex\build\melee_trail_review\measured_dense\knife_extended\knife\112.5\048.png'
00:58.921  render           | Saved: 'C:\Users\gil_n\Documents\GitHub\Godot-game-development-codex\build\melee_trail_review\measured_dense\knife_extended\knife\112.5\049.png'
00:59.078  render           | Saved: 'C:\Users\gil_n\Documents\GitHub\Godot-game-development-codex\build\melee_trail_review\measured_dense\knife_extended\knife\112.5\050.png'
00:59.218  render           | Saved: 'C:\Users\gil_n\Documents\GitHub\Godot-game-development-codex\build\melee_trail_review\measured_dense\knife_extended\knife\112.5\051.png'
00:59.375  render           | Saved: 'C:\Users\gil_n\Documents\GitHub\Godot-game-development-codex\build\melee_trail_review\measured_dense\knife_extended\knife\112.5\052.png'
00:59.515  render           | Saved: 'C:\Users\gil_n\Documents\GitHub\Godot-game-development-codex\build\melee_trail_review\measured_dense\knife_extended\knife\112.5\053.png'
00:59.671  render           | Saved: 'C:\Users\gil_n\Documents\GitHub\Godot-game-development-codex\build\melee_trail_review\measured_dense\knife_extended\knife\112.5\054.png'
00:59.812  render           | Saved: 'C:\Users\gil_n\Documents\GitHub\Godot-game-development-codex\build\melee_trail_review\measured_dense\knife_extended\knife\112.5\055.png'
00:59.968  render           | Saved: 'C:\Users\gil_n\Documents\GitHub\Godot-game-development-codex\build\melee_trail_review\measured_dense\knife_extended\knife\112.5\056.png'
01:00.109  render           | Saved: 'C:\Users\gil_n\Documents\GitHub\Godot-game-development-codex\build\melee_trail_review\measured_dense\knife_extended\knife\112.5\057.png'
01:00.265  render           | Saved: 'C:\Users\gil_n\Documents\GitHub\Godot-game-development-codex\build\melee_trail_review\measured_dense\knife_extended\knife\112.5\058.png'
01:00.406  render           | Saved: 'C:\Users\gil_n\Documents\GitHub\Godot-game-development-codex\build\melee_trail_review\measured_dense\knife_extended\knife\112.5\059.png'
01:00.562  render           | Saved: 'C:\Users\gil_n\Documents\GitHub\Godot-game-development-codex\build\melee_trail_review\measured_dense\knife_extended\knife\112.5\060.png'
01:00.703  render           | Saved: 'C:\Users\gil_n\Documents\GitHub\Godot-game-development-codex\build\melee_trail_review\measured_dense\knife_extended\knife\112.5\061.png'
01:00.859  render           | Saved: 'C:\Users\gil_n\Documents\GitHub\Godot-game-development-codex\build\melee_trail_review\measured_dense\knife_extended\knife\112.5\062.png'
01:01.000  render           | Saved: 'C:\Users\gil_n\Documents\GitHub\Godot-game-development-codex\build\melee_trail_review\measured_dense\knife_extended\knife\112.5\063.png'
01:01.156  render           | Saved: 'C:\Users\gil_n\Documents\GitHub\Godot-game-development-codex\build\melee_trail_review\measured_dense\knife_extended\knife\112.5\064.png'
01:01.312  render           | Saved: 'C:\Users\gil_n\Documents\GitHub\Godot-game-development-codex\build\melee_trail_review\measured_dense\knife_extended\knife\135\000.png'
01:01.453  render           | Saved: 'C:\Users\gil_n\Documents\GitHub\Godot-game-development-codex\build\melee_trail_review\measured_dense\knife_extended\knife\135\001.png'
01:01.609  render           | Saved: 'C:\Users\gil_n\Documents\GitHub\Godot-game-development-codex\build\melee_trail_review\measured_dense\knife_extended\knife\135\002.png'
01:01.750  render           | Saved: 'C:\Users\gil_n\Documents\GitHub\Godot-game-development-codex\build\melee_trail_review\measured_dense\knife_extended\knife\135\003.png'
01:01.906  render           | Saved: 'C:\Users\gil_n\Documents\GitHub\Godot-game-development-codex\build\melee_trail_review\measured_dense\knife_extended\knife\135\004.png'
01:02.046  render           | Saved: 'C:\Users\gil_n\Documents\GitHub\Godot-game-development-codex\build\melee_trail_review\measured_dense\knife_extended\knife\135\005.png'
01:02.203  render           | Saved: 'C:\Users\gil_n\Documents\GitHub\Godot-game-development-codex\build\melee_trail_review\measured_dense\knife_extended\knife\135\006.png'
01:02.343  render           | Saved: 'C:\Users\gil_n\Documents\GitHub\Godot-game-development-codex\build\melee_trail_review\measured_dense\knife_extended\knife\135\007.png'
01:02.500  render           | Saved: 'C:\Users\gil_n\Documents\GitHub\Godot-game-development-codex\build\melee_trail_review\measured_dense\knife_extended\knife\135\008.png'
01:02.640  render           | Saved: 'C:\Users\gil_n\Documents\GitHub\Godot-game-development-codex\build\melee_trail_review\measured_dense\knife_extended\knife\135\009.png'
01:02.796  render           | Saved: 'C:\Users\gil_n\Documents\GitHub\Godot-game-development-codex\build\melee_trail_review\measured_dense\knife_extended\knife\135\010.png'
01:02.937  render           | Saved: 'C:\Users\gil_n\Documents\GitHub\Godot-game-development-codex\build\melee_trail_review\measured_dense\knife_extended\knife\135\011.png'
01:03.093  render           | Saved: 'C:\Users\gil_n\Documents\GitHub\Godot-game-development-codex\build\melee_trail_review\measured_dense\knife_extended\knife\135\012.png'
01:03.234  render           | Saved: 'C:\Users\gil_n\Documents\GitHub\Godot-game-development-codex\build\melee_trail_review\measured_dense\knife_extended\knife\135\013.png'
01:03.390  render           | Saved: 'C:\Users\gil_n\Documents\GitHub\Godot-game-development-codex\build\melee_trail_review\measured_dense\knife_extended\knife\135\014.png'
01:03.531  render           | Saved: 'C:\Users\gil_n\Documents\GitHub\Godot-game-development-codex\build\melee_trail_review\measured_dense\knife_extended\knife\135\015.png'
01:03.687  render           | Saved: 'C:\Users\gil_n\Documents\GitHub\Godot-game-development-codex\build\melee_trail_review\measured_dense\knife_extended\knife\135\016.png'
01:03.828  render           | Saved: 'C:\Users\gil_n\Documents\GitHub\Godot-game-development-codex\build\melee_trail_review\measured_dense\knife_extended\knife\135\017.png'
01:03.984  render           | Saved: 'C:\Users\gil_n\Documents\GitHub\Godot-game-development-codex\build\melee_trail_review\measured_dense\knife_extended\knife\135\018.png'
01:04.125  render           | Saved: 'C:\Users\gil_n\Documents\GitHub\Godot-game-development-codex\build\melee_trail_review\measured_dense\knife_extended\knife\135\019.png'
01:04.281  render           | Saved: 'C:\Users\gil_n\Documents\GitHub\Godot-game-development-codex\build\melee_trail_review\measured_dense\knife_extended\knife\135\020.png'
01:04.421  render           | Saved: 'C:\Users\gil_n\Documents\GitHub\Godot-game-development-codex\build\melee_trail_review\measured_dense\knife_extended\knife\135\021.png'
01:04.578  render           | Saved: 'C:\Users\gil_n\Documents\GitHub\Godot-game-development-codex\build\melee_trail_review\measured_dense\knife_extended\knife\135\022.png'
01:04.718  render           | Saved: 'C:\Users\gil_n\Documents\GitHub\Godot-game-development-codex\build\melee_trail_review\measured_dense\knife_extended\knife\135\023.png'
01:04.875  render           | Saved: 'C:\Users\gil_n\Documents\GitHub\Godot-game-development-codex\build\melee_trail_review\measured_dense\knife_extended\knife\135\024.png'
01:05.015  render           | Saved: 'C:\Users\gil_n\Documents\GitHub\Godot-game-development-codex\build\melee_trail_review\measured_dense\knife_extended\knife\135\025.png'
01:05.171  render           | Saved: 'C:\Users\gil_n\Documents\GitHub\Godot-game-development-codex\build\melee_trail_review\measured_dense\knife_extended\knife\135\026.png'
01:05.312  render           | Saved: 'C:\Users\gil_n\Documents\GitHub\Godot-game-development-codex\build\melee_trail_review\measured_dense\knife_extended\knife\135\027.png'
01:05.468  render           | Saved: 'C:\Users\gil_n\Documents\GitHub\Godot-game-development-codex\build\melee_trail_review\measured_dense\knife_extended\knife\135\028.png'
01:05.625  render           | Saved: 'C:\Users\gil_n\Documents\GitHub\Godot-game-development-codex\build\melee_trail_review\measured_dense\knife_extended\knife\135\029.png'
01:05.781  render           | Saved: 'C:\Users\gil_n\Documents\GitHub\Godot-game-development-codex\build\melee_trail_review\measured_dense\knife_extended\knife\135\030.png'
01:05.937  render           | Saved: 'C:\Users\gil_n\Documents\GitHub\Godot-game-development-codex\build\melee_trail_review\measured_dense\knife_extended\knife\135\031.png'
01:06.093  render           | Saved: 'C:\Users\gil_n\Documents\GitHub\Godot-game-development-codex\build\melee_trail_review\measured_dense\knife_extended\knife\135\032.png'
01:06.250  render           | Saved: 'C:\Users\gil_n\Documents\GitHub\Godot-game-development-codex\build\melee_trail_review\measured_dense\knife_extended\knife\135\033.png'
01:06.390  render           | Saved: 'C:\Users\gil_n\Documents\GitHub\Godot-game-development-codex\build\melee_trail_review\measured_dense\knife_extended\knife\135\034.png'
01:06.546  render           | Saved: 'C:\Users\gil_n\Documents\GitHub\Godot-game-development-codex\build\melee_trail_review\measured_dense\knife_extended\knife\135\035.png'
01:06.703  render           | Saved: 'C:\Users\gil_n\Documents\GitHub\Godot-game-development-codex\build\melee_trail_review\measured_dense\knife_extended\knife\135\036.png'
01:06.843  render           | Saved: 'C:\Users\gil_n\Documents\GitHub\Godot-game-development-codex\build\melee_trail_review\measured_dense\knife_extended\knife\135\037.png'
01:07.000  render           | Saved: 'C:\Users\gil_n\Documents\GitHub\Godot-game-development-codex\build\melee_trail_review\measured_dense\knife_extended\knife\135\038.png'
01:07.171  render           | Saved: 'C:\Users\gil_n\Documents\GitHub\Godot-game-development-codex\build\melee_trail_review\measured_dense\knife_extended\knife\135\039.png'
01:07.328  render           | Saved: 'C:\Users\gil_n\Documents\GitHub\Godot-game-development-codex\build\melee_trail_review\measured_dense\knife_extended\knife\135\040.png'
01:07.500  render           | Saved: 'C:\Users\gil_n\Documents\GitHub\Godot-game-development-codex\build\melee_trail_review\measured_dense\knife_extended\knife\135\041.png'
01:07.656  render           | Saved: 'C:\Users\gil_n\Documents\GitHub\Godot-game-development-codex\build\melee_trail_review\measured_dense\knife_extended\knife\135\042.png'
01:07.812  render           | Saved: 'C:\Users\gil_n\Documents\GitHub\Godot-game-development-codex\build\melee_trail_review\measured_dense\knife_extended\knife\135\043.png'
01:07.968  render           | Saved: 'C:\Users\gil_n\Documents\GitHub\Godot-game-development-codex\build\melee_trail_review\measured_dense\knife_extended\knife\135\044.png'
01:08.125  render           | Saved: 'C:\Users\gil_n\Documents\GitHub\Godot-game-development-codex\build\melee_trail_review\measured_dense\knife_extended\knife\135\045.png'
01:08.281  render           | Saved: 'C:\Users\gil_n\Documents\GitHub\Godot-game-development-codex\build\melee_trail_review\measured_dense\knife_extended\knife\135\046.png'
01:08.437  render           | Saved: 'C:\Users\gil_n\Documents\GitHub\Godot-game-development-codex\build\melee_trail_review\measured_dense\knife_extended\knife\135\047.png'
01:08.593  render           | Saved: 'C:\Users\gil_n\Documents\GitHub\Godot-game-development-codex\build\melee_trail_review\measured_dense\knife_extended\knife\135\048.png'
01:08.750  render           | Saved: 'C:\Users\gil_n\Documents\GitHub\Godot-game-development-codex\build\melee_trail_review\measured_dense\knife_extended\knife\135\049.png'
01:08.906  render           | Saved: 'C:\Users\gil_n\Documents\GitHub\Godot-game-development-codex\build\melee_trail_review\measured_dense\knife_extended\knife\135\050.png'
01:09.062  render           | Saved: 'C:\Users\gil_n\Documents\GitHub\Godot-game-development-codex\build\melee_trail_review\measured_dense\knife_extended\knife\135\051.png'
01:09.218  render           | Saved: 'C:\Users\gil_n\Documents\GitHub\Godot-game-development-codex\build\melee_trail_review\measured_dense\knife_extended\knife\135\052.png'
01:09.375  render           | Saved: 'C:\Users\gil_n\Documents\GitHub\Godot-game-development-codex\build\melee_trail_review\measured_dense\knife_extended\knife\135\053.png'
01:09.531  render           | Saved: 'C:\Users\gil_n\Documents\GitHub\Godot-game-development-codex\build\melee_trail_review\measured_dense\knife_extended\knife\135\054.png'
01:09.687  render           | Saved: 'C:\Users\gil_n\Documents\GitHub\Godot-game-development-codex\build\melee_trail_review\measured_dense\knife_extended\knife\135\055.png'
01:09.843  render           | Saved: 'C:\Users\gil_n\Documents\GitHub\Godot-game-development-codex\build\melee_trail_review\measured_dense\knife_extended\knife\135\056.png'
01:10.000  render           | Saved: 'C:\Users\gil_n\Documents\GitHub\Godot-game-development-codex\build\melee_trail_review\measured_dense\knife_extended\knife\135\057.png'
01:10.156  render           | Saved: 'C:\Users\gil_n\Documents\GitHub\Godot-game-development-codex\build\melee_trail_review\measured_dense\knife_extended\knife\135\058.png'
01:10.328  render           | Saved: 'C:\Users\gil_n\Documents\GitHub\Godot-game-development-codex\build\melee_trail_review\measured_dense\knife_extended\knife\135\059.png'
01:10.500  render           | Saved: 'C:\Users\gil_n\Documents\GitHub\Godot-game-development-codex\build\melee_trail_review\measured_dense\knife_extended\knife\135\060.png'
01:10.656  render           | Saved: 'C:\Users\gil_n\Documents\GitHub\Godot-game-development-codex\build\melee_trail_review\measured_dense\knife_extended\knife\135\061.png'
01:10.812  render           | Saved: 'C:\Users\gil_n\Documents\GitHub\Godot-game-development-codex\build\melee_trail_review\measured_dense\knife_extended\knife\135\062.png'
01:10.968  render           | Saved: 'C:\Users\gil_n\Documents\GitHub\Godot-game-development-codex\build\melee_trail_review\measured_dense\knife_extended\knife\135\063.png'
01:11.125  render           | Saved: 'C:\Users\gil_n\Documents\GitHub\Godot-game-development-codex\build\melee_trail_review\measured_dense\knife_extended\knife\135\064.png'
01:11.296  render           | Saved: 'C:\Users\gil_n\Documents\GitHub\Godot-game-development-codex\build\melee_trail_review\measured_dense\knife_extended\knife\157.5\000.png'
01:11.453  render           | Saved: 'C:\Users\gil_n\Documents\GitHub\Godot-game-development-codex\build\melee_trail_review\measured_dense\knife_extended\knife\157.5\001.png'
01:11.625  render           | Saved: 'C:\Users\gil_n\Documents\GitHub\Godot-game-development-codex\build\melee_trail_review\measured_dense\knife_extended\knife\157.5\002.png'
01:11.796  render           | Saved: 'C:\Users\gil_n\Documents\GitHub\Godot-game-development-codex\build\melee_trail_review\measured_dense\knife_extended\knife\157.5\003.png'
01:12.109  render           | Saved: 'C:\Users\gil_n\Documents\GitHub\Godot-game-development-codex\build\melee_trail_review\measured_dense\knife_extended\knife\157.5\004.png'
01:12.265  render           | Saved: 'C:\Users\gil_n\Documents\GitHub\Godot-game-development-codex\build\melee_trail_review\measured_dense\knife_extended\knife\157.5\005.png'
01:12.421  render           | Saved: 'C:\Users\gil_n\Documents\GitHub\Godot-game-development-codex\build\melee_trail_review\measured_dense\knife_extended\knife\157.5\006.png'
01:12.578  render           | Saved: 'C:\Users\gil_n\Documents\GitHub\Godot-game-development-codex\build\melee_trail_review\measured_dense\knife_extended\knife\157.5\007.png'
01:12.734  render           | Saved: 'C:\Users\gil_n\Documents\GitHub\Godot-game-development-codex\build\melee_trail_review\measured_dense\knife_extended\knife\157.5\008.png'
01:12.890  render           | Saved: 'C:\Users\gil_n\Documents\GitHub\Godot-game-development-codex\build\melee_trail_review\measured_dense\knife_extended\knife\157.5\009.png'
01:13.046  render           | Saved: 'C:\Users\gil_n\Documents\GitHub\Godot-game-development-codex\build\melee_trail_review\measured_dense\knife_extended\knife\157.5\010.png'
01:13.187  render           | Saved: 'C:\Users\gil_n\Documents\GitHub\Godot-game-development-codex\build\melee_trail_review\measured_dense\knife_extended\knife\157.5\011.png'
01:13.343  render           | Saved: 'C:\Users\gil_n\Documents\GitHub\Godot-game-development-codex\build\melee_trail_review\measured_dense\knife_extended\knife\157.5\012.png'
01:13.500  render           | Saved: 'C:\Users\gil_n\Documents\GitHub\Godot-game-development-codex\build\melee_trail_review\measured_dense\knife_extended\knife\157.5\013.png'
01:13.640  render           | Saved: 'C:\Users\gil_n\Documents\GitHub\Godot-game-development-codex\build\melee_trail_review\measured_dense\knife_extended\knife\157.5\014.png'
01:13.796  render           | Saved: 'C:\Users\gil_n\Documents\GitHub\Godot-game-development-codex\build\melee_trail_review\measured_dense\knife_extended\knife\157.5\015.png'
01:13.953  render           | Saved: 'C:\Users\gil_n\Documents\GitHub\Godot-game-development-codex\build\melee_trail_review\measured_dense\knife_extended\knife\157.5\016.png'
01:14.093  render           | Saved: 'C:\Users\gil_n\Documents\GitHub\Godot-game-development-codex\build\melee_trail_review\measured_dense\knife_extended\knife\157.5\017.png'
01:14.250  render           | Saved: 'C:\Users\gil_n\Documents\GitHub\Godot-game-development-codex\build\melee_trail_review\measured_dense\knife_extended\knife\157.5\018.png'
01:14.390  render           | Saved: 'C:\Users\gil_n\Documents\GitHub\Godot-game-development-codex\build\melee_trail_review\measured_dense\knife_extended\knife\157.5\019.png'
01:14.546  render           | Saved: 'C:\Users\gil_n\Documents\GitHub\Godot-game-development-codex\build\melee_trail_review\measured_dense\knife_extended\knife\157.5\020.png'
01:14.687  render           | Saved: 'C:\Users\gil_n\Documents\GitHub\Godot-game-development-codex\build\melee_trail_review\measured_dense\knife_extended\knife\157.5\021.png'
01:14.828  render           | Saved: 'C:\Users\gil_n\Documents\GitHub\Godot-game-development-codex\build\melee_trail_review\measured_dense\knife_extended\knife\157.5\022.png'
01:14.984  render           | Saved: 'C:\Users\gil_n\Documents\GitHub\Godot-game-development-codex\build\melee_trail_review\measured_dense\knife_extended\knife\157.5\023.png'
01:15.125  render           | Saved: 'C:\Users\gil_n\Documents\GitHub\Godot-game-development-codex\build\melee_trail_review\measured_dense\knife_extended\knife\157.5\024.png'
01:15.281  render           | Saved: 'C:\Users\gil_n\Documents\GitHub\Godot-game-development-codex\build\melee_trail_review\measured_dense\knife_extended\knife\157.5\025.png'
01:15.421  render           | Saved: 'C:\Users\gil_n\Documents\GitHub\Godot-game-development-codex\build\melee_trail_review\measured_dense\knife_extended\knife\157.5\026.png'
01:15.578  render           | Saved: 'C:\Users\gil_n\Documents\GitHub\Godot-game-development-codex\build\melee_trail_review\measured_dense\knife_extended\knife\157.5\027.png'
01:15.718  render           | Saved: 'C:\Users\gil_n\Documents\GitHub\Godot-game-development-codex\build\melee_trail_review\measured_dense\knife_extended\knife\157.5\028.png'
01:15.875  render           | Saved: 'C:\Users\gil_n\Documents\GitHub\Godot-game-development-codex\build\melee_trail_review\measured_dense\knife_extended\knife\157.5\029.png'
01:16.015  render           | Saved: 'C:\Users\gil_n\Documents\GitHub\Godot-game-development-codex\build\melee_trail_review\measured_dense\knife_extended\knife\157.5\030.png'
01:16.156  render           | Saved: 'C:\Users\gil_n\Documents\GitHub\Godot-game-development-codex\build\melee_trail_review\measured_dense\knife_extended\knife\157.5\031.png'
01:16.312  render           | Saved: 'C:\Users\gil_n\Documents\GitHub\Godot-game-development-codex\build\melee_trail_review\measured_dense\knife_extended\knife\157.5\032.png'
01:16.468  render           | Saved: 'C:\Users\gil_n\Documents\GitHub\Godot-game-development-codex\build\melee_trail_review\measured_dense\knife_extended\knife\157.5\033.png'
01:16.609  render           | Saved: 'C:\Users\gil_n\Documents\GitHub\Godot-game-development-codex\build\melee_trail_review\measured_dense\knife_extended\knife\157.5\034.png'
01:16.765  render           | Saved: 'C:\Users\gil_n\Documents\GitHub\Godot-game-development-codex\build\melee_trail_review\measured_dense\knife_extended\knife\157.5\035.png'
01:16.906  render           | Saved: 'C:\Users\gil_n\Documents\GitHub\Godot-game-development-codex\build\melee_trail_review\measured_dense\knife_extended\knife\157.5\036.png'
01:17.062  render           | Saved: 'C:\Users\gil_n\Documents\GitHub\Godot-game-development-codex\build\melee_trail_review\measured_dense\knife_extended\knife\157.5\037.png'
01:17.203  render           | Saved: 'C:\Users\gil_n\Documents\GitHub\Godot-game-development-codex\build\melee_trail_review\measured_dense\knife_extended\knife\157.5\038.png'
01:17.359  render           | Saved: 'C:\Users\gil_n\Documents\GitHub\Godot-game-development-codex\build\melee_trail_review\measured_dense\knife_extended\knife\157.5\039.png'
01:17.515  render           | Saved: 'C:\Users\gil_n\Documents\GitHub\Godot-game-development-codex\build\melee_trail_review\measured_dense\knife_extended\knife\157.5\040.png'
01:17.656  render           | Saved: 'C:\Users\gil_n\Documents\GitHub\Godot-game-development-codex\build\melee_trail_review\measured_dense\knife_extended\knife\157.5\041.png'
01:17.812  render           | Saved: 'C:\Users\gil_n\Documents\GitHub\Godot-game-development-codex\build\melee_trail_review\measured_dense\knife_extended\knife\157.5\042.png'
01:17.953  render           | Saved: 'C:\Users\gil_n\Documents\GitHub\Godot-game-development-codex\build\melee_trail_review\measured_dense\knife_extended\knife\157.5\043.png'
01:18.109  render           | Saved: 'C:\Users\gil_n\Documents\GitHub\Godot-game-development-codex\build\melee_trail_review\measured_dense\knife_extended\knife\157.5\044.png'
01:18.250  render           | Saved: 'C:\Users\gil_n\Documents\GitHub\Godot-game-development-codex\build\melee_trail_review\measured_dense\knife_extended\knife\157.5\045.png'
01:18.406  render           | Saved: 'C:\Users\gil_n\Documents\GitHub\Godot-game-development-codex\build\melee_trail_review\measured_dense\knife_extended\knife\157.5\046.png'
01:18.546  render           | Saved: 'C:\Users\gil_n\Documents\GitHub\Godot-game-development-codex\build\melee_trail_review\measured_dense\knife_extended\knife\157.5\047.png'
01:18.703  render           | Saved: 'C:\Users\gil_n\Documents\GitHub\Godot-game-development-codex\build\melee_trail_review\measured_dense\knife_extended\knife\157.5\048.png'
01:18.843  render           | Saved: 'C:\Users\gil_n\Documents\GitHub\Godot-game-development-codex\build\melee_trail_review\measured_dense\knife_extended\knife\157.5\049.png'
01:18.984  render           | Saved: 'C:\Users\gil_n\Documents\GitHub\Godot-game-development-codex\build\melee_trail_review\measured_dense\knife_extended\knife\157.5\050.png'
01:19.140  render           | Saved: 'C:\Users\gil_n\Documents\GitHub\Godot-game-development-codex\build\melee_trail_review\measured_dense\knife_extended\knife\157.5\051.png'
01:19.281  render           | Saved: 'C:\Users\gil_n\Documents\GitHub\Godot-game-development-codex\build\melee_trail_review\measured_dense\knife_extended\knife\157.5\052.png'
01:19.437  render           | Saved: 'C:\Users\gil_n\Documents\GitHub\Godot-game-development-codex\build\melee_trail_review\measured_dense\knife_extended\knife\157.5\053.png'
01:19.578  render           | Saved: 'C:\Users\gil_n\Documents\GitHub\Godot-game-development-codex\build\melee_trail_review\measured_dense\knife_extended\knife\157.5\054.png'
01:19.734  render           | Saved: 'C:\Users\gil_n\Documents\GitHub\Godot-game-development-codex\build\melee_trail_review\measured_dense\knife_extended\knife\157.5\055.png'
01:19.875  render           | Saved: 'C:\Users\gil_n\Documents\GitHub\Godot-game-development-codex\build\melee_trail_review\measured_dense\knife_extended\knife\157.5\056.png'
01:20.031  render           | Saved: 'C:\Users\gil_n\Documents\GitHub\Godot-game-development-codex\build\melee_trail_review\measured_dense\knife_extended\knife\157.5\057.png'
01:20.171  render           | Saved: 'C:\Users\gil_n\Documents\GitHub\Godot-game-development-codex\build\melee_trail_review\measured_dense\knife_extended\knife\157.5\058.png'
01:20.421  render           | Saved: 'C:\Users\gil_n\Documents\GitHub\Godot-game-development-codex\build\melee_trail_review\measured_dense\knife_extended\knife\157.5\059.png'
01:20.562  render           | Saved: 'C:\Users\gil_n\Documents\GitHub\Godot-game-development-codex\build\melee_trail_review\measured_dense\knife_extended\knife\157.5\060.png'
01:20.718  render           | Saved: 'C:\Users\gil_n\Documents\GitHub\Godot-game-development-codex\build\melee_trail_review\measured_dense\knife_extended\knife\157.5\061.png'
01:20.875  render           | Saved: 'C:\Users\gil_n\Documents\GitHub\Godot-game-development-codex\build\melee_trail_review\measured_dense\knife_extended\knife\157.5\062.png'
01:21.109  render           | Saved: 'C:\Users\gil_n\Documents\GitHub\Godot-game-development-codex\build\melee_trail_review\measured_dense\knife_extended\knife\157.5\063.png'
01:21.250  render           | Saved: 'C:\Users\gil_n\Documents\GitHub\Godot-game-development-codex\build\melee_trail_review\measured_dense\knife_extended\knife\157.5\064.png'
01:21.421  render           | Saved: 'C:\Users\gil_n\Documents\GitHub\Godot-game-development-codex\build\melee_trail_review\measured_dense\knife_extended\knife\180\000.png'
01:21.562  render           | Saved: 'C:\Users\gil_n\Documents\GitHub\Godot-game-development-codex\build\melee_trail_review\measured_dense\knife_extended\knife\180\001.png'
01:21.718  render           | Saved: 'C:\Users\gil_n\Documents\GitHub\Godot-game-development-codex\build\melee_trail_review\measured_dense\knife_extended\knife\180\002.png'
01:21.859  render           | Saved: 'C:\Users\gil_n\Documents\GitHub\Godot-game-development-codex\build\melee_trail_review\measured_dense\knife_extended\knife\180\003.png'
01:22.015  render           | Saved: 'C:\Users\gil_n\Documents\GitHub\Godot-game-development-codex\build\melee_trail_review\measured_dense\knife_extended\knife\180\004.png'
01:22.171  render           | Saved: 'C:\Users\gil_n\Documents\GitHub\Godot-game-development-codex\build\melee_trail_review\measured_dense\knife_extended\knife\180\005.png'
01:22.312  render           | Saved: 'C:\Users\gil_n\Documents\GitHub\Godot-game-development-codex\build\melee_trail_review\measured_dense\knife_extended\knife\180\006.png'
01:22.468  render           | Saved: 'C:\Users\gil_n\Documents\GitHub\Godot-game-development-codex\build\melee_trail_review\measured_dense\knife_extended\knife\180\007.png'
01:22.625  render           | Saved: 'C:\Users\gil_n\Documents\GitHub\Godot-game-development-codex\build\melee_trail_review\measured_dense\knife_extended\knife\180\008.png'
01:22.765  render           | Saved: 'C:\Users\gil_n\Documents\GitHub\Godot-game-development-codex\build\melee_trail_review\measured_dense\knife_extended\knife\180\009.png'
01:22.906  render           | Saved: 'C:\Users\gil_n\Documents\GitHub\Godot-game-development-codex\build\melee_trail_review\measured_dense\knife_extended\knife\180\010.png'
01:23.062  render           | Saved: 'C:\Users\gil_n\Documents\GitHub\Godot-game-development-codex\build\melee_trail_review\measured_dense\knife_extended\knife\180\011.png'
01:23.203  render           | Saved: 'C:\Users\gil_n\Documents\GitHub\Godot-game-development-codex\build\melee_trail_review\measured_dense\knife_extended\knife\180\012.png'
01:23.359  render           | Saved: 'C:\Users\gil_n\Documents\GitHub\Godot-game-development-codex\build\melee_trail_review\measured_dense\knife_extended\knife\180\013.png'
01:23.500  render           | Saved: 'C:\Users\gil_n\Documents\GitHub\Godot-game-development-codex\build\melee_trail_review\measured_dense\knife_extended\knife\180\014.png'
01:23.656  render           | Saved: 'C:\Users\gil_n\Documents\GitHub\Godot-game-development-codex\build\melee_trail_review\measured_dense\knife_extended\knife\180\015.png'
01:23.796  render           | Saved: 'C:\Users\gil_n\Documents\GitHub\Godot-game-development-codex\build\melee_trail_review\measured_dense\knife_extended\knife\180\016.png'
01:23.953  render           | Saved: 'C:\Users\gil_n\Documents\GitHub\Godot-game-development-codex\build\melee_trail_review\measured_dense\knife_extended\knife\180\017.png'
01:24.093  render           | Saved: 'C:\Users\gil_n\Documents\GitHub\Godot-game-development-codex\build\melee_trail_review\measured_dense\knife_extended\knife\180\018.png'
01:24.250  render           | Saved: 'C:\Users\gil_n\Documents\GitHub\Godot-game-development-codex\build\melee_trail_review\measured_dense\knife_extended\knife\180\019.png'
01:24.390  render           | Saved: 'C:\Users\gil_n\Documents\GitHub\Godot-game-development-codex\build\melee_trail_review\measured_dense\knife_extended\knife\180\020.png'
01:24.546  render           | Saved: 'C:\Users\gil_n\Documents\GitHub\Godot-game-development-codex\build\melee_trail_review\measured_dense\knife_extended\knife\180\021.png'
01:24.687  render           | Saved: 'C:\Users\gil_n\Documents\GitHub\Godot-game-development-codex\build\melee_trail_review\measured_dense\knife_extended\knife\180\022.png'
01:24.859  render           | Saved: 'C:\Users\gil_n\Documents\GitHub\Godot-game-development-codex\build\melee_trail_review\measured_dense\knife_extended\knife\180\023.png'
01:25.015  render           | Saved: 'C:\Users\gil_n\Documents\GitHub\Godot-game-development-codex\build\melee_trail_review\measured_dense\knife_extended\knife\180\024.png'
01:25.171  render           | Saved: 'C:\Users\gil_n\Documents\GitHub\Godot-game-development-codex\build\melee_trail_review\measured_dense\knife_extended\knife\180\025.png'
01:25.312  render           | Saved: 'C:\Users\gil_n\Documents\GitHub\Godot-game-development-codex\build\melee_trail_review\measured_dense\knife_extended\knife\180\026.png'
01:25.468  render           | Saved: 'C:\Users\gil_n\Documents\GitHub\Godot-game-development-codex\build\melee_trail_review\measured_dense\knife_extended\knife\180\027.png'
01:25.625  render           | Saved: 'C:\Users\gil_n\Documents\GitHub\Godot-game-development-codex\build\melee_trail_review\measured_dense\knife_extended\knife\180\028.png'
01:25.765  render           | Saved: 'C:\Users\gil_n\Documents\GitHub\Godot-game-development-codex\build\melee_trail_review\measured_dense\knife_extended\knife\180\029.png'
01:25.921  render           | Saved: 'C:\Users\gil_n\Documents\GitHub\Godot-game-development-codex\build\melee_trail_review\measured_dense\knife_extended\knife\180\030.png'
01:26.062  render           | Saved: 'C:\Users\gil_n\Documents\GitHub\Godot-game-development-codex\build\melee_trail_review\measured_dense\knife_extended\knife\180\031.png'
01:26.218  render           | Saved: 'C:\Users\gil_n\Documents\GitHub\Godot-game-development-codex\build\melee_trail_review\measured_dense\knife_extended\knife\180\032.png'
01:26.359  render           | Saved: 'C:\Users\gil_n\Documents\GitHub\Godot-game-development-codex\build\melee_trail_review\measured_dense\knife_extended\knife\180\033.png'
01:26.515  render           | Saved: 'C:\Users\gil_n\Documents\GitHub\Godot-game-development-codex\build\melee_trail_review\measured_dense\knife_extended\knife\180\034.png'
01:26.656  render           | Saved: 'C:\Users\gil_n\Documents\GitHub\Godot-game-development-codex\build\melee_trail_review\measured_dense\knife_extended\knife\180\035.png'
01:26.812  render           | Saved: 'C:\Users\gil_n\Documents\GitHub\Godot-game-development-codex\build\melee_trail_review\measured_dense\knife_extended\knife\180\036.png'
01:26.953  render           | Saved: 'C:\Users\gil_n\Documents\GitHub\Godot-game-development-codex\build\melee_trail_review\measured_dense\knife_extended\knife\180\037.png'
01:27.109  render           | Saved: 'C:\Users\gil_n\Documents\GitHub\Godot-game-development-codex\build\melee_trail_review\measured_dense\knife_extended\knife\180\038.png'
01:27.250  render           | Saved: 'C:\Users\gil_n\Documents\GitHub\Godot-game-development-codex\build\melee_trail_review\measured_dense\knife_extended\knife\180\039.png'
01:27.406  render           | Saved: 'C:\Users\gil_n\Documents\GitHub\Godot-game-development-codex\build\melee_trail_review\measured_dense\knife_extended\knife\180\040.png'
01:27.562  render           | Saved: 'C:\Users\gil_n\Documents\GitHub\Godot-game-development-codex\build\melee_trail_review\measured_dense\knife_extended\knife\180\041.png'
01:27.718  render           | Saved: 'C:\Users\gil_n\Documents\GitHub\Godot-game-development-codex\build\melee_trail_review\measured_dense\knife_extended\knife\180\042.png'
01:27.859  render           | Saved: 'C:\Users\gil_n\Documents\GitHub\Godot-game-development-codex\build\melee_trail_review\measured_dense\knife_extended\knife\180\043.png'
01:28.015  render           | Saved: 'C:\Users\gil_n\Documents\GitHub\Godot-game-development-codex\build\melee_trail_review\measured_dense\knife_extended\knife\180\044.png'
01:28.156  render           | Saved: 'C:\Users\gil_n\Documents\GitHub\Godot-game-development-codex\build\melee_trail_review\measured_dense\knife_extended\knife\180\045.png'
01:28.312  render           | Saved: 'C:\Users\gil_n\Documents\GitHub\Godot-game-development-codex\build\melee_trail_review\measured_dense\knife_extended\knife\180\046.png'
01:28.453  render           | Saved: 'C:\Users\gil_n\Documents\GitHub\Godot-game-development-codex\build\melee_trail_review\measured_dense\knife_extended\knife\180\047.png'
01:28.609  render           | Saved: 'C:\Users\gil_n\Documents\GitHub\Godot-game-development-codex\build\melee_trail_review\measured_dense\knife_extended\knife\180\048.png'
01:28.750  render           | Saved: 'C:\Users\gil_n\Documents\GitHub\Godot-game-development-codex\build\melee_trail_review\measured_dense\knife_extended\knife\180\049.png'
01:28.906  render           | Saved: 'C:\Users\gil_n\Documents\GitHub\Godot-game-development-codex\build\melee_trail_review\measured_dense\knife_extended\knife\180\050.png'
01:29.046  render           | Saved: 'C:\Users\gil_n\Documents\GitHub\Godot-game-development-codex\build\melee_trail_review\measured_dense\knife_extended\knife\180\051.png'
01:29.250  render           | Saved: 'C:\Users\gil_n\Documents\GitHub\Godot-game-development-codex\build\melee_trail_review\measured_dense\knife_extended\knife\180\052.png'
01:29.406  render           | Saved: 'C:\Users\gil_n\Documents\GitHub\Godot-game-development-codex\build\melee_trail_review\measured_dense\knife_extended\knife\180\053.png'
01:29.562  render           | Saved: 'C:\Users\gil_n\Documents\GitHub\Godot-game-development-codex\build\melee_trail_review\measured_dense\knife_extended\knife\180\054.png'
01:29.718  render           | Saved: 'C:\Users\gil_n\Documents\GitHub\Godot-game-development-codex\build\melee_trail_review\measured_dense\knife_extended\knife\180\055.png'
01:29.859  render           | Saved: 'C:\Users\gil_n\Documents\GitHub\Godot-game-development-codex\build\melee_trail_review\measured_dense\knife_extended\knife\180\056.png'
01:30.015  render           | Saved: 'C:\Users\gil_n\Documents\GitHub\Godot-game-development-codex\build\melee_trail_review\measured_dense\knife_extended\knife\180\057.png'
01:30.156  render           | Saved: 'C:\Users\gil_n\Documents\GitHub\Godot-game-development-codex\build\melee_trail_review\measured_dense\knife_extended\knife\180\058.png'
01:30.312  render           | Saved: 'C:\Users\gil_n\Documents\GitHub\Godot-game-development-codex\build\melee_trail_review\measured_dense\knife_extended\knife\180\059.png'
01:30.468  render           | Saved: 'C:\Users\gil_n\Documents\GitHub\Godot-game-development-codex\build\melee_trail_review\measured_dense\knife_extended\knife\180\060.png'
01:30.609  render           | Saved: 'C:\Users\gil_n\Documents\GitHub\Godot-game-development-codex\build\melee_trail_review\measured_dense\knife_extended\knife\180\061.png'
01:30.765  render           | Saved: 'C:\Users\gil_n\Documents\GitHub\Godot-game-development-codex\build\melee_trail_review\measured_dense\knife_extended\knife\180\062.png'
01:30.921  render           | Saved: 'C:\Users\gil_n\Documents\GitHub\Godot-game-development-codex\build\melee_trail_review\measured_dense\knife_extended\knife\180\063.png'
01:31.062  render           | Saved: 'C:\Users\gil_n\Documents\GitHub\Godot-game-development-codex\build\melee_trail_review\measured_dense\knife_extended\knife\180\064.png'
01:31.218  render           | Saved: 'C:\Users\gil_n\Documents\GitHub\Godot-game-development-codex\build\melee_trail_review\measured_dense\knife_extended\knife\202.5\000.png'
01:31.375  render           | Saved: 'C:\Users\gil_n\Documents\GitHub\Godot-game-development-codex\build\melee_trail_review\measured_dense\knife_extended\knife\202.5\001.png'
01:31.515  render           | Saved: 'C:\Users\gil_n\Documents\GitHub\Godot-game-development-codex\build\melee_trail_review\measured_dense\knife_extended\knife\202.5\002.png'
01:31.671  render           | Saved: 'C:\Users\gil_n\Documents\GitHub\Godot-game-development-codex\build\melee_trail_review\measured_dense\knife_extended\knife\202.5\003.png'
01:31.812  render           | Saved: 'C:\Users\gil_n\Documents\GitHub\Godot-game-development-codex\build\melee_trail_review\measured_dense\knife_extended\knife\202.5\004.png'
01:31.968  render           | Saved: 'C:\Users\gil_n\Documents\GitHub\Godot-game-development-codex\build\melee_trail_review\measured_dense\knife_extended\knife\202.5\005.png'
01:32.109  render           | Saved: 'C:\Users\gil_n\Documents\GitHub\Godot-game-development-codex\build\melee_trail_review\measured_dense\knife_extended\knife\202.5\006.png'
01:32.265  render           | Saved: 'C:\Users\gil_n\Documents\GitHub\Godot-game-development-codex\build\melee_trail_review\measured_dense\knife_extended\knife\202.5\007.png'
01:32.406  render           | Saved: 'C:\Users\gil_n\Documents\GitHub\Godot-game-development-codex\build\melee_trail_review\measured_dense\knife_extended\knife\202.5\008.png'
01:32.562  render           | Saved: 'C:\Users\gil_n\Documents\GitHub\Godot-game-development-codex\build\melee_trail_review\measured_dense\knife_extended\knife\202.5\009.png'
01:32.718  render           | Saved: 'C:\Users\gil_n\Documents\GitHub\Godot-game-development-codex\build\melee_trail_review\measured_dense\knife_extended\knife\202.5\010.png'
01:32.859  render           | Saved: 'C:\Users\gil_n\Documents\GitHub\Godot-game-development-codex\build\melee_trail_review\measured_dense\knife_extended\knife\202.5\011.png'
01:33.015  render           | Saved: 'C:\Users\gil_n\Documents\GitHub\Godot-game-development-codex\build\melee_trail_review\measured_dense\knife_extended\knife\202.5\012.png'
01:33.171  render           | Saved: 'C:\Users\gil_n\Documents\GitHub\Godot-game-development-codex\build\melee_trail_review\measured_dense\knife_extended\knife\202.5\013.png'
01:33.328  render           | Saved: 'C:\Users\gil_n\Documents\GitHub\Godot-game-development-codex\build\melee_trail_review\measured_dense\knife_extended\knife\202.5\014.png'
01:33.468  render           | Saved: 'C:\Users\gil_n\Documents\GitHub\Godot-game-development-codex\build\melee_trail_review\measured_dense\knife_extended\knife\202.5\015.png'
01:33.625  render           | Saved: 'C:\Users\gil_n\Documents\GitHub\Godot-game-development-codex\build\melee_trail_review\measured_dense\knife_extended\knife\202.5\016.png'
01:33.781  render           | Saved: 'C:\Users\gil_n\Documents\GitHub\Godot-game-development-codex\build\melee_trail_review\measured_dense\knife_extended\knife\202.5\017.png'
01:33.937  render           | Saved: 'C:\Users\gil_n\Documents\GitHub\Godot-game-development-codex\build\melee_trail_review\measured_dense\knife_extended\knife\202.5\018.png'
01:34.093  render           | Saved: 'C:\Users\gil_n\Documents\GitHub\Godot-game-development-codex\build\melee_trail_review\measured_dense\knife_extended\knife\202.5\019.png'
01:34.250  render           | Saved: 'C:\Users\gil_n\Documents\GitHub\Godot-game-development-codex\build\melee_trail_review\measured_dense\knife_extended\knife\202.5\020.png'
01:34.390  render           | Saved: 'C:\Users\gil_n\Documents\GitHub\Godot-game-development-codex\build\melee_trail_review\measured_dense\knife_extended\knife\202.5\021.png'
01:34.546  render           | Saved: 'C:\Users\gil_n\Documents\GitHub\Godot-game-development-codex\build\melee_trail_review\measured_dense\knife_extended\knife\202.5\022.png'
01:34.687  render           | Saved: 'C:\Users\gil_n\Documents\GitHub\Godot-game-development-codex\build\melee_trail_review\measured_dense\knife_extended\knife\202.5\023.png'
01:34.843  render           | Saved: 'C:\Users\gil_n\Documents\GitHub\Godot-game-development-codex\build\melee_trail_review\measured_dense\knife_extended\knife\202.5\024.png'
01:35.000  render           | Saved: 'C:\Users\gil_n\Documents\GitHub\Godot-game-development-codex\build\melee_trail_review\measured_dense\knife_extended\knife\202.5\025.png'
01:35.140  render           | Saved: 'C:\Users\gil_n\Documents\GitHub\Godot-game-development-codex\build\melee_trail_review\measured_dense\knife_extended\knife\202.5\026.png'
01:35.296  render           | Saved: 'C:\Users\gil_n\Documents\GitHub\Godot-game-development-codex\build\melee_trail_review\measured_dense\knife_extended\knife\202.5\027.png'
01:35.437  render           | Saved: 'C:\Users\gil_n\Documents\GitHub\Godot-game-development-codex\build\melee_trail_review\measured_dense\knife_extended\knife\202.5\028.png'
01:35.593  render           | Saved: 'C:\Users\gil_n\Documents\GitHub\Godot-game-development-codex\build\melee_trail_review\measured_dense\knife_extended\knife\202.5\029.png'
01:35.734  render           | Saved: 'C:\Users\gil_n\Documents\GitHub\Godot-game-development-codex\build\melee_trail_review\measured_dense\knife_extended\knife\202.5\030.png'
01:35.890  render           | Saved: 'C:\Users\gil_n\Documents\GitHub\Godot-game-development-codex\build\melee_trail_review\measured_dense\knife_extended\knife\202.5\031.png'
01:36.031  render           | Saved: 'C:\Users\gil_n\Documents\GitHub\Godot-game-development-codex\build\melee_trail_review\measured_dense\knife_extended\knife\202.5\032.png'
01:36.187  render           | Saved: 'C:\Users\gil_n\Documents\GitHub\Godot-game-development-codex\build\melee_trail_review\measured_dense\knife_extended\knife\202.5\033.png'
01:36.343  render           | Saved: 'C:\Users\gil_n\Documents\GitHub\Godot-game-development-codex\build\melee_trail_review\measured_dense\knife_extended\knife\202.5\034.png'
01:36.484  render           | Saved: 'C:\Users\gil_n\Documents\GitHub\Godot-game-development-codex\build\melee_trail_review\measured_dense\knife_extended\knife\202.5\035.png'
01:36.640  render           | Saved: 'C:\Users\gil_n\Documents\GitHub\Godot-game-development-codex\build\melee_trail_review\measured_dense\knife_extended\knife\202.5\036.png'
01:36.781  render           | Saved: 'C:\Users\gil_n\Documents\GitHub\Godot-game-development-codex\build\melee_trail_review\measured_dense\knife_extended\knife\202.5\037.png'
01:36.937  render           | Saved: 'C:\Users\gil_n\Documents\GitHub\Godot-game-development-codex\build\melee_trail_review\measured_dense\knife_extended\knife\202.5\038.png'
01:37.078  render           | Saved: 'C:\Users\gil_n\Documents\GitHub\Godot-game-development-codex\build\melee_trail_review\measured_dense\knife_extended\knife\202.5\039.png'
01:37.234  render           | Saved: 'C:\Users\gil_n\Documents\GitHub\Godot-game-development-codex\build\melee_trail_review\measured_dense\knife_extended\knife\202.5\040.png'
01:37.390  render           | Saved: 'C:\Users\gil_n\Documents\GitHub\Godot-game-development-codex\build\melee_trail_review\measured_dense\knife_extended\knife\202.5\041.png'
01:37.531  render           | Saved: 'C:\Users\gil_n\Documents\GitHub\Godot-game-development-codex\build\melee_trail_review\measured_dense\knife_extended\knife\202.5\042.png'
01:37.687  render           | Saved: 'C:\Users\gil_n\Documents\GitHub\Godot-game-development-codex\build\melee_trail_review\measured_dense\knife_extended\knife\202.5\043.png'
01:37.828  render           | Saved: 'C:\Users\gil_n\Documents\GitHub\Godot-game-development-codex\build\melee_trail_review\measured_dense\knife_extended\knife\202.5\044.png'
01:37.984  render           | Saved: 'C:\Users\gil_n\Documents\GitHub\Godot-game-development-codex\build\melee_trail_review\measured_dense\knife_extended\knife\202.5\045.png'
01:38.125  render           | Saved: 'C:\Users\gil_n\Documents\GitHub\Godot-game-development-codex\build\melee_trail_review\measured_dense\knife_extended\knife\202.5\046.png'
01:38.281  render           | Saved: 'C:\Users\gil_n\Documents\GitHub\Godot-game-development-codex\build\melee_trail_review\measured_dense\knife_extended\knife\202.5\047.png'
01:38.437  render           | Saved: 'C:\Users\gil_n\Documents\GitHub\Godot-game-development-codex\build\melee_trail_review\measured_dense\knife_extended\knife\202.5\048.png'
01:38.578  render           | Saved: 'C:\Users\gil_n\Documents\GitHub\Godot-game-development-codex\build\melee_trail_review\measured_dense\knife_extended\knife\202.5\049.png'
01:38.734  render           | Saved: 'C:\Users\gil_n\Documents\GitHub\Godot-game-development-codex\build\melee_trail_review\measured_dense\knife_extended\knife\202.5\050.png'
01:38.875  render           | Saved: 'C:\Users\gil_n\Documents\GitHub\Godot-game-development-codex\build\melee_trail_review\measured_dense\knife_extended\knife\202.5\051.png'
01:39.031  render           | Saved: 'C:\Users\gil_n\Documents\GitHub\Godot-game-development-codex\build\melee_trail_review\measured_dense\knife_extended\knife\202.5\052.png'
01:39.171  render           | Saved: 'C:\Users\gil_n\Documents\GitHub\Godot-game-development-codex\build\melee_trail_review\measured_dense\knife_extended\knife\202.5\053.png'
01:39.328  render           | Saved: 'C:\Users\gil_n\Documents\GitHub\Godot-game-development-codex\build\melee_trail_review\measured_dense\knife_extended\knife\202.5\054.png'
01:39.468  render           | Saved: 'C:\Users\gil_n\Documents\GitHub\Godot-game-development-codex\build\melee_trail_review\measured_dense\knife_extended\knife\202.5\055.png'
01:39.625  render           | Saved: 'C:\Users\gil_n\Documents\GitHub\Godot-game-development-codex\build\melee_trail_review\measured_dense\knife_extended\knife\202.5\056.png'
01:39.765  render           | Saved: 'C:\Users\gil_n\Documents\GitHub\Godot-game-development-codex\build\melee_trail_review\measured_dense\knife_extended\knife\202.5\057.png'
01:39.921  render           | Saved: 'C:\Users\gil_n\Documents\GitHub\Godot-game-development-codex\build\melee_trail_review\measured_dense\knife_extended\knife\202.5\058.png'
01:40.062  render           | Saved: 'C:\Users\gil_n\Documents\GitHub\Godot-game-development-codex\build\melee_trail_review\measured_dense\knife_extended\knife\202.5\059.png'
01:40.218  render           | Saved: 'C:\Users\gil_n\Documents\GitHub\Godot-game-development-codex\build\melee_trail_review\measured_dense\knife_extended\knife\202.5\060.png'
01:40.359  render           | Saved: 'C:\Users\gil_n\Documents\GitHub\Godot-game-development-codex\build\melee_trail_review\measured_dense\knife_extended\knife\202.5\061.png'
01:40.515  render           | Saved: 'C:\Users\gil_n\Documents\GitHub\Godot-game-development-codex\build\melee_trail_review\measured_dense\knife_extended\knife\202.5\062.png'
01:40.671  render           | Saved: 'C:\Users\gil_n\Documents\GitHub\Godot-game-development-codex\build\melee_trail_review\measured_dense\knife_extended\knife\202.5\063.png'
01:40.812  render           | Saved: 'C:\Users\gil_n\Documents\GitHub\Godot-game-development-codex\build\melee_trail_review\measured_dense\knife_extended\knife\202.5\064.png'
01:40.968  render           | Saved: 'C:\Users\gil_n\Documents\GitHub\Godot-game-development-codex\build\melee_trail_review\measured_dense\knife_extended\knife\225\000.png'
01:41.125  render           | Saved: 'C:\Users\gil_n\Documents\GitHub\Godot-game-development-codex\build\melee_trail_review\measured_dense\knife_extended\knife\225\001.png'
01:41.265  render           | Saved: 'C:\Users\gil_n\Documents\GitHub\Godot-game-development-codex\build\melee_trail_review\measured_dense\knife_extended\knife\225\002.png'
01:41.421  render           | Saved: 'C:\Users\gil_n\Documents\GitHub\Godot-game-development-codex\build\melee_trail_review\measured_dense\knife_extended\knife\225\003.png'
01:41.578  render           | Saved: 'C:\Users\gil_n\Documents\GitHub\Godot-game-development-codex\build\melee_trail_review\measured_dense\knife_extended\knife\225\004.png'
01:41.734  render           | Saved: 'C:\Users\gil_n\Documents\GitHub\Godot-game-development-codex\build\melee_trail_review\measured_dense\knife_extended\knife\225\005.png'
01:41.875  render           | Saved: 'C:\Users\gil_n\Documents\GitHub\Godot-game-development-codex\build\melee_trail_review\measured_dense\knife_extended\knife\225\006.png'
01:42.031  render           | Saved: 'C:\Users\gil_n\Documents\GitHub\Godot-game-development-codex\build\melee_trail_review\measured_dense\knife_extended\knife\225\007.png'
01:42.187  render           | Saved: 'C:\Users\gil_n\Documents\GitHub\Godot-game-development-codex\build\melee_trail_review\measured_dense\knife_extended\knife\225\008.png'
01:42.328  render           | Saved: 'C:\Users\gil_n\Documents\GitHub\Godot-game-development-codex\build\melee_trail_review\measured_dense\knife_extended\knife\225\009.png'
01:42.484  render           | Saved: 'C:\Users\gil_n\Documents\GitHub\Godot-game-development-codex\build\melee_trail_review\measured_dense\knife_extended\knife\225\010.png'
01:42.640  render           | Saved: 'C:\Users\gil_n\Documents\GitHub\Godot-game-development-codex\build\melee_trail_review\measured_dense\knife_extended\knife\225\011.png'
01:42.812  render           | Saved: 'C:\Users\gil_n\Documents\GitHub\Godot-game-development-codex\build\melee_trail_review\measured_dense\knife_extended\knife\225\012.png'
01:42.953  render           | Saved: 'C:\Users\gil_n\Documents\GitHub\Godot-game-development-codex\build\melee_trail_review\measured_dense\knife_extended\knife\225\013.png'
01:43.109  render           | Saved: 'C:\Users\gil_n\Documents\GitHub\Godot-game-development-codex\build\melee_trail_review\measured_dense\knife_extended\knife\225\014.png'
01:43.250  render           | Saved: 'C:\Users\gil_n\Documents\GitHub\Godot-game-development-codex\build\melee_trail_review\measured_dense\knife_extended\knife\225\015.png'
01:43.406  render           | Saved: 'C:\Users\gil_n\Documents\GitHub\Godot-game-development-codex\build\melee_trail_review\measured_dense\knife_extended\knife\225\016.png'
01:43.546  render           | Saved: 'C:\Users\gil_n\Documents\GitHub\Godot-game-development-codex\build\melee_trail_review\measured_dense\knife_extended\knife\225\017.png'
01:43.703  render           | Saved: 'C:\Users\gil_n\Documents\GitHub\Godot-game-development-codex\build\melee_trail_review\measured_dense\knife_extended\knife\225\018.png'
01:43.843  render           | Saved: 'C:\Users\gil_n\Documents\GitHub\Godot-game-development-codex\build\melee_trail_review\measured_dense\knife_extended\knife\225\019.png'
01:44.000  render           | Saved: 'C:\Users\gil_n\Documents\GitHub\Godot-game-development-codex\build\melee_trail_review\measured_dense\knife_extended\knife\225\020.png'
01:44.140  render           | Saved: 'C:\Users\gil_n\Documents\GitHub\Godot-game-development-codex\build\melee_trail_review\measured_dense\knife_extended\knife\225\021.png'
01:44.296  render           | Saved: 'C:\Users\gil_n\Documents\GitHub\Godot-game-development-codex\build\melee_trail_review\measured_dense\knife_extended\knife\225\022.png'
01:44.437  render           | Saved: 'C:\Users\gil_n\Documents\GitHub\Godot-game-development-codex\build\melee_trail_review\measured_dense\knife_extended\knife\225\023.png'
01:44.578  render           | Saved: 'C:\Users\gil_n\Documents\GitHub\Godot-game-development-codex\build\melee_trail_review\measured_dense\knife_extended\knife\225\024.png'
01:44.734  render           | Saved: 'C:\Users\gil_n\Documents\GitHub\Godot-game-development-codex\build\melee_trail_review\measured_dense\knife_extended\knife\225\025.png'
01:44.875  render           | Saved: 'C:\Users\gil_n\Documents\GitHub\Godot-game-development-codex\build\melee_trail_review\measured_dense\knife_extended\knife\225\026.png'
01:45.031  render           | Saved: 'C:\Users\gil_n\Documents\GitHub\Godot-game-development-codex\build\melee_trail_review\measured_dense\knife_extended\knife\225\027.png'
01:45.171  render           | Saved: 'C:\Users\gil_n\Documents\GitHub\Godot-game-development-codex\build\melee_trail_review\measured_dense\knife_extended\knife\225\028.png'
01:45.328  render           | Saved: 'C:\Users\gil_n\Documents\GitHub\Godot-game-development-codex\build\melee_trail_review\measured_dense\knife_extended\knife\225\029.png'
01:45.484  render           | Saved: 'C:\Users\gil_n\Documents\GitHub\Godot-game-development-codex\build\melee_trail_review\measured_dense\knife_extended\knife\225\030.png'
01:45.625  render           | Saved: 'C:\Users\gil_n\Documents\GitHub\Godot-game-development-codex\build\melee_trail_review\measured_dense\knife_extended\knife\225\031.png'
01:45.765  render           | Saved: 'C:\Users\gil_n\Documents\GitHub\Godot-game-development-codex\build\melee_trail_review\measured_dense\knife_extended\knife\225\032.png'
01:45.921  render           | Saved: 'C:\Users\gil_n\Documents\GitHub\Godot-game-development-codex\build\melee_trail_review\measured_dense\knife_extended\knife\225\033.png'
01:46.078  render           | Saved: 'C:\Users\gil_n\Documents\GitHub\Godot-game-development-codex\build\melee_trail_review\measured_dense\knife_extended\knife\225\034.png'
01:46.218  render           | Saved: 'C:\Users\gil_n\Documents\GitHub\Godot-game-development-codex\build\melee_trail_review\measured_dense\knife_extended\knife\225\035.png'
01:46.375  render           | Saved: 'C:\Users\gil_n\Documents\GitHub\Godot-game-development-codex\build\melee_trail_review\measured_dense\knife_extended\knife\225\036.png'
01:46.531  render           | Saved: 'C:\Users\gil_n\Documents\GitHub\Godot-game-development-codex\build\melee_trail_review\measured_dense\knife_extended\knife\225\037.png'
01:46.671  render           | Saved: 'C:\Users\gil_n\Documents\GitHub\Godot-game-development-codex\build\melee_trail_review\measured_dense\knife_extended\knife\225\038.png'
01:46.812  render           | Saved: 'C:\Users\gil_n\Documents\GitHub\Godot-game-development-codex\build\melee_trail_review\measured_dense\knife_extended\knife\225\039.png'
01:46.968  render           | Saved: 'C:\Users\gil_n\Documents\GitHub\Godot-game-development-codex\build\melee_trail_review\measured_dense\knife_extended\knife\225\040.png'
01:47.125  render           | Saved: 'C:\Users\gil_n\Documents\GitHub\Godot-game-development-codex\build\melee_trail_review\measured_dense\knife_extended\knife\225\041.png'
01:47.265  render           | Saved: 'C:\Users\gil_n\Documents\GitHub\Godot-game-development-codex\build\melee_trail_review\measured_dense\knife_extended\knife\225\042.png'
01:47.421  render           | Saved: 'C:\Users\gil_n\Documents\GitHub\Godot-game-development-codex\build\melee_trail_review\measured_dense\knife_extended\knife\225\043.png'
01:47.562  render           | Saved: 'C:\Users\gil_n\Documents\GitHub\Godot-game-development-codex\build\melee_trail_review\measured_dense\knife_extended\knife\225\044.png'
01:47.718  render           | Saved: 'C:\Users\gil_n\Documents\GitHub\Godot-game-development-codex\build\melee_trail_review\measured_dense\knife_extended\knife\225\045.png'
01:47.859  render           | Saved: 'C:\Users\gil_n\Documents\GitHub\Godot-game-development-codex\build\melee_trail_review\measured_dense\knife_extended\knife\225\046.png'
01:48.015  render           | Saved: 'C:\Users\gil_n\Documents\GitHub\Godot-game-development-codex\build\melee_trail_review\measured_dense\knife_extended\knife\225\047.png'
01:48.171  render           | Saved: 'C:\Users\gil_n\Documents\GitHub\Godot-game-development-codex\build\melee_trail_review\measured_dense\knife_extended\knife\225\048.png'
01:48.343  render           | Saved: 'C:\Users\gil_n\Documents\GitHub\Godot-game-development-codex\build\melee_trail_review\measured_dense\knife_extended\knife\225\049.png'
01:48.484  render           | Saved: 'C:\Users\gil_n\Documents\GitHub\Godot-game-development-codex\build\melee_trail_review\measured_dense\knife_extended\knife\225\050.png'
01:48.640  render           | Saved: 'C:\Users\gil_n\Documents\GitHub\Godot-game-development-codex\build\melee_trail_review\measured_dense\knife_extended\knife\225\051.png'
01:48.781  render           | Saved: 'C:\Users\gil_n\Documents\GitHub\Godot-game-development-codex\build\melee_trail_review\measured_dense\knife_extended\knife\225\052.png'
01:48.937  render           | Saved: 'C:\Users\gil_n\Documents\GitHub\Godot-game-development-codex\build\melee_trail_review\measured_dense\knife_extended\knife\225\053.png'
01:49.078  render           | Saved: 'C:\Users\gil_n\Documents\GitHub\Godot-game-development-codex\build\melee_trail_review\measured_dense\knife_extended\knife\225\054.png'
01:49.234  render           | Saved: 'C:\Users\gil_n\Documents\GitHub\Godot-game-development-codex\build\melee_trail_review\measured_dense\knife_extended\knife\225\055.png'
01:49.375  render           | Saved: 'C:\Users\gil_n\Documents\GitHub\Godot-game-development-codex\build\melee_trail_review\measured_dense\knife_extended\knife\225\056.png'
01:49.531  render           | Saved: 'C:\Users\gil_n\Documents\GitHub\Godot-game-development-codex\build\melee_trail_review\measured_dense\knife_extended\knife\225\057.png'
01:49.671  render           | Saved: 'C:\Users\gil_n\Documents\GitHub\Godot-game-development-codex\build\melee_trail_review\measured_dense\knife_extended\knife\225\058.png'
01:49.828  render           | Saved: 'C:\Users\gil_n\Documents\GitHub\Godot-game-development-codex\build\melee_trail_review\measured_dense\knife_extended\knife\225\059.png'
01:49.968  render           | Saved: 'C:\Users\gil_n\Documents\GitHub\Godot-game-development-codex\build\melee_trail_review\measured_dense\knife_extended\knife\225\060.png'
01:50.125  render           | Saved: 'C:\Users\gil_n\Documents\GitHub\Godot-game-development-codex\build\melee_trail_review\measured_dense\knife_extended\knife\225\061.png'
01:50.281  render           | Saved: 'C:\Users\gil_n\Documents\GitHub\Godot-game-development-codex\build\melee_trail_review\measured_dense\knife_extended\knife\225\062.png'
01:50.421  render           | Saved: 'C:\Users\gil_n\Documents\GitHub\Godot-game-development-codex\build\melee_trail_review\measured_dense\knife_extended\knife\225\063.png'
01:50.578  render           | Saved: 'C:\Users\gil_n\Documents\GitHub\Godot-game-development-codex\build\melee_trail_review\measured_dense\knife_extended\knife\225\064.png'
01:50.734  render           | Saved: 'C:\Users\gil_n\Documents\GitHub\Godot-game-development-codex\build\melee_trail_review\measured_dense\knife_extended\knife\247.5\000.png'
01:50.890  render           | Saved: 'C:\Users\gil_n\Documents\GitHub\Godot-game-development-codex\build\melee_trail_review\measured_dense\knife_extended\knife\247.5\001.png'
01:51.031  render           | Saved: 'C:\Users\gil_n\Documents\GitHub\Godot-game-development-codex\build\melee_trail_review\measured_dense\knife_extended\knife\247.5\002.png'
01:51.187  render           | Saved: 'C:\Users\gil_n\Documents\GitHub\Godot-game-development-codex\build\melee_trail_review\measured_dense\knife_extended\knife\247.5\003.png'
01:51.343  render           | Saved: 'C:\Users\gil_n\Documents\GitHub\Godot-game-development-codex\build\melee_trail_review\measured_dense\knife_extended\knife\247.5\004.png'
01:51.484  render           | Saved: 'C:\Users\gil_n\Documents\GitHub\Godot-game-development-codex\build\melee_trail_review\measured_dense\knife_extended\knife\247.5\005.png'
01:51.640  render           | Saved: 'C:\Users\gil_n\Documents\GitHub\Godot-game-development-codex\build\melee_trail_review\measured_dense\knife_extended\knife\247.5\006.png'
01:51.781  render           | Saved: 'C:\Users\gil_n\Documents\GitHub\Godot-game-development-codex\build\melee_trail_review\measured_dense\knife_extended\knife\247.5\007.png'
01:51.937  render           | Saved: 'C:\Users\gil_n\Documents\GitHub\Godot-game-development-codex\build\melee_trail_review\measured_dense\knife_extended\knife\247.5\008.png'
01:52.078  render           | Saved: 'C:\Users\gil_n\Documents\GitHub\Godot-game-development-codex\build\melee_trail_review\measured_dense\knife_extended\knife\247.5\009.png'
01:52.234  render           | Saved: 'C:\Users\gil_n\Documents\GitHub\Godot-game-development-codex\build\melee_trail_review\measured_dense\knife_extended\knife\247.5\010.png'
01:52.390  render           | Saved: 'C:\Users\gil_n\Documents\GitHub\Godot-game-development-codex\build\melee_trail_review\measured_dense\knife_extended\knife\247.5\011.png'
01:52.531  render           | Saved: 'C:\Users\gil_n\Documents\GitHub\Godot-game-development-codex\build\melee_trail_review\measured_dense\knife_extended\knife\247.5\012.png'
01:52.687  render           | Saved: 'C:\Users\gil_n\Documents\GitHub\Godot-game-development-codex\build\melee_trail_review\measured_dense\knife_extended\knife\247.5\013.png'
01:52.828  render           | Saved: 'C:\Users\gil_n\Documents\GitHub\Godot-game-development-codex\build\melee_trail_review\measured_dense\knife_extended\knife\247.5\014.png'
01:52.984  render           | Saved: 'C:\Users\gil_n\Documents\GitHub\Godot-game-development-codex\build\melee_trail_review\measured_dense\knife_extended\knife\247.5\015.png'
01:53.125  render           | Saved: 'C:\Users\gil_n\Documents\GitHub\Godot-game-development-codex\build\melee_trail_review\measured_dense\knife_extended\knife\247.5\016.png'
01:53.281  render           | Saved: 'C:\Users\gil_n\Documents\GitHub\Godot-game-development-codex\build\melee_trail_review\measured_dense\knife_extended\knife\247.5\017.png'
01:53.437  render           | Saved: 'C:\Users\gil_n\Documents\GitHub\Godot-game-development-codex\build\melee_trail_review\measured_dense\knife_extended\knife\247.5\018.png'
01:53.578  render           | Saved: 'C:\Users\gil_n\Documents\GitHub\Godot-game-development-codex\build\melee_trail_review\measured_dense\knife_extended\knife\247.5\019.png'
01:53.734  render           | Saved: 'C:\Users\gil_n\Documents\GitHub\Godot-game-development-codex\build\melee_trail_review\measured_dense\knife_extended\knife\247.5\020.png'
01:53.875  render           | Saved: 'C:\Users\gil_n\Documents\GitHub\Godot-game-development-codex\build\melee_trail_review\measured_dense\knife_extended\knife\247.5\021.png'
01:54.031  render           | Saved: 'C:\Users\gil_n\Documents\GitHub\Godot-game-development-codex\build\melee_trail_review\measured_dense\knife_extended\knife\247.5\022.png'
01:54.187  render           | Saved: 'C:\Users\gil_n\Documents\GitHub\Godot-game-development-codex\build\melee_trail_review\measured_dense\knife_extended\knife\247.5\023.png'
01:54.343  render           | Saved: 'C:\Users\gil_n\Documents\GitHub\Godot-game-development-codex\build\melee_trail_review\measured_dense\knife_extended\knife\247.5\024.png'
01:54.484  render           | Saved: 'C:\Users\gil_n\Documents\GitHub\Godot-game-development-codex\build\melee_trail_review\measured_dense\knife_extended\knife\247.5\025.png'
01:54.640  render           | Saved: 'C:\Users\gil_n\Documents\GitHub\Godot-game-development-codex\build\melee_trail_review\measured_dense\knife_extended\knife\247.5\026.png'
01:54.781  render           | Saved: 'C:\Users\gil_n\Documents\GitHub\Godot-game-development-codex\build\melee_trail_review\measured_dense\knife_extended\knife\247.5\027.png'
01:54.937  render           | Saved: 'C:\Users\gil_n\Documents\GitHub\Godot-game-development-codex\build\melee_trail_review\measured_dense\knife_extended\knife\247.5\028.png'
01:55.078  render           | Saved: 'C:\Users\gil_n\Documents\GitHub\Godot-game-development-codex\build\melee_trail_review\measured_dense\knife_extended\knife\247.5\029.png'
01:55.234  render           | Saved: 'C:\Users\gil_n\Documents\GitHub\Godot-game-development-codex\build\melee_trail_review\measured_dense\knife_extended\knife\247.5\030.png'
01:55.390  render           | Saved: 'C:\Users\gil_n\Documents\GitHub\Godot-game-development-codex\build\melee_trail_review\measured_dense\knife_extended\knife\247.5\031.png'
01:55.531  render           | Saved: 'C:\Users\gil_n\Documents\GitHub\Godot-game-development-codex\build\melee_trail_review\measured_dense\knife_extended\knife\247.5\032.png'
01:55.687  render           | Saved: 'C:\Users\gil_n\Documents\GitHub\Godot-game-development-codex\build\melee_trail_review\measured_dense\knife_extended\knife\247.5\033.png'
01:55.828  render           | Saved: 'C:\Users\gil_n\Documents\GitHub\Godot-game-development-codex\build\melee_trail_review\measured_dense\knife_extended\knife\247.5\034.png'
01:55.984  render           | Saved: 'C:\Users\gil_n\Documents\GitHub\Godot-game-development-codex\build\melee_trail_review\measured_dense\knife_extended\knife\247.5\035.png'
01:56.140  render           | Saved: 'C:\Users\gil_n\Documents\GitHub\Godot-game-development-codex\build\melee_trail_review\measured_dense\knife_extended\knife\247.5\036.png'
01:56.281  render           | Saved: 'C:\Users\gil_n\Documents\GitHub\Godot-game-development-codex\build\melee_trail_review\measured_dense\knife_extended\knife\247.5\037.png'
01:56.437  render           | Saved: 'C:\Users\gil_n\Documents\GitHub\Godot-game-development-codex\build\melee_trail_review\measured_dense\knife_extended\knife\247.5\038.png'
01:56.593  render           | Saved: 'C:\Users\gil_n\Documents\GitHub\Godot-game-development-codex\build\melee_trail_review\measured_dense\knife_extended\knife\247.5\039.png'
01:56.750  render           | Saved: 'C:\Users\gil_n\Documents\GitHub\Godot-game-development-codex\build\melee_trail_review\measured_dense\knife_extended\knife\247.5\040.png'
01:56.890  render           | Saved: 'C:\Users\gil_n\Documents\GitHub\Godot-game-development-codex\build\melee_trail_review\measured_dense\knife_extended\knife\247.5\041.png'
01:57.046  render           | Saved: 'C:\Users\gil_n\Documents\GitHub\Godot-game-development-codex\build\melee_trail_review\measured_dense\knife_extended\knife\247.5\042.png'
01:57.187  render           | Saved: 'C:\Users\gil_n\Documents\GitHub\Godot-game-development-codex\build\melee_trail_review\measured_dense\knife_extended\knife\247.5\043.png'
01:57.343  render           | Saved: 'C:\Users\gil_n\Documents\GitHub\Godot-game-development-codex\build\melee_trail_review\measured_dense\knife_extended\knife\247.5\044.png'
01:57.484  render           | Saved: 'C:\Users\gil_n\Documents\GitHub\Godot-game-development-codex\build\melee_trail_review\measured_dense\knife_extended\knife\247.5\045.png'
01:57.640  render           | Saved: 'C:\Users\gil_n\Documents\GitHub\Godot-game-development-codex\build\melee_trail_review\measured_dense\knife_extended\knife\247.5\046.png'
01:57.796  render           | Saved: 'C:\Users\gil_n\Documents\GitHub\Godot-game-development-codex\build\melee_trail_review\measured_dense\knife_extended\knife\247.5\047.png'
01:57.937  render           | Saved: 'C:\Users\gil_n\Documents\GitHub\Godot-game-development-codex\build\melee_trail_review\measured_dense\knife_extended\knife\247.5\048.png'
01:58.093  render           | Saved: 'C:\Users\gil_n\Documents\GitHub\Godot-game-development-codex\build\melee_trail_review\measured_dense\knife_extended\knife\247.5\049.png'
01:58.234  render           | Saved: 'C:\Users\gil_n\Documents\GitHub\Godot-game-development-codex\build\melee_trail_review\measured_dense\knife_extended\knife\247.5\050.png'
01:58.390  render           | Saved: 'C:\Users\gil_n\Documents\GitHub\Godot-game-development-codex\build\melee_trail_review\measured_dense\knife_extended\knife\247.5\051.png'
01:58.531  render           | Saved: 'C:\Users\gil_n\Documents\GitHub\Godot-game-development-codex\build\melee_trail_review\measured_dense\knife_extended\knife\247.5\052.png'
01:58.687  render           | Saved: 'C:\Users\gil_n\Documents\GitHub\Godot-game-development-codex\build\melee_trail_review\measured_dense\knife_extended\knife\247.5\053.png'
01:58.828  render           | Saved: 'C:\Users\gil_n\Documents\GitHub\Godot-game-development-codex\build\melee_trail_review\measured_dense\knife_extended\knife\247.5\054.png'
01:58.984  render           | Saved: 'C:\Users\gil_n\Documents\GitHub\Godot-game-development-codex\build\melee_trail_review\measured_dense\knife_extended\knife\247.5\055.png'
01:59.125  render           | Saved: 'C:\Users\gil_n\Documents\GitHub\Godot-game-development-codex\build\melee_trail_review\measured_dense\knife_extended\knife\247.5\056.png'
01:59.281  render           | Saved: 'C:\Users\gil_n\Documents\GitHub\Godot-game-development-codex\build\melee_trail_review\measured_dense\knife_extended\knife\247.5\057.png'
01:59.421  render           | Saved: 'C:\Users\gil_n\Documents\GitHub\Godot-game-development-codex\build\melee_trail_review\measured_dense\knife_extended\knife\247.5\058.png'
01:59.578  render           | Saved: 'C:\Users\gil_n\Documents\GitHub\Godot-game-development-codex\build\melee_trail_review\measured_dense\knife_extended\knife\247.5\059.png'
01:59.718  render           | Saved: 'C:\Users\gil_n\Documents\GitHub\Godot-game-development-codex\build\melee_trail_review\measured_dense\knife_extended\knife\247.5\060.png'
01:59.859  render           | Saved: 'C:\Users\gil_n\Documents\GitHub\Godot-game-development-codex\build\melee_trail_review\measured_dense\knife_extended\knife\247.5\061.png'
02:00.015  render           | Saved: 'C:\Users\gil_n\Documents\GitHub\Godot-game-development-codex\build\melee_trail_review\measured_dense\knife_extended\knife\247.5\062.png'
02:00.171  render           | Saved: 'C:\Users\gil_n\Documents\GitHub\Godot-game-development-codex\build\melee_trail_review\measured_dense\knife_extended\knife\247.5\063.png'
02:00.312  render           | Saved: 'C:\Users\gil_n\Documents\GitHub\Godot-game-development-codex\build\melee_trail_review\measured_dense\knife_extended\knife\247.5\064.png'
02:00.484  render           | Saved: 'C:\Users\gil_n\Documents\GitHub\Godot-game-development-codex\build\melee_trail_review\measured_dense\knife_extended\knife\270\000.png'
02:00.625  render           | Saved: 'C:\Users\gil_n\Documents\GitHub\Godot-game-development-codex\build\melee_trail_review\measured_dense\knife_extended\knife\270\001.png'
02:00.781  render           | Saved: 'C:\Users\gil_n\Documents\GitHub\Godot-game-development-codex\build\melee_trail_review\measured_dense\knife_extended\knife\270\002.png'
02:00.921  render           | Saved: 'C:\Users\gil_n\Documents\GitHub\Godot-game-development-codex\build\melee_trail_review\measured_dense\knife_extended\knife\270\003.png'
02:01.078  render           | Saved: 'C:\Users\gil_n\Documents\GitHub\Godot-game-development-codex\build\melee_trail_review\measured_dense\knife_extended\knife\270\004.png'
02:01.234  render           | Saved: 'C:\Users\gil_n\Documents\GitHub\Godot-game-development-codex\build\melee_trail_review\measured_dense\knife_extended\knife\270\005.png'
02:01.375  render           | Saved: 'C:\Users\gil_n\Documents\GitHub\Godot-game-development-codex\build\melee_trail_review\measured_dense\knife_extended\knife\270\006.png'
02:01.531  render           | Saved: 'C:\Users\gil_n\Documents\GitHub\Godot-game-development-codex\build\melee_trail_review\measured_dense\knife_extended\knife\270\007.png'
02:01.687  render           | Saved: 'C:\Users\gil_n\Documents\GitHub\Godot-game-development-codex\build\melee_trail_review\measured_dense\knife_extended\knife\270\008.png'
02:01.828  render           | Saved: 'C:\Users\gil_n\Documents\GitHub\Godot-game-development-codex\build\melee_trail_review\measured_dense\knife_extended\knife\270\009.png'
02:01.984  render           | Saved: 'C:\Users\gil_n\Documents\GitHub\Godot-game-development-codex\build\melee_trail_review\measured_dense\knife_extended\knife\270\010.png'
02:02.125  render           | Saved: 'C:\Users\gil_n\Documents\GitHub\Godot-game-development-codex\build\melee_trail_review\measured_dense\knife_extended\knife\270\011.png'
02:02.281  render           | Saved: 'C:\Users\gil_n\Documents\GitHub\Godot-game-development-codex\build\melee_trail_review\measured_dense\knife_extended\knife\270\012.png'
02:02.421  render           | Saved: 'C:\Users\gil_n\Documents\GitHub\Godot-game-development-codex\build\melee_trail_review\measured_dense\knife_extended\knife\270\013.png'
02:02.578  render           | Saved: 'C:\Users\gil_n\Documents\GitHub\Godot-game-development-codex\build\melee_trail_review\measured_dense\knife_extended\knife\270\014.png'
02:02.718  render           | Saved: 'C:\Users\gil_n\Documents\GitHub\Godot-game-development-codex\build\melee_trail_review\measured_dense\knife_extended\knife\270\015.png'
02:02.875  render           | Saved: 'C:\Users\gil_n\Documents\GitHub\Godot-game-development-codex\build\melee_trail_review\measured_dense\knife_extended\knife\270\016.png'
02:03.015  render           | Saved: 'C:\Users\gil_n\Documents\GitHub\Godot-game-development-codex\build\melee_trail_review\measured_dense\knife_extended\knife\270\017.png'
02:03.171  render           | Saved: 'C:\Users\gil_n\Documents\GitHub\Godot-game-development-codex\build\melee_trail_review\measured_dense\knife_extended\knife\270\018.png'
02:03.312  render           | Saved: 'C:\Users\gil_n\Documents\GitHub\Godot-game-development-codex\build\melee_trail_review\measured_dense\knife_extended\knife\270\019.png'
02:03.468  render           | Saved: 'C:\Users\gil_n\Documents\GitHub\Godot-game-development-codex\build\melee_trail_review\measured_dense\knife_extended\knife\270\020.png'
02:03.609  render           | Saved: 'C:\Users\gil_n\Documents\GitHub\Godot-game-development-codex\build\melee_trail_review\measured_dense\knife_extended\knife\270\021.png'
02:03.765  render           | Saved: 'C:\Users\gil_n\Documents\GitHub\Godot-game-development-codex\build\melee_trail_review\measured_dense\knife_extended\knife\270\022.png'
02:03.921  render           | Saved: 'C:\Users\gil_n\Documents\GitHub\Godot-game-development-codex\build\melee_trail_review\measured_dense\knife_extended\knife\270\023.png'
02:04.062  render           | Saved: 'C:\Users\gil_n\Documents\GitHub\Godot-game-development-codex\build\melee_trail_review\measured_dense\knife_extended\knife\270\024.png'
02:04.218  render           | Saved: 'C:\Users\gil_n\Documents\GitHub\Godot-game-development-codex\build\melee_trail_review\measured_dense\knife_extended\knife\270\025.png'
02:04.359  render           | Saved: 'C:\Users\gil_n\Documents\GitHub\Godot-game-development-codex\build\melee_trail_review\measured_dense\knife_extended\knife\270\026.png'
02:04.515  render           | Saved: 'C:\Users\gil_n\Documents\GitHub\Godot-game-development-codex\build\melee_trail_review\measured_dense\knife_extended\knife\270\027.png'
02:04.656  render           | Saved: 'C:\Users\gil_n\Documents\GitHub\Godot-game-development-codex\build\melee_trail_review\measured_dense\knife_extended\knife\270\028.png'
02:04.812  render           | Saved: 'C:\Users\gil_n\Documents\GitHub\Godot-game-development-codex\build\melee_trail_review\measured_dense\knife_extended\knife\270\029.png'
02:04.968  render           | Saved: 'C:\Users\gil_n\Documents\GitHub\Godot-game-development-codex\build\melee_trail_review\measured_dense\knife_extended\knife\270\030.png'
02:05.109  render           | Saved: 'C:\Users\gil_n\Documents\GitHub\Godot-game-development-codex\build\melee_trail_review\measured_dense\knife_extended\knife\270\031.png'
02:05.265  render           | Saved: 'C:\Users\gil_n\Documents\GitHub\Godot-game-development-codex\build\melee_trail_review\measured_dense\knife_extended\knife\270\032.png'
02:05.421  render           | Saved: 'C:\Users\gil_n\Documents\GitHub\Godot-game-development-codex\build\melee_trail_review\measured_dense\knife_extended\knife\270\033.png'
02:05.562  render           | Saved: 'C:\Users\gil_n\Documents\GitHub\Godot-game-development-codex\build\melee_trail_review\measured_dense\knife_extended\knife\270\034.png'
02:05.718  render           | Saved: 'C:\Users\gil_n\Documents\GitHub\Godot-game-development-codex\build\melee_trail_review\measured_dense\knife_extended\knife\270\035.png'
02:05.859  render           | Saved: 'C:\Users\gil_n\Documents\GitHub\Godot-game-development-codex\build\melee_trail_review\measured_dense\knife_extended\knife\270\036.png'
02:06.015  render           | Saved: 'C:\Users\gil_n\Documents\GitHub\Godot-game-development-codex\build\melee_trail_review\measured_dense\knife_extended\knife\270\037.png'
02:06.156  render           | Saved: 'C:\Users\gil_n\Documents\GitHub\Godot-game-development-codex\build\melee_trail_review\measured_dense\knife_extended\knife\270\038.png'
02:06.312  render           | Saved: 'C:\Users\gil_n\Documents\GitHub\Godot-game-development-codex\build\melee_trail_review\measured_dense\knife_extended\knife\270\039.png'
02:06.453  render           | Saved: 'C:\Users\gil_n\Documents\GitHub\Godot-game-development-codex\build\melee_trail_review\measured_dense\knife_extended\knife\270\040.png'
02:06.609  render           | Saved: 'C:\Users\gil_n\Documents\GitHub\Godot-game-development-codex\build\melee_trail_review\measured_dense\knife_extended\knife\270\041.png'
02:06.750  render           | Saved: 'C:\Users\gil_n\Documents\GitHub\Godot-game-development-codex\build\melee_trail_review\measured_dense\knife_extended\knife\270\042.png'
02:06.906  render           | Saved: 'C:\Users\gil_n\Documents\GitHub\Godot-game-development-codex\build\melee_trail_review\measured_dense\knife_extended\knife\270\043.png'
02:07.062  render           | Saved: 'C:\Users\gil_n\Documents\GitHub\Godot-game-development-codex\build\melee_trail_review\measured_dense\knife_extended\knife\270\044.png'
02:07.218  render           | Saved: 'C:\Users\gil_n\Documents\GitHub\Godot-game-development-codex\build\melee_trail_review\measured_dense\knife_extended\knife\270\045.png'
02:07.375  render           | Saved: 'C:\Users\gil_n\Documents\GitHub\Godot-game-development-codex\build\melee_trail_review\measured_dense\knife_extended\knife\270\046.png'
02:07.531  render           | Saved: 'C:\Users\gil_n\Documents\GitHub\Godot-game-development-codex\build\melee_trail_review\measured_dense\knife_extended\knife\270\047.png'
02:07.687  render           | Saved: 'C:\Users\gil_n\Documents\GitHub\Godot-game-development-codex\build\melee_trail_review\measured_dense\knife_extended\knife\270\048.png'
02:07.843  render           | Saved: 'C:\Users\gil_n\Documents\GitHub\Godot-game-development-codex\build\melee_trail_review\measured_dense\knife_extended\knife\270\049.png'
02:07.984  render           | Saved: 'C:\Users\gil_n\Documents\GitHub\Godot-game-development-codex\build\melee_trail_review\measured_dense\knife_extended\knife\270\050.png'
02:08.140  render           | Saved: 'C:\Users\gil_n\Documents\GitHub\Godot-game-development-codex\build\melee_trail_review\measured_dense\knife_extended\knife\270\051.png'
02:08.296  render           | Saved: 'C:\Users\gil_n\Documents\GitHub\Godot-game-development-codex\build\melee_trail_review\measured_dense\knife_extended\knife\270\052.png'
02:08.437  render           | Saved: 'C:\Users\gil_n\Documents\GitHub\Godot-game-development-codex\build\melee_trail_review\measured_dense\knife_extended\knife\270\053.png'
02:08.593  render           | Saved: 'C:\Users\gil_n\Documents\GitHub\Godot-game-development-codex\build\melee_trail_review\measured_dense\knife_extended\knife\270\054.png'
02:08.734  render           | Saved: 'C:\Users\gil_n\Documents\GitHub\Godot-game-development-codex\build\melee_trail_review\measured_dense\knife_extended\knife\270\055.png'
02:08.890  render           | Saved: 'C:\Users\gil_n\Documents\GitHub\Godot-game-development-codex\build\melee_trail_review\measured_dense\knife_extended\knife\270\056.png'
02:09.031  render           | Saved: 'C:\Users\gil_n\Documents\GitHub\Godot-game-development-codex\build\melee_trail_review\measured_dense\knife_extended\knife\270\057.png'
02:09.187  render           | Saved: 'C:\Users\gil_n\Documents\GitHub\Godot-game-development-codex\build\melee_trail_review\measured_dense\knife_extended\knife\270\058.png'
02:09.343  render           | Saved: 'C:\Users\gil_n\Documents\GitHub\Godot-game-development-codex\build\melee_trail_review\measured_dense\knife_extended\knife\270\059.png'
02:09.484  render           | Saved: 'C:\Users\gil_n\Documents\GitHub\Godot-game-development-codex\build\melee_trail_review\measured_dense\knife_extended\knife\270\060.png'
02:09.640  render           | Saved: 'C:\Users\gil_n\Documents\GitHub\Godot-game-development-codex\build\melee_trail_review\measured_dense\knife_extended\knife\270\061.png'
02:09.796  render           | Saved: 'C:\Users\gil_n\Documents\GitHub\Godot-game-development-codex\build\melee_trail_review\measured_dense\knife_extended\knife\270\062.png'
02:09.937  render           | Saved: 'C:\Users\gil_n\Documents\GitHub\Godot-game-development-codex\build\melee_trail_review\measured_dense\knife_extended\knife\270\063.png'
02:10.093  render           | Saved: 'C:\Users\gil_n\Documents\GitHub\Godot-game-development-codex\build\melee_trail_review\measured_dense\knife_extended\knife\270\064.png'
02:10.250  render           | Saved: 'C:\Users\gil_n\Documents\GitHub\Godot-game-development-codex\build\melee_trail_review\measured_dense\knife_extended\knife\292.5\000.png'
02:10.406  render           | Saved: 'C:\Users\gil_n\Documents\GitHub\Godot-game-development-codex\build\melee_trail_review\measured_dense\knife_extended\knife\292.5\001.png'
02:10.546  render           | Saved: 'C:\Users\gil_n\Documents\GitHub\Godot-game-development-codex\build\melee_trail_review\measured_dense\knife_extended\knife\292.5\002.png'
02:10.703  render           | Saved: 'C:\Users\gil_n\Documents\GitHub\Godot-game-development-codex\build\melee_trail_review\measured_dense\knife_extended\knife\292.5\003.png'
02:10.859  render           | Saved: 'C:\Users\gil_n\Documents\GitHub\Godot-game-development-codex\build\melee_trail_review\measured_dense\knife_extended\knife\292.5\004.png'
02:11.000  render           | Saved: 'C:\Users\gil_n\Documents\GitHub\Godot-game-development-codex\build\melee_trail_review\measured_dense\knife_extended\knife\292.5\005.png'
02:11.156  render           | Saved: 'C:\Users\gil_n\Documents\GitHub\Godot-game-development-codex\build\melee_trail_review\measured_dense\knife_extended\knife\292.5\006.png'
02:11.296  render           | Saved: 'C:\Users\gil_n\Documents\GitHub\Godot-game-development-codex\build\melee_trail_review\measured_dense\knife_extended\knife\292.5\007.png'
02:11.453  render           | Saved: 'C:\Users\gil_n\Documents\GitHub\Godot-game-development-codex\build\melee_trail_review\measured_dense\knife_extended\knife\292.5\008.png'
02:11.609  render           | Saved: 'C:\Users\gil_n\Documents\GitHub\Godot-game-development-codex\build\melee_trail_review\measured_dense\knife_extended\knife\292.5\009.png'
02:11.750  render           | Saved: 'C:\Users\gil_n\Documents\GitHub\Godot-game-development-codex\build\melee_trail_review\measured_dense\knife_extended\knife\292.5\010.png'
02:11.906  render           | Saved: 'C:\Users\gil_n\Documents\GitHub\Godot-game-development-codex\build\melee_trail_review\measured_dense\knife_extended\knife\292.5\011.png'
02:12.062  render           | Saved: 'C:\Users\gil_n\Documents\GitHub\Godot-game-development-codex\build\melee_trail_review\measured_dense\knife_extended\knife\292.5\012.png'
02:12.203  render           | Saved: 'C:\Users\gil_n\Documents\GitHub\Godot-game-development-codex\build\melee_trail_review\measured_dense\knife_extended\knife\292.5\013.png'
02:12.359  render           | Saved: 'C:\Users\gil_n\Documents\GitHub\Godot-game-development-codex\build\melee_trail_review\measured_dense\knife_extended\knife\292.5\014.png'
02:12.500  render           | Saved: 'C:\Users\gil_n\Documents\GitHub\Godot-game-development-codex\build\melee_trail_review\measured_dense\knife_extended\knife\292.5\015.png'
02:12.656  render           | Saved: 'C:\Users\gil_n\Documents\GitHub\Godot-game-development-codex\build\melee_trail_review\measured_dense\knife_extended\knife\292.5\016.png'
02:12.812  render           | Saved: 'C:\Users\gil_n\Documents\GitHub\Godot-game-development-codex\build\melee_trail_review\measured_dense\knife_extended\knife\292.5\017.png'
02:12.953  render           | Saved: 'C:\Users\gil_n\Documents\GitHub\Godot-game-development-codex\build\melee_trail_review\measured_dense\knife_extended\knife\292.5\018.png'
02:13.109  render           | Saved: 'C:\Users\gil_n\Documents\GitHub\Godot-game-development-codex\build\melee_trail_review\measured_dense\knife_extended\knife\292.5\019.png'
02:13.250  render           | Saved: 'C:\Users\gil_n\Documents\GitHub\Godot-game-development-codex\build\melee_trail_review\measured_dense\knife_extended\knife\292.5\020.png'
02:13.406  render           | Saved: 'C:\Users\gil_n\Documents\GitHub\Godot-game-development-codex\build\melee_trail_review\measured_dense\knife_extended\knife\292.5\021.png'
02:13.546  render           | Saved: 'C:\Users\gil_n\Documents\GitHub\Godot-game-development-codex\build\melee_trail_review\measured_dense\knife_extended\knife\292.5\022.png'
02:13.703  render           | Saved: 'C:\Users\gil_n\Documents\GitHub\Godot-game-development-codex\build\melee_trail_review\measured_dense\knife_extended\knife\292.5\023.png'
02:13.843  render           | Saved: 'C:\Users\gil_n\Documents\GitHub\Godot-game-development-codex\build\melee_trail_review\measured_dense\knife_extended\knife\292.5\024.png'
02:14.000  render           | Saved: 'C:\Users\gil_n\Documents\GitHub\Godot-game-development-codex\build\melee_trail_review\measured_dense\knife_extended\knife\292.5\025.png'
02:14.156  render           | Saved: 'C:\Users\gil_n\Documents\GitHub\Godot-game-development-codex\build\melee_trail_review\measured_dense\knife_extended\knife\292.5\026.png'
02:14.296  render           | Saved: 'C:\Users\gil_n\Documents\GitHub\Godot-game-development-codex\build\melee_trail_review\measured_dense\knife_extended\knife\292.5\027.png'
02:14.453  render           | Saved: 'C:\Users\gil_n\Documents\GitHub\Godot-game-development-codex\build\melee_trail_review\measured_dense\knife_extended\knife\292.5\028.png'
02:14.593  render           | Saved: 'C:\Users\gil_n\Documents\GitHub\Godot-game-development-codex\build\melee_trail_review\measured_dense\knife_extended\knife\292.5\029.png'
02:14.750  render           | Saved: 'C:\Users\gil_n\Documents\GitHub\Godot-game-development-codex\build\melee_trail_review\measured_dense\knife_extended\knife\292.5\030.png'
02:14.890  render           | Saved: 'C:\Users\gil_n\Documents\GitHub\Godot-game-development-codex\build\melee_trail_review\measured_dense\knife_extended\knife\292.5\031.png'
02:15.046  render           | Saved: 'C:\Users\gil_n\Documents\GitHub\Godot-game-development-codex\build\melee_trail_review\measured_dense\knife_extended\knife\292.5\032.png'
02:15.187  render           | Saved: 'C:\Users\gil_n\Documents\GitHub\Godot-game-development-codex\build\melee_trail_review\measured_dense\knife_extended\knife\292.5\033.png'
02:15.343  render           | Saved: 'C:\Users\gil_n\Documents\GitHub\Godot-game-development-codex\build\melee_trail_review\measured_dense\knife_extended\knife\292.5\034.png'
02:15.484  render           | Saved: 'C:\Users\gil_n\Documents\GitHub\Godot-game-development-codex\build\melee_trail_review\measured_dense\knife_extended\knife\292.5\035.png'
02:15.640  render           | Saved: 'C:\Users\gil_n\Documents\GitHub\Godot-game-development-codex\build\melee_trail_review\measured_dense\knife_extended\knife\292.5\036.png'
02:15.796  render           | Saved: 'C:\Users\gil_n\Documents\GitHub\Godot-game-development-codex\build\melee_trail_review\measured_dense\knife_extended\knife\292.5\037.png'
02:15.937  render           | Saved: 'C:\Users\gil_n\Documents\GitHub\Godot-game-development-codex\build\melee_trail_review\measured_dense\knife_extended\knife\292.5\038.png'
02:16.093  render           | Saved: 'C:\Users\gil_n\Documents\GitHub\Godot-game-development-codex\build\melee_trail_review\measured_dense\knife_extended\knife\292.5\039.png'
02:16.250  render           | Saved: 'C:\Users\gil_n\Documents\GitHub\Godot-game-development-codex\build\melee_trail_review\measured_dense\knife_extended\knife\292.5\040.png'
02:16.406  render           | Saved: 'C:\Users\gil_n\Documents\GitHub\Godot-game-development-codex\build\melee_trail_review\measured_dense\knife_extended\knife\292.5\041.png'
02:16.546  render           | Saved: 'C:\Users\gil_n\Documents\GitHub\Godot-game-development-codex\build\melee_trail_review\measured_dense\knife_extended\knife\292.5\042.png'
02:16.703  render           | Saved: 'C:\Users\gil_n\Documents\GitHub\Godot-game-development-codex\build\melee_trail_review\measured_dense\knife_extended\knife\292.5\043.png'
02:16.843  render           | Saved: 'C:\Users\gil_n\Documents\GitHub\Godot-game-development-codex\build\melee_trail_review\measured_dense\knife_extended\knife\292.5\044.png'
02:17.000  render           | Saved: 'C:\Users\gil_n\Documents\GitHub\Godot-game-development-codex\build\melee_trail_review\measured_dense\knife_extended\knife\292.5\045.png'
02:17.140  render           | Saved: 'C:\Users\gil_n\Documents\GitHub\Godot-game-development-codex\build\melee_trail_review\measured_dense\knife_extended\knife\292.5\046.png'
02:17.296  render           | Saved: 'C:\Users\gil_n\Documents\GitHub\Godot-game-development-codex\build\melee_trail_review\measured_dense\knife_extended\knife\292.5\047.png'
02:17.437  render           | Saved: 'C:\Users\gil_n\Documents\GitHub\Godot-game-development-codex\build\melee_trail_review\measured_dense\knife_extended\knife\292.5\048.png'
02:17.593  render           | Saved: 'C:\Users\gil_n\Documents\GitHub\Godot-game-development-codex\build\melee_trail_review\measured_dense\knife_extended\knife\292.5\049.png'
02:17.734  render           | Saved: 'C:\Users\gil_n\Documents\GitHub\Godot-game-development-codex\build\melee_trail_review\measured_dense\knife_extended\knife\292.5\050.png'
02:17.890  render           | Saved: 'C:\Users\gil_n\Documents\GitHub\Godot-game-development-codex\build\melee_trail_review\measured_dense\knife_extended\knife\292.5\051.png'
02:18.046  render           | Saved: 'C:\Users\gil_n\Documents\GitHub\Godot-game-development-codex\build\melee_trail_review\measured_dense\knife_extended\knife\292.5\052.png'
02:18.187  render           | Saved: 'C:\Users\gil_n\Documents\GitHub\Godot-game-development-codex\build\melee_trail_review\measured_dense\knife_extended\knife\292.5\053.png'
02:18.343  render           | Saved: 'C:\Users\gil_n\Documents\GitHub\Godot-game-development-codex\build\melee_trail_review\measured_dense\knife_extended\knife\292.5\054.png'
02:18.484  render           | Saved: 'C:\Users\gil_n\Documents\GitHub\Godot-game-development-codex\build\melee_trail_review\measured_dense\knife_extended\knife\292.5\055.png'
02:18.640  render           | Saved: 'C:\Users\gil_n\Documents\GitHub\Godot-game-development-codex\build\melee_trail_review\measured_dense\knife_extended\knife\292.5\056.png'
02:18.781  render           | Saved: 'C:\Users\gil_n\Documents\GitHub\Godot-game-development-codex\build\melee_trail_review\measured_dense\knife_extended\knife\292.5\057.png'
02:18.937  render           | Saved: 'C:\Users\gil_n\Documents\GitHub\Godot-game-development-codex\build\melee_trail_review\measured_dense\knife_extended\knife\292.5\058.png'
02:19.078  render           | Saved: 'C:\Users\gil_n\Documents\GitHub\Godot-game-development-codex\build\melee_trail_review\measured_dense\knife_extended\knife\292.5\059.png'
02:19.234  render           | Saved: 'C:\Users\gil_n\Documents\GitHub\Godot-game-development-codex\build\melee_trail_review\measured_dense\knife_extended\knife\292.5\060.png'
02:19.390  render           | Saved: 'C:\Users\gil_n\Documents\GitHub\Godot-game-development-codex\build\melee_trail_review\measured_dense\knife_extended\knife\292.5\061.png'
02:19.531  render           | Saved: 'C:\Users\gil_n\Documents\GitHub\Godot-game-development-codex\build\melee_trail_review\measured_dense\knife_extended\knife\292.5\062.png'
02:19.687  render           | Saved: 'C:\Users\gil_n\Documents\GitHub\Godot-game-development-codex\build\melee_trail_review\measured_dense\knife_extended\knife\292.5\063.png'
02:19.828  render           | Saved: 'C:\Users\gil_n\Documents\GitHub\Godot-game-development-codex\build\melee_trail_review\measured_dense\knife_extended\knife\292.5\064.png'
02:20.000  render           | Saved: 'C:\Users\gil_n\Documents\GitHub\Godot-game-development-codex\build\melee_trail_review\measured_dense\knife_extended\knife\315\000.png'
02:20.156  render           | Saved: 'C:\Users\gil_n\Documents\GitHub\Godot-game-development-codex\build\melee_trail_review\measured_dense\knife_extended\knife\315\001.png'
02:20.296  render           | Saved: 'C:\Users\gil_n\Documents\GitHub\Godot-game-development-codex\build\melee_trail_review\measured_dense\knife_extended\knife\315\002.png'
02:20.453  render           | Saved: 'C:\Users\gil_n\Documents\GitHub\Godot-game-development-codex\build\melee_trail_review\measured_dense\knife_extended\knife\315\003.png'
02:20.593  render           | Saved: 'C:\Users\gil_n\Documents\GitHub\Godot-game-development-codex\build\melee_trail_review\measured_dense\knife_extended\knife\315\004.png'
02:20.750  render           | Saved: 'C:\Users\gil_n\Documents\GitHub\Godot-game-development-codex\build\melee_trail_review\measured_dense\knife_extended\knife\315\005.png'
02:20.906  render           | Saved: 'C:\Users\gil_n\Documents\GitHub\Godot-game-development-codex\build\melee_trail_review\measured_dense\knife_extended\knife\315\006.png'
02:21.062  render           | Saved: 'C:\Users\gil_n\Documents\GitHub\Godot-game-development-codex\build\melee_trail_review\measured_dense\knife_extended\knife\315\007.png'
02:21.203  render           | Saved: 'C:\Users\gil_n\Documents\GitHub\Godot-game-development-codex\build\melee_trail_review\measured_dense\knife_extended\knife\315\008.png'
02:21.359  render           | Saved: 'C:\Users\gil_n\Documents\GitHub\Godot-game-development-codex\build\melee_trail_review\measured_dense\knife_extended\knife\315\009.png'
02:21.500  render           | Saved: 'C:\Users\gil_n\Documents\GitHub\Godot-game-development-codex\build\melee_trail_review\measured_dense\knife_extended\knife\315\010.png'
02:21.656  render           | Saved: 'C:\Users\gil_n\Documents\GitHub\Godot-game-development-codex\build\melee_trail_review\measured_dense\knife_extended\knife\315\011.png'
02:21.796  render           | Saved: 'C:\Users\gil_n\Documents\GitHub\Godot-game-development-codex\build\melee_trail_review\measured_dense\knife_extended\knife\315\012.png'
02:21.953  render           | Saved: 'C:\Users\gil_n\Documents\GitHub\Godot-game-development-codex\build\melee_trail_review\measured_dense\knife_extended\knife\315\013.png'
02:22.093  render           | Saved: 'C:\Users\gil_n\Documents\GitHub\Godot-game-development-codex\build\melee_trail_review\measured_dense\knife_extended\knife\315\014.png'
02:22.250  render           | Saved: 'C:\Users\gil_n\Documents\GitHub\Godot-game-development-codex\build\melee_trail_review\measured_dense\knife_extended\knife\315\015.png'
02:22.390  render           | Saved: 'C:\Users\gil_n\Documents\GitHub\Godot-game-development-codex\build\melee_trail_review\measured_dense\knife_extended\knife\315\016.png'
02:22.546  render           | Saved: 'C:\Users\gil_n\Documents\GitHub\Godot-game-development-codex\build\melee_trail_review\measured_dense\knife_extended\knife\315\017.png'
02:22.687  render           | Saved: 'C:\Users\gil_n\Documents\GitHub\Godot-game-development-codex\build\melee_trail_review\measured_dense\knife_extended\knife\315\018.png'
02:22.843  render           | Saved: 'C:\Users\gil_n\Documents\GitHub\Godot-game-development-codex\build\melee_trail_review\measured_dense\knife_extended\knife\315\019.png'
02:22.984  render           | Saved: 'C:\Users\gil_n\Documents\GitHub\Godot-game-development-codex\build\melee_trail_review\measured_dense\knife_extended\knife\315\020.png'
02:23.140  render           | Saved: 'C:\Users\gil_n\Documents\GitHub\Godot-game-development-codex\build\melee_trail_review\measured_dense\knife_extended\knife\315\021.png'
02:23.281  render           | Saved: 'C:\Users\gil_n\Documents\GitHub\Godot-game-development-codex\build\melee_trail_review\measured_dense\knife_extended\knife\315\022.png'
02:23.437  render           | Saved: 'C:\Users\gil_n\Documents\GitHub\Godot-game-development-codex\build\melee_trail_review\measured_dense\knife_extended\knife\315\023.png'
02:23.593  render           | Saved: 'C:\Users\gil_n\Documents\GitHub\Godot-game-development-codex\build\melee_trail_review\measured_dense\knife_extended\knife\315\024.png'
02:23.734  render           | Saved: 'C:\Users\gil_n\Documents\GitHub\Godot-game-development-codex\build\melee_trail_review\measured_dense\knife_extended\knife\315\025.png'
02:23.890  render           | Saved: 'C:\Users\gil_n\Documents\GitHub\Godot-game-development-codex\build\melee_trail_review\measured_dense\knife_extended\knife\315\026.png'
02:24.046  render           | Saved: 'C:\Users\gil_n\Documents\GitHub\Godot-game-development-codex\build\melee_trail_review\measured_dense\knife_extended\knife\315\027.png'
02:24.203  render           | Saved: 'C:\Users\gil_n\Documents\GitHub\Godot-game-development-codex\build\melee_trail_review\measured_dense\knife_extended\knife\315\028.png'
02:24.343  render           | Saved: 'C:\Users\gil_n\Documents\GitHub\Godot-game-development-codex\build\melee_trail_review\measured_dense\knife_extended\knife\315\029.png'
02:24.500  render           | Saved: 'C:\Users\gil_n\Documents\GitHub\Godot-game-development-codex\build\melee_trail_review\measured_dense\knife_extended\knife\315\030.png'
02:24.656  render           | Saved: 'C:\Users\gil_n\Documents\GitHub\Godot-game-development-codex\build\melee_trail_review\measured_dense\knife_extended\knife\315\031.png'
02:24.796  render           | Saved: 'C:\Users\gil_n\Documents\GitHub\Godot-game-development-codex\build\melee_trail_review\measured_dense\knife_extended\knife\315\032.png'
02:24.953  render           | Saved: 'C:\Users\gil_n\Documents\GitHub\Godot-game-development-codex\build\melee_trail_review\measured_dense\knife_extended\knife\315\033.png'
02:25.093  render           | Saved: 'C:\Users\gil_n\Documents\GitHub\Godot-game-development-codex\build\melee_trail_review\measured_dense\knife_extended\knife\315\034.png'
02:25.250  render           | Saved: 'C:\Users\gil_n\Documents\GitHub\Godot-game-development-codex\build\melee_trail_review\measured_dense\knife_extended\knife\315\035.png'
02:25.406  render           | Saved: 'C:\Users\gil_n\Documents\GitHub\Godot-game-development-codex\build\melee_trail_review\measured_dense\knife_extended\knife\315\036.png'
02:25.546  render           | Saved: 'C:\Users\gil_n\Documents\GitHub\Godot-game-development-codex\build\melee_trail_review\measured_dense\knife_extended\knife\315\037.png'
02:25.703  render           | Saved: 'C:\Users\gil_n\Documents\GitHub\Godot-game-development-codex\build\melee_trail_review\measured_dense\knife_extended\knife\315\038.png'
02:25.843  render           | Saved: 'C:\Users\gil_n\Documents\GitHub\Godot-game-development-codex\build\melee_trail_review\measured_dense\knife_extended\knife\315\039.png'
02:26.000  render           | Saved: 'C:\Users\gil_n\Documents\GitHub\Godot-game-development-codex\build\melee_trail_review\measured_dense\knife_extended\knife\315\040.png'
02:26.140  render           | Saved: 'C:\Users\gil_n\Documents\GitHub\Godot-game-development-codex\build\melee_trail_review\measured_dense\knife_extended\knife\315\041.png'
02:26.296  render           | Saved: 'C:\Users\gil_n\Documents\GitHub\Godot-game-development-codex\build\melee_trail_review\measured_dense\knife_extended\knife\315\042.png'
02:26.437  render           | Saved: 'C:\Users\gil_n\Documents\GitHub\Godot-game-development-codex\build\melee_trail_review\measured_dense\knife_extended\knife\315\043.png'
02:26.593  render           | Saved: 'C:\Users\gil_n\Documents\GitHub\Godot-game-development-codex\build\melee_trail_review\measured_dense\knife_extended\knife\315\044.png'
02:26.734  render           | Saved: 'C:\Users\gil_n\Documents\GitHub\Godot-game-development-codex\build\melee_trail_review\measured_dense\knife_extended\knife\315\045.png'
02:26.890  render           | Saved: 'C:\Users\gil_n\Documents\GitHub\Godot-game-development-codex\build\melee_trail_review\measured_dense\knife_extended\knife\315\046.png'
02:27.031  render           | Saved: 'C:\Users\gil_n\Documents\GitHub\Godot-game-development-codex\build\melee_trail_review\measured_dense\knife_extended\knife\315\047.png'
02:27.187  render           | Saved: 'C:\Users\gil_n\Documents\GitHub\Godot-game-development-codex\build\melee_trail_review\measured_dense\knife_extended\knife\315\048.png'
02:27.328  render           | Saved: 'C:\Users\gil_n\Documents\GitHub\Godot-game-development-codex\build\melee_trail_review\measured_dense\knife_extended\knife\315\049.png'
02:27.484  render           | Saved: 'C:\Users\gil_n\Documents\GitHub\Godot-game-development-codex\build\melee_trail_review\measured_dense\knife_extended\knife\315\050.png'
02:27.625  render           | Saved: 'C:\Users\gil_n\Documents\GitHub\Godot-game-development-codex\build\melee_trail_review\measured_dense\knife_extended\knife\315\051.png'
02:27.781  render           | Saved: 'C:\Users\gil_n\Documents\GitHub\Godot-game-development-codex\build\melee_trail_review\measured_dense\knife_extended\knife\315\052.png'
02:27.937  render           | Saved: 'C:\Users\gil_n\Documents\GitHub\Godot-game-development-codex\build\melee_trail_review\measured_dense\knife_extended\knife\315\053.png'
02:28.093  render           | Saved: 'C:\Users\gil_n\Documents\GitHub\Godot-game-development-codex\build\melee_trail_review\measured_dense\knife_extended\knife\315\054.png'
02:28.234  render           | Saved: 'C:\Users\gil_n\Documents\GitHub\Godot-game-development-codex\build\melee_trail_review\measured_dense\knife_extended\knife\315\055.png'
02:28.390  render           | Saved: 'C:\Users\gil_n\Documents\GitHub\Godot-game-development-codex\build\melee_trail_review\measured_dense\knife_extended\knife\315\056.png'
02:28.546  render           | Saved: 'C:\Users\gil_n\Documents\GitHub\Godot-game-development-codex\build\melee_trail_review\measured_dense\knife_extended\knife\315\057.png'
02:28.703  render           | Saved: 'C:\Users\gil_n\Documents\GitHub\Godot-game-development-codex\build\melee_trail_review\measured_dense\knife_extended\knife\315\058.png'
02:28.843  render           | Saved: 'C:\Users\gil_n\Documents\GitHub\Godot-game-development-codex\build\melee_trail_review\measured_dense\knife_extended\knife\315\059.png'
02:29.000  render           | Saved: 'C:\Users\gil_n\Documents\GitHub\Godot-game-development-codex\build\melee_trail_review\measured_dense\knife_extended\knife\315\060.png'
02:29.140  render           | Saved: 'C:\Users\gil_n\Documents\GitHub\Godot-game-development-codex\build\melee_trail_review\measured_dense\knife_extended\knife\315\061.png'
02:29.296  render           | Saved: 'C:\Users\gil_n\Documents\GitHub\Godot-game-development-codex\build\melee_trail_review\measured_dense\knife_extended\knife\315\062.png'
02:29.453  render           | Saved: 'C:\Users\gil_n\Documents\GitHub\Godot-game-development-codex\build\melee_trail_review\measured_dense\knife_extended\knife\315\063.png'
02:29.593  render           | Saved: 'C:\Users\gil_n\Documents\GitHub\Godot-game-development-codex\build\melee_trail_review\measured_dense\knife_extended\knife\315\064.png'
02:29.750  render           | Saved: 'C:\Users\gil_n\Documents\GitHub\Godot-game-development-codex\build\melee_trail_review\measured_dense\knife_extended\knife\337.5\000.png'
02:29.906  render           | Saved: 'C:\Users\gil_n\Documents\GitHub\Godot-game-development-codex\build\melee_trail_review\measured_dense\knife_extended\knife\337.5\001.png'
02:30.046  render           | Saved: 'C:\Users\gil_n\Documents\GitHub\Godot-game-development-codex\build\melee_trail_review\measured_dense\knife_extended\knife\337.5\002.png'
02:30.203  render           | Saved: 'C:\Users\gil_n\Documents\GitHub\Godot-game-development-codex\build\melee_trail_review\measured_dense\knife_extended\knife\337.5\003.png'
02:30.359  render           | Saved: 'C:\Users\gil_n\Documents\GitHub\Godot-game-development-codex\build\melee_trail_review\measured_dense\knife_extended\knife\337.5\004.png'
02:30.500  render           | Saved: 'C:\Users\gil_n\Documents\GitHub\Godot-game-development-codex\build\melee_trail_review\measured_dense\knife_extended\knife\337.5\005.png'
02:30.656  render           | Saved: 'C:\Users\gil_n\Documents\GitHub\Godot-game-development-codex\build\melee_trail_review\measured_dense\knife_extended\knife\337.5\006.png'
02:30.812  render           | Saved: 'C:\Users\gil_n\Documents\GitHub\Godot-game-development-codex\build\melee_trail_review\measured_dense\knife_extended\knife\337.5\007.png'
02:30.953  render           | Saved: 'C:\Users\gil_n\Documents\GitHub\Godot-game-development-codex\build\melee_trail_review\measured_dense\knife_extended\knife\337.5\008.png'
02:31.109  render           | Saved: 'C:\Users\gil_n\Documents\GitHub\Godot-game-development-codex\build\melee_trail_review\measured_dense\knife_extended\knife\337.5\009.png'
02:31.265  render           | Saved: 'C:\Users\gil_n\Documents\GitHub\Godot-game-development-codex\build\melee_trail_review\measured_dense\knife_extended\knife\337.5\010.png'
02:31.421  render           | Saved: 'C:\Users\gil_n\Documents\GitHub\Godot-game-development-codex\build\melee_trail_review\measured_dense\knife_extended\knife\337.5\011.png'
02:31.593  render           | Saved: 'C:\Users\gil_n\Documents\GitHub\Godot-game-development-codex\build\melee_trail_review\measured_dense\knife_extended\knife\337.5\012.png'
02:31.750  render           | Saved: 'C:\Users\gil_n\Documents\GitHub\Godot-game-development-codex\build\melee_trail_review\measured_dense\knife_extended\knife\337.5\013.png'
02:31.906  render           | Saved: 'C:\Users\gil_n\Documents\GitHub\Godot-game-development-codex\build\melee_trail_review\measured_dense\knife_extended\knife\337.5\014.png'
02:32.046  render           | Saved: 'C:\Users\gil_n\Documents\GitHub\Godot-game-development-codex\build\melee_trail_review\measured_dense\knife_extended\knife\337.5\015.png'
02:32.203  render           | Saved: 'C:\Users\gil_n\Documents\GitHub\Godot-game-development-codex\build\melee_trail_review\measured_dense\knife_extended\knife\337.5\016.png'
02:32.343  render           | Saved: 'C:\Users\gil_n\Documents\GitHub\Godot-game-development-codex\build\melee_trail_review\measured_dense\knife_extended\knife\337.5\017.png'
02:32.500  render           | Saved: 'C:\Users\gil_n\Documents\GitHub\Godot-game-development-codex\build\melee_trail_review\measured_dense\knife_extended\knife\337.5\018.png'
02:32.656  render           | Saved: 'C:\Users\gil_n\Documents\GitHub\Godot-game-development-codex\build\melee_trail_review\measured_dense\knife_extended\knife\337.5\019.png'
02:32.796  render           | Saved: 'C:\Users\gil_n\Documents\GitHub\Godot-game-development-codex\build\melee_trail_review\measured_dense\knife_extended\knife\337.5\020.png'
02:32.953  render           | Saved: 'C:\Users\gil_n\Documents\GitHub\Godot-game-development-codex\build\melee_trail_review\measured_dense\knife_extended\knife\337.5\021.png'
02:33.093  render           | Saved: 'C:\Users\gil_n\Documents\GitHub\Godot-game-development-codex\build\melee_trail_review\measured_dense\knife_extended\knife\337.5\022.png'
02:33.250  render           | Saved: 'C:\Users\gil_n\Documents\GitHub\Godot-game-development-codex\build\melee_trail_review\measured_dense\knife_extended\knife\337.5\023.png'
02:33.406  render           | Saved: 'C:\Users\gil_n\Documents\GitHub\Godot-game-development-codex\build\melee_trail_review\measured_dense\knife_extended\knife\337.5\024.png'
02:33.546  render           | Saved: 'C:\Users\gil_n\Documents\GitHub\Godot-game-development-codex\build\melee_trail_review\measured_dense\knife_extended\knife\337.5\025.png'
02:33.703  render           | Saved: 'C:\Users\gil_n\Documents\GitHub\Godot-game-development-codex\build\melee_trail_review\measured_dense\knife_extended\knife\337.5\026.png'
02:33.843  render           | Saved: 'C:\Users\gil_n\Documents\GitHub\Godot-game-development-codex\build\melee_trail_review\measured_dense\knife_extended\knife\337.5\027.png'
02:34.000  render           | Saved: 'C:\Users\gil_n\Documents\GitHub\Godot-game-development-codex\build\melee_trail_review\measured_dense\knife_extended\knife\337.5\028.png'
02:34.140  render           | Saved: 'C:\Users\gil_n\Documents\GitHub\Godot-game-development-codex\build\melee_trail_review\measured_dense\knife_extended\knife\337.5\029.png'
02:34.296  render           | Saved: 'C:\Users\gil_n\Documents\GitHub\Godot-game-development-codex\build\melee_trail_review\measured_dense\knife_extended\knife\337.5\030.png'
02:34.453  render           | Saved: 'C:\Users\gil_n\Documents\GitHub\Godot-game-development-codex\build\melee_trail_review\measured_dense\knife_extended\knife\337.5\031.png'
02:34.593  render           | Saved: 'C:\Users\gil_n\Documents\GitHub\Godot-game-development-codex\build\melee_trail_review\measured_dense\knife_extended\knife\337.5\032.png'
02:34.750  render           | Saved: 'C:\Users\gil_n\Documents\GitHub\Godot-game-development-codex\build\melee_trail_review\measured_dense\knife_extended\knife\337.5\033.png'
02:34.890  render           | Saved: 'C:\Users\gil_n\Documents\GitHub\Godot-game-development-codex\build\melee_trail_review\measured_dense\knife_extended\knife\337.5\034.png'
02:35.046  render           | Saved: 'C:\Users\gil_n\Documents\GitHub\Godot-game-development-codex\build\melee_trail_review\measured_dense\knife_extended\knife\337.5\035.png'
02:35.187  render           | Saved: 'C:\Users\gil_n\Documents\GitHub\Godot-game-development-codex\build\melee_trail_review\measured_dense\knife_extended\knife\337.5\036.png'
02:35.343  render           | Saved: 'C:\Users\gil_n\Documents\GitHub\Godot-game-development-codex\build\melee_trail_review\measured_dense\knife_extended\knife\337.5\037.png'
02:35.500  render           | Saved: 'C:\Users\gil_n\Documents\GitHub\Godot-game-development-codex\build\melee_trail_review\measured_dense\knife_extended\knife\337.5\038.png'
02:35.640  render           | Saved: 'C:\Users\gil_n\Documents\GitHub\Godot-game-development-codex\build\melee_trail_review\measured_dense\knife_extended\knife\337.5\039.png'
02:35.796  render           | Saved: 'C:\Users\gil_n\Documents\GitHub\Godot-game-development-codex\build\melee_trail_review\measured_dense\knife_extended\knife\337.5\040.png'
02:35.937  render           | Saved: 'C:\Users\gil_n\Documents\GitHub\Godot-game-development-codex\build\melee_trail_review\measured_dense\knife_extended\knife\337.5\041.png'
02:36.093  render           | Saved: 'C:\Users\gil_n\Documents\GitHub\Godot-game-development-codex\build\melee_trail_review\measured_dense\knife_extended\knife\337.5\042.png'
02:36.250  render           | Saved: 'C:\Users\gil_n\Documents\GitHub\Godot-game-development-codex\build\melee_trail_review\measured_dense\knife_extended\knife\337.5\043.png'
02:36.390  render           | Saved: 'C:\Users\gil_n\Documents\GitHub\Godot-game-development-codex\build\melee_trail_review\measured_dense\knife_extended\knife\337.5\044.png'
02:36.546  render           | Saved: 'C:\Users\gil_n\Documents\GitHub\Godot-game-development-codex\build\melee_trail_review\measured_dense\knife_extended\knife\337.5\045.png'
02:36.703  render           | Saved: 'C:\Users\gil_n\Documents\GitHub\Godot-game-development-codex\build\melee_trail_review\measured_dense\knife_extended\knife\337.5\046.png'
02:36.859  render           | Saved: 'C:\Users\gil_n\Documents\GitHub\Godot-game-development-codex\build\melee_trail_review\measured_dense\knife_extended\knife\337.5\047.png'
02:37.015  render           | Saved: 'C:\Users\gil_n\Documents\GitHub\Godot-game-development-codex\build\melee_trail_review\measured_dense\knife_extended\knife\337.5\048.png'
02:37.156  render           | Saved: 'C:\Users\gil_n\Documents\GitHub\Godot-game-development-codex\build\melee_trail_review\measured_dense\knife_extended\knife\337.5\049.png'
02:37.312  render           | Saved: 'C:\Users\gil_n\Documents\GitHub\Godot-game-development-codex\build\melee_trail_review\measured_dense\knife_extended\knife\337.5\050.png'
02:37.468  render           | Saved: 'C:\Users\gil_n\Documents\GitHub\Godot-game-development-codex\build\melee_trail_review\measured_dense\knife_extended\knife\337.5\051.png'
02:37.609  render           | Saved: 'C:\Users\gil_n\Documents\GitHub\Godot-game-development-codex\build\melee_trail_review\measured_dense\knife_extended\knife\337.5\052.png'
02:37.765  render           | Saved: 'C:\Users\gil_n\Documents\GitHub\Godot-game-development-codex\build\melee_trail_review\measured_dense\knife_extended\knife\337.5\053.png'
02:37.906  render           | Saved: 'C:\Users\gil_n\Documents\GitHub\Godot-game-development-codex\build\melee_trail_review\measured_dense\knife_extended\knife\337.5\054.png'
02:38.062  render           | Saved: 'C:\Users\gil_n\Documents\GitHub\Godot-game-development-codex\build\melee_trail_review\measured_dense\knife_extended\knife\337.5\055.png'
02:38.218  render           | Saved: 'C:\Users\gil_n\Documents\GitHub\Godot-game-development-codex\build\melee_trail_review\measured_dense\knife_extended\knife\337.5\056.png'
02:38.359  render           | Saved: 'C:\Users\gil_n\Documents\GitHub\Godot-game-development-codex\build\melee_trail_review\measured_dense\knife_extended\knife\337.5\057.png'
02:38.515  render           | Saved: 'C:\Users\gil_n\Documents\GitHub\Godot-game-development-codex\build\melee_trail_review\measured_dense\knife_extended\knife\337.5\058.png'
02:38.656  render           | Saved: 'C:\Users\gil_n\Documents\GitHub\Godot-game-development-codex\build\melee_trail_review\measured_dense\knife_extended\knife\337.5\059.png'
02:38.812  render           | Saved: 'C:\Users\gil_n\Documents\GitHub\Godot-game-development-codex\build\melee_trail_review\measured_dense\knife_extended\knife\337.5\060.png'
02:38.953  render           | Saved: 'C:\Users\gil_n\Documents\GitHub\Godot-game-development-codex\build\melee_trail_review\measured_dense\knife_extended\knife\337.5\061.png'
02:39.109  render           | Saved: 'C:\Users\gil_n\Documents\GitHub\Godot-game-development-codex\build\melee_trail_review\measured_dense\knife_extended\knife\337.5\062.png'
02:39.265  render           | Saved: 'C:\Users\gil_n\Documents\GitHub\Godot-game-development-codex\build\melee_trail_review\measured_dense\knife_extended\knife\337.5\063.png'
02:39.406  render           | Saved: 'C:\Users\gil_n\Documents\GitHub\Godot-game-development-codex\build\melee_trail_review\measured_dense\knife_extended\knife\337.5\064.png'
Info: Saved as "source.blend"
Info: Saved as "source.blend"
Info: Saved as "source.blend"
Info: Saved as "source.blend"
Info: Saved as "source.blend"
Info: Saved as "source.blend"
Info: Saved as "source.blend"
Info: Saved as "source.blend"
Info: Saved as "source.blend"
Info: Saved as "source.blend"
Info: Saved as "source.blend"
Info: Saved as "source.blend"
Info: Saved as "source.blend"
Info: Saved as "source.blend"
Info: Saved as "source.blend"
Info: Saved as "source.blend"
Blender 5.2.2 LTS (hash d13f752e3b9c built 2026-09-15 01:37:04)

Blender quit
