C:\Users\gil_n\Documents\GitHub\Godot-game-development-codex\tools\blender\render_measured_melee_trails.py:28: DeprecationWarning: 'Material.use_nodes' is expected to be removed in Blender 6.0
  m=bpy.data.materials.new(name);m.use_nodes=True;n=m.node_tree.nodes;n.clear()
00:02.859  render           | Saved: 'C:\Users\gil_n\Documents\GitHub\Godot-game-development-codex\build\melee_trail_review\measured_dense\knife_heavy\knife\0\000.png'
00:03.031  render           | Saved: 'C:\Users\gil_n\Documents\GitHub\Godot-game-development-codex\build\melee_trail_review\measured_dense\knife_heavy\knife\0\001.png'
00:03.187  render           | Saved: 'C:\Users\gil_n\Documents\GitHub\Godot-game-development-codex\build\melee_trail_review\measured_dense\knife_heavy\knife\0\002.png'
00:03.328  render           | Saved: 'C:\Users\gil_n\Documents\GitHub\Godot-game-development-codex\build\melee_trail_review\measured_dense\knife_heavy\knife\0\003.png'
00:03.484  render           | Saved: 'C:\Users\gil_n\Documents\GitHub\Godot-game-development-codex\build\melee_trail_review\measured_dense\knife_heavy\knife\0\004.png'
00:03.625  render           | Saved: 'C:\Users\gil_n\Documents\GitHub\Godot-game-development-codex\build\melee_trail_review\measured_dense\knife_heavy\knife\0\005.png'
00:03.765  render           | Saved: 'C:\Users\gil_n\Documents\GitHub\Godot-game-development-codex\build\melee_trail_review\measured_dense\knife_heavy\knife\0\006.png'
00:03.922  render           | Saved: 'C:\Users\gil_n\Documents\GitHub\Godot-game-development-codex\build\melee_trail_review\measured_dense\knife_heavy\knife\0\007.png'
00:04.062  render           | Saved: 'C:\Users\gil_n\Documents\GitHub\Godot-game-development-codex\build\melee_trail_review\measured_dense\knife_heavy\knife\0\008.png'
00:04.218  render           | Saved: 'C:\Users\gil_n\Documents\GitHub\Godot-game-development-codex\build\melee_trail_review\measured_dense\knife_heavy\knife\0\009.png'
00:04.359  render           | Saved: 'C:\Users\gil_n\Documents\GitHub\Godot-game-development-codex\build\melee_trail_review\measured_dense\knife_heavy\knife\0\010.png'
00:04.515  render           | Saved: 'C:\Users\gil_n\Documents\GitHub\Godot-game-development-codex\build\melee_trail_review\measured_dense\knife_heavy\knife\0\011.png'
00:04.656  render           | Saved: 'C:\Users\gil_n\Documents\GitHub\Godot-game-development-codex\build\melee_trail_review\measured_dense\knife_heavy\knife\0\012.png'
00:04.797  render           | Saved: 'C:\Users\gil_n\Documents\GitHub\Godot-game-development-codex\build\melee_trail_review\measured_dense\knife_heavy\knife\0\013.png'
00:04.953  render           | Saved: 'C:\Users\gil_n\Documents\GitHub\Godot-game-development-codex\build\melee_trail_review\measured_dense\knife_heavy\knife\0\014.png'
00:05.093  render           | Saved: 'C:\Users\gil_n\Documents\GitHub\Godot-game-development-codex\build\melee_trail_review\measured_dense\knife_heavy\knife\0\015.png'
00:05.250  render           | Saved: 'C:\Users\gil_n\Documents\GitHub\Godot-game-development-codex\build\melee_trail_review\measured_dense\knife_heavy\knife\0\016.png'
00:05.390  render           | Saved: 'C:\Users\gil_n\Documents\GitHub\Godot-game-development-codex\build\melee_trail_review\measured_dense\knife_heavy\knife\0\017.png'
00:05.531  render           | Saved: 'C:\Users\gil_n\Documents\GitHub\Godot-game-development-codex\build\melee_trail_review\measured_dense\knife_heavy\knife\0\018.png'
00:05.687  render           | Saved: 'C:\Users\gil_n\Documents\GitHub\Godot-game-development-codex\build\melee_trail_review\measured_dense\knife_heavy\knife\0\019.png'
00:05.828  render           | Saved: 'C:\Users\gil_n\Documents\GitHub\Godot-game-development-codex\build\melee_trail_review\measured_dense\knife_heavy\knife\0\020.png'
00:05.984  render           | Saved: 'C:\Users\gil_n\Documents\GitHub\Godot-game-development-codex\build\melee_trail_review\measured_dense\knife_heavy\knife\0\021.png'
00:06.125  render           | Saved: 'C:\Users\gil_n\Documents\GitHub\Godot-game-development-codex\build\melee_trail_review\measured_dense\knife_heavy\knife\0\022.png'
00:06.281  render           | Saved: 'C:\Users\gil_n\Documents\GitHub\Godot-game-development-codex\build\melee_trail_review\measured_dense\knife_heavy\knife\0\023.png'
00:06.422  render           | Saved: 'C:\Users\gil_n\Documents\GitHub\Godot-game-development-codex\build\melee_trail_review\measured_dense\knife_heavy\knife\0\024.png'
00:06.578  render           | Saved: 'C:\Users\gil_n\Documents\GitHub\Godot-game-development-codex\build\melee_trail_review\measured_dense\knife_heavy\knife\0\025.png'
00:06.718  render           | Saved: 'C:\Users\gil_n\Documents\GitHub\Godot-game-development-codex\build\melee_trail_review\measured_dense\knife_heavy\knife\0\026.png'
00:06.875  render           | Saved: 'C:\Users\gil_n\Documents\GitHub\Godot-game-development-codex\build\melee_trail_review\measured_dense\knife_heavy\knife\0\027.png'
00:07.015  render           | Saved: 'C:\Users\gil_n\Documents\GitHub\Godot-game-development-codex\build\melee_trail_review\measured_dense\knife_heavy\knife\0\028.png'
00:07.172  render           | Saved: 'C:\Users\gil_n\Documents\GitHub\Godot-game-development-codex\build\melee_trail_review\measured_dense\knife_heavy\knife\0\029.png'
00:07.312  render           | Saved: 'C:\Users\gil_n\Documents\GitHub\Godot-game-development-codex\build\melee_trail_review\measured_dense\knife_heavy\knife\0\030.png'
00:07.468  render           | Saved: 'C:\Users\gil_n\Documents\GitHub\Godot-game-development-codex\build\melee_trail_review\measured_dense\knife_heavy\knife\0\031.png'
00:07.609  render           | Saved: 'C:\Users\gil_n\Documents\GitHub\Godot-game-development-codex\build\melee_trail_review\measured_dense\knife_heavy\knife\0\032.png'
00:07.750  render           | Saved: 'C:\Users\gil_n\Documents\GitHub\Godot-game-development-codex\build\melee_trail_review\measured_dense\knife_heavy\knife\0\033.png'
00:07.906  render           | Saved: 'C:\Users\gil_n\Documents\GitHub\Godot-game-development-codex\build\melee_trail_review\measured_dense\knife_heavy\knife\0\034.png'
00:08.047  render           | Saved: 'C:\Users\gil_n\Documents\GitHub\Godot-game-development-codex\build\melee_trail_review\measured_dense\knife_heavy\knife\0\035.png'
00:08.187  render           | Saved: 'C:\Users\gil_n\Documents\GitHub\Godot-game-development-codex\build\melee_trail_review\measured_dense\knife_heavy\knife\0\036.png'
00:08.343  render           | Saved: 'C:\Users\gil_n\Documents\GitHub\Godot-game-development-codex\build\melee_trail_review\measured_dense\knife_heavy\knife\0\037.png'
00:08.484  render           | Saved: 'C:\Users\gil_n\Documents\GitHub\Godot-game-development-codex\build\melee_trail_review\measured_dense\knife_heavy\knife\0\038.png'
00:08.640  render           | Saved: 'C:\Users\gil_n\Documents\GitHub\Godot-game-development-codex\build\melee_trail_review\measured_dense\knife_heavy\knife\0\039.png'
00:08.781  render           | Saved: 'C:\Users\gil_n\Documents\GitHub\Godot-game-development-codex\build\melee_trail_review\measured_dense\knife_heavy\knife\0\040.png'
00:08.922  render           | Saved: 'C:\Users\gil_n\Documents\GitHub\Godot-game-development-codex\build\melee_trail_review\measured_dense\knife_heavy\knife\0\041.png'
00:09.062  render           | Saved: 'C:\Users\gil_n\Documents\GitHub\Godot-game-development-codex\build\melee_trail_review\measured_dense\knife_heavy\knife\0\042.png'
00:09.218  render           | Saved: 'C:\Users\gil_n\Documents\GitHub\Godot-game-development-codex\build\melee_trail_review\measured_dense\knife_heavy\knife\0\043.png'
00:09.359  render           | Saved: 'C:\Users\gil_n\Documents\GitHub\Godot-game-development-codex\build\melee_trail_review\measured_dense\knife_heavy\knife\0\044.png'
00:09.515  render           | Saved: 'C:\Users\gil_n\Documents\GitHub\Godot-game-development-codex\build\melee_trail_review\measured_dense\knife_heavy\knife\0\045.png'
00:09.656  render           | Saved: 'C:\Users\gil_n\Documents\GitHub\Godot-game-development-codex\build\melee_trail_review\measured_dense\knife_heavy\knife\0\046.png'
00:09.812  render           | Saved: 'C:\Users\gil_n\Documents\GitHub\Godot-game-development-codex\build\melee_trail_review\measured_dense\knife_heavy\knife\0\047.png'
00:09.968  render           | Saved: 'C:\Users\gil_n\Documents\GitHub\Godot-game-development-codex\build\melee_trail_review\measured_dense\knife_heavy\knife\0\048.png'
00:10.109  render           | Saved: 'C:\Users\gil_n\Documents\GitHub\Godot-game-development-codex\build\melee_trail_review\measured_dense\knife_heavy\knife\0\049.png'
00:10.265  render           | Saved: 'C:\Users\gil_n\Documents\GitHub\Godot-game-development-codex\build\melee_trail_review\measured_dense\knife_heavy\knife\0\050.png'
00:10.406  render           | Saved: 'C:\Users\gil_n\Documents\GitHub\Godot-game-development-codex\build\melee_trail_review\measured_dense\knife_heavy\knife\0\051.png'
00:10.547  render           | Saved: 'C:\Users\gil_n\Documents\GitHub\Godot-game-development-codex\build\melee_trail_review\measured_dense\knife_heavy\knife\0\052.png'
00:10.703  render           | Saved: 'C:\Users\gil_n\Documents\GitHub\Godot-game-development-codex\build\melee_trail_review\measured_dense\knife_heavy\knife\0\053.png'
00:10.859  render           | Saved: 'C:\Users\gil_n\Documents\GitHub\Godot-game-development-codex\build\melee_trail_review\measured_dense\knife_heavy\knife\0\054.png'
00:11.000  render           | Saved: 'C:\Users\gil_n\Documents\GitHub\Godot-game-development-codex\build\melee_trail_review\measured_dense\knife_heavy\knife\0\055.png'
00:11.156  render           | Saved: 'C:\Users\gil_n\Documents\GitHub\Godot-game-development-codex\build\melee_trail_review\measured_dense\knife_heavy\knife\0\056.png'
00:11.297  render           | Saved: 'C:\Users\gil_n\Documents\GitHub\Godot-game-development-codex\build\melee_trail_review\measured_dense\knife_heavy\knife\0\057.png'
00:11.437  render           | Saved: 'C:\Users\gil_n\Documents\GitHub\Godot-game-development-codex\build\melee_trail_review\measured_dense\knife_heavy\knife\0\058.png'
00:11.593  render           | Saved: 'C:\Users\gil_n\Documents\GitHub\Godot-game-development-codex\build\melee_trail_review\measured_dense\knife_heavy\knife\0\059.png'
00:11.750  render           | Saved: 'C:\Users\gil_n\Documents\GitHub\Godot-game-development-codex\build\melee_trail_review\measured_dense\knife_heavy\knife\0\060.png'
00:11.890  render           | Saved: 'C:\Users\gil_n\Documents\GitHub\Godot-game-development-codex\build\melee_trail_review\measured_dense\knife_heavy\knife\0\061.png'
00:12.031  render           | Saved: 'C:\Users\gil_n\Documents\GitHub\Godot-game-development-codex\build\melee_trail_review\measured_dense\knife_heavy\knife\0\062.png'
00:12.187  render           | Saved: 'C:\Users\gil_n\Documents\GitHub\Godot-game-development-codex\build\melee_trail_review\measured_dense\knife_heavy\knife\0\063.png'
00:12.328  render           | Saved: 'C:\Users\gil_n\Documents\GitHub\Godot-game-development-codex\build\melee_trail_review\measured_dense\knife_heavy\knife\0\064.png'
00:12.515  render           | Saved: 'C:\Users\gil_n\Documents\GitHub\Godot-game-development-codex\build\melee_trail_review\measured_dense\knife_heavy\knife\22.5\000.png'
00:12.656  render           | Saved: 'C:\Users\gil_n\Documents\GitHub\Godot-game-development-codex\build\melee_trail_review\measured_dense\knife_heavy\knife\22.5\001.png'
00:12.797  render           | Saved: 'C:\Users\gil_n\Documents\GitHub\Godot-game-development-codex\build\melee_trail_review\measured_dense\knife_heavy\knife\22.5\002.png'
00:12.953  render           | Saved: 'C:\Users\gil_n\Documents\GitHub\Godot-game-development-codex\build\melee_trail_review\measured_dense\knife_heavy\knife\22.5\003.png'
00:13.093  render           | Saved: 'C:\Users\gil_n\Documents\GitHub\Godot-game-development-codex\build\melee_trail_review\measured_dense\knife_heavy\knife\22.5\004.png'
00:13.250  render           | Saved: 'C:\Users\gil_n\Documents\GitHub\Godot-game-development-codex\build\melee_trail_review\measured_dense\knife_heavy\knife\22.5\005.png'
00:13.390  render           | Saved: 'C:\Users\gil_n\Documents\GitHub\Godot-game-development-codex\build\melee_trail_review\measured_dense\knife_heavy\knife\22.5\006.png'
00:13.531  render           | Saved: 'C:\Users\gil_n\Documents\GitHub\Godot-game-development-codex\build\melee_trail_review\measured_dense\knife_heavy\knife\22.5\007.png'
00:13.687  render           | Saved: 'C:\Users\gil_n\Documents\GitHub\Godot-game-development-codex\build\melee_trail_review\measured_dense\knife_heavy\knife\22.5\008.png'
00:13.828  render           | Saved: 'C:\Users\gil_n\Documents\GitHub\Godot-game-development-codex\build\melee_trail_review\measured_dense\knife_heavy\knife\22.5\009.png'
00:13.984  render           | Saved: 'C:\Users\gil_n\Documents\GitHub\Godot-game-development-codex\build\melee_trail_review\measured_dense\knife_heavy\knife\22.5\010.png'
00:14.125  render           | Saved: 'C:\Users\gil_n\Documents\GitHub\Godot-game-development-codex\build\melee_trail_review\measured_dense\knife_heavy\knife\22.5\011.png'
00:14.281  render           | Saved: 'C:\Users\gil_n\Documents\GitHub\Godot-game-development-codex\build\melee_trail_review\measured_dense\knife_heavy\knife\22.5\012.png'
00:14.422  render           | Saved: 'C:\Users\gil_n\Documents\GitHub\Godot-game-development-codex\build\melee_trail_review\measured_dense\knife_heavy\knife\22.5\013.png'
00:14.562  render           | Saved: 'C:\Users\gil_n\Documents\GitHub\Godot-game-development-codex\build\melee_trail_review\measured_dense\knife_heavy\knife\22.5\014.png'
00:14.718  render           | Saved: 'C:\Users\gil_n\Documents\GitHub\Godot-game-development-codex\build\melee_trail_review\measured_dense\knife_heavy\knife\22.5\015.png'
00:14.859  render           | Saved: 'C:\Users\gil_n\Documents\GitHub\Godot-game-development-codex\build\melee_trail_review\measured_dense\knife_heavy\knife\22.5\016.png'
00:15.015  render           | Saved: 'C:\Users\gil_n\Documents\GitHub\Godot-game-development-codex\build\melee_trail_review\measured_dense\knife_heavy\knife\22.5\017.png'
00:15.156  render           | Saved: 'C:\Users\gil_n\Documents\GitHub\Godot-game-development-codex\build\melee_trail_review\measured_dense\knife_heavy\knife\22.5\018.png'
00:15.312  render           | Saved: 'C:\Users\gil_n\Documents\GitHub\Godot-game-development-codex\build\melee_trail_review\measured_dense\knife_heavy\knife\22.5\019.png'
00:15.453  render           | Saved: 'C:\Users\gil_n\Documents\GitHub\Godot-game-development-codex\build\melee_trail_review\measured_dense\knife_heavy\knife\22.5\020.png'
00:15.593  render           | Saved: 'C:\Users\gil_n\Documents\GitHub\Godot-game-development-codex\build\melee_trail_review\measured_dense\knife_heavy\knife\22.5\021.png'
00:15.750  render           | Saved: 'C:\Users\gil_n\Documents\GitHub\Godot-game-development-codex\build\melee_trail_review\measured_dense\knife_heavy\knife\22.5\022.png'
00:15.890  render           | Saved: 'C:\Users\gil_n\Documents\GitHub\Godot-game-development-codex\build\melee_trail_review\measured_dense\knife_heavy\knife\22.5\023.png'
00:16.047  render           | Saved: 'C:\Users\gil_n\Documents\GitHub\Godot-game-development-codex\build\melee_trail_review\measured_dense\knife_heavy\knife\22.5\024.png'
00:16.187  render           | Saved: 'C:\Users\gil_n\Documents\GitHub\Godot-game-development-codex\build\melee_trail_review\measured_dense\knife_heavy\knife\22.5\025.png'
00:16.343  render           | Saved: 'C:\Users\gil_n\Documents\GitHub\Godot-game-development-codex\build\melee_trail_review\measured_dense\knife_heavy\knife\22.5\026.png'
00:16.484  render           | Saved: 'C:\Users\gil_n\Documents\GitHub\Godot-game-development-codex\build\melee_trail_review\measured_dense\knife_heavy\knife\22.5\027.png'
00:16.625  render           | Saved: 'C:\Users\gil_n\Documents\GitHub\Godot-game-development-codex\build\melee_trail_review\measured_dense\knife_heavy\knife\22.5\028.png'
00:16.781  render           | Saved: 'C:\Users\gil_n\Documents\GitHub\Godot-game-development-codex\build\melee_trail_review\measured_dense\knife_heavy\knife\22.5\029.png'
00:16.922  render           | Saved: 'C:\Users\gil_n\Documents\GitHub\Godot-game-development-codex\build\melee_trail_review\measured_dense\knife_heavy\knife\22.5\030.png'
00:17.062  render           | Saved: 'C:\Users\gil_n\Documents\GitHub\Godot-game-development-codex\build\melee_trail_review\measured_dense\knife_heavy\knife\22.5\031.png'
00:17.234  render           | Saved: 'C:\Users\gil_n\Documents\GitHub\Godot-game-development-codex\build\melee_trail_review\measured_dense\knife_heavy\knife\22.5\032.png'
00:17.375  render           | Saved: 'C:\Users\gil_n\Documents\GitHub\Godot-game-development-codex\build\melee_trail_review\measured_dense\knife_heavy\knife\22.5\033.png'
00:17.531  render           | Saved: 'C:\Users\gil_n\Documents\GitHub\Godot-game-development-codex\build\melee_trail_review\measured_dense\knife_heavy\knife\22.5\034.png'
00:17.672  render           | Saved: 'C:\Users\gil_n\Documents\GitHub\Godot-game-development-codex\build\melee_trail_review\measured_dense\knife_heavy\knife\22.5\035.png'
00:17.828  render           | Saved: 'C:\Users\gil_n\Documents\GitHub\Godot-game-development-codex\build\melee_trail_review\measured_dense\knife_heavy\knife\22.5\036.png'
00:17.968  render           | Saved: 'C:\Users\gil_n\Documents\GitHub\Godot-game-development-codex\build\melee_trail_review\measured_dense\knife_heavy\knife\22.5\037.png'
00:18.125  render           | Saved: 'C:\Users\gil_n\Documents\GitHub\Godot-game-development-codex\build\melee_trail_review\measured_dense\knife_heavy\knife\22.5\038.png'
00:18.265  render           | Saved: 'C:\Users\gil_n\Documents\GitHub\Godot-game-development-codex\build\melee_trail_review\measured_dense\knife_heavy\knife\22.5\039.png'
00:18.406  render           | Saved: 'C:\Users\gil_n\Documents\GitHub\Godot-game-development-codex\build\melee_trail_review\measured_dense\knife_heavy\knife\22.5\040.png'
00:18.562  render           | Saved: 'C:\Users\gil_n\Documents\GitHub\Godot-game-development-codex\build\melee_trail_review\measured_dense\knife_heavy\knife\22.5\041.png'
00:18.703  render           | Saved: 'C:\Users\gil_n\Documents\GitHub\Godot-game-development-codex\build\melee_trail_review\measured_dense\knife_heavy\knife\22.5\042.png'
00:18.859  render           | Saved: 'C:\Users\gil_n\Documents\GitHub\Godot-game-development-codex\build\melee_trail_review\measured_dense\knife_heavy\knife\22.5\043.png'
00:19.000  render           | Saved: 'C:\Users\gil_n\Documents\GitHub\Godot-game-development-codex\build\melee_trail_review\measured_dense\knife_heavy\knife\22.5\044.png'
00:19.156  render           | Saved: 'C:\Users\gil_n\Documents\GitHub\Godot-game-development-codex\build\melee_trail_review\measured_dense\knife_heavy\knife\22.5\045.png'
00:19.297  render           | Saved: 'C:\Users\gil_n\Documents\GitHub\Godot-game-development-codex\build\melee_trail_review\measured_dense\knife_heavy\knife\22.5\046.png'
00:19.453  render           | Saved: 'C:\Users\gil_n\Documents\GitHub\Godot-game-development-codex\build\melee_trail_review\measured_dense\knife_heavy\knife\22.5\047.png'
00:19.593  render           | Saved: 'C:\Users\gil_n\Documents\GitHub\Godot-game-development-codex\build\melee_trail_review\measured_dense\knife_heavy\knife\22.5\048.png'
00:19.734  render           | Saved: 'C:\Users\gil_n\Documents\GitHub\Godot-game-development-codex\build\melee_trail_review\measured_dense\knife_heavy\knife\22.5\049.png'
00:19.890  render           | Saved: 'C:\Users\gil_n\Documents\GitHub\Godot-game-development-codex\build\melee_trail_review\measured_dense\knife_heavy\knife\22.5\050.png'
00:20.031  render           | Saved: 'C:\Users\gil_n\Documents\GitHub\Godot-game-development-codex\build\melee_trail_review\measured_dense\knife_heavy\knife\22.5\051.png'
00:20.187  render           | Saved: 'C:\Users\gil_n\Documents\GitHub\Godot-game-development-codex\build\melee_trail_review\measured_dense\knife_heavy\knife\22.5\052.png'
00:20.328  render           | Saved: 'C:\Users\gil_n\Documents\GitHub\Godot-game-development-codex\build\melee_trail_review\measured_dense\knife_heavy\knife\22.5\053.png'
00:20.468  render           | Saved: 'C:\Users\gil_n\Documents\GitHub\Godot-game-development-codex\build\melee_trail_review\measured_dense\knife_heavy\knife\22.5\054.png'
00:20.625  render           | Saved: 'C:\Users\gil_n\Documents\GitHub\Godot-game-development-codex\build\melee_trail_review\measured_dense\knife_heavy\knife\22.5\055.png'
00:20.765  render           | Saved: 'C:\Users\gil_n\Documents\GitHub\Godot-game-development-codex\build\melee_trail_review\measured_dense\knife_heavy\knife\22.5\056.png'
00:20.922  render           | Saved: 'C:\Users\gil_n\Documents\GitHub\Godot-game-development-codex\build\melee_trail_review\measured_dense\knife_heavy\knife\22.5\057.png'
00:21.062  render           | Saved: 'C:\Users\gil_n\Documents\GitHub\Godot-game-development-codex\build\melee_trail_review\measured_dense\knife_heavy\knife\22.5\058.png'
00:21.218  render           | Saved: 'C:\Users\gil_n\Documents\GitHub\Godot-game-development-codex\build\melee_trail_review\measured_dense\knife_heavy\knife\22.5\059.png'
00:21.359  render           | Saved: 'C:\Users\gil_n\Documents\GitHub\Godot-game-development-codex\build\melee_trail_review\measured_dense\knife_heavy\knife\22.5\060.png'
00:21.515  render           | Saved: 'C:\Users\gil_n\Documents\GitHub\Godot-game-development-codex\build\melee_trail_review\measured_dense\knife_heavy\knife\22.5\061.png'
00:21.672  render           | Saved: 'C:\Users\gil_n\Documents\GitHub\Godot-game-development-codex\build\melee_trail_review\measured_dense\knife_heavy\knife\22.5\062.png'
00:21.843  render           | Saved: 'C:\Users\gil_n\Documents\GitHub\Godot-game-development-codex\build\melee_trail_review\measured_dense\knife_heavy\knife\22.5\063.png'
00:22.000  render           | Saved: 'C:\Users\gil_n\Documents\GitHub\Godot-game-development-codex\build\melee_trail_review\measured_dense\knife_heavy\knife\22.5\064.png'
00:22.172  render           | Saved: 'C:\Users\gil_n\Documents\GitHub\Godot-game-development-codex\build\melee_trail_review\measured_dense\knife_heavy\knife\45\000.png'
00:22.328  render           | Saved: 'C:\Users\gil_n\Documents\GitHub\Godot-game-development-codex\build\melee_trail_review\measured_dense\knife_heavy\knife\45\001.png'
00:22.484  render           | Saved: 'C:\Users\gil_n\Documents\GitHub\Godot-game-development-codex\build\melee_trail_review\measured_dense\knife_heavy\knife\45\002.png'
00:22.640  render           | Saved: 'C:\Users\gil_n\Documents\GitHub\Godot-game-development-codex\build\melee_trail_review\measured_dense\knife_heavy\knife\45\003.png'
00:22.781  render           | Saved: 'C:\Users\gil_n\Documents\GitHub\Godot-game-development-codex\build\melee_trail_review\measured_dense\knife_heavy\knife\45\004.png'
00:22.937  render           | Saved: 'C:\Users\gil_n\Documents\GitHub\Godot-game-development-codex\build\melee_trail_review\measured_dense\knife_heavy\knife\45\005.png'
00:23.078  render           | Saved: 'C:\Users\gil_n\Documents\GitHub\Godot-game-development-codex\build\melee_trail_review\measured_dense\knife_heavy\knife\45\006.png'
00:23.234  render           | Saved: 'C:\Users\gil_n\Documents\GitHub\Godot-game-development-codex\build\melee_trail_review\measured_dense\knife_heavy\knife\45\007.png'
00:23.375  render           | Saved: 'C:\Users\gil_n\Documents\GitHub\Godot-game-development-codex\build\melee_trail_review\measured_dense\knife_heavy\knife\45\008.png'
00:23.531  render           | Saved: 'C:\Users\gil_n\Documents\GitHub\Godot-game-development-codex\build\melee_trail_review\measured_dense\knife_heavy\knife\45\009.png'
00:23.672  render           | Saved: 'C:\Users\gil_n\Documents\GitHub\Godot-game-development-codex\build\melee_trail_review\measured_dense\knife_heavy\knife\45\010.png'
00:23.828  render           | Saved: 'C:\Users\gil_n\Documents\GitHub\Godot-game-development-codex\build\melee_trail_review\measured_dense\knife_heavy\knife\45\011.png'
00:23.968  render           | Saved: 'C:\Users\gil_n\Documents\GitHub\Godot-game-development-codex\build\melee_trail_review\measured_dense\knife_heavy\knife\45\012.png'
00:24.125  render           | Saved: 'C:\Users\gil_n\Documents\GitHub\Godot-game-development-codex\build\melee_trail_review\measured_dense\knife_heavy\knife\45\013.png'
00:24.265  render           | Saved: 'C:\Users\gil_n\Documents\GitHub\Godot-game-development-codex\build\melee_trail_review\measured_dense\knife_heavy\knife\45\014.png'
00:24.406  render           | Saved: 'C:\Users\gil_n\Documents\GitHub\Godot-game-development-codex\build\melee_trail_review\measured_dense\knife_heavy\knife\45\015.png'
00:24.562  render           | Saved: 'C:\Users\gil_n\Documents\GitHub\Godot-game-development-codex\build\melee_trail_review\measured_dense\knife_heavy\knife\45\016.png'
00:24.703  render           | Saved: 'C:\Users\gil_n\Documents\GitHub\Godot-game-development-codex\build\melee_trail_review\measured_dense\knife_heavy\knife\45\017.png'
00:24.859  render           | Saved: 'C:\Users\gil_n\Documents\GitHub\Godot-game-development-codex\build\melee_trail_review\measured_dense\knife_heavy\knife\45\018.png'
00:25.000  render           | Saved: 'C:\Users\gil_n\Documents\GitHub\Godot-game-development-codex\build\melee_trail_review\measured_dense\knife_heavy\knife\45\019.png'
00:25.156  render           | Saved: 'C:\Users\gil_n\Documents\GitHub\Godot-game-development-codex\build\melee_trail_review\measured_dense\knife_heavy\knife\45\020.png'
00:25.297  render           | Saved: 'C:\Users\gil_n\Documents\GitHub\Godot-game-development-codex\build\melee_trail_review\measured_dense\knife_heavy\knife\45\021.png'
00:25.453  render           | Saved: 'C:\Users\gil_n\Documents\GitHub\Godot-game-development-codex\build\melee_trail_review\measured_dense\knife_heavy\knife\45\022.png'
00:25.593  render           | Saved: 'C:\Users\gil_n\Documents\GitHub\Godot-game-development-codex\build\melee_trail_review\measured_dense\knife_heavy\knife\45\023.png'
00:25.734  render           | Saved: 'C:\Users\gil_n\Documents\GitHub\Godot-game-development-codex\build\melee_trail_review\measured_dense\knife_heavy\knife\45\024.png'
00:25.890  render           | Saved: 'C:\Users\gil_n\Documents\GitHub\Godot-game-development-codex\build\melee_trail_review\measured_dense\knife_heavy\knife\45\025.png'
00:26.031  render           | Saved: 'C:\Users\gil_n\Documents\GitHub\Godot-game-development-codex\build\melee_trail_review\measured_dense\knife_heavy\knife\45\026.png'
00:26.187  render           | Saved: 'C:\Users\gil_n\Documents\GitHub\Godot-game-development-codex\build\melee_trail_review\measured_dense\knife_heavy\knife\45\027.png'
00:26.328  render           | Saved: 'C:\Users\gil_n\Documents\GitHub\Godot-game-development-codex\build\melee_trail_review\measured_dense\knife_heavy\knife\45\028.png'
00:26.484  render           | Saved: 'C:\Users\gil_n\Documents\GitHub\Godot-game-development-codex\build\melee_trail_review\measured_dense\knife_heavy\knife\45\029.png'
00:26.625  render           | Saved: 'C:\Users\gil_n\Documents\GitHub\Godot-game-development-codex\build\melee_trail_review\measured_dense\knife_heavy\knife\45\030.png'
00:26.781  render           | Saved: 'C:\Users\gil_n\Documents\GitHub\Godot-game-development-codex\build\melee_trail_review\measured_dense\knife_heavy\knife\45\031.png'
00:26.937  render           | Saved: 'C:\Users\gil_n\Documents\GitHub\Godot-game-development-codex\build\melee_trail_review\measured_dense\knife_heavy\knife\45\032.png'
00:27.078  render           | Saved: 'C:\Users\gil_n\Documents\GitHub\Godot-game-development-codex\build\melee_trail_review\measured_dense\knife_heavy\knife\45\033.png'
00:27.234  render           | Saved: 'C:\Users\gil_n\Documents\GitHub\Godot-game-development-codex\build\melee_trail_review\measured_dense\knife_heavy\knife\45\034.png'
00:27.375  render           | Saved: 'C:\Users\gil_n\Documents\GitHub\Godot-game-development-codex\build\melee_trail_review\measured_dense\knife_heavy\knife\45\035.png'
00:27.531  render           | Saved: 'C:\Users\gil_n\Documents\GitHub\Godot-game-development-codex\build\melee_trail_review\measured_dense\knife_heavy\knife\45\036.png'
00:27.672  render           | Saved: 'C:\Users\gil_n\Documents\GitHub\Godot-game-development-codex\build\melee_trail_review\measured_dense\knife_heavy\knife\45\037.png'
00:27.812  render           | Saved: 'C:\Users\gil_n\Documents\GitHub\Godot-game-development-codex\build\melee_trail_review\measured_dense\knife_heavy\knife\45\038.png'
00:27.968  render           | Saved: 'C:\Users\gil_n\Documents\GitHub\Godot-game-development-codex\build\melee_trail_review\measured_dense\knife_heavy\knife\45\039.png'
00:28.109  render           | Saved: 'C:\Users\gil_n\Documents\GitHub\Godot-game-development-codex\build\melee_trail_review\measured_dense\knife_heavy\knife\45\040.png'
00:28.265  render           | Saved: 'C:\Users\gil_n\Documents\GitHub\Godot-game-development-codex\build\melee_trail_review\measured_dense\knife_heavy\knife\45\041.png'
00:28.422  render           | Saved: 'C:\Users\gil_n\Documents\GitHub\Godot-game-development-codex\build\melee_trail_review\measured_dense\knife_heavy\knife\45\042.png'
00:28.578  render           | Saved: 'C:\Users\gil_n\Documents\GitHub\Godot-game-development-codex\build\melee_trail_review\measured_dense\knife_heavy\knife\45\043.png'
00:28.734  render           | Saved: 'C:\Users\gil_n\Documents\GitHub\Godot-game-development-codex\build\melee_trail_review\measured_dense\knife_heavy\knife\45\044.png'
00:28.890  render           | Saved: 'C:\Users\gil_n\Documents\GitHub\Godot-game-development-codex\build\melee_trail_review\measured_dense\knife_heavy\knife\45\045.png'
00:29.047  render           | Saved: 'C:\Users\gil_n\Documents\GitHub\Godot-game-development-codex\build\melee_trail_review\measured_dense\knife_heavy\knife\45\046.png'
00:29.203  render           | Saved: 'C:\Users\gil_n\Documents\GitHub\Godot-game-development-codex\build\melee_trail_review\measured_dense\knife_heavy\knife\45\047.png'
00:29.375  render           | Saved: 'C:\Users\gil_n\Documents\GitHub\Godot-game-development-codex\build\melee_trail_review\measured_dense\knife_heavy\knife\45\048.png'
00:29.531  render           | Saved: 'C:\Users\gil_n\Documents\GitHub\Godot-game-development-codex\build\melee_trail_review\measured_dense\knife_heavy\knife\45\049.png'
00:29.687  render           | Saved: 'C:\Users\gil_n\Documents\GitHub\Godot-game-development-codex\build\melee_trail_review\measured_dense\knife_heavy\knife\45\050.png'
00:29.843  render           | Saved: 'C:\Users\gil_n\Documents\GitHub\Godot-game-development-codex\build\melee_trail_review\measured_dense\knife_heavy\knife\45\051.png'
00:30.000  render           | Saved: 'C:\Users\gil_n\Documents\GitHub\Godot-game-development-codex\build\melee_trail_review\measured_dense\knife_heavy\knife\45\052.png'
00:30.140  render           | Saved: 'C:\Users\gil_n\Documents\GitHub\Godot-game-development-codex\build\melee_trail_review\measured_dense\knife_heavy\knife\45\053.png'
00:30.297  render           | Saved: 'C:\Users\gil_n\Documents\GitHub\Godot-game-development-codex\build\melee_trail_review\measured_dense\knife_heavy\knife\45\054.png'
00:30.453  render           | Saved: 'C:\Users\gil_n\Documents\GitHub\Godot-game-development-codex\build\melee_trail_review\measured_dense\knife_heavy\knife\45\055.png'
00:30.593  render           | Saved: 'C:\Users\gil_n\Documents\GitHub\Godot-game-development-codex\build\melee_trail_review\measured_dense\knife_heavy\knife\45\056.png'
00:30.750  render           | Saved: 'C:\Users\gil_n\Documents\GitHub\Godot-game-development-codex\build\melee_trail_review\measured_dense\knife_heavy\knife\45\057.png'
00:30.906  render           | Saved: 'C:\Users\gil_n\Documents\GitHub\Godot-game-development-codex\build\melee_trail_review\measured_dense\knife_heavy\knife\45\058.png'
00:31.062  render           | Saved: 'C:\Users\gil_n\Documents\GitHub\Godot-game-development-codex\build\melee_trail_review\measured_dense\knife_heavy\knife\45\059.png'
00:31.218  render           | Saved: 'C:\Users\gil_n\Documents\GitHub\Godot-game-development-codex\build\melee_trail_review\measured_dense\knife_heavy\knife\45\060.png'
00:31.390  render           | Saved: 'C:\Users\gil_n\Documents\GitHub\Godot-game-development-codex\build\melee_trail_review\measured_dense\knife_heavy\knife\45\061.png'
00:31.547  render           | Saved: 'C:\Users\gil_n\Documents\GitHub\Godot-game-development-codex\build\melee_trail_review\measured_dense\knife_heavy\knife\45\062.png'
00:31.703  render           | Saved: 'C:\Users\gil_n\Documents\GitHub\Godot-game-development-codex\build\melee_trail_review\measured_dense\knife_heavy\knife\45\063.png'
00:31.875  render           | Saved: 'C:\Users\gil_n\Documents\GitHub\Godot-game-development-codex\build\melee_trail_review\measured_dense\knife_heavy\knife\45\064.png'
00:32.047  render           | Saved: 'C:\Users\gil_n\Documents\GitHub\Godot-game-development-codex\build\melee_trail_review\measured_dense\knife_heavy\knife\67.5\000.png'
00:32.187  render           | Saved: 'C:\Users\gil_n\Documents\GitHub\Godot-game-development-codex\build\melee_trail_review\measured_dense\knife_heavy\knife\67.5\001.png'
00:32.359  render           | Saved: 'C:\Users\gil_n\Documents\GitHub\Godot-game-development-codex\build\melee_trail_review\measured_dense\knife_heavy\knife\67.5\002.png'
00:32.531  render           | Saved: 'C:\Users\gil_n\Documents\GitHub\Godot-game-development-codex\build\melee_trail_review\measured_dense\knife_heavy\knife\67.5\003.png'
00:32.703  render           | Saved: 'C:\Users\gil_n\Documents\GitHub\Godot-game-development-codex\build\melee_trail_review\measured_dense\knife_heavy\knife\67.5\004.png'
00:32.843  render           | Saved: 'C:\Users\gil_n\Documents\GitHub\Godot-game-development-codex\build\melee_trail_review\measured_dense\knife_heavy\knife\67.5\005.png'
00:33.015  render           | Saved: 'C:\Users\gil_n\Documents\GitHub\Godot-game-development-codex\build\melee_trail_review\measured_dense\knife_heavy\knife\67.5\006.png'
00:33.172  render           | Saved: 'C:\Users\gil_n\Documents\GitHub\Godot-game-development-codex\build\melee_trail_review\measured_dense\knife_heavy\knife\67.5\007.png'
00:33.343  render           | Saved: 'C:\Users\gil_n\Documents\GitHub\Godot-game-development-codex\build\melee_trail_review\measured_dense\knife_heavy\knife\67.5\008.png'
00:33.515  render           | Saved: 'C:\Users\gil_n\Documents\GitHub\Godot-game-development-codex\build\melee_trail_review\measured_dense\knife_heavy\knife\67.5\009.png'
00:33.687  render           | Saved: 'C:\Users\gil_n\Documents\GitHub\Godot-game-development-codex\build\melee_trail_review\measured_dense\knife_heavy\knife\67.5\010.png'
00:33.828  render           | Saved: 'C:\Users\gil_n\Documents\GitHub\Godot-game-development-codex\build\melee_trail_review\measured_dense\knife_heavy\knife\67.5\011.png'
00:33.984  render           | Saved: 'C:\Users\gil_n\Documents\GitHub\Godot-game-development-codex\build\melee_trail_review\measured_dense\knife_heavy\knife\67.5\012.png'
00:34.156  render           | Saved: 'C:\Users\gil_n\Documents\GitHub\Godot-game-development-codex\build\melee_trail_review\measured_dense\knife_heavy\knife\67.5\013.png'
00:34.328  render           | Saved: 'C:\Users\gil_n\Documents\GitHub\Godot-game-development-codex\build\melee_trail_review\measured_dense\knife_heavy\knife\67.5\014.png'
00:34.484  render           | Saved: 'C:\Users\gil_n\Documents\GitHub\Godot-game-development-codex\build\melee_trail_review\measured_dense\knife_heavy\knife\67.5\015.png'
00:34.656  render           | Saved: 'C:\Users\gil_n\Documents\GitHub\Godot-game-development-codex\build\melee_trail_review\measured_dense\knife_heavy\knife\67.5\016.png'
00:34.828  render           | Saved: 'C:\Users\gil_n\Documents\GitHub\Godot-game-development-codex\build\melee_trail_review\measured_dense\knife_heavy\knife\67.5\017.png'
00:34.984  render           | Saved: 'C:\Users\gil_n\Documents\GitHub\Godot-game-development-codex\build\melee_trail_review\measured_dense\knife_heavy\knife\67.5\018.png'
00:35.140  render           | Saved: 'C:\Users\gil_n\Documents\GitHub\Godot-game-development-codex\build\melee_trail_review\measured_dense\knife_heavy\knife\67.5\019.png'
00:35.312  render           | Saved: 'C:\Users\gil_n\Documents\GitHub\Godot-game-development-codex\build\melee_trail_review\measured_dense\knife_heavy\knife\67.5\020.png'
00:35.468  render           | Saved: 'C:\Users\gil_n\Documents\GitHub\Godot-game-development-codex\build\melee_trail_review\measured_dense\knife_heavy\knife\67.5\021.png'
00:35.640  render           | Saved: 'C:\Users\gil_n\Documents\GitHub\Godot-game-development-codex\build\melee_trail_review\measured_dense\knife_heavy\knife\67.5\022.png'
00:35.781  render           | Saved: 'C:\Users\gil_n\Documents\GitHub\Godot-game-development-codex\build\melee_trail_review\measured_dense\knife_heavy\knife\67.5\023.png'
00:35.953  render           | Saved: 'C:\Users\gil_n\Documents\GitHub\Godot-game-development-codex\build\melee_trail_review\measured_dense\knife_heavy\knife\67.5\024.png'
00:36.125  render           | Saved: 'C:\Users\gil_n\Documents\GitHub\Godot-game-development-codex\build\melee_trail_review\measured_dense\knife_heavy\knife\67.5\025.png'
00:36.265  render           | Saved: 'C:\Users\gil_n\Documents\GitHub\Godot-game-development-codex\build\melee_trail_review\measured_dense\knife_heavy\knife\67.5\026.png'
00:36.437  render           | Saved: 'C:\Users\gil_n\Documents\GitHub\Godot-game-development-codex\build\melee_trail_review\measured_dense\knife_heavy\knife\67.5\027.png'
00:36.609  render           | Saved: 'C:\Users\gil_n\Documents\GitHub\Godot-game-development-codex\build\melee_trail_review\measured_dense\knife_heavy\knife\67.5\028.png'
00:36.765  render           | Saved: 'C:\Users\gil_n\Documents\GitHub\Godot-game-development-codex\build\melee_trail_review\measured_dense\knife_heavy\knife\67.5\029.png'
00:36.922  render           | Saved: 'C:\Users\gil_n\Documents\GitHub\Godot-game-development-codex\build\melee_trail_review\measured_dense\knife_heavy\knife\67.5\030.png'
00:37.093  render           | Saved: 'C:\Users\gil_n\Documents\GitHub\Godot-game-development-codex\build\melee_trail_review\measured_dense\knife_heavy\knife\67.5\031.png'
00:37.265  render           | Saved: 'C:\Users\gil_n\Documents\GitHub\Godot-game-development-codex\build\melee_trail_review\measured_dense\knife_heavy\knife\67.5\032.png'
00:37.422  render           | Saved: 'C:\Users\gil_n\Documents\GitHub\Godot-game-development-codex\build\melee_trail_review\measured_dense\knife_heavy\knife\67.5\033.png'
00:37.593  render           | Saved: 'C:\Users\gil_n\Documents\GitHub\Godot-game-development-codex\build\melee_trail_review\measured_dense\knife_heavy\knife\67.5\034.png'
00:37.765  render           | Saved: 'C:\Users\gil_n\Documents\GitHub\Godot-game-development-codex\build\melee_trail_review\measured_dense\knife_heavy\knife\67.5\035.png'
00:37.937  render           | Saved: 'C:\Users\gil_n\Documents\GitHub\Godot-game-development-codex\build\melee_trail_review\measured_dense\knife_heavy\knife\67.5\036.png'
00:38.078  render           | Saved: 'C:\Users\gil_n\Documents\GitHub\Godot-game-development-codex\build\melee_trail_review\measured_dense\knife_heavy\knife\67.5\037.png'
00:38.250  render           | Saved: 'C:\Users\gil_n\Documents\GitHub\Godot-game-development-codex\build\melee_trail_review\measured_dense\knife_heavy\knife\67.5\038.png'
00:38.406  render           | Saved: 'C:\Users\gil_n\Documents\GitHub\Godot-game-development-codex\build\melee_trail_review\measured_dense\knife_heavy\knife\67.5\039.png'
00:38.593  render           | Saved: 'C:\Users\gil_n\Documents\GitHub\Godot-game-development-codex\build\melee_trail_review\measured_dense\knife_heavy\knife\67.5\040.png'
00:38.765  render           | Saved: 'C:\Users\gil_n\Documents\GitHub\Godot-game-development-codex\build\melee_trail_review\measured_dense\knife_heavy\knife\67.5\041.png'
00:38.937  render           | Saved: 'C:\Users\gil_n\Documents\GitHub\Godot-game-development-codex\build\melee_trail_review\measured_dense\knife_heavy\knife\67.5\042.png'
00:39.093  render           | Saved: 'C:\Users\gil_n\Documents\GitHub\Godot-game-development-codex\build\melee_trail_review\measured_dense\knife_heavy\knife\67.5\043.png'
00:39.265  render           | Saved: 'C:\Users\gil_n\Documents\GitHub\Godot-game-development-codex\build\melee_trail_review\measured_dense\knife_heavy\knife\67.5\044.png'
00:39.422  render           | Saved: 'C:\Users\gil_n\Documents\GitHub\Godot-game-development-codex\build\melee_trail_review\measured_dense\knife_heavy\knife\67.5\045.png'
00:39.609  render           | Saved: 'C:\Users\gil_n\Documents\GitHub\Godot-game-development-codex\build\melee_trail_review\measured_dense\knife_heavy\knife\67.5\046.png'
00:39.765  render           | Saved: 'C:\Users\gil_n\Documents\GitHub\Godot-game-development-codex\build\melee_trail_review\measured_dense\knife_heavy\knife\67.5\047.png'
00:39.937  render           | Saved: 'C:\Users\gil_n\Documents\GitHub\Godot-game-development-codex\build\melee_trail_review\measured_dense\knife_heavy\knife\67.5\048.png'
00:40.109  render           | Saved: 'C:\Users\gil_n\Documents\GitHub\Godot-game-development-codex\build\melee_trail_review\measured_dense\knife_heavy\knife\67.5\049.png'
00:40.265  render           | Saved: 'C:\Users\gil_n\Documents\GitHub\Godot-game-development-codex\build\melee_trail_review\measured_dense\knife_heavy\knife\67.5\050.png'
00:40.437  render           | Saved: 'C:\Users\gil_n\Documents\GitHub\Godot-game-development-codex\build\melee_trail_review\measured_dense\knife_heavy\knife\67.5\051.png'
00:40.593  render           | Saved: 'C:\Users\gil_n\Documents\GitHub\Godot-game-development-codex\build\melee_trail_review\measured_dense\knife_heavy\knife\67.5\052.png'
00:40.765  render           | Saved: 'C:\Users\gil_n\Documents\GitHub\Godot-game-development-codex\build\melee_trail_review\measured_dense\knife_heavy\knife\67.5\053.png'
00:40.922  render           | Saved: 'C:\Users\gil_n\Documents\GitHub\Godot-game-development-codex\build\melee_trail_review\measured_dense\knife_heavy\knife\67.5\054.png'
00:41.093  render           | Saved: 'C:\Users\gil_n\Documents\GitHub\Godot-game-development-codex\build\melee_trail_review\measured_dense\knife_heavy\knife\67.5\055.png'
00:41.265  render           | Saved: 'C:\Users\gil_n\Documents\GitHub\Godot-game-development-codex\build\melee_trail_review\measured_dense\knife_heavy\knife\67.5\056.png'
00:41.422  render           | Saved: 'C:\Users\gil_n\Documents\GitHub\Godot-game-development-codex\build\melee_trail_review\measured_dense\knife_heavy\knife\67.5\057.png'
00:41.593  render           | Saved: 'C:\Users\gil_n\Documents\GitHub\Godot-game-development-codex\build\melee_trail_review\measured_dense\knife_heavy\knife\67.5\058.png'
00:41.765  render           | Saved: 'C:\Users\gil_n\Documents\GitHub\Godot-game-development-codex\build\melee_trail_review\measured_dense\knife_heavy\knife\67.5\059.png'
00:41.922  render           | Saved: 'C:\Users\gil_n\Documents\GitHub\Godot-game-development-codex\build\melee_trail_review\measured_dense\knife_heavy\knife\67.5\060.png'
00:42.093  render           | Saved: 'C:\Users\gil_n\Documents\GitHub\Godot-game-development-codex\build\melee_trail_review\measured_dense\knife_heavy\knife\67.5\061.png'
00:42.250  render           | Saved: 'C:\Users\gil_n\Documents\GitHub\Godot-game-development-codex\build\melee_trail_review\measured_dense\knife_heavy\knife\67.5\062.png'
00:42.406  render           | Saved: 'C:\Users\gil_n\Documents\GitHub\Godot-game-development-codex\build\melee_trail_review\measured_dense\knife_heavy\knife\67.5\063.png'
00:42.578  render           | Saved: 'C:\Users\gil_n\Documents\GitHub\Godot-game-development-codex\build\melee_trail_review\measured_dense\knife_heavy\knife\67.5\064.png'
00:42.750  render           | Saved: 'C:\Users\gil_n\Documents\GitHub\Godot-game-development-codex\build\melee_trail_review\measured_dense\knife_heavy\knife\90\000.png'
00:42.937  render           | Saved: 'C:\Users\gil_n\Documents\GitHub\Godot-game-development-codex\build\melee_trail_review\measured_dense\knife_heavy\knife\90\001.png'
00:43.109  render           | Saved: 'C:\Users\gil_n\Documents\GitHub\Godot-game-development-codex\build\melee_trail_review\measured_dense\knife_heavy\knife\90\002.png'
00:43.297  render           | Saved: 'C:\Users\gil_n\Documents\GitHub\Godot-game-development-codex\build\melee_trail_review\measured_dense\knife_heavy\knife\90\003.png'
00:43.453  render           | Saved: 'C:\Users\gil_n\Documents\GitHub\Godot-game-development-codex\build\melee_trail_review\measured_dense\knife_heavy\knife\90\004.png'
00:43.609  render           | Saved: 'C:\Users\gil_n\Documents\GitHub\Godot-game-development-codex\build\melee_trail_review\measured_dense\knife_heavy\knife\90\005.png'
00:43.765  render           | Saved: 'C:\Users\gil_n\Documents\GitHub\Godot-game-development-codex\build\melee_trail_review\measured_dense\knife_heavy\knife\90\006.png'
00:43.906  render           | Saved: 'C:\Users\gil_n\Documents\GitHub\Godot-game-development-codex\build\melee_trail_review\measured_dense\knife_heavy\knife\90\007.png'
00:44.062  render           | Saved: 'C:\Users\gil_n\Documents\GitHub\Godot-game-development-codex\build\melee_trail_review\measured_dense\knife_heavy\knife\90\008.png'
00:44.218  render           | Saved: 'C:\Users\gil_n\Documents\GitHub\Godot-game-development-codex\build\melee_trail_review\measured_dense\knife_heavy\knife\90\009.png'
00:44.359  render           | Saved: 'C:\Users\gil_n\Documents\GitHub\Godot-game-development-codex\build\melee_trail_review\measured_dense\knife_heavy\knife\90\010.png'
00:44.515  render           | Saved: 'C:\Users\gil_n\Documents\GitHub\Godot-game-development-codex\build\melee_trail_review\measured_dense\knife_heavy\knife\90\011.png'
00:44.656  render           | Saved: 'C:\Users\gil_n\Documents\GitHub\Godot-game-development-codex\build\melee_trail_review\measured_dense\knife_heavy\knife\90\012.png'
00:44.812  render           | Saved: 'C:\Users\gil_n\Documents\GitHub\Godot-game-development-codex\build\melee_trail_review\measured_dense\knife_heavy\knife\90\013.png'
00:44.953  render           | Saved: 'C:\Users\gil_n\Documents\GitHub\Godot-game-development-codex\build\melee_trail_review\measured_dense\knife_heavy\knife\90\014.png'
00:45.109  render           | Saved: 'C:\Users\gil_n\Documents\GitHub\Godot-game-development-codex\build\melee_trail_review\measured_dense\knife_heavy\knife\90\015.png'
00:45.265  render           | Saved: 'C:\Users\gil_n\Documents\GitHub\Godot-game-development-codex\build\melee_trail_review\measured_dense\knife_heavy\knife\90\016.png'
00:45.406  render           | Saved: 'C:\Users\gil_n\Documents\GitHub\Godot-game-development-codex\build\melee_trail_review\measured_dense\knife_heavy\knife\90\017.png'
00:45.562  render           | Saved: 'C:\Users\gil_n\Documents\GitHub\Godot-game-development-codex\build\melee_trail_review\measured_dense\knife_heavy\knife\90\018.png'
00:45.703  render           | Saved: 'C:\Users\gil_n\Documents\GitHub\Godot-game-development-codex\build\melee_trail_review\measured_dense\knife_heavy\knife\90\019.png'
00:45.859  render           | Saved: 'C:\Users\gil_n\Documents\GitHub\Godot-game-development-codex\build\melee_trail_review\measured_dense\knife_heavy\knife\90\020.png'
00:46.000  render           | Saved: 'C:\Users\gil_n\Documents\GitHub\Godot-game-development-codex\build\melee_trail_review\measured_dense\knife_heavy\knife\90\021.png'
00:46.156  render           | Saved: 'C:\Users\gil_n\Documents\GitHub\Godot-game-development-codex\build\melee_trail_review\measured_dense\knife_heavy\knife\90\022.png'
00:46.312  render           | Saved: 'C:\Users\gil_n\Documents\GitHub\Godot-game-development-codex\build\melee_trail_review\measured_dense\knife_heavy\knife\90\023.png'
00:46.453  render           | Saved: 'C:\Users\gil_n\Documents\GitHub\Godot-game-development-codex\build\melee_trail_review\measured_dense\knife_heavy\knife\90\024.png'
00:46.609  render           | Saved: 'C:\Users\gil_n\Documents\GitHub\Godot-game-development-codex\build\melee_trail_review\measured_dense\knife_heavy\knife\90\025.png'
00:46.750  render           | Saved: 'C:\Users\gil_n\Documents\GitHub\Godot-game-development-codex\build\melee_trail_review\measured_dense\knife_heavy\knife\90\026.png'
00:46.906  render           | Saved: 'C:\Users\gil_n\Documents\GitHub\Godot-game-development-codex\build\melee_trail_review\measured_dense\knife_heavy\knife\90\027.png'
00:47.047  render           | Saved: 'C:\Users\gil_n\Documents\GitHub\Godot-game-development-codex\build\melee_trail_review\measured_dense\knife_heavy\knife\90\028.png'
00:47.203  render           | Saved: 'C:\Users\gil_n\Documents\GitHub\Godot-game-development-codex\build\melee_trail_review\measured_dense\knife_heavy\knife\90\029.png'
00:47.343  render           | Saved: 'C:\Users\gil_n\Documents\GitHub\Godot-game-development-codex\build\melee_trail_review\measured_dense\knife_heavy\knife\90\030.png'
00:47.500  render           | Saved: 'C:\Users\gil_n\Documents\GitHub\Godot-game-development-codex\build\melee_trail_review\measured_dense\knife_heavy\knife\90\031.png'
00:47.640  render           | Saved: 'C:\Users\gil_n\Documents\GitHub\Godot-game-development-codex\build\melee_trail_review\measured_dense\knife_heavy\knife\90\032.png'
00:47.797  render           | Saved: 'C:\Users\gil_n\Documents\GitHub\Godot-game-development-codex\build\melee_trail_review\measured_dense\knife_heavy\knife\90\033.png'
00:47.937  render           | Saved: 'C:\Users\gil_n\Documents\GitHub\Godot-game-development-codex\build\melee_trail_review\measured_dense\knife_heavy\knife\90\034.png'
00:48.093  render           | Saved: 'C:\Users\gil_n\Documents\GitHub\Godot-game-development-codex\build\melee_trail_review\measured_dense\knife_heavy\knife\90\035.png'
00:48.234  render           | Saved: 'C:\Users\gil_n\Documents\GitHub\Godot-game-development-codex\build\melee_trail_review\measured_dense\knife_heavy\knife\90\036.png'
00:48.390  render           | Saved: 'C:\Users\gil_n\Documents\GitHub\Godot-game-development-codex\build\melee_trail_review\measured_dense\knife_heavy\knife\90\037.png'
00:48.547  render           | Saved: 'C:\Users\gil_n\Documents\GitHub\Godot-game-development-codex\build\melee_trail_review\measured_dense\knife_heavy\knife\90\038.png'
00:48.687  render           | Saved: 'C:\Users\gil_n\Documents\GitHub\Godot-game-development-codex\build\melee_trail_review\measured_dense\knife_heavy\knife\90\039.png'
00:48.828  render           | Saved: 'C:\Users\gil_n\Documents\GitHub\Godot-game-development-codex\build\melee_trail_review\measured_dense\knife_heavy\knife\90\040.png'
00:48.984  render           | Saved: 'C:\Users\gil_n\Documents\GitHub\Godot-game-development-codex\build\melee_trail_review\measured_dense\knife_heavy\knife\90\041.png'
00:49.140  render           | Saved: 'C:\Users\gil_n\Documents\GitHub\Godot-game-development-codex\build\melee_trail_review\measured_dense\knife_heavy\knife\90\042.png'
00:49.375  render           | Saved: 'C:\Users\gil_n\Documents\GitHub\Godot-game-development-codex\build\melee_trail_review\measured_dense\knife_heavy\knife\90\043.png'
00:49.531  render           | Saved: 'C:\Users\gil_n\Documents\GitHub\Godot-game-development-codex\build\melee_trail_review\measured_dense\knife_heavy\knife\90\044.png'
00:49.672  render           | Saved: 'C:\Users\gil_n\Documents\GitHub\Godot-game-development-codex\build\melee_trail_review\measured_dense\knife_heavy\knife\90\045.png'
00:49.828  render           | Saved: 'C:\Users\gil_n\Documents\GitHub\Godot-game-development-codex\build\melee_trail_review\measured_dense\knife_heavy\knife\90\046.png'
00:49.968  render           | Saved: 'C:\Users\gil_n\Documents\GitHub\Godot-game-development-codex\build\melee_trail_review\measured_dense\knife_heavy\knife\90\047.png'
00:50.125  render           | Saved: 'C:\Users\gil_n\Documents\GitHub\Godot-game-development-codex\build\melee_trail_review\measured_dense\knife_heavy\knife\90\048.png'
00:50.281  render           | Saved: 'C:\Users\gil_n\Documents\GitHub\Godot-game-development-codex\build\melee_trail_review\measured_dense\knife_heavy\knife\90\049.png'
00:50.422  render           | Saved: 'C:\Users\gil_n\Documents\GitHub\Godot-game-development-codex\build\melee_trail_review\measured_dense\knife_heavy\knife\90\050.png'
00:50.578  render           | Saved: 'C:\Users\gil_n\Documents\GitHub\Godot-game-development-codex\build\melee_trail_review\measured_dense\knife_heavy\knife\90\051.png'
00:50.718  render           | Saved: 'C:\Users\gil_n\Documents\GitHub\Godot-game-development-codex\build\melee_trail_review\measured_dense\knife_heavy\knife\90\052.png'
00:50.875  render           | Saved: 'C:\Users\gil_n\Documents\GitHub\Godot-game-development-codex\build\melee_trail_review\measured_dense\knife_heavy\knife\90\053.png'
00:51.015  render           | Saved: 'C:\Users\gil_n\Documents\GitHub\Godot-game-development-codex\build\melee_trail_review\measured_dense\knife_heavy\knife\90\054.png'
00:51.172  render           | Saved: 'C:\Users\gil_n\Documents\GitHub\Godot-game-development-codex\build\melee_trail_review\measured_dense\knife_heavy\knife\90\055.png'
00:51.328  render           | Saved: 'C:\Users\gil_n\Documents\GitHub\Godot-game-development-codex\build\melee_trail_review\measured_dense\knife_heavy\knife\90\056.png'
00:51.484  render           | Saved: 'C:\Users\gil_n\Documents\GitHub\Godot-game-development-codex\build\melee_trail_review\measured_dense\knife_heavy\knife\90\057.png'
00:51.625  render           | Saved: 'C:\Users\gil_n\Documents\GitHub\Godot-game-development-codex\build\melee_trail_review\measured_dense\knife_heavy\knife\90\058.png'
00:51.781  render           | Saved: 'C:\Users\gil_n\Documents\GitHub\Godot-game-development-codex\build\melee_trail_review\measured_dense\knife_heavy\knife\90\059.png'
00:51.937  render           | Saved: 'C:\Users\gil_n\Documents\GitHub\Godot-game-development-codex\build\melee_trail_review\measured_dense\knife_heavy\knife\90\060.png'
00:52.093  render           | Saved: 'C:\Users\gil_n\Documents\GitHub\Godot-game-development-codex\build\melee_trail_review\measured_dense\knife_heavy\knife\90\061.png'
00:52.234  render           | Saved: 'C:\Users\gil_n\Documents\GitHub\Godot-game-development-codex\build\melee_trail_review\measured_dense\knife_heavy\knife\90\062.png'
00:52.390  render           | Saved: 'C:\Users\gil_n\Documents\GitHub\Godot-game-development-codex\build\melee_trail_review\measured_dense\knife_heavy\knife\90\063.png'
00:52.531  render           | Saved: 'C:\Users\gil_n\Documents\GitHub\Godot-game-development-codex\build\melee_trail_review\measured_dense\knife_heavy\knife\90\064.png'
00:52.687  render           | Saved: 'C:\Users\gil_n\Documents\GitHub\Godot-game-development-codex\build\melee_trail_review\measured_dense\knife_heavy\knife\112.5\000.png'
00:52.843  render           | Saved: 'C:\Users\gil_n\Documents\GitHub\Godot-game-development-codex\build\melee_trail_review\measured_dense\knife_heavy\knife\112.5\001.png'
00:52.984  render           | Saved: 'C:\Users\gil_n\Documents\GitHub\Godot-game-development-codex\build\melee_trail_review\measured_dense\knife_heavy\knife\112.5\002.png'
00:53.140  render           | Saved: 'C:\Users\gil_n\Documents\GitHub\Godot-game-development-codex\build\melee_trail_review\measured_dense\knife_heavy\knife\112.5\003.png'
00:53.281  render           | Saved: 'C:\Users\gil_n\Documents\GitHub\Godot-game-development-codex\build\melee_trail_review\measured_dense\knife_heavy\knife\112.5\004.png'
00:53.437  render           | Saved: 'C:\Users\gil_n\Documents\GitHub\Godot-game-development-codex\build\melee_trail_review\measured_dense\knife_heavy\knife\112.5\005.png'
00:53.593  render           | Saved: 'C:\Users\gil_n\Documents\GitHub\Godot-game-development-codex\build\melee_trail_review\measured_dense\knife_heavy\knife\112.5\006.png'
00:53.734  render           | Saved: 'C:\Users\gil_n\Documents\GitHub\Godot-game-development-codex\build\melee_trail_review\measured_dense\knife_heavy\knife\112.5\007.png'
00:53.890  render           | Saved: 'C:\Users\gil_n\Documents\GitHub\Godot-game-development-codex\build\melee_trail_review\measured_dense\knife_heavy\knife\112.5\008.png'
00:54.031  render           | Saved: 'C:\Users\gil_n\Documents\GitHub\Godot-game-development-codex\build\melee_trail_review\measured_dense\knife_heavy\knife\112.5\009.png'
00:54.187  render           | Saved: 'C:\Users\gil_n\Documents\GitHub\Godot-game-development-codex\build\melee_trail_review\measured_dense\knife_heavy\knife\112.5\010.png'
00:54.328  render           | Saved: 'C:\Users\gil_n\Documents\GitHub\Godot-game-development-codex\build\melee_trail_review\measured_dense\knife_heavy\knife\112.5\011.png'
00:54.484  render           | Saved: 'C:\Users\gil_n\Documents\GitHub\Godot-game-development-codex\build\melee_trail_review\measured_dense\knife_heavy\knife\112.5\012.png'
00:54.625  render           | Saved: 'C:\Users\gil_n\Documents\GitHub\Godot-game-development-codex\build\melee_trail_review\measured_dense\knife_heavy\knife\112.5\013.png'
00:54.781  render           | Saved: 'C:\Users\gil_n\Documents\GitHub\Godot-game-development-codex\build\melee_trail_review\measured_dense\knife_heavy\knife\112.5\014.png'
00:54.922  render           | Saved: 'C:\Users\gil_n\Documents\GitHub\Godot-game-development-codex\build\melee_trail_review\measured_dense\knife_heavy\knife\112.5\015.png'
00:55.078  render           | Saved: 'C:\Users\gil_n\Documents\GitHub\Godot-game-development-codex\build\melee_trail_review\measured_dense\knife_heavy\knife\112.5\016.png'
00:55.218  render           | Saved: 'C:\Users\gil_n\Documents\GitHub\Godot-game-development-codex\build\melee_trail_review\measured_dense\knife_heavy\knife\112.5\017.png'
00:55.375  render           | Saved: 'C:\Users\gil_n\Documents\GitHub\Godot-game-development-codex\build\melee_trail_review\measured_dense\knife_heavy\knife\112.5\018.png'
00:55.531  render           | Saved: 'C:\Users\gil_n\Documents\GitHub\Godot-game-development-codex\build\melee_trail_review\measured_dense\knife_heavy\knife\112.5\019.png'
00:55.687  render           | Saved: 'C:\Users\gil_n\Documents\GitHub\Godot-game-development-codex\build\melee_trail_review\measured_dense\knife_heavy\knife\112.5\020.png'
00:55.828  render           | Saved: 'C:\Users\gil_n\Documents\GitHub\Godot-game-development-codex\build\melee_trail_review\measured_dense\knife_heavy\knife\112.5\021.png'
00:55.984  render           | Saved: 'C:\Users\gil_n\Documents\GitHub\Godot-game-development-codex\build\melee_trail_review\measured_dense\knife_heavy\knife\112.5\022.png'
00:56.140  render           | Saved: 'C:\Users\gil_n\Documents\GitHub\Godot-game-development-codex\build\melee_trail_review\measured_dense\knife_heavy\knife\112.5\023.png'
00:56.281  render           | Saved: 'C:\Users\gil_n\Documents\GitHub\Godot-game-development-codex\build\melee_trail_review\measured_dense\knife_heavy\knife\112.5\024.png'
00:56.437  render           | Saved: 'C:\Users\gil_n\Documents\GitHub\Godot-game-development-codex\build\melee_trail_review\measured_dense\knife_heavy\knife\112.5\025.png'
00:56.578  render           | Saved: 'C:\Users\gil_n\Documents\GitHub\Godot-game-development-codex\build\melee_trail_review\measured_dense\knife_heavy\knife\112.5\026.png'
00:56.734  render           | Saved: 'C:\Users\gil_n\Documents\GitHub\Godot-game-development-codex\build\melee_trail_review\measured_dense\knife_heavy\knife\112.5\027.png'
00:56.890  render           | Saved: 'C:\Users\gil_n\Documents\GitHub\Godot-game-development-codex\build\melee_trail_review\measured_dense\knife_heavy\knife\112.5\028.png'
00:57.047  render           | Saved: 'C:\Users\gil_n\Documents\GitHub\Godot-game-development-codex\build\melee_trail_review\measured_dense\knife_heavy\knife\112.5\029.png'
00:57.203  render           | Saved: 'C:\Users\gil_n\Documents\GitHub\Godot-game-development-codex\build\melee_trail_review\measured_dense\knife_heavy\knife\112.5\030.png'
00:57.359  render           | Saved: 'C:\Users\gil_n\Documents\GitHub\Godot-game-development-codex\build\melee_trail_review\measured_dense\knife_heavy\knife\112.5\031.png'
00:57.515  render           | Saved: 'C:\Users\gil_n\Documents\GitHub\Godot-game-development-codex\build\melee_trail_review\measured_dense\knife_heavy\knife\112.5\032.png'
00:57.656  render           | Saved: 'C:\Users\gil_n\Documents\GitHub\Godot-game-development-codex\build\melee_trail_review\measured_dense\knife_heavy\knife\112.5\033.png'
00:57.812  render           | Saved: 'C:\Users\gil_n\Documents\GitHub\Godot-game-development-codex\build\melee_trail_review\measured_dense\knife_heavy\knife\112.5\034.png'
00:57.968  render           | Saved: 'C:\Users\gil_n\Documents\GitHub\Godot-game-development-codex\build\melee_trail_review\measured_dense\knife_heavy\knife\112.5\035.png'
00:58.125  render           | Saved: 'C:\Users\gil_n\Documents\GitHub\Godot-game-development-codex\build\melee_trail_review\measured_dense\knife_heavy\knife\112.5\036.png'
00:58.281  render           | Saved: 'C:\Users\gil_n\Documents\GitHub\Godot-game-development-codex\build\melee_trail_review\measured_dense\knife_heavy\knife\112.5\037.png'
00:58.422  render           | Saved: 'C:\Users\gil_n\Documents\GitHub\Godot-game-development-codex\build\melee_trail_review\measured_dense\knife_heavy\knife\112.5\038.png'
00:58.578  render           | Saved: 'C:\Users\gil_n\Documents\GitHub\Godot-game-development-codex\build\melee_trail_review\measured_dense\knife_heavy\knife\112.5\039.png'
00:58.734  render           | Saved: 'C:\Users\gil_n\Documents\GitHub\Godot-game-development-codex\build\melee_trail_review\measured_dense\knife_heavy\knife\112.5\040.png'
00:58.875  render           | Saved: 'C:\Users\gil_n\Documents\GitHub\Godot-game-development-codex\build\melee_trail_review\measured_dense\knife_heavy\knife\112.5\041.png'
00:59.031  render           | Saved: 'C:\Users\gil_n\Documents\GitHub\Godot-game-development-codex\build\melee_trail_review\measured_dense\knife_heavy\knife\112.5\042.png'
00:59.172  render           | Saved: 'C:\Users\gil_n\Documents\GitHub\Godot-game-development-codex\build\melee_trail_review\measured_dense\knife_heavy\knife\112.5\043.png'
00:59.328  render           | Saved: 'C:\Users\gil_n\Documents\GitHub\Godot-game-development-codex\build\melee_trail_review\measured_dense\knife_heavy\knife\112.5\044.png'
00:59.484  render           | Saved: 'C:\Users\gil_n\Documents\GitHub\Godot-game-development-codex\build\melee_trail_review\measured_dense\knife_heavy\knife\112.5\045.png'
00:59.625  render           | Saved: 'C:\Users\gil_n\Documents\GitHub\Godot-game-development-codex\build\melee_trail_review\measured_dense\knife_heavy\knife\112.5\046.png'
00:59.781  render           | Saved: 'C:\Users\gil_n\Documents\GitHub\Godot-game-development-codex\build\melee_trail_review\measured_dense\knife_heavy\knife\112.5\047.png'
00:59.922  render           | Saved: 'C:\Users\gil_n\Documents\GitHub\Godot-game-development-codex\build\melee_trail_review\measured_dense\knife_heavy\knife\112.5\048.png'
01:00.078  render           | Saved: 'C:\Users\gil_n\Documents\GitHub\Godot-game-development-codex\build\melee_trail_review\measured_dense\knife_heavy\knife\112.5\049.png'
01:00.218  render           | Saved: 'C:\Users\gil_n\Documents\GitHub\Godot-game-development-codex\build\melee_trail_review\measured_dense\knife_heavy\knife\112.5\050.png'
01:00.375  render           | Saved: 'C:\Users\gil_n\Documents\GitHub\Godot-game-development-codex\build\melee_trail_review\measured_dense\knife_heavy\knife\112.5\051.png'
01:00.515  render           | Saved: 'C:\Users\gil_n\Documents\GitHub\Godot-game-development-codex\build\melee_trail_review\measured_dense\knife_heavy\knife\112.5\052.png'
01:00.672  render           | Saved: 'C:\Users\gil_n\Documents\GitHub\Godot-game-development-codex\build\melee_trail_review\measured_dense\knife_heavy\knife\112.5\053.png'
01:00.828  render           | Saved: 'C:\Users\gil_n\Documents\GitHub\Godot-game-development-codex\build\melee_trail_review\measured_dense\knife_heavy\knife\112.5\054.png'
01:00.968  render           | Saved: 'C:\Users\gil_n\Documents\GitHub\Godot-game-development-codex\build\melee_trail_review\measured_dense\knife_heavy\knife\112.5\055.png'
01:01.125  render           | Saved: 'C:\Users\gil_n\Documents\GitHub\Godot-game-development-codex\build\melee_trail_review\measured_dense\knife_heavy\knife\112.5\056.png'
01:01.265  render           | Saved: 'C:\Users\gil_n\Documents\GitHub\Godot-game-development-codex\build\melee_trail_review\measured_dense\knife_heavy\knife\112.5\057.png'
01:01.422  render           | Saved: 'C:\Users\gil_n\Documents\GitHub\Godot-game-development-codex\build\melee_trail_review\measured_dense\knife_heavy\knife\112.5\058.png'
01:01.562  render           | Saved: 'C:\Users\gil_n\Documents\GitHub\Godot-game-development-codex\build\melee_trail_review\measured_dense\knife_heavy\knife\112.5\059.png'
01:01.718  render           | Saved: 'C:\Users\gil_n\Documents\GitHub\Godot-game-development-codex\build\melee_trail_review\measured_dense\knife_heavy\knife\112.5\060.png'
01:01.875  render           | Saved: 'C:\Users\gil_n\Documents\GitHub\Godot-game-development-codex\build\melee_trail_review\measured_dense\knife_heavy\knife\112.5\061.png'
01:02.015  render           | Saved: 'C:\Users\gil_n\Documents\GitHub\Godot-game-development-codex\build\melee_trail_review\measured_dense\knife_heavy\knife\112.5\062.png'
01:02.172  render           | Saved: 'C:\Users\gil_n\Documents\GitHub\Godot-game-development-codex\build\melee_trail_review\measured_dense\knife_heavy\knife\112.5\063.png'
01:02.328  render           | Saved: 'C:\Users\gil_n\Documents\GitHub\Godot-game-development-codex\build\melee_trail_review\measured_dense\knife_heavy\knife\112.5\064.png'
01:02.484  render           | Saved: 'C:\Users\gil_n\Documents\GitHub\Godot-game-development-codex\build\melee_trail_review\measured_dense\knife_heavy\knife\135\000.png'
01:02.640  render           | Saved: 'C:\Users\gil_n\Documents\GitHub\Godot-game-development-codex\build\melee_trail_review\measured_dense\knife_heavy\knife\135\001.png'
01:02.781  render           | Saved: 'C:\Users\gil_n\Documents\GitHub\Godot-game-development-codex\build\melee_trail_review\measured_dense\knife_heavy\knife\135\002.png'
01:02.937  render           | Saved: 'C:\Users\gil_n\Documents\GitHub\Godot-game-development-codex\build\melee_trail_review\measured_dense\knife_heavy\knife\135\003.png'
01:03.078  render           | Saved: 'C:\Users\gil_n\Documents\GitHub\Godot-game-development-codex\build\melee_trail_review\measured_dense\knife_heavy\knife\135\004.png'
01:03.234  render           | Saved: 'C:\Users\gil_n\Documents\GitHub\Godot-game-development-codex\build\melee_trail_review\measured_dense\knife_heavy\knife\135\005.png'
01:03.375  render           | Saved: 'C:\Users\gil_n\Documents\GitHub\Godot-game-development-codex\build\melee_trail_review\measured_dense\knife_heavy\knife\135\006.png'
01:03.531  render           | Saved: 'C:\Users\gil_n\Documents\GitHub\Godot-game-development-codex\build\melee_trail_review\measured_dense\knife_heavy\knife\135\007.png'
01:03.672  render           | Saved: 'C:\Users\gil_n\Documents\GitHub\Godot-game-development-codex\build\melee_trail_review\measured_dense\knife_heavy\knife\135\008.png'
01:03.828  render           | Saved: 'C:\Users\gil_n\Documents\GitHub\Godot-game-development-codex\build\melee_trail_review\measured_dense\knife_heavy\knife\135\009.png'
01:03.968  render           | Saved: 'C:\Users\gil_n\Documents\GitHub\Godot-game-development-codex\build\melee_trail_review\measured_dense\knife_heavy\knife\135\010.png'
01:04.125  render           | Saved: 'C:\Users\gil_n\Documents\GitHub\Godot-game-development-codex\build\melee_trail_review\measured_dense\knife_heavy\knife\135\011.png'
01:04.265  render           | Saved: 'C:\Users\gil_n\Documents\GitHub\Godot-game-development-codex\build\melee_trail_review\measured_dense\knife_heavy\knife\135\012.png'
01:04.422  render           | Saved: 'C:\Users\gil_n\Documents\GitHub\Godot-game-development-codex\build\melee_trail_review\measured_dense\knife_heavy\knife\135\013.png'
01:04.562  render           | Saved: 'C:\Users\gil_n\Documents\GitHub\Godot-game-development-codex\build\melee_trail_review\measured_dense\knife_heavy\knife\135\014.png'
01:04.718  render           | Saved: 'C:\Users\gil_n\Documents\GitHub\Godot-game-development-codex\build\melee_trail_review\measured_dense\knife_heavy\knife\135\015.png'
01:04.875  render           | Saved: 'C:\Users\gil_n\Documents\GitHub\Godot-game-development-codex\build\melee_trail_review\measured_dense\knife_heavy\knife\135\016.png'
01:05.015  render           | Saved: 'C:\Users\gil_n\Documents\GitHub\Godot-game-development-codex\build\melee_trail_review\measured_dense\knife_heavy\knife\135\017.png'
01:05.172  render           | Saved: 'C:\Users\gil_n\Documents\GitHub\Godot-game-development-codex\build\melee_trail_review\measured_dense\knife_heavy\knife\135\018.png'
01:05.312  render           | Saved: 'C:\Users\gil_n\Documents\GitHub\Godot-game-development-codex\build\melee_trail_review\measured_dense\knife_heavy\knife\135\019.png'
01:05.468  render           | Saved: 'C:\Users\gil_n\Documents\GitHub\Godot-game-development-codex\build\melee_trail_review\measured_dense\knife_heavy\knife\135\020.png'
01:05.609  render           | Saved: 'C:\Users\gil_n\Documents\GitHub\Godot-game-development-codex\build\melee_trail_review\measured_dense\knife_heavy\knife\135\021.png'
01:05.765  render           | Saved: 'C:\Users\gil_n\Documents\GitHub\Godot-game-development-codex\build\melee_trail_review\measured_dense\knife_heavy\knife\135\022.png'
01:05.922  render           | Saved: 'C:\Users\gil_n\Documents\GitHub\Godot-game-development-codex\build\melee_trail_review\measured_dense\knife_heavy\knife\135\023.png'
01:06.078  render           | Saved: 'C:\Users\gil_n\Documents\GitHub\Godot-game-development-codex\build\melee_trail_review\measured_dense\knife_heavy\knife\135\024.png'
01:06.218  render           | Saved: 'C:\Users\gil_n\Documents\GitHub\Godot-game-development-codex\build\melee_trail_review\measured_dense\knife_heavy\knife\135\025.png'
01:06.375  render           | Saved: 'C:\Users\gil_n\Documents\GitHub\Godot-game-development-codex\build\melee_trail_review\measured_dense\knife_heavy\knife\135\026.png'
01:06.531  render           | Saved: 'C:\Users\gil_n\Documents\GitHub\Godot-game-development-codex\build\melee_trail_review\measured_dense\knife_heavy\knife\135\027.png'
01:06.672  render           | Saved: 'C:\Users\gil_n\Documents\GitHub\Godot-game-development-codex\build\melee_trail_review\measured_dense\knife_heavy\knife\135\028.png'
01:06.828  render           | Saved: 'C:\Users\gil_n\Documents\GitHub\Godot-game-development-codex\build\melee_trail_review\measured_dense\knife_heavy\knife\135\029.png'
01:06.984  render           | Saved: 'C:\Users\gil_n\Documents\GitHub\Godot-game-development-codex\build\melee_trail_review\measured_dense\knife_heavy\knife\135\030.png'
01:07.125  render           | Saved: 'C:\Users\gil_n\Documents\GitHub\Godot-game-development-codex\build\melee_trail_review\measured_dense\knife_heavy\knife\135\031.png'
01:07.281  render           | Saved: 'C:\Users\gil_n\Documents\GitHub\Godot-game-development-codex\build\melee_trail_review\measured_dense\knife_heavy\knife\135\032.png'
01:07.422  render           | Saved: 'C:\Users\gil_n\Documents\GitHub\Godot-game-development-codex\build\melee_trail_review\measured_dense\knife_heavy\knife\135\033.png'
01:07.578  render           | Saved: 'C:\Users\gil_n\Documents\GitHub\Godot-game-development-codex\build\melee_trail_review\measured_dense\knife_heavy\knife\135\034.png'
01:07.734  render           | Saved: 'C:\Users\gil_n\Documents\GitHub\Godot-game-development-codex\build\melee_trail_review\measured_dense\knife_heavy\knife\135\035.png'
01:07.875  render           | Saved: 'C:\Users\gil_n\Documents\GitHub\Godot-game-development-codex\build\melee_trail_review\measured_dense\knife_heavy\knife\135\036.png'
01:08.031  render           | Saved: 'C:\Users\gil_n\Documents\GitHub\Godot-game-development-codex\build\melee_trail_review\measured_dense\knife_heavy\knife\135\037.png'
01:08.172  render           | Saved: 'C:\Users\gil_n\Documents\GitHub\Godot-game-development-codex\build\melee_trail_review\measured_dense\knife_heavy\knife\135\038.png'
01:08.328  render           | Saved: 'C:\Users\gil_n\Documents\GitHub\Godot-game-development-codex\build\melee_trail_review\measured_dense\knife_heavy\knife\135\039.png'
01:08.468  render           | Saved: 'C:\Users\gil_n\Documents\GitHub\Godot-game-development-codex\build\melee_trail_review\measured_dense\knife_heavy\knife\135\040.png'
01:08.625  render           | Saved: 'C:\Users\gil_n\Documents\GitHub\Godot-game-development-codex\build\melee_trail_review\measured_dense\knife_heavy\knife\135\041.png'
01:08.781  render           | Saved: 'C:\Users\gil_n\Documents\GitHub\Godot-game-development-codex\build\melee_trail_review\measured_dense\knife_heavy\knife\135\042.png'
01:08.937  render           | Saved: 'C:\Users\gil_n\Documents\GitHub\Godot-game-development-codex\build\melee_trail_review\measured_dense\knife_heavy\knife\135\043.png'
01:09.093  render           | Saved: 'C:\Users\gil_n\Documents\GitHub\Godot-game-development-codex\build\melee_trail_review\measured_dense\knife_heavy\knife\135\044.png'
01:09.234  render           | Saved: 'C:\Users\gil_n\Documents\GitHub\Godot-game-development-codex\build\melee_trail_review\measured_dense\knife_heavy\knife\135\045.png'
01:09.390  render           | Saved: 'C:\Users\gil_n\Documents\GitHub\Godot-game-development-codex\build\melee_trail_review\measured_dense\knife_heavy\knife\135\046.png'
01:09.547  render           | Saved: 'C:\Users\gil_n\Documents\GitHub\Godot-game-development-codex\build\melee_trail_review\measured_dense\knife_heavy\knife\135\047.png'
01:09.703  render           | Saved: 'C:\Users\gil_n\Documents\GitHub\Godot-game-development-codex\build\melee_trail_review\measured_dense\knife_heavy\knife\135\048.png'
01:09.859  render           | Saved: 'C:\Users\gil_n\Documents\GitHub\Godot-game-development-codex\build\melee_trail_review\measured_dense\knife_heavy\knife\135\049.png'
01:10.000  render           | Saved: 'C:\Users\gil_n\Documents\GitHub\Godot-game-development-codex\build\melee_trail_review\measured_dense\knife_heavy\knife\135\050.png'
01:10.156  render           | Saved: 'C:\Users\gil_n\Documents\GitHub\Godot-game-development-codex\build\melee_trail_review\measured_dense\knife_heavy\knife\135\051.png'
01:10.312  render           | Saved: 'C:\Users\gil_n\Documents\GitHub\Godot-game-development-codex\build\melee_trail_review\measured_dense\knife_heavy\knife\135\052.png'
01:10.453  render           | Saved: 'C:\Users\gil_n\Documents\GitHub\Godot-game-development-codex\build\melee_trail_review\measured_dense\knife_heavy\knife\135\053.png'
01:10.609  render           | Saved: 'C:\Users\gil_n\Documents\GitHub\Godot-game-development-codex\build\melee_trail_review\measured_dense\knife_heavy\knife\135\054.png'
01:10.765  render           | Saved: 'C:\Users\gil_n\Documents\GitHub\Godot-game-development-codex\build\melee_trail_review\measured_dense\knife_heavy\knife\135\055.png'
01:10.906  render           | Saved: 'C:\Users\gil_n\Documents\GitHub\Godot-game-development-codex\build\melee_trail_review\measured_dense\knife_heavy\knife\135\056.png'
01:11.062  render           | Saved: 'C:\Users\gil_n\Documents\GitHub\Godot-game-development-codex\build\melee_trail_review\measured_dense\knife_heavy\knife\135\057.png'
01:11.203  render           | Saved: 'C:\Users\gil_n\Documents\GitHub\Godot-game-development-codex\build\melee_trail_review\measured_dense\knife_heavy\knife\135\058.png'
01:11.359  render           | Saved: 'C:\Users\gil_n\Documents\GitHub\Godot-game-development-codex\build\melee_trail_review\measured_dense\knife_heavy\knife\135\059.png'
01:11.500  render           | Saved: 'C:\Users\gil_n\Documents\GitHub\Godot-game-development-codex\build\melee_trail_review\measured_dense\knife_heavy\knife\135\060.png'
01:11.656  render           | Saved: 'C:\Users\gil_n\Documents\GitHub\Godot-game-development-codex\build\melee_trail_review\measured_dense\knife_heavy\knife\135\061.png'
01:11.797  render           | Saved: 'C:\Users\gil_n\Documents\GitHub\Godot-game-development-codex\build\melee_trail_review\measured_dense\knife_heavy\knife\135\062.png'
01:11.953  render           | Saved: 'C:\Users\gil_n\Documents\GitHub\Godot-game-development-codex\build\melee_trail_review\measured_dense\knife_heavy\knife\135\063.png'
01:12.109  render           | Saved: 'C:\Users\gil_n\Documents\GitHub\Godot-game-development-codex\build\melee_trail_review\measured_dense\knife_heavy\knife\135\064.png'
01:12.265  render           | Saved: 'C:\Users\gil_n\Documents\GitHub\Godot-game-development-codex\build\melee_trail_review\measured_dense\knife_heavy\knife\157.5\000.png'
01:12.406  render           | Saved: 'C:\Users\gil_n\Documents\GitHub\Godot-game-development-codex\build\melee_trail_review\measured_dense\knife_heavy\knife\157.5\001.png'
01:12.562  render           | Saved: 'C:\Users\gil_n\Documents\GitHub\Godot-game-development-codex\build\melee_trail_review\measured_dense\knife_heavy\knife\157.5\002.png'
01:12.703  render           | Saved: 'C:\Users\gil_n\Documents\GitHub\Godot-game-development-codex\build\melee_trail_review\measured_dense\knife_heavy\knife\157.5\003.png'
01:12.859  render           | Saved: 'C:\Users\gil_n\Documents\GitHub\Godot-game-development-codex\build\melee_trail_review\measured_dense\knife_heavy\knife\157.5\004.png'
01:13.000  render           | Saved: 'C:\Users\gil_n\Documents\GitHub\Godot-game-development-codex\build\melee_trail_review\measured_dense\knife_heavy\knife\157.5\005.png'
01:13.156  render           | Saved: 'C:\Users\gil_n\Documents\GitHub\Godot-game-development-codex\build\melee_trail_review\measured_dense\knife_heavy\knife\157.5\006.png'
01:13.312  render           | Saved: 'C:\Users\gil_n\Documents\GitHub\Godot-game-development-codex\build\melee_trail_review\measured_dense\knife_heavy\knife\157.5\007.png'
01:13.453  render           | Saved: 'C:\Users\gil_n\Documents\GitHub\Godot-game-development-codex\build\melee_trail_review\measured_dense\knife_heavy\knife\157.5\008.png'
01:13.609  render           | Saved: 'C:\Users\gil_n\Documents\GitHub\Godot-game-development-codex\build\melee_trail_review\measured_dense\knife_heavy\knife\157.5\009.png'
01:13.765  render           | Saved: 'C:\Users\gil_n\Documents\GitHub\Godot-game-development-codex\build\melee_trail_review\measured_dense\knife_heavy\knife\157.5\010.png'
01:13.922  render           | Saved: 'C:\Users\gil_n\Documents\GitHub\Godot-game-development-codex\build\melee_trail_review\measured_dense\knife_heavy\knife\157.5\011.png'
01:14.062  render           | Saved: 'C:\Users\gil_n\Documents\GitHub\Godot-game-development-codex\build\melee_trail_review\measured_dense\knife_heavy\knife\157.5\012.png'
01:14.218  render           | Saved: 'C:\Users\gil_n\Documents\GitHub\Godot-game-development-codex\build\melee_trail_review\measured_dense\knife_heavy\knife\157.5\013.png'
01:14.375  render           | Saved: 'C:\Users\gil_n\Documents\GitHub\Godot-game-development-codex\build\melee_trail_review\measured_dense\knife_heavy\knife\157.5\014.png'
01:14.515  render           | Saved: 'C:\Users\gil_n\Documents\GitHub\Godot-game-development-codex\build\melee_trail_review\measured_dense\knife_heavy\knife\157.5\015.png'
01:14.672  render           | Saved: 'C:\Users\gil_n\Documents\GitHub\Godot-game-development-codex\build\melee_trail_review\measured_dense\knife_heavy\knife\157.5\016.png'
01:14.812  render           | Saved: 'C:\Users\gil_n\Documents\GitHub\Godot-game-development-codex\build\melee_trail_review\measured_dense\knife_heavy\knife\157.5\017.png'
01:14.968  render           | Saved: 'C:\Users\gil_n\Documents\GitHub\Godot-game-development-codex\build\melee_trail_review\measured_dense\knife_heavy\knife\157.5\018.png'
01:15.125  render           | Saved: 'C:\Users\gil_n\Documents\GitHub\Godot-game-development-codex\build\melee_trail_review\measured_dense\knife_heavy\knife\157.5\019.png'
01:15.265  render           | Saved: 'C:\Users\gil_n\Documents\GitHub\Godot-game-development-codex\build\melee_trail_review\measured_dense\knife_heavy\knife\157.5\020.png'
01:15.422  render           | Saved: 'C:\Users\gil_n\Documents\GitHub\Godot-game-development-codex\build\melee_trail_review\measured_dense\knife_heavy\knife\157.5\021.png'
01:15.578  render           | Saved: 'C:\Users\gil_n\Documents\GitHub\Godot-game-development-codex\build\melee_trail_review\measured_dense\knife_heavy\knife\157.5\022.png'
01:15.718  render           | Saved: 'C:\Users\gil_n\Documents\GitHub\Godot-game-development-codex\build\melee_trail_review\measured_dense\knife_heavy\knife\157.5\023.png'
01:15.875  render           | Saved: 'C:\Users\gil_n\Documents\GitHub\Godot-game-development-codex\build\melee_trail_review\measured_dense\knife_heavy\knife\157.5\024.png'
01:16.015  render           | Saved: 'C:\Users\gil_n\Documents\GitHub\Godot-game-development-codex\build\melee_trail_review\measured_dense\knife_heavy\knife\157.5\025.png'
01:16.172  render           | Saved: 'C:\Users\gil_n\Documents\GitHub\Godot-game-development-codex\build\melee_trail_review\measured_dense\knife_heavy\knife\157.5\026.png'
01:16.328  render           | Saved: 'C:\Users\gil_n\Documents\GitHub\Godot-game-development-codex\build\melee_trail_review\measured_dense\knife_heavy\knife\157.5\027.png'
01:16.468  render           | Saved: 'C:\Users\gil_n\Documents\GitHub\Godot-game-development-codex\build\melee_trail_review\measured_dense\knife_heavy\knife\157.5\028.png'
01:16.625  render           | Saved: 'C:\Users\gil_n\Documents\GitHub\Godot-game-development-codex\build\melee_trail_review\measured_dense\knife_heavy\knife\157.5\029.png'
01:16.765  render           | Saved: 'C:\Users\gil_n\Documents\GitHub\Godot-game-development-codex\build\melee_trail_review\measured_dense\knife_heavy\knife\157.5\030.png'
01:16.922  render           | Saved: 'C:\Users\gil_n\Documents\GitHub\Godot-game-development-codex\build\melee_trail_review\measured_dense\knife_heavy\knife\157.5\031.png'
01:17.078  render           | Saved: 'C:\Users\gil_n\Documents\GitHub\Godot-game-development-codex\build\melee_trail_review\measured_dense\knife_heavy\knife\157.5\032.png'
01:17.218  render           | Saved: 'C:\Users\gil_n\Documents\GitHub\Godot-game-development-codex\build\melee_trail_review\measured_dense\knife_heavy\knife\157.5\033.png'
01:17.375  render           | Saved: 'C:\Users\gil_n\Documents\GitHub\Godot-game-development-codex\build\melee_trail_review\measured_dense\knife_heavy\knife\157.5\034.png'
01:17.531  render           | Saved: 'C:\Users\gil_n\Documents\GitHub\Godot-game-development-codex\build\melee_trail_review\measured_dense\knife_heavy\knife\157.5\035.png'
01:17.672  render           | Saved: 'C:\Users\gil_n\Documents\GitHub\Godot-game-development-codex\build\melee_trail_review\measured_dense\knife_heavy\knife\157.5\036.png'
01:17.828  render           | Saved: 'C:\Users\gil_n\Documents\GitHub\Godot-game-development-codex\build\melee_trail_review\measured_dense\knife_heavy\knife\157.5\037.png'
01:17.984  render           | Saved: 'C:\Users\gil_n\Documents\GitHub\Godot-game-development-codex\build\melee_trail_review\measured_dense\knife_heavy\knife\157.5\038.png'
01:18.140  render           | Saved: 'C:\Users\gil_n\Documents\GitHub\Godot-game-development-codex\build\melee_trail_review\measured_dense\knife_heavy\knife\157.5\039.png'
01:18.281  render           | Saved: 'C:\Users\gil_n\Documents\GitHub\Godot-game-development-codex\build\melee_trail_review\measured_dense\knife_heavy\knife\157.5\040.png'
01:18.437  render           | Saved: 'C:\Users\gil_n\Documents\GitHub\Godot-game-development-codex\build\melee_trail_review\measured_dense\knife_heavy\knife\157.5\041.png'
01:18.593  render           | Saved: 'C:\Users\gil_n\Documents\GitHub\Godot-game-development-codex\build\melee_trail_review\measured_dense\knife_heavy\knife\157.5\042.png'
01:18.734  render           | Saved: 'C:\Users\gil_n\Documents\GitHub\Godot-game-development-codex\build\melee_trail_review\measured_dense\knife_heavy\knife\157.5\043.png'
01:18.890  render           | Saved: 'C:\Users\gil_n\Documents\GitHub\Godot-game-development-codex\build\melee_trail_review\measured_dense\knife_heavy\knife\157.5\044.png'
01:19.031  render           | Saved: 'C:\Users\gil_n\Documents\GitHub\Godot-game-development-codex\build\melee_trail_review\measured_dense\knife_heavy\knife\157.5\045.png'
01:19.187  render           | Saved: 'C:\Users\gil_n\Documents\GitHub\Godot-game-development-codex\build\melee_trail_review\measured_dense\knife_heavy\knife\157.5\046.png'
01:19.343  render           | Saved: 'C:\Users\gil_n\Documents\GitHub\Godot-game-development-codex\build\melee_trail_review\measured_dense\knife_heavy\knife\157.5\047.png'
01:19.484  render           | Saved: 'C:\Users\gil_n\Documents\GitHub\Godot-game-development-codex\build\melee_trail_review\measured_dense\knife_heavy\knife\157.5\048.png'
01:19.640  render           | Saved: 'C:\Users\gil_n\Documents\GitHub\Godot-game-development-codex\build\melee_trail_review\measured_dense\knife_heavy\knife\157.5\049.png'
01:19.781  render           | Saved: 'C:\Users\gil_n\Documents\GitHub\Godot-game-development-codex\build\melee_trail_review\measured_dense\knife_heavy\knife\157.5\050.png'
01:19.937  render           | Saved: 'C:\Users\gil_n\Documents\GitHub\Godot-game-development-codex\build\melee_trail_review\measured_dense\knife_heavy\knife\157.5\051.png'
01:20.078  render           | Saved: 'C:\Users\gil_n\Documents\GitHub\Godot-game-development-codex\build\melee_trail_review\measured_dense\knife_heavy\knife\157.5\052.png'
01:20.234  render           | Saved: 'C:\Users\gil_n\Documents\GitHub\Godot-game-development-codex\build\melee_trail_review\measured_dense\knife_heavy\knife\157.5\053.png'
01:20.390  render           | Saved: 'C:\Users\gil_n\Documents\GitHub\Godot-game-development-codex\build\melee_trail_review\measured_dense\knife_heavy\knife\157.5\054.png'
01:20.531  render           | Saved: 'C:\Users\gil_n\Documents\GitHub\Godot-game-development-codex\build\melee_trail_review\measured_dense\knife_heavy\knife\157.5\055.png'
01:20.687  render           | Saved: 'C:\Users\gil_n\Documents\GitHub\Godot-game-development-codex\build\melee_trail_review\measured_dense\knife_heavy\knife\157.5\056.png'
01:20.828  render           | Saved: 'C:\Users\gil_n\Documents\GitHub\Godot-game-development-codex\build\melee_trail_review\measured_dense\knife_heavy\knife\157.5\057.png'
01:20.984  render           | Saved: 'C:\Users\gil_n\Documents\GitHub\Godot-game-development-codex\build\melee_trail_review\measured_dense\knife_heavy\knife\157.5\058.png'
01:21.125  render           | Saved: 'C:\Users\gil_n\Documents\GitHub\Godot-game-development-codex\build\melee_trail_review\measured_dense\knife_heavy\knife\157.5\059.png'
01:21.281  render           | Saved: 'C:\Users\gil_n\Documents\GitHub\Godot-game-development-codex\build\melee_trail_review\measured_dense\knife_heavy\knife\157.5\060.png'
01:21.422  render           | Saved: 'C:\Users\gil_n\Documents\GitHub\Godot-game-development-codex\build\melee_trail_review\measured_dense\knife_heavy\knife\157.5\061.png'
01:21.578  render           | Saved: 'C:\Users\gil_n\Documents\GitHub\Godot-game-development-codex\build\melee_trail_review\measured_dense\knife_heavy\knife\157.5\062.png'
01:21.734  render           | Saved: 'C:\Users\gil_n\Documents\GitHub\Godot-game-development-codex\build\melee_trail_review\measured_dense\knife_heavy\knife\157.5\063.png'
01:21.890  render           | Saved: 'C:\Users\gil_n\Documents\GitHub\Godot-game-development-codex\build\melee_trail_review\measured_dense\knife_heavy\knife\157.5\064.png'
01:22.047  render           | Saved: 'C:\Users\gil_n\Documents\GitHub\Godot-game-development-codex\build\melee_trail_review\measured_dense\knife_heavy\knife\180\000.png'
01:22.203  render           | Saved: 'C:\Users\gil_n\Documents\GitHub\Godot-game-development-codex\build\melee_trail_review\measured_dense\knife_heavy\knife\180\001.png'
01:22.359  render           | Saved: 'C:\Users\gil_n\Documents\GitHub\Godot-game-development-codex\build\melee_trail_review\measured_dense\knife_heavy\knife\180\002.png'
01:22.500  render           | Saved: 'C:\Users\gil_n\Documents\GitHub\Godot-game-development-codex\build\melee_trail_review\measured_dense\knife_heavy\knife\180\003.png'
01:22.656  render           | Saved: 'C:\Users\gil_n\Documents\GitHub\Godot-game-development-codex\build\melee_trail_review\measured_dense\knife_heavy\knife\180\004.png'
01:22.812  render           | Saved: 'C:\Users\gil_n\Documents\GitHub\Godot-game-development-codex\build\melee_trail_review\measured_dense\knife_heavy\knife\180\005.png'
01:22.968  render           | Saved: 'C:\Users\gil_n\Documents\GitHub\Godot-game-development-codex\build\melee_trail_review\measured_dense\knife_heavy\knife\180\006.png'
01:23.109  render           | Saved: 'C:\Users\gil_n\Documents\GitHub\Godot-game-development-codex\build\melee_trail_review\measured_dense\knife_heavy\knife\180\007.png'
01:23.281  render           | Saved: 'C:\Users\gil_n\Documents\GitHub\Godot-game-development-codex\build\melee_trail_review\measured_dense\knife_heavy\knife\180\008.png'
01:23.437  render           | Saved: 'C:\Users\gil_n\Documents\GitHub\Godot-game-development-codex\build\melee_trail_review\measured_dense\knife_heavy\knife\180\009.png'
01:23.593  render           | Saved: 'C:\Users\gil_n\Documents\GitHub\Godot-game-development-codex\build\melee_trail_review\measured_dense\knife_heavy\knife\180\010.png'
01:23.734  render           | Saved: 'C:\Users\gil_n\Documents\GitHub\Godot-game-development-codex\build\melee_trail_review\measured_dense\knife_heavy\knife\180\011.png'
01:23.890  render           | Saved: 'C:\Users\gil_n\Documents\GitHub\Godot-game-development-codex\build\melee_trail_review\measured_dense\knife_heavy\knife\180\012.png'
01:24.047  render           | Saved: 'C:\Users\gil_n\Documents\GitHub\Godot-game-development-codex\build\melee_trail_review\measured_dense\knife_heavy\knife\180\013.png'
01:24.203  render           | Saved: 'C:\Users\gil_n\Documents\GitHub\Godot-game-development-codex\build\melee_trail_review\measured_dense\knife_heavy\knife\180\014.png'
01:24.359  render           | Saved: 'C:\Users\gil_n\Documents\GitHub\Godot-game-development-codex\build\melee_trail_review\measured_dense\knife_heavy\knife\180\015.png'
01:24.500  render           | Saved: 'C:\Users\gil_n\Documents\GitHub\Godot-game-development-codex\build\melee_trail_review\measured_dense\knife_heavy\knife\180\016.png'
01:24.656  render           | Saved: 'C:\Users\gil_n\Documents\GitHub\Godot-game-development-codex\build\melee_trail_review\measured_dense\knife_heavy\knife\180\017.png'
01:24.812  render           | Saved: 'C:\Users\gil_n\Documents\GitHub\Godot-game-development-codex\build\melee_trail_review\measured_dense\knife_heavy\knife\180\018.png'
01:24.953  render           | Saved: 'C:\Users\gil_n\Documents\GitHub\Godot-game-development-codex\build\melee_trail_review\measured_dense\knife_heavy\knife\180\019.png'
01:25.109  render           | Saved: 'C:\Users\gil_n\Documents\GitHub\Godot-game-development-codex\build\melee_trail_review\measured_dense\knife_heavy\knife\180\020.png'
01:25.250  render           | Saved: 'C:\Users\gil_n\Documents\GitHub\Godot-game-development-codex\build\melee_trail_review\measured_dense\knife_heavy\knife\180\021.png'
01:25.406  render           | Saved: 'C:\Users\gil_n\Documents\GitHub\Godot-game-development-codex\build\melee_trail_review\measured_dense\knife_heavy\knife\180\022.png'
01:25.547  render           | Saved: 'C:\Users\gil_n\Documents\GitHub\Godot-game-development-codex\build\melee_trail_review\measured_dense\knife_heavy\knife\180\023.png'
01:25.703  render           | Saved: 'C:\Users\gil_n\Documents\GitHub\Godot-game-development-codex\build\melee_trail_review\measured_dense\knife_heavy\knife\180\024.png'
01:25.859  render           | Saved: 'C:\Users\gil_n\Documents\GitHub\Godot-game-development-codex\build\melee_trail_review\measured_dense\knife_heavy\knife\180\025.png'
01:26.000  render           | Saved: 'C:\Users\gil_n\Documents\GitHub\Godot-game-development-codex\build\melee_trail_review\measured_dense\knife_heavy\knife\180\026.png'
01:26.156  render           | Saved: 'C:\Users\gil_n\Documents\GitHub\Godot-game-development-codex\build\melee_trail_review\measured_dense\knife_heavy\knife\180\027.png'
01:26.297  render           | Saved: 'C:\Users\gil_n\Documents\GitHub\Godot-game-development-codex\build\melee_trail_review\measured_dense\knife_heavy\knife\180\028.png'
01:26.453  render           | Saved: 'C:\Users\gil_n\Documents\GitHub\Godot-game-development-codex\build\melee_trail_review\measured_dense\knife_heavy\knife\180\029.png'
01:26.593  render           | Saved: 'C:\Users\gil_n\Documents\GitHub\Godot-game-development-codex\build\melee_trail_review\measured_dense\knife_heavy\knife\180\030.png'
01:26.750  render           | Saved: 'C:\Users\gil_n\Documents\GitHub\Godot-game-development-codex\build\melee_trail_review\measured_dense\knife_heavy\knife\180\031.png'
01:26.906  render           | Saved: 'C:\Users\gil_n\Documents\GitHub\Godot-game-development-codex\build\melee_trail_review\measured_dense\knife_heavy\knife\180\032.png'
01:27.047  render           | Saved: 'C:\Users\gil_n\Documents\GitHub\Godot-game-development-codex\build\melee_trail_review\measured_dense\knife_heavy\knife\180\033.png'
01:27.203  render           | Saved: 'C:\Users\gil_n\Documents\GitHub\Godot-game-development-codex\build\melee_trail_review\measured_dense\knife_heavy\knife\180\034.png'
01:27.343  render           | Saved: 'C:\Users\gil_n\Documents\GitHub\Godot-game-development-codex\build\melee_trail_review\measured_dense\knife_heavy\knife\180\035.png'
01:27.500  render           | Saved: 'C:\Users\gil_n\Documents\GitHub\Godot-game-development-codex\build\melee_trail_review\measured_dense\knife_heavy\knife\180\036.png'
01:27.640  render           | Saved: 'C:\Users\gil_n\Documents\GitHub\Godot-game-development-codex\build\melee_trail_review\measured_dense\knife_heavy\knife\180\037.png'
01:27.797  render           | Saved: 'C:\Users\gil_n\Documents\GitHub\Godot-game-development-codex\build\melee_trail_review\measured_dense\knife_heavy\knife\180\038.png'
01:27.953  render           | Saved: 'C:\Users\gil_n\Documents\GitHub\Godot-game-development-codex\build\melee_trail_review\measured_dense\knife_heavy\knife\180\039.png'
01:28.093  render           | Saved: 'C:\Users\gil_n\Documents\GitHub\Godot-game-development-codex\build\melee_trail_review\measured_dense\knife_heavy\knife\180\040.png'
01:28.250  render           | Saved: 'C:\Users\gil_n\Documents\GitHub\Godot-game-development-codex\build\melee_trail_review\measured_dense\knife_heavy\knife\180\041.png'
01:28.406  render           | Saved: 'C:\Users\gil_n\Documents\GitHub\Godot-game-development-codex\build\melee_trail_review\measured_dense\knife_heavy\knife\180\042.png'
01:28.562  render           | Saved: 'C:\Users\gil_n\Documents\GitHub\Godot-game-development-codex\build\melee_trail_review\measured_dense\knife_heavy\knife\180\043.png'
01:28.703  render           | Saved: 'C:\Users\gil_n\Documents\GitHub\Godot-game-development-codex\build\melee_trail_review\measured_dense\knife_heavy\knife\180\044.png'
01:28.859  render           | Saved: 'C:\Users\gil_n\Documents\GitHub\Godot-game-development-codex\build\melee_trail_review\measured_dense\knife_heavy\knife\180\045.png'
01:29.000  render           | Saved: 'C:\Users\gil_n\Documents\GitHub\Godot-game-development-codex\build\melee_trail_review\measured_dense\knife_heavy\knife\180\046.png'
01:29.156  render           | Saved: 'C:\Users\gil_n\Documents\GitHub\Godot-game-development-codex\build\melee_trail_review\measured_dense\knife_heavy\knife\180\047.png'
01:29.297  render           | Saved: 'C:\Users\gil_n\Documents\GitHub\Godot-game-development-codex\build\melee_trail_review\measured_dense\knife_heavy\knife\180\048.png'
01:29.453  render           | Saved: 'C:\Users\gil_n\Documents\GitHub\Godot-game-development-codex\build\melee_trail_review\measured_dense\knife_heavy\knife\180\049.png'
01:29.609  render           | Saved: 'C:\Users\gil_n\Documents\GitHub\Godot-game-development-codex\build\melee_trail_review\measured_dense\knife_heavy\knife\180\050.png'
01:29.750  render           | Saved: 'C:\Users\gil_n\Documents\GitHub\Godot-game-development-codex\build\melee_trail_review\measured_dense\knife_heavy\knife\180\051.png'
01:29.906  render           | Saved: 'C:\Users\gil_n\Documents\GitHub\Godot-game-development-codex\build\melee_trail_review\measured_dense\knife_heavy\knife\180\052.png'
01:30.047  render           | Saved: 'C:\Users\gil_n\Documents\GitHub\Godot-game-development-codex\build\melee_trail_review\measured_dense\knife_heavy\knife\180\053.png'
01:30.203  render           | Saved: 'C:\Users\gil_n\Documents\GitHub\Godot-game-development-codex\build\melee_trail_review\measured_dense\knife_heavy\knife\180\054.png'
01:30.359  render           | Saved: 'C:\Users\gil_n\Documents\GitHub\Godot-game-development-codex\build\melee_trail_review\measured_dense\knife_heavy\knife\180\055.png'
01:30.500  render           | Saved: 'C:\Users\gil_n\Documents\GitHub\Godot-game-development-codex\build\melee_trail_review\measured_dense\knife_heavy\knife\180\056.png'
01:30.656  render           | Saved: 'C:\Users\gil_n\Documents\GitHub\Godot-game-development-codex\build\melee_trail_review\measured_dense\knife_heavy\knife\180\057.png'
01:30.797  render           | Saved: 'C:\Users\gil_n\Documents\GitHub\Godot-game-development-codex\build\melee_trail_review\measured_dense\knife_heavy\knife\180\058.png'
01:30.953  render           | Saved: 'C:\Users\gil_n\Documents\GitHub\Godot-game-development-codex\build\melee_trail_review\measured_dense\knife_heavy\knife\180\059.png'
01:31.093  render           | Saved: 'C:\Users\gil_n\Documents\GitHub\Godot-game-development-codex\build\melee_trail_review\measured_dense\knife_heavy\knife\180\060.png'
01:31.250  render           | Saved: 'C:\Users\gil_n\Documents\GitHub\Godot-game-development-codex\build\melee_trail_review\measured_dense\knife_heavy\knife\180\061.png'
01:31.406  render           | Saved: 'C:\Users\gil_n\Documents\GitHub\Godot-game-development-codex\build\melee_trail_review\measured_dense\knife_heavy\knife\180\062.png'
01:31.547  render           | Saved: 'C:\Users\gil_n\Documents\GitHub\Godot-game-development-codex\build\melee_trail_review\measured_dense\knife_heavy\knife\180\063.png'
01:31.703  render           | Saved: 'C:\Users\gil_n\Documents\GitHub\Godot-game-development-codex\build\melee_trail_review\measured_dense\knife_heavy\knife\180\064.png'
01:31.859  render           | Saved: 'C:\Users\gil_n\Documents\GitHub\Godot-game-development-codex\build\melee_trail_review\measured_dense\knife_heavy\knife\202.5\000.png'
01:32.015  render           | Saved: 'C:\Users\gil_n\Documents\GitHub\Godot-game-development-codex\build\melee_trail_review\measured_dense\knife_heavy\knife\202.5\001.png'
01:32.156  render           | Saved: 'C:\Users\gil_n\Documents\GitHub\Godot-game-development-codex\build\melee_trail_review\measured_dense\knife_heavy\knife\202.5\002.png'
01:32.312  render           | Saved: 'C:\Users\gil_n\Documents\GitHub\Godot-game-development-codex\build\melee_trail_review\measured_dense\knife_heavy\knife\202.5\003.png'
01:32.468  render           | Saved: 'C:\Users\gil_n\Documents\GitHub\Godot-game-development-codex\build\melee_trail_review\measured_dense\knife_heavy\knife\202.5\004.png'
01:32.609  render           | Saved: 'C:\Users\gil_n\Documents\GitHub\Godot-game-development-codex\build\melee_trail_review\measured_dense\knife_heavy\knife\202.5\005.png'
01:32.765  render           | Saved: 'C:\Users\gil_n\Documents\GitHub\Godot-game-development-codex\build\melee_trail_review\measured_dense\knife_heavy\knife\202.5\006.png'
01:32.922  render           | Saved: 'C:\Users\gil_n\Documents\GitHub\Godot-game-development-codex\build\melee_trail_review\measured_dense\knife_heavy\knife\202.5\007.png'
01:33.062  render           | Saved: 'C:\Users\gil_n\Documents\GitHub\Godot-game-development-codex\build\melee_trail_review\measured_dense\knife_heavy\knife\202.5\008.png'
01:33.218  render           | Saved: 'C:\Users\gil_n\Documents\GitHub\Godot-game-development-codex\build\melee_trail_review\measured_dense\knife_heavy\knife\202.5\009.png'
01:33.375  render           | Saved: 'C:\Users\gil_n\Documents\GitHub\Godot-game-development-codex\build\melee_trail_review\measured_dense\knife_heavy\knife\202.5\010.png'
01:33.515  render           | Saved: 'C:\Users\gil_n\Documents\GitHub\Godot-game-development-codex\build\melee_trail_review\measured_dense\knife_heavy\knife\202.5\011.png'
01:33.672  render           | Saved: 'C:\Users\gil_n\Documents\GitHub\Godot-game-development-codex\build\melee_trail_review\measured_dense\knife_heavy\knife\202.5\012.png'
01:33.812  render           | Saved: 'C:\Users\gil_n\Documents\GitHub\Godot-game-development-codex\build\melee_trail_review\measured_dense\knife_heavy\knife\202.5\013.png'
01:33.968  render           | Saved: 'C:\Users\gil_n\Documents\GitHub\Godot-game-development-codex\build\melee_trail_review\measured_dense\knife_heavy\knife\202.5\014.png'
01:34.125  render           | Saved: 'C:\Users\gil_n\Documents\GitHub\Godot-game-development-codex\build\melee_trail_review\measured_dense\knife_heavy\knife\202.5\015.png'
01:34.265  render           | Saved: 'C:\Users\gil_n\Documents\GitHub\Godot-game-development-codex\build\melee_trail_review\measured_dense\knife_heavy\knife\202.5\016.png'
01:34.422  render           | Saved: 'C:\Users\gil_n\Documents\GitHub\Godot-game-development-codex\build\melee_trail_review\measured_dense\knife_heavy\knife\202.5\017.png'
01:34.562  render           | Saved: 'C:\Users\gil_n\Documents\GitHub\Godot-game-development-codex\build\melee_trail_review\measured_dense\knife_heavy\knife\202.5\018.png'
01:34.718  render           | Saved: 'C:\Users\gil_n\Documents\GitHub\Godot-game-development-codex\build\melee_trail_review\measured_dense\knife_heavy\knife\202.5\019.png'
01:34.859  render           | Saved: 'C:\Users\gil_n\Documents\GitHub\Godot-game-development-codex\build\melee_trail_review\measured_dense\knife_heavy\knife\202.5\020.png'
01:35.015  render           | Saved: 'C:\Users\gil_n\Documents\GitHub\Godot-game-development-codex\build\melee_trail_review\measured_dense\knife_heavy\knife\202.5\021.png'
01:35.172  render           | Saved: 'C:\Users\gil_n\Documents\GitHub\Godot-game-development-codex\build\melee_trail_review\measured_dense\knife_heavy\knife\202.5\022.png'
01:35.328  render           | Saved: 'C:\Users\gil_n\Documents\GitHub\Godot-game-development-codex\build\melee_trail_review\measured_dense\knife_heavy\knife\202.5\023.png'
01:35.468  render           | Saved: 'C:\Users\gil_n\Documents\GitHub\Godot-game-development-codex\build\melee_trail_review\measured_dense\knife_heavy\knife\202.5\024.png'
01:35.625  render           | Saved: 'C:\Users\gil_n\Documents\GitHub\Godot-game-development-codex\build\melee_trail_review\measured_dense\knife_heavy\knife\202.5\025.png'
01:35.781  render           | Saved: 'C:\Users\gil_n\Documents\GitHub\Godot-game-development-codex\build\melee_trail_review\measured_dense\knife_heavy\knife\202.5\026.png'
01:35.922  render           | Saved: 'C:\Users\gil_n\Documents\GitHub\Godot-game-development-codex\build\melee_trail_review\measured_dense\knife_heavy\knife\202.5\027.png'
01:36.078  render           | Saved: 'C:\Users\gil_n\Documents\GitHub\Godot-game-development-codex\build\melee_trail_review\measured_dense\knife_heavy\knife\202.5\028.png'
01:36.218  render           | Saved: 'C:\Users\gil_n\Documents\GitHub\Godot-game-development-codex\build\melee_trail_review\measured_dense\knife_heavy\knife\202.5\029.png'
01:36.375  render           | Saved: 'C:\Users\gil_n\Documents\GitHub\Godot-game-development-codex\build\melee_trail_review\measured_dense\knife_heavy\knife\202.5\030.png'
01:36.531  render           | Saved: 'C:\Users\gil_n\Documents\GitHub\Godot-game-development-codex\build\melee_trail_review\measured_dense\knife_heavy\knife\202.5\031.png'
01:36.672  render           | Saved: 'C:\Users\gil_n\Documents\GitHub\Godot-game-development-codex\build\melee_trail_review\measured_dense\knife_heavy\knife\202.5\032.png'
01:36.828  render           | Saved: 'C:\Users\gil_n\Documents\GitHub\Godot-game-development-codex\build\melee_trail_review\measured_dense\knife_heavy\knife\202.5\033.png'
01:36.968  render           | Saved: 'C:\Users\gil_n\Documents\GitHub\Godot-game-development-codex\build\melee_trail_review\measured_dense\knife_heavy\knife\202.5\034.png'
01:37.125  render           | Saved: 'C:\Users\gil_n\Documents\GitHub\Godot-game-development-codex\build\melee_trail_review\measured_dense\knife_heavy\knife\202.5\035.png'
01:37.281  render           | Saved: 'C:\Users\gil_n\Documents\GitHub\Godot-game-development-codex\build\melee_trail_review\measured_dense\knife_heavy\knife\202.5\036.png'
01:37.422  render           | Saved: 'C:\Users\gil_n\Documents\GitHub\Godot-game-development-codex\build\melee_trail_review\measured_dense\knife_heavy\knife\202.5\037.png'
01:37.578  render           | Saved: 'C:\Users\gil_n\Documents\GitHub\Godot-game-development-codex\build\melee_trail_review\measured_dense\knife_heavy\knife\202.5\038.png'
01:37.718  render           | Saved: 'C:\Users\gil_n\Documents\GitHub\Godot-game-development-codex\build\melee_trail_review\measured_dense\knife_heavy\knife\202.5\039.png'
01:37.875  render           | Saved: 'C:\Users\gil_n\Documents\GitHub\Godot-game-development-codex\build\melee_trail_review\measured_dense\knife_heavy\knife\202.5\040.png'
01:38.015  render           | Saved: 'C:\Users\gil_n\Documents\GitHub\Godot-game-development-codex\build\melee_trail_review\measured_dense\knife_heavy\knife\202.5\041.png'
01:38.172  render           | Saved: 'C:\Users\gil_n\Documents\GitHub\Godot-game-development-codex\build\melee_trail_review\measured_dense\knife_heavy\knife\202.5\042.png'
01:38.328  render           | Saved: 'C:\Users\gil_n\Documents\GitHub\Godot-game-development-codex\build\melee_trail_review\measured_dense\knife_heavy\knife\202.5\043.png'
01:38.468  render           | Saved: 'C:\Users\gil_n\Documents\GitHub\Godot-game-development-codex\build\melee_trail_review\measured_dense\knife_heavy\knife\202.5\044.png'
01:38.625  render           | Saved: 'C:\Users\gil_n\Documents\GitHub\Godot-game-development-codex\build\melee_trail_review\measured_dense\knife_heavy\knife\202.5\045.png'
01:38.765  render           | Saved: 'C:\Users\gil_n\Documents\GitHub\Godot-game-development-codex\build\melee_trail_review\measured_dense\knife_heavy\knife\202.5\046.png'
01:38.922  render           | Saved: 'C:\Users\gil_n\Documents\GitHub\Godot-game-development-codex\build\melee_trail_review\measured_dense\knife_heavy\knife\202.5\047.png'
01:39.062  render           | Saved: 'C:\Users\gil_n\Documents\GitHub\Godot-game-development-codex\build\melee_trail_review\measured_dense\knife_heavy\knife\202.5\048.png'
01:39.218  render           | Saved: 'C:\Users\gil_n\Documents\GitHub\Godot-game-development-codex\build\melee_trail_review\measured_dense\knife_heavy\knife\202.5\049.png'
01:39.375  render           | Saved: 'C:\Users\gil_n\Documents\GitHub\Godot-game-development-codex\build\melee_trail_review\measured_dense\knife_heavy\knife\202.5\050.png'
01:39.515  render           | Saved: 'C:\Users\gil_n\Documents\GitHub\Godot-game-development-codex\build\melee_trail_review\measured_dense\knife_heavy\knife\202.5\051.png'
01:39.672  render           | Saved: 'C:\Users\gil_n\Documents\GitHub\Godot-game-development-codex\build\melee_trail_review\measured_dense\knife_heavy\knife\202.5\052.png'
01:39.828  render           | Saved: 'C:\Users\gil_n\Documents\GitHub\Godot-game-development-codex\build\melee_trail_review\measured_dense\knife_heavy\knife\202.5\053.png'
01:39.968  render           | Saved: 'C:\Users\gil_n\Documents\GitHub\Godot-game-development-codex\build\melee_trail_review\measured_dense\knife_heavy\knife\202.5\054.png'
01:40.125  render           | Saved: 'C:\Users\gil_n\Documents\GitHub\Godot-game-development-codex\build\melee_trail_review\measured_dense\knife_heavy\knife\202.5\055.png'
01:40.281  render           | Saved: 'C:\Users\gil_n\Documents\GitHub\Godot-game-development-codex\build\melee_trail_review\measured_dense\knife_heavy\knife\202.5\056.png'
01:40.422  render           | Saved: 'C:\Users\gil_n\Documents\GitHub\Godot-game-development-codex\build\melee_trail_review\measured_dense\knife_heavy\knife\202.5\057.png'
01:40.578  render           | Saved: 'C:\Users\gil_n\Documents\GitHub\Godot-game-development-codex\build\melee_trail_review\measured_dense\knife_heavy\knife\202.5\058.png'
01:40.718  render           | Saved: 'C:\Users\gil_n\Documents\GitHub\Godot-game-development-codex\build\melee_trail_review\measured_dense\knife_heavy\knife\202.5\059.png'
01:40.875  render           | Saved: 'C:\Users\gil_n\Documents\GitHub\Godot-game-development-codex\build\melee_trail_review\measured_dense\knife_heavy\knife\202.5\060.png'
01:41.015  render           | Saved: 'C:\Users\gil_n\Documents\GitHub\Godot-game-development-codex\build\melee_trail_review\measured_dense\knife_heavy\knife\202.5\061.png'
01:41.172  render           | Saved: 'C:\Users\gil_n\Documents\GitHub\Godot-game-development-codex\build\melee_trail_review\measured_dense\knife_heavy\knife\202.5\062.png'
01:41.328  render           | Saved: 'C:\Users\gil_n\Documents\GitHub\Godot-game-development-codex\build\melee_trail_review\measured_dense\knife_heavy\knife\202.5\063.png'
01:41.484  render           | Saved: 'C:\Users\gil_n\Documents\GitHub\Godot-game-development-codex\build\melee_trail_review\measured_dense\knife_heavy\knife\202.5\064.png'
01:41.640  render           | Saved: 'C:\Users\gil_n\Documents\GitHub\Godot-game-development-codex\build\melee_trail_review\measured_dense\knife_heavy\knife\225\000.png'
01:41.781  render           | Saved: 'C:\Users\gil_n\Documents\GitHub\Godot-game-development-codex\build\melee_trail_review\measured_dense\knife_heavy\knife\225\001.png'
01:41.937  render           | Saved: 'C:\Users\gil_n\Documents\GitHub\Godot-game-development-codex\build\melee_trail_review\measured_dense\knife_heavy\knife\225\002.png'
01:42.093  render           | Saved: 'C:\Users\gil_n\Documents\GitHub\Godot-game-development-codex\build\melee_trail_review\measured_dense\knife_heavy\knife\225\003.png'
01:42.234  render           | Saved: 'C:\Users\gil_n\Documents\GitHub\Godot-game-development-codex\build\melee_trail_review\measured_dense\knife_heavy\knife\225\004.png'
01:42.390  render           | Saved: 'C:\Users\gil_n\Documents\GitHub\Godot-game-development-codex\build\melee_trail_review\measured_dense\knife_heavy\knife\225\005.png'
01:42.531  render           | Saved: 'C:\Users\gil_n\Documents\GitHub\Godot-game-development-codex\build\melee_trail_review\measured_dense\knife_heavy\knife\225\006.png'
01:42.687  render           | Saved: 'C:\Users\gil_n\Documents\GitHub\Godot-game-development-codex\build\melee_trail_review\measured_dense\knife_heavy\knife\225\007.png'
01:42.828  render           | Saved: 'C:\Users\gil_n\Documents\GitHub\Godot-game-development-codex\build\melee_trail_review\measured_dense\knife_heavy\knife\225\008.png'
01:42.984  render           | Saved: 'C:\Users\gil_n\Documents\GitHub\Godot-game-development-codex\build\melee_trail_review\measured_dense\knife_heavy\knife\225\009.png'
01:43.140  render           | Saved: 'C:\Users\gil_n\Documents\GitHub\Godot-game-development-codex\build\melee_trail_review\measured_dense\knife_heavy\knife\225\010.png'
01:43.281  render           | Saved: 'C:\Users\gil_n\Documents\GitHub\Godot-game-development-codex\build\melee_trail_review\measured_dense\knife_heavy\knife\225\011.png'
01:43.437  render           | Saved: 'C:\Users\gil_n\Documents\GitHub\Godot-game-development-codex\build\melee_trail_review\measured_dense\knife_heavy\knife\225\012.png'
01:43.593  render           | Saved: 'C:\Users\gil_n\Documents\GitHub\Godot-game-development-codex\build\melee_trail_review\measured_dense\knife_heavy\knife\225\013.png'
01:43.750  render           | Saved: 'C:\Users\gil_n\Documents\GitHub\Godot-game-development-codex\build\melee_trail_review\measured_dense\knife_heavy\knife\225\014.png'
01:43.890  render           | Saved: 'C:\Users\gil_n\Documents\GitHub\Godot-game-development-codex\build\melee_trail_review\measured_dense\knife_heavy\knife\225\015.png'
01:44.047  render           | Saved: 'C:\Users\gil_n\Documents\GitHub\Godot-game-development-codex\build\melee_trail_review\measured_dense\knife_heavy\knife\225\016.png'
01:44.187  render           | Saved: 'C:\Users\gil_n\Documents\GitHub\Godot-game-development-codex\build\melee_trail_review\measured_dense\knife_heavy\knife\225\017.png'
01:44.343  render           | Saved: 'C:\Users\gil_n\Documents\GitHub\Godot-game-development-codex\build\melee_trail_review\measured_dense\knife_heavy\knife\225\018.png'
01:44.500  render           | Saved: 'C:\Users\gil_n\Documents\GitHub\Godot-game-development-codex\build\melee_trail_review\measured_dense\knife_heavy\knife\225\019.png'
01:44.640  render           | Saved: 'C:\Users\gil_n\Documents\GitHub\Godot-game-development-codex\build\melee_trail_review\measured_dense\knife_heavy\knife\225\020.png'
01:44.797  render           | Saved: 'C:\Users\gil_n\Documents\GitHub\Godot-game-development-codex\build\melee_trail_review\measured_dense\knife_heavy\knife\225\021.png'
01:44.937  render           | Saved: 'C:\Users\gil_n\Documents\GitHub\Godot-game-development-codex\build\melee_trail_review\measured_dense\knife_heavy\knife\225\022.png'
01:45.093  render           | Saved: 'C:\Users\gil_n\Documents\GitHub\Godot-game-development-codex\build\melee_trail_review\measured_dense\knife_heavy\knife\225\023.png'
01:45.234  render           | Saved: 'C:\Users\gil_n\Documents\GitHub\Godot-game-development-codex\build\melee_trail_review\measured_dense\knife_heavy\knife\225\024.png'
01:45.390  render           | Saved: 'C:\Users\gil_n\Documents\GitHub\Godot-game-development-codex\build\melee_trail_review\measured_dense\knife_heavy\knife\225\025.png'
01:45.531  render           | Saved: 'C:\Users\gil_n\Documents\GitHub\Godot-game-development-codex\build\melee_trail_review\measured_dense\knife_heavy\knife\225\026.png'
01:45.687  render           | Saved: 'C:\Users\gil_n\Documents\GitHub\Godot-game-development-codex\build\melee_trail_review\measured_dense\knife_heavy\knife\225\027.png'
01:45.843  render           | Saved: 'C:\Users\gil_n\Documents\GitHub\Godot-game-development-codex\build\melee_trail_review\measured_dense\knife_heavy\knife\225\028.png'
01:45.984  render           | Saved: 'C:\Users\gil_n\Documents\GitHub\Godot-game-development-codex\build\melee_trail_review\measured_dense\knife_heavy\knife\225\029.png'
01:46.140  render           | Saved: 'C:\Users\gil_n\Documents\GitHub\Godot-game-development-codex\build\melee_trail_review\measured_dense\knife_heavy\knife\225\030.png'
01:46.281  render           | Saved: 'C:\Users\gil_n\Documents\GitHub\Godot-game-development-codex\build\melee_trail_review\measured_dense\knife_heavy\knife\225\031.png'
01:46.437  render           | Saved: 'C:\Users\gil_n\Documents\GitHub\Godot-game-development-codex\build\melee_trail_review\measured_dense\knife_heavy\knife\225\032.png'
01:46.578  render           | Saved: 'C:\Users\gil_n\Documents\GitHub\Godot-game-development-codex\build\melee_trail_review\measured_dense\knife_heavy\knife\225\033.png'
01:46.734  render           | Saved: 'C:\Users\gil_n\Documents\GitHub\Godot-game-development-codex\build\melee_trail_review\measured_dense\knife_heavy\knife\225\034.png'
01:46.875  render           | Saved: 'C:\Users\gil_n\Documents\GitHub\Godot-game-development-codex\build\melee_trail_review\measured_dense\knife_heavy\knife\225\035.png'
01:47.031  render           | Saved: 'C:\Users\gil_n\Documents\GitHub\Godot-game-development-codex\build\melee_trail_review\measured_dense\knife_heavy\knife\225\036.png'
01:47.187  render           | Saved: 'C:\Users\gil_n\Documents\GitHub\Godot-game-development-codex\build\melee_trail_review\measured_dense\knife_heavy\knife\225\037.png'
01:47.343  render           | Saved: 'C:\Users\gil_n\Documents\GitHub\Godot-game-development-codex\build\melee_trail_review\measured_dense\knife_heavy\knife\225\038.png'
01:47.484  render           | Saved: 'C:\Users\gil_n\Documents\GitHub\Godot-game-development-codex\build\melee_trail_review\measured_dense\knife_heavy\knife\225\039.png'
01:47.640  render           | Saved: 'C:\Users\gil_n\Documents\GitHub\Godot-game-development-codex\build\melee_trail_review\measured_dense\knife_heavy\knife\225\040.png'
01:47.797  render           | Saved: 'C:\Users\gil_n\Documents\GitHub\Godot-game-development-codex\build\melee_trail_review\measured_dense\knife_heavy\knife\225\041.png'
01:47.953  render           | Saved: 'C:\Users\gil_n\Documents\GitHub\Godot-game-development-codex\build\melee_trail_review\measured_dense\knife_heavy\knife\225\042.png'
01:48.109  render           | Saved: 'C:\Users\gil_n\Documents\GitHub\Godot-game-development-codex\build\melee_trail_review\measured_dense\knife_heavy\knife\225\043.png'
01:48.265  render           | Saved: 'C:\Users\gil_n\Documents\GitHub\Godot-game-development-codex\build\melee_trail_review\measured_dense\knife_heavy\knife\225\044.png'
01:48.422  render           | Saved: 'C:\Users\gil_n\Documents\GitHub\Godot-game-development-codex\build\melee_trail_review\measured_dense\knife_heavy\knife\225\045.png'
01:48.578  render           | Saved: 'C:\Users\gil_n\Documents\GitHub\Godot-game-development-codex\build\melee_trail_review\measured_dense\knife_heavy\knife\225\046.png'
01:48.734  render           | Saved: 'C:\Users\gil_n\Documents\GitHub\Godot-game-development-codex\build\melee_trail_review\measured_dense\knife_heavy\knife\225\047.png'
01:48.890  render           | Saved: 'C:\Users\gil_n\Documents\GitHub\Godot-game-development-codex\build\melee_trail_review\measured_dense\knife_heavy\knife\225\048.png'
01:49.047  render           | Saved: 'C:\Users\gil_n\Documents\GitHub\Godot-game-development-codex\build\melee_trail_review\measured_dense\knife_heavy\knife\225\049.png'
01:49.187  render           | Saved: 'C:\Users\gil_n\Documents\GitHub\Godot-game-development-codex\build\melee_trail_review\measured_dense\knife_heavy\knife\225\050.png'
01:49.343  render           | Saved: 'C:\Users\gil_n\Documents\GitHub\Godot-game-development-codex\build\melee_trail_review\measured_dense\knife_heavy\knife\225\051.png'
01:49.500  render           | Saved: 'C:\Users\gil_n\Documents\GitHub\Godot-game-development-codex\build\melee_trail_review\measured_dense\knife_heavy\knife\225\052.png'
01:49.640  render           | Saved: 'C:\Users\gil_n\Documents\GitHub\Godot-game-development-codex\build\melee_trail_review\measured_dense\knife_heavy\knife\225\053.png'
01:49.797  render           | Saved: 'C:\Users\gil_n\Documents\GitHub\Godot-game-development-codex\build\melee_trail_review\measured_dense\knife_heavy\knife\225\054.png'
01:49.953  render           | Saved: 'C:\Users\gil_n\Documents\GitHub\Godot-game-development-codex\build\melee_trail_review\measured_dense\knife_heavy\knife\225\055.png'
01:50.109  render           | Saved: 'C:\Users\gil_n\Documents\GitHub\Godot-game-development-codex\build\melee_trail_review\measured_dense\knife_heavy\knife\225\056.png'
01:50.250  render           | Saved: 'C:\Users\gil_n\Documents\GitHub\Godot-game-development-codex\build\melee_trail_review\measured_dense\knife_heavy\knife\225\057.png'
01:50.406  render           | Saved: 'C:\Users\gil_n\Documents\GitHub\Godot-game-development-codex\build\melee_trail_review\measured_dense\knife_heavy\knife\225\058.png'
01:50.547  render           | Saved: 'C:\Users\gil_n\Documents\GitHub\Godot-game-development-codex\build\melee_trail_review\measured_dense\knife_heavy\knife\225\059.png'
01:50.703  render           | Saved: 'C:\Users\gil_n\Documents\GitHub\Godot-game-development-codex\build\melee_trail_review\measured_dense\knife_heavy\knife\225\060.png'
01:50.859  render           | Saved: 'C:\Users\gil_n\Documents\GitHub\Godot-game-development-codex\build\melee_trail_review\measured_dense\knife_heavy\knife\225\061.png'
01:51.000  render           | Saved: 'C:\Users\gil_n\Documents\GitHub\Godot-game-development-codex\build\melee_trail_review\measured_dense\knife_heavy\knife\225\062.png'
01:51.156  render           | Saved: 'C:\Users\gil_n\Documents\GitHub\Godot-game-development-codex\build\melee_trail_review\measured_dense\knife_heavy\knife\225\063.png'
01:51.312  render           | Saved: 'C:\Users\gil_n\Documents\GitHub\Godot-game-development-codex\build\melee_trail_review\measured_dense\knife_heavy\knife\225\064.png'
01:51.468  render           | Saved: 'C:\Users\gil_n\Documents\GitHub\Godot-game-development-codex\build\melee_trail_review\measured_dense\knife_heavy\knife\247.5\000.png'
01:51.609  render           | Saved: 'C:\Users\gil_n\Documents\GitHub\Godot-game-development-codex\build\melee_trail_review\measured_dense\knife_heavy\knife\247.5\001.png'
01:51.765  render           | Saved: 'C:\Users\gil_n\Documents\GitHub\Godot-game-development-codex\build\melee_trail_review\measured_dense\knife_heavy\knife\247.5\002.png'
01:51.906  render           | Saved: 'C:\Users\gil_n\Documents\GitHub\Godot-game-development-codex\build\melee_trail_review\measured_dense\knife_heavy\knife\247.5\003.png'
01:52.062  render           | Saved: 'C:\Users\gil_n\Documents\GitHub\Godot-game-development-codex\build\melee_trail_review\measured_dense\knife_heavy\knife\247.5\004.png'
01:52.218  render           | Saved: 'C:\Users\gil_n\Documents\GitHub\Godot-game-development-codex\build\melee_trail_review\measured_dense\knife_heavy\knife\247.5\005.png'
01:52.359  render           | Saved: 'C:\Users\gil_n\Documents\GitHub\Godot-game-development-codex\build\melee_trail_review\measured_dense\knife_heavy\knife\247.5\006.png'
01:52.515  render           | Saved: 'C:\Users\gil_n\Documents\GitHub\Godot-game-development-codex\build\melee_trail_review\measured_dense\knife_heavy\knife\247.5\007.png'
01:52.672  render           | Saved: 'C:\Users\gil_n\Documents\GitHub\Godot-game-development-codex\build\melee_trail_review\measured_dense\knife_heavy\knife\247.5\008.png'
01:52.812  render           | Saved: 'C:\Users\gil_n\Documents\GitHub\Godot-game-development-codex\build\melee_trail_review\measured_dense\knife_heavy\knife\247.5\009.png'
01:52.968  render           | Saved: 'C:\Users\gil_n\Documents\GitHub\Godot-game-development-codex\build\melee_trail_review\measured_dense\knife_heavy\knife\247.5\010.png'
01:53.125  render           | Saved: 'C:\Users\gil_n\Documents\GitHub\Godot-game-development-codex\build\melee_trail_review\measured_dense\knife_heavy\knife\247.5\011.png'
01:53.265  render           | Saved: 'C:\Users\gil_n\Documents\GitHub\Godot-game-development-codex\build\melee_trail_review\measured_dense\knife_heavy\knife\247.5\012.png'
01:53.422  render           | Saved: 'C:\Users\gil_n\Documents\GitHub\Godot-game-development-codex\build\melee_trail_review\measured_dense\knife_heavy\knife\247.5\013.png'
01:53.578  render           | Saved: 'C:\Users\gil_n\Documents\GitHub\Godot-game-development-codex\build\melee_trail_review\measured_dense\knife_heavy\knife\247.5\014.png'
01:53.718  render           | Saved: 'C:\Users\gil_n\Documents\GitHub\Godot-game-development-codex\build\melee_trail_review\measured_dense\knife_heavy\knife\247.5\015.png'
01:53.875  render           | Saved: 'C:\Users\gil_n\Documents\GitHub\Godot-game-development-codex\build\melee_trail_review\measured_dense\knife_heavy\knife\247.5\016.png'
01:54.015  render           | Saved: 'C:\Users\gil_n\Documents\GitHub\Godot-game-development-codex\build\melee_trail_review\measured_dense\knife_heavy\knife\247.5\017.png'
01:54.172  render           | Saved: 'C:\Users\gil_n\Documents\GitHub\Godot-game-development-codex\build\melee_trail_review\measured_dense\knife_heavy\knife\247.5\018.png'
01:54.328  render           | Saved: 'C:\Users\gil_n\Documents\GitHub\Godot-game-development-codex\build\melee_trail_review\measured_dense\knife_heavy\knife\247.5\019.png'
01:54.484  render           | Saved: 'C:\Users\gil_n\Documents\GitHub\Godot-game-development-codex\build\melee_trail_review\measured_dense\knife_heavy\knife\247.5\020.png'
01:54.625  render           | Saved: 'C:\Users\gil_n\Documents\GitHub\Godot-game-development-codex\build\melee_trail_review\measured_dense\knife_heavy\knife\247.5\021.png'
01:54.781  render           | Saved: 'C:\Users\gil_n\Documents\GitHub\Godot-game-development-codex\build\melee_trail_review\measured_dense\knife_heavy\knife\247.5\022.png'
01:54.937  render           | Saved: 'C:\Users\gil_n\Documents\GitHub\Godot-game-development-codex\build\melee_trail_review\measured_dense\knife_heavy\knife\247.5\023.png'
01:55.078  render           | Saved: 'C:\Users\gil_n\Documents\GitHub\Godot-game-development-codex\build\melee_trail_review\measured_dense\knife_heavy\knife\247.5\024.png'
01:55.234  render           | Saved: 'C:\Users\gil_n\Documents\GitHub\Godot-game-development-codex\build\melee_trail_review\measured_dense\knife_heavy\knife\247.5\025.png'
01:55.375  render           | Saved: 'C:\Users\gil_n\Documents\GitHub\Godot-game-development-codex\build\melee_trail_review\measured_dense\knife_heavy\knife\247.5\026.png'
01:55.531  render           | Saved: 'C:\Users\gil_n\Documents\GitHub\Godot-game-development-codex\build\melee_trail_review\measured_dense\knife_heavy\knife\247.5\027.png'
01:55.687  render           | Saved: 'C:\Users\gil_n\Documents\GitHub\Godot-game-development-codex\build\melee_trail_review\measured_dense\knife_heavy\knife\247.5\028.png'
01:55.828  render           | Saved: 'C:\Users\gil_n\Documents\GitHub\Godot-game-development-codex\build\melee_trail_review\measured_dense\knife_heavy\knife\247.5\029.png'
01:55.984  render           | Saved: 'C:\Users\gil_n\Documents\GitHub\Godot-game-development-codex\build\melee_trail_review\measured_dense\knife_heavy\knife\247.5\030.png'
01:56.125  render           | Saved: 'C:\Users\gil_n\Documents\GitHub\Godot-game-development-codex\build\melee_trail_review\measured_dense\knife_heavy\knife\247.5\031.png'
01:56.281  render           | Saved: 'C:\Users\gil_n\Documents\GitHub\Godot-game-development-codex\build\melee_trail_review\measured_dense\knife_heavy\knife\247.5\032.png'
01:56.437  render           | Saved: 'C:\Users\gil_n\Documents\GitHub\Godot-game-development-codex\build\melee_trail_review\measured_dense\knife_heavy\knife\247.5\033.png'
01:56.578  render           | Saved: 'C:\Users\gil_n\Documents\GitHub\Godot-game-development-codex\build\melee_trail_review\measured_dense\knife_heavy\knife\247.5\034.png'
01:56.734  render           | Saved: 'C:\Users\gil_n\Documents\GitHub\Godot-game-development-codex\build\melee_trail_review\measured_dense\knife_heavy\knife\247.5\035.png'
01:56.875  render           | Saved: 'C:\Users\gil_n\Documents\GitHub\Godot-game-development-codex\build\melee_trail_review\measured_dense\knife_heavy\knife\247.5\036.png'
01:57.031  render           | Saved: 'C:\Users\gil_n\Documents\GitHub\Godot-game-development-codex\build\melee_trail_review\measured_dense\knife_heavy\knife\247.5\037.png'
01:57.203  render           | Saved: 'C:\Users\gil_n\Documents\GitHub\Godot-game-development-codex\build\melee_trail_review\measured_dense\knife_heavy\knife\247.5\038.png'
01:57.343  render           | Saved: 'C:\Users\gil_n\Documents\GitHub\Godot-game-development-codex\build\melee_trail_review\measured_dense\knife_heavy\knife\247.5\039.png'
01:57.500  render           | Saved: 'C:\Users\gil_n\Documents\GitHub\Godot-game-development-codex\build\melee_trail_review\measured_dense\knife_heavy\knife\247.5\040.png'
01:57.656  render           | Saved: 'C:\Users\gil_n\Documents\GitHub\Godot-game-development-codex\build\melee_trail_review\measured_dense\knife_heavy\knife\247.5\041.png'
01:57.797  render           | Saved: 'C:\Users\gil_n\Documents\GitHub\Godot-game-development-codex\build\melee_trail_review\measured_dense\knife_heavy\knife\247.5\042.png'
01:57.953  render           | Saved: 'C:\Users\gil_n\Documents\GitHub\Godot-game-development-codex\build\melee_trail_review\measured_dense\knife_heavy\knife\247.5\043.png'
01:58.093  render           | Saved: 'C:\Users\gil_n\Documents\GitHub\Godot-game-development-codex\build\melee_trail_review\measured_dense\knife_heavy\knife\247.5\044.png'
01:58.250  render           | Saved: 'C:\Users\gil_n\Documents\GitHub\Godot-game-development-codex\build\melee_trail_review\measured_dense\knife_heavy\knife\247.5\045.png'
01:58.406  render           | Saved: 'C:\Users\gil_n\Documents\GitHub\Godot-game-development-codex\build\melee_trail_review\measured_dense\knife_heavy\knife\247.5\046.png'
01:58.547  render           | Saved: 'C:\Users\gil_n\Documents\GitHub\Godot-game-development-codex\build\melee_trail_review\measured_dense\knife_heavy\knife\247.5\047.png'
01:58.703  render           | Saved: 'C:\Users\gil_n\Documents\GitHub\Godot-game-development-codex\build\melee_trail_review\measured_dense\knife_heavy\knife\247.5\048.png'
01:58.859  render           | Saved: 'C:\Users\gil_n\Documents\GitHub\Godot-game-development-codex\build\melee_trail_review\measured_dense\knife_heavy\knife\247.5\049.png'
01:59.000  render           | Saved: 'C:\Users\gil_n\Documents\GitHub\Godot-game-development-codex\build\melee_trail_review\measured_dense\knife_heavy\knife\247.5\050.png'
01:59.156  render           | Saved: 'C:\Users\gil_n\Documents\GitHub\Godot-game-development-codex\build\melee_trail_review\measured_dense\knife_heavy\knife\247.5\051.png'
01:59.312  render           | Saved: 'C:\Users\gil_n\Documents\GitHub\Godot-game-development-codex\build\melee_trail_review\measured_dense\knife_heavy\knife\247.5\052.png'
01:59.468  render           | Saved: 'C:\Users\gil_n\Documents\GitHub\Godot-game-development-codex\build\melee_trail_review\measured_dense\knife_heavy\knife\247.5\053.png'
01:59.609  render           | Saved: 'C:\Users\gil_n\Documents\GitHub\Godot-game-development-codex\build\melee_trail_review\measured_dense\knife_heavy\knife\247.5\054.png'
01:59.765  render           | Saved: 'C:\Users\gil_n\Documents\GitHub\Godot-game-development-codex\build\melee_trail_review\measured_dense\knife_heavy\knife\247.5\055.png'
01:59.922  render           | Saved: 'C:\Users\gil_n\Documents\GitHub\Godot-game-development-codex\build\melee_trail_review\measured_dense\knife_heavy\knife\247.5\056.png'
02:00.062  render           | Saved: 'C:\Users\gil_n\Documents\GitHub\Godot-game-development-codex\build\melee_trail_review\measured_dense\knife_heavy\knife\247.5\057.png'
02:00.218  render           | Saved: 'C:\Users\gil_n\Documents\GitHub\Godot-game-development-codex\build\melee_trail_review\measured_dense\knife_heavy\knife\247.5\058.png'
02:00.375  render           | Saved: 'C:\Users\gil_n\Documents\GitHub\Godot-game-development-codex\build\melee_trail_review\measured_dense\knife_heavy\knife\247.5\059.png'
02:00.515  render           | Saved: 'C:\Users\gil_n\Documents\GitHub\Godot-game-development-codex\build\melee_trail_review\measured_dense\knife_heavy\knife\247.5\060.png'
02:00.672  render           | Saved: 'C:\Users\gil_n\Documents\GitHub\Godot-game-development-codex\build\melee_trail_review\measured_dense\knife_heavy\knife\247.5\061.png'
02:00.828  render           | Saved: 'C:\Users\gil_n\Documents\GitHub\Godot-game-development-codex\build\melee_trail_review\measured_dense\knife_heavy\knife\247.5\062.png'
02:00.968  render           | Saved: 'C:\Users\gil_n\Documents\GitHub\Godot-game-development-codex\build\melee_trail_review\measured_dense\knife_heavy\knife\247.5\063.png'
02:01.125  render           | Saved: 'C:\Users\gil_n\Documents\GitHub\Godot-game-development-codex\build\melee_trail_review\measured_dense\knife_heavy\knife\247.5\064.png'
02:01.281  render           | Saved: 'C:\Users\gil_n\Documents\GitHub\Godot-game-development-codex\build\melee_trail_review\measured_dense\knife_heavy\knife\270\000.png'
02:01.437  render           | Saved: 'C:\Users\gil_n\Documents\GitHub\Godot-game-development-codex\build\melee_trail_review\measured_dense\knife_heavy\knife\270\001.png'
02:01.578  render           | Saved: 'C:\Users\gil_n\Documents\GitHub\Godot-game-development-codex\build\melee_trail_review\measured_dense\knife_heavy\knife\270\002.png'
02:01.734  render           | Saved: 'C:\Users\gil_n\Documents\GitHub\Godot-game-development-codex\build\melee_trail_review\measured_dense\knife_heavy\knife\270\003.png'
02:01.875  render           | Saved: 'C:\Users\gil_n\Documents\GitHub\Godot-game-development-codex\build\melee_trail_review\measured_dense\knife_heavy\knife\270\004.png'
02:02.031  render           | Saved: 'C:\Users\gil_n\Documents\GitHub\Godot-game-development-codex\build\melee_trail_review\measured_dense\knife_heavy\knife\270\005.png'
02:02.172  render           | Saved: 'C:\Users\gil_n\Documents\GitHub\Godot-game-development-codex\build\melee_trail_review\measured_dense\knife_heavy\knife\270\006.png'
02:02.328  render           | Saved: 'C:\Users\gil_n\Documents\GitHub\Godot-game-development-codex\build\melee_trail_review\measured_dense\knife_heavy\knife\270\007.png'
02:02.484  render           | Saved: 'C:\Users\gil_n\Documents\GitHub\Godot-game-development-codex\build\melee_trail_review\measured_dense\knife_heavy\knife\270\008.png'
02:02.625  render           | Saved: 'C:\Users\gil_n\Documents\GitHub\Godot-game-development-codex\build\melee_trail_review\measured_dense\knife_heavy\knife\270\009.png'
02:02.781  render           | Saved: 'C:\Users\gil_n\Documents\GitHub\Godot-game-development-codex\build\melee_trail_review\measured_dense\knife_heavy\knife\270\010.png'
02:02.937  render           | Saved: 'C:\Users\gil_n\Documents\GitHub\Godot-game-development-codex\build\melee_trail_review\measured_dense\knife_heavy\knife\270\011.png'
02:03.078  render           | Saved: 'C:\Users\gil_n\Documents\GitHub\Godot-game-development-codex\build\melee_trail_review\measured_dense\knife_heavy\knife\270\012.png'
02:03.234  render           | Saved: 'C:\Users\gil_n\Documents\GitHub\Godot-game-development-codex\build\melee_trail_review\measured_dense\knife_heavy\knife\270\013.png'
02:03.390  render           | Saved: 'C:\Users\gil_n\Documents\GitHub\Godot-game-development-codex\build\melee_trail_review\measured_dense\knife_heavy\knife\270\014.png'
02:03.531  render           | Saved: 'C:\Users\gil_n\Documents\GitHub\Godot-game-development-codex\build\melee_trail_review\measured_dense\knife_heavy\knife\270\015.png'
02:03.687  render           | Saved: 'C:\Users\gil_n\Documents\GitHub\Godot-game-development-codex\build\melee_trail_review\measured_dense\knife_heavy\knife\270\016.png'
02:03.843  render           | Saved: 'C:\Users\gil_n\Documents\GitHub\Godot-game-development-codex\build\melee_trail_review\measured_dense\knife_heavy\knife\270\017.png'
02:03.984  render           | Saved: 'C:\Users\gil_n\Documents\GitHub\Godot-game-development-codex\build\melee_trail_review\measured_dense\knife_heavy\knife\270\018.png'
02:04.140  render           | Saved: 'C:\Users\gil_n\Documents\GitHub\Godot-game-development-codex\build\melee_trail_review\measured_dense\knife_heavy\knife\270\019.png'
02:04.297  render           | Saved: 'C:\Users\gil_n\Documents\GitHub\Godot-game-development-codex\build\melee_trail_review\measured_dense\knife_heavy\knife\270\020.png'
02:04.437  render           | Saved: 'C:\Users\gil_n\Documents\GitHub\Godot-game-development-codex\build\melee_trail_review\measured_dense\knife_heavy\knife\270\021.png'
02:04.593  render           | Saved: 'C:\Users\gil_n\Documents\GitHub\Godot-game-development-codex\build\melee_trail_review\measured_dense\knife_heavy\knife\270\022.png'
02:04.734  render           | Saved: 'C:\Users\gil_n\Documents\GitHub\Godot-game-development-codex\build\melee_trail_review\measured_dense\knife_heavy\knife\270\023.png'
02:04.890  render           | Saved: 'C:\Users\gil_n\Documents\GitHub\Godot-game-development-codex\build\melee_trail_review\measured_dense\knife_heavy\knife\270\024.png'
02:05.031  render           | Saved: 'C:\Users\gil_n\Documents\GitHub\Godot-game-development-codex\build\melee_trail_review\measured_dense\knife_heavy\knife\270\025.png'
02:05.187  render           | Saved: 'C:\Users\gil_n\Documents\GitHub\Godot-game-development-codex\build\melee_trail_review\measured_dense\knife_heavy\knife\270\026.png'
02:05.343  render           | Saved: 'C:\Users\gil_n\Documents\GitHub\Godot-game-development-codex\build\melee_trail_review\measured_dense\knife_heavy\knife\270\027.png'
02:05.484  render           | Saved: 'C:\Users\gil_n\Documents\GitHub\Godot-game-development-codex\build\melee_trail_review\measured_dense\knife_heavy\knife\270\028.png'
02:05.656  render           | Saved: 'C:\Users\gil_n\Documents\GitHub\Godot-game-development-codex\build\melee_trail_review\measured_dense\knife_heavy\knife\270\029.png'
02:05.812  render           | Saved: 'C:\Users\gil_n\Documents\GitHub\Godot-game-development-codex\build\melee_trail_review\measured_dense\knife_heavy\knife\270\030.png'
02:05.984  render           | Saved: 'C:\Users\gil_n\Documents\GitHub\Godot-game-development-codex\build\melee_trail_review\measured_dense\knife_heavy\knife\270\031.png'
02:06.125  render           | Saved: 'C:\Users\gil_n\Documents\GitHub\Godot-game-development-codex\build\melee_trail_review\measured_dense\knife_heavy\knife\270\032.png'
02:06.281  render           | Saved: 'C:\Users\gil_n\Documents\GitHub\Godot-game-development-codex\build\melee_trail_review\measured_dense\knife_heavy\knife\270\033.png'
02:06.437  render           | Saved: 'C:\Users\gil_n\Documents\GitHub\Godot-game-development-codex\build\melee_trail_review\measured_dense\knife_heavy\knife\270\034.png'
02:06.593  render           | Saved: 'C:\Users\gil_n\Documents\GitHub\Godot-game-development-codex\build\melee_trail_review\measured_dense\knife_heavy\knife\270\035.png'
02:06.750  render           | Saved: 'C:\Users\gil_n\Documents\GitHub\Godot-game-development-codex\build\melee_trail_review\measured_dense\knife_heavy\knife\270\036.png'
02:06.890  render           | Saved: 'C:\Users\gil_n\Documents\GitHub\Godot-game-development-codex\build\melee_trail_review\measured_dense\knife_heavy\knife\270\037.png'
02:07.047  render           | Saved: 'C:\Users\gil_n\Documents\GitHub\Godot-game-development-codex\build\melee_trail_review\measured_dense\knife_heavy\knife\270\038.png'
02:07.203  render           | Saved: 'C:\Users\gil_n\Documents\GitHub\Godot-game-development-codex\build\melee_trail_review\measured_dense\knife_heavy\knife\270\039.png'
02:07.343  render           | Saved: 'C:\Users\gil_n\Documents\GitHub\Godot-game-development-codex\build\melee_trail_review\measured_dense\knife_heavy\knife\270\040.png'
02:07.500  render           | Saved: 'C:\Users\gil_n\Documents\GitHub\Godot-game-development-codex\build\melee_trail_review\measured_dense\knife_heavy\knife\270\041.png'
02:07.656  render           | Saved: 'C:\Users\gil_n\Documents\GitHub\Godot-game-development-codex\build\melee_trail_review\measured_dense\knife_heavy\knife\270\042.png'
02:07.797  render           | Saved: 'C:\Users\gil_n\Documents\GitHub\Godot-game-development-codex\build\melee_trail_review\measured_dense\knife_heavy\knife\270\043.png'
02:07.953  render           | Saved: 'C:\Users\gil_n\Documents\GitHub\Godot-game-development-codex\build\melee_trail_review\measured_dense\knife_heavy\knife\270\044.png'
02:08.093  render           | Saved: 'C:\Users\gil_n\Documents\GitHub\Godot-game-development-codex\build\melee_trail_review\measured_dense\knife_heavy\knife\270\045.png'
02:08.250  render           | Saved: 'C:\Users\gil_n\Documents\GitHub\Godot-game-development-codex\build\melee_trail_review\measured_dense\knife_heavy\knife\270\046.png'
02:08.406  render           | Saved: 'C:\Users\gil_n\Documents\GitHub\Godot-game-development-codex\build\melee_trail_review\measured_dense\knife_heavy\knife\270\047.png'
02:08.547  render           | Saved: 'C:\Users\gil_n\Documents\GitHub\Godot-game-development-codex\build\melee_trail_review\measured_dense\knife_heavy\knife\270\048.png'
02:08.703  render           | Saved: 'C:\Users\gil_n\Documents\GitHub\Godot-game-development-codex\build\melee_trail_review\measured_dense\knife_heavy\knife\270\049.png'
02:08.843  render           | Saved: 'C:\Users\gil_n\Documents\GitHub\Godot-game-development-codex\build\melee_trail_review\measured_dense\knife_heavy\knife\270\050.png'
02:09.000  render           | Saved: 'C:\Users\gil_n\Documents\GitHub\Godot-game-development-codex\build\melee_trail_review\measured_dense\knife_heavy\knife\270\051.png'
02:09.140  render           | Saved: 'C:\Users\gil_n\Documents\GitHub\Godot-game-development-codex\build\melee_trail_review\measured_dense\knife_heavy\knife\270\052.png'
02:09.297  render           | Saved: 'C:\Users\gil_n\Documents\GitHub\Godot-game-development-codex\build\melee_trail_review\measured_dense\knife_heavy\knife\270\053.png'
02:09.437  render           | Saved: 'C:\Users\gil_n\Documents\GitHub\Godot-game-development-codex\build\melee_trail_review\measured_dense\knife_heavy\knife\270\054.png'
02:09.593  render           | Saved: 'C:\Users\gil_n\Documents\GitHub\Godot-game-development-codex\build\melee_trail_review\measured_dense\knife_heavy\knife\270\055.png'
02:09.750  render           | Saved: 'C:\Users\gil_n\Documents\GitHub\Godot-game-development-codex\build\melee_trail_review\measured_dense\knife_heavy\knife\270\056.png'
02:09.890  render           | Saved: 'C:\Users\gil_n\Documents\GitHub\Godot-game-development-codex\build\melee_trail_review\measured_dense\knife_heavy\knife\270\057.png'
02:10.047  render           | Saved: 'C:\Users\gil_n\Documents\GitHub\Godot-game-development-codex\build\melee_trail_review\measured_dense\knife_heavy\knife\270\058.png'
02:10.187  render           | Saved: 'C:\Users\gil_n\Documents\GitHub\Godot-game-development-codex\build\melee_trail_review\measured_dense\knife_heavy\knife\270\059.png'
02:10.343  render           | Saved: 'C:\Users\gil_n\Documents\GitHub\Godot-game-development-codex\build\melee_trail_review\measured_dense\knife_heavy\knife\270\060.png'
02:10.500  render           | Saved: 'C:\Users\gil_n\Documents\GitHub\Godot-game-development-codex\build\melee_trail_review\measured_dense\knife_heavy\knife\270\061.png'
02:10.656  render           | Saved: 'C:\Users\gil_n\Documents\GitHub\Godot-game-development-codex\build\melee_trail_review\measured_dense\knife_heavy\knife\270\062.png'
02:10.797  render           | Saved: 'C:\Users\gil_n\Documents\GitHub\Godot-game-development-codex\build\melee_trail_review\measured_dense\knife_heavy\knife\270\063.png'
02:10.953  render           | Saved: 'C:\Users\gil_n\Documents\GitHub\Godot-game-development-codex\build\melee_trail_review\measured_dense\knife_heavy\knife\270\064.png'
02:11.109  render           | Saved: 'C:\Users\gil_n\Documents\GitHub\Godot-game-development-codex\build\melee_trail_review\measured_dense\knife_heavy\knife\292.5\000.png'
02:11.265  render           | Saved: 'C:\Users\gil_n\Documents\GitHub\Godot-game-development-codex\build\melee_trail_review\measured_dense\knife_heavy\knife\292.5\001.png'
02:11.422  render           | Saved: 'C:\Users\gil_n\Documents\GitHub\Godot-game-development-codex\build\melee_trail_review\measured_dense\knife_heavy\knife\292.5\002.png'
02:11.562  render           | Saved: 'C:\Users\gil_n\Documents\GitHub\Godot-game-development-codex\build\melee_trail_review\measured_dense\knife_heavy\knife\292.5\003.png'
02:11.718  render           | Saved: 'C:\Users\gil_n\Documents\GitHub\Godot-game-development-codex\build\melee_trail_review\measured_dense\knife_heavy\knife\292.5\004.png'
02:11.875  render           | Saved: 'C:\Users\gil_n\Documents\GitHub\Godot-game-development-codex\build\melee_trail_review\measured_dense\knife_heavy\knife\292.5\005.png'
02:12.015  render           | Saved: 'C:\Users\gil_n\Documents\GitHub\Godot-game-development-codex\build\melee_trail_review\measured_dense\knife_heavy\knife\292.5\006.png'
02:12.172  render           | Saved: 'C:\Users\gil_n\Documents\GitHub\Godot-game-development-codex\build\melee_trail_review\measured_dense\knife_heavy\knife\292.5\007.png'
02:12.328  render           | Saved: 'C:\Users\gil_n\Documents\GitHub\Godot-game-development-codex\build\melee_trail_review\measured_dense\knife_heavy\knife\292.5\008.png'
02:12.484  render           | Saved: 'C:\Users\gil_n\Documents\GitHub\Godot-game-development-codex\build\melee_trail_review\measured_dense\knife_heavy\knife\292.5\009.png'
02:12.625  render           | Saved: 'C:\Users\gil_n\Documents\GitHub\Godot-game-development-codex\build\melee_trail_review\measured_dense\knife_heavy\knife\292.5\010.png'
02:12.781  render           | Saved: 'C:\Users\gil_n\Documents\GitHub\Godot-game-development-codex\build\melee_trail_review\measured_dense\knife_heavy\knife\292.5\011.png'
02:12.937  render           | Saved: 'C:\Users\gil_n\Documents\GitHub\Godot-game-development-codex\build\melee_trail_review\measured_dense\knife_heavy\knife\292.5\012.png'
02:13.093  render           | Saved: 'C:\Users\gil_n\Documents\GitHub\Godot-game-development-codex\build\melee_trail_review\measured_dense\knife_heavy\knife\292.5\013.png'
02:13.234  render           | Saved: 'C:\Users\gil_n\Documents\GitHub\Godot-game-development-codex\build\melee_trail_review\measured_dense\knife_heavy\knife\292.5\014.png'
02:13.390  render           | Saved: 'C:\Users\gil_n\Documents\GitHub\Godot-game-development-codex\build\melee_trail_review\measured_dense\knife_heavy\knife\292.5\015.png'
02:13.547  render           | Saved: 'C:\Users\gil_n\Documents\GitHub\Godot-game-development-codex\build\melee_trail_review\measured_dense\knife_heavy\knife\292.5\016.png'
02:13.687  render           | Saved: 'C:\Users\gil_n\Documents\GitHub\Godot-game-development-codex\build\melee_trail_review\measured_dense\knife_heavy\knife\292.5\017.png'
02:13.843  render           | Saved: 'C:\Users\gil_n\Documents\GitHub\Godot-game-development-codex\build\melee_trail_review\measured_dense\knife_heavy\knife\292.5\018.png'
02:13.984  render           | Saved: 'C:\Users\gil_n\Documents\GitHub\Godot-game-development-codex\build\melee_trail_review\measured_dense\knife_heavy\knife\292.5\019.png'
02:14.140  render           | Saved: 'C:\Users\gil_n\Documents\GitHub\Godot-game-development-codex\build\melee_trail_review\measured_dense\knife_heavy\knife\292.5\020.png'
02:14.281  render           | Saved: 'C:\Users\gil_n\Documents\GitHub\Godot-game-development-codex\build\melee_trail_review\measured_dense\knife_heavy\knife\292.5\021.png'
02:14.437  render           | Saved: 'C:\Users\gil_n\Documents\GitHub\Godot-game-development-codex\build\melee_trail_review\measured_dense\knife_heavy\knife\292.5\022.png'
02:14.593  render           | Saved: 'C:\Users\gil_n\Documents\GitHub\Godot-game-development-codex\build\melee_trail_review\measured_dense\knife_heavy\knife\292.5\023.png'
02:14.734  render           | Saved: 'C:\Users\gil_n\Documents\GitHub\Godot-game-development-codex\build\melee_trail_review\measured_dense\knife_heavy\knife\292.5\024.png'
02:14.890  render           | Saved: 'C:\Users\gil_n\Documents\GitHub\Godot-game-development-codex\build\melee_trail_review\measured_dense\knife_heavy\knife\292.5\025.png'
02:15.031  render           | Saved: 'C:\Users\gil_n\Documents\GitHub\Godot-game-development-codex\build\melee_trail_review\measured_dense\knife_heavy\knife\292.5\026.png'
02:15.187  render           | Saved: 'C:\Users\gil_n\Documents\GitHub\Godot-game-development-codex\build\melee_trail_review\measured_dense\knife_heavy\knife\292.5\027.png'
02:15.328  render           | Saved: 'C:\Users\gil_n\Documents\GitHub\Godot-game-development-codex\build\melee_trail_review\measured_dense\knife_heavy\knife\292.5\028.png'
02:15.484  render           | Saved: 'C:\Users\gil_n\Documents\GitHub\Godot-game-development-codex\build\melee_trail_review\measured_dense\knife_heavy\knife\292.5\029.png'
02:15.640  render           | Saved: 'C:\Users\gil_n\Documents\GitHub\Godot-game-development-codex\build\melee_trail_review\measured_dense\knife_heavy\knife\292.5\030.png'
02:15.781  render           | Saved: 'C:\Users\gil_n\Documents\GitHub\Godot-game-development-codex\build\melee_trail_review\measured_dense\knife_heavy\knife\292.5\031.png'
02:15.937  render           | Saved: 'C:\Users\gil_n\Documents\GitHub\Godot-game-development-codex\build\melee_trail_review\measured_dense\knife_heavy\knife\292.5\032.png'
02:16.093  render           | Saved: 'C:\Users\gil_n\Documents\GitHub\Godot-game-development-codex\build\melee_trail_review\measured_dense\knife_heavy\knife\292.5\033.png'
02:16.250  render           | Saved: 'C:\Users\gil_n\Documents\GitHub\Godot-game-development-codex\build\melee_trail_review\measured_dense\knife_heavy\knife\292.5\034.png'
02:16.406  render           | Saved: 'C:\Users\gil_n\Documents\GitHub\Godot-game-development-codex\build\melee_trail_review\measured_dense\knife_heavy\knife\292.5\035.png'
02:16.547  render           | Saved: 'C:\Users\gil_n\Documents\GitHub\Godot-game-development-codex\build\melee_trail_review\measured_dense\knife_heavy\knife\292.5\036.png'
02:16.703  render           | Saved: 'C:\Users\gil_n\Documents\GitHub\Godot-game-development-codex\build\melee_trail_review\measured_dense\knife_heavy\knife\292.5\037.png'
02:16.859  render           | Saved: 'C:\Users\gil_n\Documents\GitHub\Godot-game-development-codex\build\melee_trail_review\measured_dense\knife_heavy\knife\292.5\038.png'
02:17.000  render           | Saved: 'C:\Users\gil_n\Documents\GitHub\Godot-game-development-codex\build\melee_trail_review\measured_dense\knife_heavy\knife\292.5\039.png'
02:17.156  render           | Saved: 'C:\Users\gil_n\Documents\GitHub\Godot-game-development-codex\build\melee_trail_review\measured_dense\knife_heavy\knife\292.5\040.png'
02:17.312  render           | Saved: 'C:\Users\gil_n\Documents\GitHub\Godot-game-development-codex\build\melee_trail_review\measured_dense\knife_heavy\knife\292.5\041.png'
02:17.453  render           | Saved: 'C:\Users\gil_n\Documents\GitHub\Godot-game-development-codex\build\melee_trail_review\measured_dense\knife_heavy\knife\292.5\042.png'
02:17.609  render           | Saved: 'C:\Users\gil_n\Documents\GitHub\Godot-game-development-codex\build\melee_trail_review\measured_dense\knife_heavy\knife\292.5\043.png'
02:17.750  render           | Saved: 'C:\Users\gil_n\Documents\GitHub\Godot-game-development-codex\build\melee_trail_review\measured_dense\knife_heavy\knife\292.5\044.png'
02:17.906  render           | Saved: 'C:\Users\gil_n\Documents\GitHub\Godot-game-development-codex\build\melee_trail_review\measured_dense\knife_heavy\knife\292.5\045.png'
02:18.047  render           | Saved: 'C:\Users\gil_n\Documents\GitHub\Godot-game-development-codex\build\melee_trail_review\measured_dense\knife_heavy\knife\292.5\046.png'
02:18.203  render           | Saved: 'C:\Users\gil_n\Documents\GitHub\Godot-game-development-codex\build\melee_trail_review\measured_dense\knife_heavy\knife\292.5\047.png'
02:18.359  render           | Saved: 'C:\Users\gil_n\Documents\GitHub\Godot-game-development-codex\build\melee_trail_review\measured_dense\knife_heavy\knife\292.5\048.png'
02:18.500  render           | Saved: 'C:\Users\gil_n\Documents\GitHub\Godot-game-development-codex\build\melee_trail_review\measured_dense\knife_heavy\knife\292.5\049.png'
02:18.656  render           | Saved: 'C:\Users\gil_n\Documents\GitHub\Godot-game-development-codex\build\melee_trail_review\measured_dense\knife_heavy\knife\292.5\050.png'
02:18.812  render           | Saved: 'C:\Users\gil_n\Documents\GitHub\Godot-game-development-codex\build\melee_trail_review\measured_dense\knife_heavy\knife\292.5\051.png'
02:18.953  render           | Saved: 'C:\Users\gil_n\Documents\GitHub\Godot-game-development-codex\build\melee_trail_review\measured_dense\knife_heavy\knife\292.5\052.png'
02:19.109  render           | Saved: 'C:\Users\gil_n\Documents\GitHub\Godot-game-development-codex\build\melee_trail_review\measured_dense\knife_heavy\knife\292.5\053.png'
02:19.250  render           | Saved: 'C:\Users\gil_n\Documents\GitHub\Godot-game-development-codex\build\melee_trail_review\measured_dense\knife_heavy\knife\292.5\054.png'
02:19.406  render           | Saved: 'C:\Users\gil_n\Documents\GitHub\Godot-game-development-codex\build\melee_trail_review\measured_dense\knife_heavy\knife\292.5\055.png'
02:19.547  render           | Saved: 'C:\Users\gil_n\Documents\GitHub\Godot-game-development-codex\build\melee_trail_review\measured_dense\knife_heavy\knife\292.5\056.png'
02:19.703  render           | Saved: 'C:\Users\gil_n\Documents\GitHub\Godot-game-development-codex\build\melee_trail_review\measured_dense\knife_heavy\knife\292.5\057.png'
02:19.843  render           | Saved: 'C:\Users\gil_n\Documents\GitHub\Godot-game-development-codex\build\melee_trail_review\measured_dense\knife_heavy\knife\292.5\058.png'
02:20.000  render           | Saved: 'C:\Users\gil_n\Documents\GitHub\Godot-game-development-codex\build\melee_trail_review\measured_dense\knife_heavy\knife\292.5\059.png'
02:20.156  render           | Saved: 'C:\Users\gil_n\Documents\GitHub\Godot-game-development-codex\build\melee_trail_review\measured_dense\knife_heavy\knife\292.5\060.png'
02:20.312  render           | Saved: 'C:\Users\gil_n\Documents\GitHub\Godot-game-development-codex\build\melee_trail_review\measured_dense\knife_heavy\knife\292.5\061.png'
02:20.468  render           | Saved: 'C:\Users\gil_n\Documents\GitHub\Godot-game-development-codex\build\melee_trail_review\measured_dense\knife_heavy\knife\292.5\062.png'
02:20.625  render           | Saved: 'C:\Users\gil_n\Documents\GitHub\Godot-game-development-codex\build\melee_trail_review\measured_dense\knife_heavy\knife\292.5\063.png'
02:20.781  render           | Saved: 'C:\Users\gil_n\Documents\GitHub\Godot-game-development-codex\build\melee_trail_review\measured_dense\knife_heavy\knife\292.5\064.png'
02:20.937  render           | Saved: 'C:\Users\gil_n\Documents\GitHub\Godot-game-development-codex\build\melee_trail_review\measured_dense\knife_heavy\knife\315\000.png'
02:21.093  render           | Saved: 'C:\Users\gil_n\Documents\GitHub\Godot-game-development-codex\build\melee_trail_review\measured_dense\knife_heavy\knife\315\001.png'
02:21.250  render           | Saved: 'C:\Users\gil_n\Documents\GitHub\Godot-game-development-codex\build\melee_trail_review\measured_dense\knife_heavy\knife\315\002.png'
02:21.406  render           | Saved: 'C:\Users\gil_n\Documents\GitHub\Godot-game-development-codex\build\melee_trail_review\measured_dense\knife_heavy\knife\315\003.png'
02:21.578  render           | Saved: 'C:\Users\gil_n\Documents\GitHub\Godot-game-development-codex\build\melee_trail_review\measured_dense\knife_heavy\knife\315\004.png'
02:21.734  render           | Saved: 'C:\Users\gil_n\Documents\GitHub\Godot-game-development-codex\build\melee_trail_review\measured_dense\knife_heavy\knife\315\005.png'
02:21.890  render           | Saved: 'C:\Users\gil_n\Documents\GitHub\Godot-game-development-codex\build\melee_trail_review\measured_dense\knife_heavy\knife\315\006.png'
02:22.062  render           | Saved: 'C:\Users\gil_n\Documents\GitHub\Godot-game-development-codex\build\melee_trail_review\measured_dense\knife_heavy\knife\315\007.png'
02:22.218  render           | Saved: 'C:\Users\gil_n\Documents\GitHub\Godot-game-development-codex\build\melee_trail_review\measured_dense\knife_heavy\knife\315\008.png'
02:22.375  render           | Saved: 'C:\Users\gil_n\Documents\GitHub\Godot-game-development-codex\build\melee_trail_review\measured_dense\knife_heavy\knife\315\009.png'
02:22.531  render           | Saved: 'C:\Users\gil_n\Documents\GitHub\Godot-game-development-codex\build\melee_trail_review\measured_dense\knife_heavy\knife\315\010.png'
02:22.672  render           | Saved: 'C:\Users\gil_n\Documents\GitHub\Godot-game-development-codex\build\melee_trail_review\measured_dense\knife_heavy\knife\315\011.png'
02:22.828  render           | Saved: 'C:\Users\gil_n\Documents\GitHub\Godot-game-development-codex\build\melee_trail_review\measured_dense\knife_heavy\knife\315\012.png'
02:22.984  render           | Saved: 'C:\Users\gil_n\Documents\GitHub\Godot-game-development-codex\build\melee_trail_review\measured_dense\knife_heavy\knife\315\013.png'
02:23.125  render           | Saved: 'C:\Users\gil_n\Documents\GitHub\Godot-game-development-codex\build\melee_trail_review\measured_dense\knife_heavy\knife\315\014.png'
02:23.281  render           | Saved: 'C:\Users\gil_n\Documents\GitHub\Godot-game-development-codex\build\melee_trail_review\measured_dense\knife_heavy\knife\315\015.png'
02:23.437  render           | Saved: 'C:\Users\gil_n\Documents\GitHub\Godot-game-development-codex\build\melee_trail_review\measured_dense\knife_heavy\knife\315\016.png'
02:23.578  render           | Saved: 'C:\Users\gil_n\Documents\GitHub\Godot-game-development-codex\build\melee_trail_review\measured_dense\knife_heavy\knife\315\017.png'
02:23.734  render           | Saved: 'C:\Users\gil_n\Documents\GitHub\Godot-game-development-codex\build\melee_trail_review\measured_dense\knife_heavy\knife\315\018.png'
02:23.890  render           | Saved: 'C:\Users\gil_n\Documents\GitHub\Godot-game-development-codex\build\melee_trail_review\measured_dense\knife_heavy\knife\315\019.png'
02:24.031  render           | Saved: 'C:\Users\gil_n\Documents\GitHub\Godot-game-development-codex\build\melee_trail_review\measured_dense\knife_heavy\knife\315\020.png'
02:24.187  render           | Saved: 'C:\Users\gil_n\Documents\GitHub\Godot-game-development-codex\build\melee_trail_review\measured_dense\knife_heavy\knife\315\021.png'
02:24.328  render           | Saved: 'C:\Users\gil_n\Documents\GitHub\Godot-game-development-codex\build\melee_trail_review\measured_dense\knife_heavy\knife\315\022.png'
02:24.484  render           | Saved: 'C:\Users\gil_n\Documents\GitHub\Godot-game-development-codex\build\melee_trail_review\measured_dense\knife_heavy\knife\315\023.png'
02:24.640  render           | Saved: 'C:\Users\gil_n\Documents\GitHub\Godot-game-development-codex\build\melee_trail_review\measured_dense\knife_heavy\knife\315\024.png'
02:24.781  render           | Saved: 'C:\Users\gil_n\Documents\GitHub\Godot-game-development-codex\build\melee_trail_review\measured_dense\knife_heavy\knife\315\025.png'
02:24.937  render           | Saved: 'C:\Users\gil_n\Documents\GitHub\Godot-game-development-codex\build\melee_trail_review\measured_dense\knife_heavy\knife\315\026.png'
02:25.078  render           | Saved: 'C:\Users\gil_n\Documents\GitHub\Godot-game-development-codex\build\melee_trail_review\measured_dense\knife_heavy\knife\315\027.png'
02:25.234  render           | Saved: 'C:\Users\gil_n\Documents\GitHub\Godot-game-development-codex\build\melee_trail_review\measured_dense\knife_heavy\knife\315\028.png'
02:25.390  render           | Saved: 'C:\Users\gil_n\Documents\GitHub\Godot-game-development-codex\build\melee_trail_review\measured_dense\knife_heavy\knife\315\029.png'
02:25.531  render           | Saved: 'C:\Users\gil_n\Documents\GitHub\Godot-game-development-codex\build\melee_trail_review\measured_dense\knife_heavy\knife\315\030.png'
02:25.687  render           | Saved: 'C:\Users\gil_n\Documents\GitHub\Godot-game-development-codex\build\melee_trail_review\measured_dense\knife_heavy\knife\315\031.png'
02:25.828  render           | Saved: 'C:\Users\gil_n\Documents\GitHub\Godot-game-development-codex\build\melee_trail_review\measured_dense\knife_heavy\knife\315\032.png'
02:25.984  render           | Saved: 'C:\Users\gil_n\Documents\GitHub\Godot-game-development-codex\build\melee_trail_review\measured_dense\knife_heavy\knife\315\033.png'
02:26.140  render           | Saved: 'C:\Users\gil_n\Documents\GitHub\Godot-game-development-codex\build\melee_trail_review\measured_dense\knife_heavy\knife\315\034.png'
02:26.297  render           | Saved: 'C:\Users\gil_n\Documents\GitHub\Godot-game-development-codex\build\melee_trail_review\measured_dense\knife_heavy\knife\315\035.png'
02:26.453  render           | Saved: 'C:\Users\gil_n\Documents\GitHub\Godot-game-development-codex\build\melee_trail_review\measured_dense\knife_heavy\knife\315\036.png'
02:26.593  render           | Saved: 'C:\Users\gil_n\Documents\GitHub\Godot-game-development-codex\build\melee_trail_review\measured_dense\knife_heavy\knife\315\037.png'
02:26.750  render           | Saved: 'C:\Users\gil_n\Documents\GitHub\Godot-game-development-codex\build\melee_trail_review\measured_dense\knife_heavy\knife\315\038.png'
02:26.890  render           | Saved: 'C:\Users\gil_n\Documents\GitHub\Godot-game-development-codex\build\melee_trail_review\measured_dense\knife_heavy\knife\315\039.png'
02:27.047  render           | Saved: 'C:\Users\gil_n\Documents\GitHub\Godot-game-development-codex\build\melee_trail_review\measured_dense\knife_heavy\knife\315\040.png'
02:27.203  render           | Saved: 'C:\Users\gil_n\Documents\GitHub\Godot-game-development-codex\build\melee_trail_review\measured_dense\knife_heavy\knife\315\041.png'
02:27.343  render           | Saved: 'C:\Users\gil_n\Documents\GitHub\Godot-game-development-codex\build\melee_trail_review\measured_dense\knife_heavy\knife\315\042.png'
02:27.500  render           | Saved: 'C:\Users\gil_n\Documents\GitHub\Godot-game-development-codex\build\melee_trail_review\measured_dense\knife_heavy\knife\315\043.png'
02:27.656  render           | Saved: 'C:\Users\gil_n\Documents\GitHub\Godot-game-development-codex\build\melee_trail_review\measured_dense\knife_heavy\knife\315\044.png'
02:27.812  render           | Saved: 'C:\Users\gil_n\Documents\GitHub\Godot-game-development-codex\build\melee_trail_review\measured_dense\knife_heavy\knife\315\045.png'
02:27.968  render           | Saved: 'C:\Users\gil_n\Documents\GitHub\Godot-game-development-codex\build\melee_trail_review\measured_dense\knife_heavy\knife\315\046.png'
02:28.125  render           | Saved: 'C:\Users\gil_n\Documents\GitHub\Godot-game-development-codex\build\melee_trail_review\measured_dense\knife_heavy\knife\315\047.png'
02:28.265  render           | Saved: 'C:\Users\gil_n\Documents\GitHub\Godot-game-development-codex\build\melee_trail_review\measured_dense\knife_heavy\knife\315\048.png'
02:28.515  render           | Saved: 'C:\Users\gil_n\Documents\GitHub\Godot-game-development-codex\build\melee_trail_review\measured_dense\knife_heavy\knife\315\049.png'
02:28.703  render           | Saved: 'C:\Users\gil_n\Documents\GitHub\Godot-game-development-codex\build\melee_trail_review\measured_dense\knife_heavy\knife\315\050.png'
02:28.875  render           | Saved: 'C:\Users\gil_n\Documents\GitHub\Godot-game-development-codex\build\melee_trail_review\measured_dense\knife_heavy\knife\315\051.png'
02:29.031  render           | Saved: 'C:\Users\gil_n\Documents\GitHub\Godot-game-development-codex\build\melee_trail_review\measured_dense\knife_heavy\knife\315\052.png'
02:29.203  render           | Saved: 'C:\Users\gil_n\Documents\GitHub\Godot-game-development-codex\build\melee_trail_review\measured_dense\knife_heavy\knife\315\053.png'
02:29.343  render           | Saved: 'C:\Users\gil_n\Documents\GitHub\Godot-game-development-codex\build\melee_trail_review\measured_dense\knife_heavy\knife\315\054.png'
02:29.500  render           | Saved: 'C:\Users\gil_n\Documents\GitHub\Godot-game-development-codex\build\melee_trail_review\measured_dense\knife_heavy\knife\315\055.png'
02:29.656  render           | Saved: 'C:\Users\gil_n\Documents\GitHub\Godot-game-development-codex\build\melee_trail_review\measured_dense\knife_heavy\knife\315\056.png'
02:29.812  render           | Saved: 'C:\Users\gil_n\Documents\GitHub\Godot-game-development-codex\build\melee_trail_review\measured_dense\knife_heavy\knife\315\057.png'
02:29.953  render           | Saved: 'C:\Users\gil_n\Documents\GitHub\Godot-game-development-codex\build\melee_trail_review\measured_dense\knife_heavy\knife\315\058.png'
02:30.109  render           | Saved: 'C:\Users\gil_n\Documents\GitHub\Godot-game-development-codex\build\melee_trail_review\measured_dense\knife_heavy\knife\315\059.png'
02:30.250  render           | Saved: 'C:\Users\gil_n\Documents\GitHub\Godot-game-development-codex\build\melee_trail_review\measured_dense\knife_heavy\knife\315\060.png'
02:30.406  render           | Saved: 'C:\Users\gil_n\Documents\GitHub\Godot-game-development-codex\build\melee_trail_review\measured_dense\knife_heavy\knife\315\061.png'
02:30.562  render           | Saved: 'C:\Users\gil_n\Documents\GitHub\Godot-game-development-codex\build\melee_trail_review\measured_dense\knife_heavy\knife\315\062.png'
02:30.703  render           | Saved: 'C:\Users\gil_n\Documents\GitHub\Godot-game-development-codex\build\melee_trail_review\measured_dense\knife_heavy\knife\315\063.png'
02:30.859  render           | Saved: 'C:\Users\gil_n\Documents\GitHub\Godot-game-development-codex\build\melee_trail_review\measured_dense\knife_heavy\knife\315\064.png'
02:31.031  render           | Saved: 'C:\Users\gil_n\Documents\GitHub\Godot-game-development-codex\build\melee_trail_review\measured_dense\knife_heavy\knife\337.5\000.png'
02:31.172  render           | Saved: 'C:\Users\gil_n\Documents\GitHub\Godot-game-development-codex\build\melee_trail_review\measured_dense\knife_heavy\knife\337.5\001.png'
02:31.328  render           | Saved: 'C:\Users\gil_n\Documents\GitHub\Godot-game-development-codex\build\melee_trail_review\measured_dense\knife_heavy\knife\337.5\002.png'
02:31.468  render           | Saved: 'C:\Users\gil_n\Documents\GitHub\Godot-game-development-codex\build\melee_trail_review\measured_dense\knife_heavy\knife\337.5\003.png'
02:31.625  render           | Saved: 'C:\Users\gil_n\Documents\GitHub\Godot-game-development-codex\build\melee_trail_review\measured_dense\knife_heavy\knife\337.5\004.png'
02:31.765  render           | Saved: 'C:\Users\gil_n\Documents\GitHub\Godot-game-development-codex\build\melee_trail_review\measured_dense\knife_heavy\knife\337.5\005.png'
02:31.922  render           | Saved: 'C:\Users\gil_n\Documents\GitHub\Godot-game-development-codex\build\melee_trail_review\measured_dense\knife_heavy\knife\337.5\006.png'
02:32.078  render           | Saved: 'C:\Users\gil_n\Documents\GitHub\Godot-game-development-codex\build\melee_trail_review\measured_dense\knife_heavy\knife\337.5\007.png'
02:32.218  render           | Saved: 'C:\Users\gil_n\Documents\GitHub\Godot-game-development-codex\build\melee_trail_review\measured_dense\knife_heavy\knife\337.5\008.png'
02:32.375  render           | Saved: 'C:\Users\gil_n\Documents\GitHub\Godot-game-development-codex\build\melee_trail_review\measured_dense\knife_heavy\knife\337.5\009.png'
02:32.531  render           | Saved: 'C:\Users\gil_n\Documents\GitHub\Godot-game-development-codex\build\melee_trail_review\measured_dense\knife_heavy\knife\337.5\010.png'
02:32.687  render           | Saved: 'C:\Users\gil_n\Documents\GitHub\Godot-game-development-codex\build\melee_trail_review\measured_dense\knife_heavy\knife\337.5\011.png'
02:32.828  render           | Saved: 'C:\Users\gil_n\Documents\GitHub\Godot-game-development-codex\build\melee_trail_review\measured_dense\knife_heavy\knife\337.5\012.png'
02:32.984  render           | Saved: 'C:\Users\gil_n\Documents\GitHub\Godot-game-development-codex\build\melee_trail_review\measured_dense\knife_heavy\knife\337.5\013.png'
02:33.140  render           | Saved: 'C:\Users\gil_n\Documents\GitHub\Godot-game-development-codex\build\melee_trail_review\measured_dense\knife_heavy\knife\337.5\014.png'
02:33.297  render           | Saved: 'C:\Users\gil_n\Documents\GitHub\Godot-game-development-codex\build\melee_trail_review\measured_dense\knife_heavy\knife\337.5\015.png'
02:33.437  render           | Saved: 'C:\Users\gil_n\Documents\GitHub\Godot-game-development-codex\build\melee_trail_review\measured_dense\knife_heavy\knife\337.5\016.png'
02:33.593  render           | Saved: 'C:\Users\gil_n\Documents\GitHub\Godot-game-development-codex\build\melee_trail_review\measured_dense\knife_heavy\knife\337.5\017.png'
02:33.734  render           | Saved: 'C:\Users\gil_n\Documents\GitHub\Godot-game-development-codex\build\melee_trail_review\measured_dense\knife_heavy\knife\337.5\018.png'
02:33.890  render           | Saved: 'C:\Users\gil_n\Documents\GitHub\Godot-game-development-codex\build\melee_trail_review\measured_dense\knife_heavy\knife\337.5\019.png'
02:34.047  render           | Saved: 'C:\Users\gil_n\Documents\GitHub\Godot-game-development-codex\build\melee_trail_review\measured_dense\knife_heavy\knife\337.5\020.png'
02:34.187  render           | Saved: 'C:\Users\gil_n\Documents\GitHub\Godot-game-development-codex\build\melee_trail_review\measured_dense\knife_heavy\knife\337.5\021.png'
02:34.343  render           | Saved: 'C:\Users\gil_n\Documents\GitHub\Godot-game-development-codex\build\melee_trail_review\measured_dense\knife_heavy\knife\337.5\022.png'
02:34.500  render           | Saved: 'C:\Users\gil_n\Documents\GitHub\Godot-game-development-codex\build\melee_trail_review\measured_dense\knife_heavy\knife\337.5\023.png'
02:34.656  render           | Saved: 'C:\Users\gil_n\Documents\GitHub\Godot-game-development-codex\build\melee_trail_review\measured_dense\knife_heavy\knife\337.5\024.png'
02:34.797  render           | Saved: 'C:\Users\gil_n\Documents\GitHub\Godot-game-development-codex\build\melee_trail_review\measured_dense\knife_heavy\knife\337.5\025.png'
02:34.953  render           | Saved: 'C:\Users\gil_n\Documents\GitHub\Godot-game-development-codex\build\melee_trail_review\measured_dense\knife_heavy\knife\337.5\026.png'
02:35.093  render           | Saved: 'C:\Users\gil_n\Documents\GitHub\Godot-game-development-codex\build\melee_trail_review\measured_dense\knife_heavy\knife\337.5\027.png'
02:35.250  render           | Saved: 'C:\Users\gil_n\Documents\GitHub\Godot-game-development-codex\build\melee_trail_review\measured_dense\knife_heavy\knife\337.5\028.png'
02:35.406  render           | Saved: 'C:\Users\gil_n\Documents\GitHub\Godot-game-development-codex\build\melee_trail_review\measured_dense\knife_heavy\knife\337.5\029.png'
02:35.547  render           | Saved: 'C:\Users\gil_n\Documents\GitHub\Godot-game-development-codex\build\melee_trail_review\measured_dense\knife_heavy\knife\337.5\030.png'
02:35.703  render           | Saved: 'C:\Users\gil_n\Documents\GitHub\Godot-game-development-codex\build\melee_trail_review\measured_dense\knife_heavy\knife\337.5\031.png'
02:35.843  render           | Saved: 'C:\Users\gil_n\Documents\GitHub\Godot-game-development-codex\build\melee_trail_review\measured_dense\knife_heavy\knife\337.5\032.png'
02:36.015  render           | Saved: 'C:\Users\gil_n\Documents\GitHub\Godot-game-development-codex\build\melee_trail_review\measured_dense\knife_heavy\knife\337.5\033.png'
02:36.172  render           | Saved: 'C:\Users\gil_n\Documents\GitHub\Godot-game-development-codex\build\melee_trail_review\measured_dense\knife_heavy\knife\337.5\034.png'
02:36.328  render           | Saved: 'C:\Users\gil_n\Documents\GitHub\Godot-game-development-codex\build\melee_trail_review\measured_dense\knife_heavy\knife\337.5\035.png'
02:36.500  render           | Saved: 'C:\Users\gil_n\Documents\GitHub\Godot-game-development-codex\build\melee_trail_review\measured_dense\knife_heavy\knife\337.5\036.png'
02:36.656  render           | Saved: 'C:\Users\gil_n\Documents\GitHub\Godot-game-development-codex\build\melee_trail_review\measured_dense\knife_heavy\knife\337.5\037.png'
02:36.812  render           | Saved: 'C:\Users\gil_n\Documents\GitHub\Godot-game-development-codex\build\melee_trail_review\measured_dense\knife_heavy\knife\337.5\038.png'
02:36.968  render           | Saved: 'C:\Users\gil_n\Documents\GitHub\Godot-game-development-codex\build\melee_trail_review\measured_dense\knife_heavy\knife\337.5\039.png'
02:37.125  render           | Saved: 'C:\Users\gil_n\Documents\GitHub\Godot-game-development-codex\build\melee_trail_review\measured_dense\knife_heavy\knife\337.5\040.png'
02:37.281  render           | Saved: 'C:\Users\gil_n\Documents\GitHub\Godot-game-development-codex\build\melee_trail_review\measured_dense\knife_heavy\knife\337.5\041.png'
02:37.437  render           | Saved: 'C:\Users\gil_n\Documents\GitHub\Godot-game-development-codex\build\melee_trail_review\measured_dense\knife_heavy\knife\337.5\042.png'
02:37.593  render           | Saved: 'C:\Users\gil_n\Documents\GitHub\Godot-game-development-codex\build\melee_trail_review\measured_dense\knife_heavy\knife\337.5\043.png'
02:37.734  render           | Saved: 'C:\Users\gil_n\Documents\GitHub\Godot-game-development-codex\build\melee_trail_review\measured_dense\knife_heavy\knife\337.5\044.png'
02:37.890  render           | Saved: 'C:\Users\gil_n\Documents\GitHub\Godot-game-development-codex\build\melee_trail_review\measured_dense\knife_heavy\knife\337.5\045.png'
02:38.047  render           | Saved: 'C:\Users\gil_n\Documents\GitHub\Godot-game-development-codex\build\melee_trail_review\measured_dense\knife_heavy\knife\337.5\046.png'
02:38.187  render           | Saved: 'C:\Users\gil_n\Documents\GitHub\Godot-game-development-codex\build\melee_trail_review\measured_dense\knife_heavy\knife\337.5\047.png'
02:38.343  render           | Saved: 'C:\Users\gil_n\Documents\GitHub\Godot-game-development-codex\build\melee_trail_review\measured_dense\knife_heavy\knife\337.5\048.png'
02:38.500  render           | Saved: 'C:\Users\gil_n\Documents\GitHub\Godot-game-development-codex\build\melee_trail_review\measured_dense\knife_heavy\knife\337.5\049.png'
02:38.656  render           | Saved: 'C:\Users\gil_n\Documents\GitHub\Godot-game-development-codex\build\melee_trail_review\measured_dense\knife_heavy\knife\337.5\050.png'
02:38.797  render           | Saved: 'C:\Users\gil_n\Documents\GitHub\Godot-game-development-codex\build\melee_trail_review\measured_dense\knife_heavy\knife\337.5\051.png'
02:38.953  render           | Saved: 'C:\Users\gil_n\Documents\GitHub\Godot-game-development-codex\build\melee_trail_review\measured_dense\knife_heavy\knife\337.5\052.png'
02:39.109  render           | Saved: 'C:\Users\gil_n\Documents\GitHub\Godot-game-development-codex\build\melee_trail_review\measured_dense\knife_heavy\knife\337.5\053.png'
02:39.250  render           | Saved: 'C:\Users\gil_n\Documents\GitHub\Godot-game-development-codex\build\melee_trail_review\measured_dense\knife_heavy\knife\337.5\054.png'
02:39.406  render           | Saved: 'C:\Users\gil_n\Documents\GitHub\Godot-game-development-codex\build\melee_trail_review\measured_dense\knife_heavy\knife\337.5\055.png'
02:39.562  render           | Saved: 'C:\Users\gil_n\Documents\GitHub\Godot-game-development-codex\build\melee_trail_review\measured_dense\knife_heavy\knife\337.5\056.png'
02:39.703  render           | Saved: 'C:\Users\gil_n\Documents\GitHub\Godot-game-development-codex\build\melee_trail_review\measured_dense\knife_heavy\knife\337.5\057.png'
02:39.859  render           | Saved: 'C:\Users\gil_n\Documents\GitHub\Godot-game-development-codex\build\melee_trail_review\measured_dense\knife_heavy\knife\337.5\058.png'
02:40.000  render           | Saved: 'C:\Users\gil_n\Documents\GitHub\Godot-game-development-codex\build\melee_trail_review\measured_dense\knife_heavy\knife\337.5\059.png'
02:40.156  render           | Saved: 'C:\Users\gil_n\Documents\GitHub\Godot-game-development-codex\build\melee_trail_review\measured_dense\knife_heavy\knife\337.5\060.png'
02:40.297  render           | Saved: 'C:\Users\gil_n\Documents\GitHub\Godot-game-development-codex\build\melee_trail_review\measured_dense\knife_heavy\knife\337.5\061.png'
02:40.453  render           | Saved: 'C:\Users\gil_n\Documents\GitHub\Godot-game-development-codex\build\melee_trail_review\measured_dense\knife_heavy\knife\337.5\062.png'
02:40.609  render           | Saved: 'C:\Users\gil_n\Documents\GitHub\Godot-game-development-codex\build\melee_trail_review\measured_dense\knife_heavy\knife\337.5\063.png'
02:40.750  render           | Saved: 'C:\Users\gil_n\Documents\GitHub\Godot-game-development-codex\build\melee_trail_review\measured_dense\knife_heavy\knife\337.5\064.png'
Info: Saved as "source.blend"
Info: Saved as "source.blend"
Info: Saved as "source.blend"
Info: Saved as "source.blend"
Info: Saved as "source.blend"
Info: Saved as "source.blend"
Info: Saved as "source.blend"
Info: Saved as "source.blend"
Info: Saved as "source.blend"
Info: Saved as "source.blend"
Info: Saved as "source.blend"
Info: Saved as "source.blend"
Info: Saved as "source.blend"
Info: Saved as "source.blend"
Info: Saved as "source.blend"
Info: Saved as "source.blend"
Blender 5.2.2 LTS (hash d13f752e3b9c built 2026-09-15 01:37:04)

Blender quit
