WorkerThreadPool: 8 threads, 2 max low-priority.
Godot Engine v4.7.2.stable.official.ed1daf0bf - https://godotengine.org
TextServer: Added interface "Dummy"
TextServer: Added interface "ICU / HarfBuzz / Graphite (Built-in)"
Using "default" pen tablet driver...

TextServer: Primary interface set to: "ICU / HarfBuzz / Graphite (Built-in)".
CORE API HASH: 2004498165
EDITOR API HASH: 1696660745
SceneTreeFTI: traversal method DEFAULT
Loading resource: res://scripts/systems/events.gd remapped: res://scripts/systems/events.gd
Completed load for: 'res://scripts/systems/events.gd' remapped 'res://scripts/systems/events.gd' at thread -1
Loading resource: res://scripts/systems/save_manager.gd remapped: res://scripts/systems/save_manager.gd
Completed load for: 'res://scripts/systems/save_manager.gd' remapped 'res://scripts/systems/save_manager.gd' at thread -1
Loading resource: res://scripts/systems/loc.gd remapped: res://scripts/systems/loc.gd
Completed load for: 'res://scripts/systems/loc.gd' remapped 'res://scripts/systems/loc.gd' at thread -1
Loading resource: res://scripts/systems/input_setup.gd remapped: res://scripts/systems/input_setup.gd
Completed load for: 'res://scripts/systems/input_setup.gd' remapped 'res://scripts/systems/input_setup.gd' at thread -1
Loading resource: res://scripts/systems/audio_manager.gd remapped: res://scripts/systems/audio_manager.gd
Completed load for: 'res://scripts/systems/audio_manager.gd' remapped 'res://scripts/systems/audio_manager.gd' at thread -1
Loading resource: res://scripts/systems/music_manager.gd remapped: res://scripts/systems/music_manager.gd
Completed load for: 'res://scripts/systems/music_manager.gd' remapped 'res://scripts/systems/music_manager.gd' at thread -1
Loading resource: res://scripts/systems/score_system.gd remapped: res://scripts/systems/score_system.gd
Completed load for: 'res://scripts/systems/score_system.gd' remapped 'res://scripts/systems/score_system.gd' at thread -1
Loading resource: res://scripts/systems/game.gd remapped: res://scripts/systems/game.gd
Completed load for: 'res://scripts/systems/game.gd' remapped 'res://scripts/systems/game.gd' at thread -1
Loading resource: res://scripts/narrative/dialogue_manager.gd remapped: res://scripts/narrative/dialogue_manager.gd
Loading resource: res://shaders/painted_shot.gdshader remapped: res://shaders/painted_shot.gdshader
Completed load for: 'res://shaders/painted_shot.gdshader' remapped 'res://shaders/painted_shot.gdshader' at thread -1
Completed load for: 'res://scripts/narrative/dialogue_manager.gd' remapped 'res://scripts/narrative/dialogue_manager.gd' at thread -1
Loading resource: res://scripts/systems/debug_menu.gd remapped: res://scripts/systems/debug_menu.gd
Loading resource: res://assets/art/blender_reload/magazine_loaded.png remapped: res://assets/art/blender_reload/magazine_loaded.png
Loading resource: res://.godot/imported/magazine_loaded.png-8469977a1886b31a8c4a5dc4ebbcf468.ctex remapped: res://.godot/imported/magazine_loaded.png-8469977a1886b31a8c4a5dc4ebbcf468.ctex
Completed load for: 'res://assets/art/blender_reload/magazine_loaded.png' remapped 'res://assets/art/blender_reload/magazine_loaded.png' at thread -1
Loading resource: res://assets/art/blender_reload/magazine_empty.png remapped: res://assets/art/blender_reload/magazine_empty.png
Loading resource: res://.godot/imported/magazine_empty.png-fd99d028b77cb0abc8ea30841b27a255.ctex remapped: res://.godot/imported/magazine_empty.png-fd99d028b77cb0abc8ea30841b27a255.ctex
Completed load for: 'res://assets/art/blender_reload/magazine_empty.png' remapped 'res://assets/art/blender_reload/magazine_empty.png' at thread -1
Loading resource: res://assets/art/blender_reload/spent_brass.png remapped: res://assets/art/blender_reload/spent_brass.png
Loading resource: res://.godot/imported/spent_brass.png-4585a41500456798d748c97a309dc6e3.ctex remapped: res://.godot/imported/spent_brass.png-4585a41500456798d748c97a309dc6e3.ctex
Completed load for: 'res://assets/art/blender_reload/spent_brass.png' remapped 'res://assets/art/blender_reload/spent_brass.png' at thread -1
Loading resource: res://assets/art/blender_reload/spent_shotgun.png remapped: res://assets/art/blender_reload/spent_shotgun.png
Loading resource: res://.godot/imported/spent_shotgun.png-452c6a80372193add59f8f3b778b7511.ctex remapped: res://.godot/imported/spent_shotgun.png-452c6a80372193add59f8f3b778b7511.ctex
Completed load for: 'res://assets/art/blender_reload/spent_shotgun.png' remapped 'res://assets/art/blender_reload/spent_shotgun.png' at thread -1
Completed load for: 'res://scripts/systems/debug_menu.gd' remapped 'res://scripts/systems/debug_menu.gd' at thread -1
Loaded system CA certificates
Loading resource: res://tools/smoke_test.tscn remapped: res://tools/smoke_test.tscn
Loading resource: res://tools/smoke_test.gd remapped: res://tools/smoke_test.gd
Completed load for: 'res://tools/smoke_test.gd' remapped 'res://tools/smoke_test.gd' at thread -1
Completed load for: 'res://tools/smoke_test.tscn' remapped 'res://tools/smoke_test.tscn' at thread -1
Loading resource: res://data/missions/m01_checkout.tres remapped: res://data/missions/m01_checkout.tres
Completed load for: 'res://data/missions/m01_checkout.tres' remapped 'res://data/missions/m01_checkout.tres' at thread -1
Loading resource: res://data/missions/m02_dog_days.tres remapped: res://data/missions/m02_dog_days.tres
Completed load for: 'res://data/missions/m02_dog_days.tres' remapped 'res://data/missions/m02_dog_days.tres' at thread -1
Loading resource: res://data/missions/m03_prime_time.tres remapped: res://data/missions/m03_prime_time.tres
Completed load for: 'res://data/missions/m03_prime_time.tres' remapped 'res://data/missions/m03_prime_time.tres' at thread -1
Loading resource: res://data/missions/m04_sweet_dreams.tres remapped: res://data/missions/m04_sweet_dreams.tres
Completed load for: 'res://data/missions/m04_sweet_dreams.tres' remapped 'res://data/missions/m04_sweet_dreams.tres' at thread -1
Loading resource: res://data/characters/bobby.tres remapped: res://data/characters/bobby.tres
Completed load for: 'res://data/characters/bobby.tres' remapped 'res://data/characters/bobby.tres' at thread -1
Loading resource: res://data/characters/cass.tres remapped: res://data/characters/cass.tres
Completed load for: 'res://data/characters/cass.tres' remapped 'res://data/characters/cass.tres' at thread -1
Loading resource: res://data/characters/dana.tres remapped: res://data/characters/dana.tres
Completed load for: 'res://data/characters/dana.tres' remapped 'res://data/characters/dana.tres' at thread -1
Loading resource: res://data/characters/deacon.tres remapped: res://data/characters/deacon.tres
Completed load for: 'res://data/characters/deacon.tres' remapped 'res://data/characters/deacon.tres' at thread -1
Loading resource: res://data/characters/director.tres remapped: res://data/characters/director.tres
Completed load for: 'res://data/characters/director.tres' remapped 'res://data/characters/director.tres' at thread -1
Loading resource: res://data/characters/luz.tres remapped: res://data/characters/luz.tres
Completed load for: 'res://data/characters/luz.tres' remapped 'res://data/characters/luz.tres' at thread -1
Loading resource: res://data/characters/marv.tres remapped: res://data/characters/marv.tres
Completed load for: 'res://data/characters/marv.tres' remapped 'res://data/characters/marv.tres' at thread -1
Loading resource: res://data/characters/nadia.tres remapped: res://data/characters/nadia.tres
Completed load for: 'res://data/characters/nadia.tres' remapped 'res://data/characters/nadia.tres' at thread -1
Loading resource: res://data/characters/tilly.tres remapped: res://data/characters/tilly.tres
Completed load for: 'res://data/characters/tilly.tres' remapped 'res://data/characters/tilly.tres' at thread -1
Loading resource: res://data/characters/wes.tres remapped: res://data/characters/wes.tres
Completed load for: 'res://data/characters/wes.tres' remapped 'res://data/characters/wes.tres' at thread -1
Loading resource: res://shaders/crt_vhs.gdshader remapped: res://shaders/crt_vhs.gdshader
Completed load for: 'res://shaders/crt_vhs.gdshader' remapped 'res://shaders/crt_vhs.gdshader' at thread -1
Loading resource: res://assets/fonts/DejaVuSansMono.ttf remapped: res://assets/fonts/DejaVuSansMono.ttf
Loading resource: res://.godot/imported/DejaVuSansMono.ttf-9a4c8400e0605ada74fff5183c94f917.fontdata remapped: res://.godot/imported/DejaVuSansMono.ttf-9a4c8400e0605ada74fff5183c94f917.fontdata
Completed load for: 'res://assets/fonts/DejaVuSansMono.ttf' remapped 'res://assets/fonts/DejaVuSansMono.ttf' at thread -1
Loading resource: res://assets/fonts/DejaVuSansMono-Bold.ttf remapped: res://assets/fonts/DejaVuSansMono-Bold.ttf
Loading resource: res://.godot/imported/DejaVuSansMono-Bold.ttf-2eecaf3dccb21bcfe2e0ad26b61043b1.fontdata remapped: res://.godot/imported/DejaVuSansMono-Bold.ttf-2eecaf3dccb21bcfe2e0ad26b61043b1.fontdata
Completed load for: 'res://assets/fonts/DejaVuSansMono-Bold.ttf' remapped 'res://assets/fonts/DejaVuSansMono-Bold.ttf' at thread -1
-- compile
Loading resource: res://scripts/levels/ambient_screen.gd remapped: res://scripts/levels/ambient_screen.gd
Completed load for: 'res://scripts/levels/ambient_screen.gd' remapped 'res://scripts/levels/ambient_screen.gd' at thread -1
Loading resource: res://scripts/levels/animated_prop.gd remapped: res://scripts/levels/animated_prop.gd
Completed load for: 'res://scripts/levels/animated_prop.gd' remapped 'res://scripts/levels/animated_prop.gd' at thread -1
Loading resource: res://scripts/narrative/cutscene.gd remapped: res://scripts/narrative/cutscene.gd
Completed load for: 'res://scripts/narrative/cutscene.gd' remapped 'res://scripts/narrative/cutscene.gd' at thread -1
Loading resource: res://scripts/systems/boot.gd remapped: res://scripts/systems/boot.gd
Completed load for: 'res://scripts/systems/boot.gd' remapped 'res://scripts/systems/boot.gd' at thread -1
Loading resource: res://scripts/ui/hub_screen.gd remapped: res://scripts/ui/hub_screen.gd
Completed load for: 'res://scripts/ui/hub_screen.gd' remapped 'res://scripts/ui/hub_screen.gd' at thread -1
Loading resource: res://scripts/ui/installer.gd remapped: res://scripts/ui/installer.gd
Completed load for: 'res://scripts/ui/installer.gd' remapped 'res://scripts/ui/installer.gd' at thread -1
Loading resource: res://scripts/ui/intro.gd remapped: res://scripts/ui/intro.gd
Completed load for: 'res://scripts/ui/intro.gd' remapped 'res://scripts/ui/intro.gd' at thread -1
Loading resource: res://scripts/ui/results_screen.gd remapped: res://scripts/ui/results_screen.gd
Completed load for: 'res://scripts/ui/results_screen.gd' remapped 'res://scripts/ui/results_screen.gd' at thread -1
Loading resource: res://scripts/ui/splash_screen.gd remapped: res://scripts/ui/splash_screen.gd
Completed load for: 'res://scripts/ui/splash_screen.gd' remapped 'res://scripts/ui/splash_screen.gd' at thread -1
Loading resource: res://scripts/ui/title_screen.gd remapped: res://scripts/ui/title_screen.gd
Completed load for: 'res://scripts/ui/title_screen.gd' remapped 'res://scripts/ui/title_screen.gd' at thread -1
Loading resource: res://data/enemies/bellhop.tres remapped: res://data/enemies/bellhop.tres
Completed load for: 'res://data/enemies/bellhop.tres' remapped 'res://data/enemies/bellhop.tres' at thread -1
Loading resource: res://data/enemies/biker.tres remapped: res://data/enemies/biker.tres
Completed load for: 'res://data/enemies/biker.tres' remapped 'res://data/enemies/biker.tres' at thread -1
Loading resource: res://data/enemies/burning_man.tres remapped: res://data/enemies/burning_man.tres
Completed load for: 'res://data/enemies/burning_man.tres' remapped 'res://data/enemies/burning_man.tres' at thread -1
Loading resource: res://data/enemies/cultist.tres remapped: res://data/enemies/cultist.tres
Completed load for: 'res://data/enemies/cultist.tres' remapped 'res://data/enemies/cultist.tres' at thread -1
Loading resource: res://data/enemies/demon.tres remapped: res://data/enemies/demon.tres
Completed load for: 'res://data/enemies/demon.tres' remapped 'res://data/enemies/demon.tres' at thread -1
Loading resource: res://data/enemies/dog.tres remapped: res://data/enemies/dog.tres
Completed load for: 'res://data/enemies/dog.tres' remapped 'res://data/enemies/dog.tres' at thread -1
Loading resource: res://data/enemies/dog_doberman.tres remapped: res://data/enemies/dog_doberman.tres
Completed load for: 'res://data/enemies/dog_doberman.tres' remapped 'res://data/enemies/dog_doberman.tres' at thread -1
Loading resource: res://data/enemies/dog_rott.tres remapped: res://data/enemies/dog_rott.tres
Completed load for: 'res://data/enemies/dog_rott.tres' remapped 'res://data/enemies/dog_rott.tres' at thread -1
Loading resource: res://data/enemies/fireman.tres remapped: res://data/enemies/fireman.tres
Completed load for: 'res://data/enemies/fireman.tres' remapped 'res://data/enemies/fireman.tres' at thread -1
Loading resource: res://data/enemies/ghoul.tres remapped: res://data/enemies/ghoul.tres
Completed load for: 'res://data/enemies/ghoul.tres' remapped 'res://data/enemies/ghoul.tres' at thread -1
Loading resource: res://data/enemies/guard.tres remapped: res://data/enemies/guard.tres
Completed load for: 'res://data/enemies/guard.tres' remapped 'res://data/enemies/guard.tres' at thread -1
Loading resource: res://data/enemies/gunner.tres remapped: res://data/enemies/gunner.tres
Completed load for: 'res://data/enemies/gunner.tres' remapped 'res://data/enemies/gunner.tres' at thread -1
Loading resource: res://data/enemies/handler.tres remapped: res://data/enemies/handler.tres
Completed load for: 'res://data/enemies/handler.tres' remapped 'res://data/enemies/handler.tres' at thread -1
Loading resource: res://data/enemies/heavy.tres remapped: res://data/enemies/heavy.tres
Completed load for: 'res://data/enemies/heavy.tres' remapped 'res://data/enemies/heavy.tres' at thread -1
Loading resource: res://data/enemies/hellhound.tres remapped: res://data/enemies/hellhound.tres
Completed load for: 'res://data/enemies/hellhound.tres' remapped 'res://data/enemies/hellhound.tres' at thread -1
Loading resource: res://data/enemies/hunter.tres remapped: res://data/enemies/hunter.tres
Completed load for: 'res://data/enemies/hunter.tres' remapped 'res://data/enemies/hunter.tres' at thread -1
Loading resource: res://data/enemies/kennel_master.tres remapped: res://data/enemies/kennel_master.tres
Completed load for: 'res://data/enemies/kennel_master.tres' remapped 'res://data/enemies/kennel_master.tres' at thread -1
Loading resource: res://data/enemies/night_manager.tres remapped: res://data/enemies/night_manager.tres
Completed load for: 'res://data/enemies/night_manager.tres' remapped 'res://data/enemies/night_manager.tres' at thread -1
Loading resource: res://data/enemies/riot.tres remapped: res://data/enemies/riot.tres
Completed load for: 'res://data/enemies/riot.tres' remapped 'res://data/enemies/riot.tres' at thread -1
Loading resource: res://data/enemies/scout.tres remapped: res://data/enemies/scout.tres
Completed load for: 'res://data/enemies/scout.tres' remapped 'res://data/enemies/scout.tres' at thread -1
Loading resource: res://data/enemies/scrapper.tres remapped: res://data/enemies/scrapper.tres
Completed load for: 'res://data/enemies/scrapper.tres' remapped 'res://data/enemies/scrapper.tres' at thread -1
Loading resource: res://data/enemies/security.tres remapped: res://data/enemies/security.tres
Completed load for: 'res://data/enemies/security.tres' remapped 'res://data/enemies/security.tres' at thread -1
Loading resource: res://data/enemies/sniper.tres remapped: res://data/enemies/sniper.tres
Completed load for: 'res://data/enemies/sniper.tres' remapped 'res://data/enemies/sniper.tres' at thread -1
Loading resource: res://data/enemies/stagehand.tres remapped: res://data/enemies/stagehand.tres
Completed load for: 'res://data/enemies/stagehand.tres' remapped 'res://data/enemies/stagehand.tres' at thread -1
Loading resource: res://data/enemies/welder.tres remapped: res://data/enemies/welder.tres
Completed load for: 'res://data/enemies/welder.tres' remapped 'res://data/enemies/welder.tres' at thread -1
Loading resource: res://data/enemies/zombie.tres remapped: res://data/enemies/zombie.tres
Completed load for: 'res://data/enemies/zombie.tres' remapped 'res://data/enemies/zombie.tres' at thread -1
Loading resource: res://data/personas/angel.tres remapped: res://data/personas/angel.tres
Completed load for: 'res://data/personas/angel.tres' remapped 'res://data/personas/angel.tres' at thread -1
Loading resource: res://data/personas/cowboy.tres remapped: res://data/personas/cowboy.tres
Completed load for: 'res://data/personas/cowboy.tres' remapped 'res://data/personas/cowboy.tres' at thread -1
Loading resource: res://data/personas/devil.tres remapped: res://data/personas/devil.tres
Completed load for: 'res://data/personas/devil.tres' remapped 'res://data/personas/devil.tres' at thread -1
Loading resource: res://data/personas/dog.tres remapped: res://data/personas/dog.tres
Completed load for: 'res://data/personas/dog.tres' remapped 'res://data/personas/dog.tres' at thread -1
Loading resource: res://data/personas/fool.tres remapped: res://data/personas/fool.tres
Completed load for: 'res://data/personas/fool.tres' remapped 'res://data/personas/fool.tres' at thread -1
Loading resource: res://data/personas/ghost.tres remapped: res://data/personas/ghost.tres
Completed load for: 'res://data/personas/ghost.tres' remapped 'res://data/personas/ghost.tres' at thread -1
Loading resource: res://data/personas/king.tres remapped: res://data/personas/king.tres
Completed load for: 'res://data/personas/king.tres' remapped 'res://data/personas/king.tres' at thread -1
Loading resource: res://data/personas/king_hidden.tres remapped: res://data/personas/king_hidden.tres
Completed load for: 'res://data/personas/king_hidden.tres' remapped 'res://data/personas/king_hidden.tres' at thread -1
Loading resource: res://data/personas/saint.tres remapped: res://data/personas/saint.tres
Completed load for: 'res://data/personas/saint.tres' remapped 'res://data/personas/saint.tres' at thread -1
Loading resource: res://data/personas/soldier.tres remapped: res://data/personas/soldier.tres
Completed load for: 'res://data/personas/soldier.tres' remapped 'res://data/personas/soldier.tres' at thread -1
Loading resource: res://data/personas/star.tres remapped: res://data/personas/star.tres
Completed load for: 'res://data/personas/star.tres' remapped 'res://data/personas/star.tres' at thread -1
Loading resource: res://data/weapons/bat.tres remapped: res://data/weapons/bat.tres
Completed load for: 'res://data/weapons/bat.tres' remapped 'res://data/weapons/bat.tres' at thread -1
Loading resource: res://data/weapons/boomstick.tres remapped: res://data/weapons/boomstick.tres
Completed load for: 'res://data/weapons/boomstick.tres' remapped 'res://data/weapons/boomstick.tres' at thread -1
Loading resource: res://data/weapons/bottle.tres remapped: res://data/weapons/bottle.tres
Completed load for: 'res://data/weapons/bottle.tres' remapped 'res://data/weapons/bottle.tres' at thread -1
Loading resource: res://data/weapons/brick.tres remapped: res://data/weapons/brick.tres
Completed load for: 'res://data/weapons/brick.tres' remapped 'res://data/weapons/brick.tres' at thread -1
Loading resource: res://data/weapons/broken_bottle.tres remapped: res://data/weapons/broken_bottle.tres
Completed load for: 'res://data/weapons/broken_bottle.tres' remapped 'res://data/weapons/broken_bottle.tres' at thread -1
Loading resource: res://data/weapons/flamethrower.tres remapped: res://data/weapons/flamethrower.tres
Completed load for: 'res://data/weapons/flamethrower.tres' remapped 'res://data/weapons/flamethrower.tres' at thread -1
Loading resource: res://data/weapons/glass_shard.tres remapped: res://data/weapons/glass_shard.tres
Completed load for: 'res://data/weapons/glass_shard.tres' remapped 'res://data/weapons/glass_shard.tres' at thread -1
Loading resource: res://data/weapons/hotshot.tres remapped: res://data/weapons/hotshot.tres
Completed load for: 'res://data/weapons/hotshot.tres' remapped 'res://data/weapons/hotshot.tres' at thread -1
Loading resource: res://data/weapons/knife.tres remapped: res://data/weapons/knife.tres
Completed load for: 'res://data/weapons/knife.tres' remapped 'res://data/weapons/knife.tres' at thread -1
Loading resource: res://data/weapons/machete.tres remapped: res://data/weapons/machete.tres
Completed load for: 'res://data/weapons/machete.tres' remapped 'res://data/weapons/machete.tres' at thread -1
Loading resource: res://data/weapons/pipe.tres remapped: res://data/weapons/pipe.tres
Completed load for: 'res://data/weapons/pipe.tres' remapped 'res://data/weapons/pipe.tres' at thread -1
Loading resource: res://data/weapons/pistol.tres remapped: res://data/weapons/pistol.tres
Completed load for: 'res://data/weapons/pistol.tres' remapped 'res://data/weapons/pistol.tres' at thread -1
Loading resource: res://data/weapons/revolver.tres remapped: res://data/weapons/revolver.tres
Completed load for: 'res://data/weapons/revolver.tres' remapped 'res://data/weapons/revolver.tres' at thread -1
Loading resource: res://data/weapons/rifle.tres remapped: res://data/weapons/rifle.tres
Completed load for: 'res://data/weapons/rifle.tres' remapped 'res://data/weapons/rifle.tres' at thread -1
Loading resource: res://data/weapons/shotgun.tres remapped: res://data/weapons/shotgun.tres
Completed load for: 'res://data/weapons/shotgun.tres' remapped 'res://data/weapons/shotgun.tres' at thread -1
Loading resource: res://data/weapons/smg.tres remapped: res://data/weapons/smg.tres
Completed load for: 'res://data/weapons/smg.tres' remapped 'res://data/weapons/smg.tres' at thread -1
Loading resource: res://data/weapons/whisper.tres remapped: res://data/weapons/whisper.tres
Completed load for: 'res://data/weapons/whisper.tres' remapped 'res://data/weapons/whisper.tres' at thread -1
-- title
Loading resource: res://scenes/ui/title_screen.tscn remapped: res://scenes/ui/title_screen.tscn
Completed load for: 'res://scenes/ui/title_screen.tscn' remapped 'res://scenes/ui/title_screen.tscn' at thread -1
Loading resource: res://assets/art/title/hotshot_title.webp remapped: res://assets/art/title/hotshot_title.webp
Loading resource: res://.godot/imported/hotshot_title.webp-0185d0e09669ceeb11220ed91a14256b.ctex remapped: res://.godot/imported/hotshot_title.webp-0185d0e09669ceeb11220ed91a14256b.ctex
Completed load for: 'res://assets/art/title/hotshot_title.webp' remapped 'res://assets/art/title/hotshot_title.webp' at thread -1
Loading resource: res://shaders/vcr_filter.gdshader remapped: res://shaders/vcr_filter.gdshader
Completed load for: 'res://shaders/vcr_filter.gdshader' remapped 'res://shaders/vcr_filter.gdshader' at thread -1
Loading resource: res://assets/fonts/Poppins-BoldItalic.ttf remapped: res://assets/fonts/Poppins-BoldItalic.ttf
Loading resource: res://.godot/imported/Poppins-BoldItalic.ttf-b5b34d5a857e115dc229db7986adafa4.fontdata remapped: res://.godot/imported/Poppins-BoldItalic.ttf-b5b34d5a857e115dc229db7986adafa4.fontdata
Completed load for: 'res://assets/fonts/Poppins-BoldItalic.ttf' remapped 'res://assets/fonts/Poppins-BoldItalic.ttf' at thread -1
Loading resource: res://shaders/logo_gradient.gdshader remapped: res://shaders/logo_gradient.gdshader
Completed load for: 'res://shaders/logo_gradient.gdshader' remapped 'res://shaders/logo_gradient.gdshader' at thread -1
Loading resource: res://assets/fonts/Lora-Italic-Variable.ttf remapped: res://assets/fonts/Lora-Italic-Variable.ttf
Loading resource: res://.godot/imported/Lora-Italic-Variable.ttf-1a64d8fb0fb646fabac788afae9e68ae.fontdata remapped: res://.godot/imported/Lora-Italic-Variable.ttf-1a64d8fb0fb646fabac788afae9e68ae.fontdata
Completed load for: 'res://assets/fonts/Lora-Italic-Variable.ttf' remapped 'res://assets/fonts/Lora-Italic-Variable.ttf' at thread -1
Loading resource: res://music/st_menu_tapes.mp3 remapped: res://music/st_menu_tapes.mp3
Loading resource: res://.godot/imported/st_menu_tapes.mp3-b5a79f4360965b7ece482e1bc991b1da.mp3str remapped: res://.godot/imported/st_menu_tapes.mp3-b5a79f4360965b7ece482e1bc991b1da.mp3str
Completed load for: 'res://music/st_menu_tapes.mp3' remapped 'res://music/st_menu_tapes.mp3' at thread -1
Loading resource: res://assets/audio/sfx/vhs_static.wav remapped: res://assets/audio/sfx/vhs_static.wav
Loading resource: res://.godot/imported/vhs_static.wav-6e3e4ff014715367e530827280834cf2.sample remapped: res://.godot/imported/vhs_static.wav-6e3e4ff014715367e530827280834cf2.sample
Completed load for: 'res://assets/audio/sfx/vhs_static.wav' remapped 'res://assets/audio/sfx/vhs_static.wav' at thread -1
  ok   title screen loads
-- cutscene
Loading resource: res://scenes/game/cutscene.tscn remapped: res://scenes/game/cutscene.tscn
Completed load for: 'res://scenes/game/cutscene.tscn' remapped 'res://scenes/game/cutscene.tscn' at thread -1
Loading resource: res://assets/art/animated/cutscenes/apartment_1988/frame_0001.png remapped: res://assets/art/animated/cutscenes/apartment_1988/frame_0001.png
Loading resource: res://.godot/imported/frame_0001.png-c72ea2243aab4c21cde06b4b3e224fdb.ctex remapped: res://.godot/imported/frame_0001.png-c72ea2243aab4c21cde06b4b3e224fdb.ctex
Completed load for: 'res://assets/art/animated/cutscenes/apartment_1988/frame_0001.png' remapped 'res://assets/art/animated/cutscenes/apartment_1988/frame_0001.png' at thread -1
Loading resource: res://assets/art/animated/cutscenes/apartment_1988/frame_0002.png remapped: res://assets/art/animated/cutscenes/apartment_1988/frame_0002.png
Loading resource: res://.godot/imported/frame_0002.png-08a79fa9132064aea593237733211272.ctex remapped: res://.godot/imported/frame_0002.png-08a79fa9132064aea593237733211272.ctex
Completed load for: 'res://assets/art/animated/cutscenes/apartment_1988/frame_0002.png' remapped 'res://assets/art/animated/cutscenes/apartment_1988/frame_0002.png' at thread -1
Loading resource: res://assets/art/animated/cutscenes/apartment_1988/frame_0003.png remapped: res://assets/art/animated/cutscenes/apartment_1988/frame_0003.png
Loading resource: res://.godot/imported/frame_0003.png-a459957b46324e2c00b7f144465fe708.ctex remapped: res://.godot/imported/frame_0003.png-a459957b46324e2c00b7f144465fe708.ctex
Completed load for: 'res://assets/art/animated/cutscenes/apartment_1988/frame_0003.png' remapped 'res://assets/art/animated/cutscenes/apartment_1988/frame_0003.png' at thread -1
Loading resource: res://assets/art/animated/cutscenes/apartment_1988/frame_0004.png remapped: res://assets/art/animated/cutscenes/apartment_1988/frame_0004.png
Loading resource: res://.godot/imported/frame_0004.png-8ca66ed62eb3e869daa29a8626875e19.ctex remapped: res://.godot/imported/frame_0004.png-8ca66ed62eb3e869daa29a8626875e19.ctex
Completed load for: 'res://assets/art/animated/cutscenes/apartment_1988/frame_0004.png' remapped 'res://assets/art/animated/cutscenes/apartment_1988/frame_0004.png' at thread -1
Loading resource: res://assets/art/animated/cutscenes/apartment_1988/frame_0005.png remapped: res://assets/art/animated/cutscenes/apartment_1988/frame_0005.png
Loading resource: res://.godot/imported/frame_0005.png-5ad755c2c2720b2cee45531f34e5a30a.ctex remapped: res://.godot/imported/frame_0005.png-5ad755c2c2720b2cee45531f34e5a30a.ctex
Completed load for: 'res://assets/art/animated/cutscenes/apartment_1988/frame_0005.png' remapped 'res://assets/art/animated/cutscenes/apartment_1988/frame_0005.png' at thread -1
Loading resource: res://assets/art/animated/cutscenes/apartment_1988/frame_0006.png remapped: res://assets/art/animated/cutscenes/apartment_1988/frame_0006.png
Loading resource: res://.godot/imported/frame_0006.png-8272d0cc5e7459928b536b2a4ff7d8be.ctex remapped: res://.godot/imported/frame_0006.png-8272d0cc5e7459928b536b2a4ff7d8be.ctex
Completed load for: 'res://assets/art/animated/cutscenes/apartment_1988/frame_0006.png' remapped 'res://assets/art/animated/cutscenes/apartment_1988/frame_0006.png' at thread -1
Loading resource: res://assets/art/animated/cutscenes/apartment_1988/frame_0007.png remapped: res://assets/art/animated/cutscenes/apartment_1988/frame_0007.png
Loading resource: res://.godot/imported/frame_0007.png-8bbb368be264718616f240c97da29ac0.ctex remapped: res://.godot/imported/frame_0007.png-8bbb368be264718616f240c97da29ac0.ctex
Completed load for: 'res://assets/art/animated/cutscenes/apartment_1988/frame_0007.png' remapped 'res://assets/art/animated/cutscenes/apartment_1988/frame_0007.png' at thread -1
Loading resource: res://assets/art/animated/cutscenes/apartment_1988/frame_0008.png remapped: res://assets/art/animated/cutscenes/apartment_1988/frame_0008.png
Loading resource: res://.godot/imported/frame_0008.png-604b065e75d7ed6b5e184641cf336328.ctex remapped: res://.godot/imported/frame_0008.png-604b065e75d7ed6b5e184641cf336328.ctex
Completed load for: 'res://assets/art/animated/cutscenes/apartment_1988/frame_0008.png' remapped 'res://assets/art/animated/cutscenes/apartment_1988/frame_0008.png' at thread -1
Loading resource: res://assets/art/animated/cutscenes/apartment_1988/frame_0009.png remapped: res://assets/art/animated/cutscenes/apartment_1988/frame_0009.png
Loading resource: res://.godot/imported/frame_0009.png-2b646b63d68eeb4d47c64abf8daa095c.ctex remapped: res://.godot/imported/frame_0009.png-2b646b63d68eeb4d47c64abf8daa095c.ctex
Completed load for: 'res://assets/art/animated/cutscenes/apartment_1988/frame_0009.png' remapped 'res://assets/art/animated/cutscenes/apartment_1988/frame_0009.png' at thread -1
Loading resource: res://assets/art/animated/cutscenes/apartment_1988/frame_0010.png remapped: res://assets/art/animated/cutscenes/apartment_1988/frame_0010.png
Loading resource: res://.godot/imported/frame_0010.png-9bf95a538f14f5df58d9f841bbe79bc6.ctex remapped: res://.godot/imported/frame_0010.png-9bf95a538f14f5df58d9f841bbe79bc6.ctex
Completed load for: 'res://assets/art/animated/cutscenes/apartment_1988/frame_0010.png' remapped 'res://assets/art/animated/cutscenes/apartment_1988/frame_0010.png' at thread -1
Loading resource: res://assets/art/animated/cutscenes/apartment_1988/frame_0011.png remapped: res://assets/art/animated/cutscenes/apartment_1988/frame_0011.png
Loading resource: res://.godot/imported/frame_0011.png-357e9706ea89cec2bbec6c8f3d999674.ctex remapped: res://.godot/imported/frame_0011.png-357e9706ea89cec2bbec6c8f3d999674.ctex
Completed load for: 'res://assets/art/animated/cutscenes/apartment_1988/frame_0011.png' remapped 'res://assets/art/animated/cutscenes/apartment_1988/frame_0011.png' at thread -1
Loading resource: res://assets/art/animated/cutscenes/apartment_1988/frame_0012.png remapped: res://assets/art/animated/cutscenes/apartment_1988/frame_0012.png
Loading resource: res://.godot/imported/frame_0012.png-d7c20984c18e5d1e3f6779ee774cc3e5.ctex remapped: res://.godot/imported/frame_0012.png-d7c20984c18e5d1e3f6779ee774cc3e5.ctex
Completed load for: 'res://assets/art/animated/cutscenes/apartment_1988/frame_0012.png' remapped 'res://assets/art/animated/cutscenes/apartment_1988/frame_0012.png' at thread -1
Loading resource: res://assets/art/animated/cutscenes/apartment_1988/frame_0013.png remapped: res://assets/art/animated/cutscenes/apartment_1988/frame_0013.png
Loading resource: res://.godot/imported/frame_0013.png-d271f623aaadb6c8a389663eab7c84b3.ctex remapped: res://.godot/imported/frame_0013.png-d271f623aaadb6c8a389663eab7c84b3.ctex
Completed load for: 'res://assets/art/animated/cutscenes/apartment_1988/frame_0013.png' remapped 'res://assets/art/animated/cutscenes/apartment_1988/frame_0013.png' at thread -1
Loading resource: res://assets/art/animated/cutscenes/apartment_1988/frame_0014.png remapped: res://assets/art/animated/cutscenes/apartment_1988/frame_0014.png
Loading resource: res://.godot/imported/frame_0014.png-cfab95005653257de5db2c859f8349d4.ctex remapped: res://.godot/imported/frame_0014.png-cfab95005653257de5db2c859f8349d4.ctex
Completed load for: 'res://assets/art/animated/cutscenes/apartment_1988/frame_0014.png' remapped 'res://assets/art/animated/cutscenes/apartment_1988/frame_0014.png' at thread -1
Loading resource: res://assets/art/animated/cutscenes/apartment_1988/frame_0015.png remapped: res://assets/art/animated/cutscenes/apartment_1988/frame_0015.png
Loading resource: res://.godot/imported/frame_0015.png-18bff7e179ff3f2e7a5192c029a0b82e.ctex remapped: res://.godot/imported/frame_0015.png-18bff7e179ff3f2e7a5192c029a0b82e.ctex
Completed load for: 'res://assets/art/animated/cutscenes/apartment_1988/frame_0015.png' remapped 'res://assets/art/animated/cutscenes/apartment_1988/frame_0015.png' at thread -1
Loading resource: res://assets/art/animated/cutscenes/apartment_1988/frame_0016.png remapped: res://assets/art/animated/cutscenes/apartment_1988/frame_0016.png
Loading resource: res://.godot/imported/frame_0016.png-b4c062eb7b955f5048b232f2f8a23f81.ctex remapped: res://.godot/imported/frame_0016.png-b4c062eb7b955f5048b232f2f8a23f81.ctex
Completed load for: 'res://assets/art/animated/cutscenes/apartment_1988/frame_0016.png' remapped 'res://assets/art/animated/cutscenes/apartment_1988/frame_0016.png' at thread -1
Loading resource: res://assets/art/animated/cutscenes/apartment_1988/frame_0017.png remapped: res://assets/art/animated/cutscenes/apartment_1988/frame_0017.png
Loading resource: res://.godot/imported/frame_0017.png-f2cb67e4fea8a3a7ef71bd56fa714fa9.ctex remapped: res://.godot/imported/frame_0017.png-f2cb67e4fea8a3a7ef71bd56fa714fa9.ctex
Completed load for: 'res://assets/art/animated/cutscenes/apartment_1988/frame_0017.png' remapped 'res://assets/art/animated/cutscenes/apartment_1988/frame_0017.png' at thread -1
Loading resource: res://assets/art/animated/cutscenes/apartment_1988/frame_0018.png remapped: res://assets/art/animated/cutscenes/apartment_1988/frame_0018.png
Loading resource: res://.godot/imported/frame_0018.png-2a6a8ff432ac22cd5908bf6f3d1789ad.ctex remapped: res://.godot/imported/frame_0018.png-2a6a8ff432ac22cd5908bf6f3d1789ad.ctex
Completed load for: 'res://assets/art/animated/cutscenes/apartment_1988/frame_0018.png' remapped 'res://assets/art/animated/cutscenes/apartment_1988/frame_0018.png' at thread -1
Loading resource: res://assets/art/animated/cutscenes/apartment_1988/frame_0019.png remapped: res://assets/art/animated/cutscenes/apartment_1988/frame_0019.png
Loading resource: res://.godot/imported/frame_0019.png-e5467069f842199540ad6b897b056aef.ctex remapped: res://.godot/imported/frame_0019.png-e5467069f842199540ad6b897b056aef.ctex
Completed load for: 'res://assets/art/animated/cutscenes/apartment_1988/frame_0019.png' remapped 'res://assets/art/animated/cutscenes/apartment_1988/frame_0019.png' at thread -1
Loading resource: res://assets/art/animated/cutscenes/apartment_1988/frame_0020.png remapped: res://assets/art/animated/cutscenes/apartment_1988/frame_0020.png
Loading resource: res://.godot/imported/frame_0020.png-3848e9da7b50adca20db05b6334f23ba.ctex remapped: res://.godot/imported/frame_0020.png-3848e9da7b50adca20db05b6334f23ba.ctex
Completed load for: 'res://assets/art/animated/cutscenes/apartment_1988/frame_0020.png' remapped 'res://assets/art/animated/cutscenes/apartment_1988/frame_0020.png' at thread -1
Loading resource: res://assets/art/animated/cutscenes/apartment_1988/frame_0021.png remapped: res://assets/art/animated/cutscenes/apartment_1988/frame_0021.png
Loading resource: res://.godot/imported/frame_0021.png-addc4c81654cf46dca3531cdc7d58dc4.ctex remapped: res://.godot/imported/frame_0021.png-addc4c81654cf46dca3531cdc7d58dc4.ctex
Completed load for: 'res://assets/art/animated/cutscenes/apartment_1988/frame_0021.png' remapped 'res://assets/art/animated/cutscenes/apartment_1988/frame_0021.png' at thread -1
Loading resource: res://assets/art/animated/cutscenes/apartment_1988/frame_0022.png remapped: res://assets/art/animated/cutscenes/apartment_1988/frame_0022.png
Loading resource: res://.godot/imported/frame_0022.png-df36a70aa69ce913fce90f9908888dbe.ctex remapped: res://.godot/imported/frame_0022.png-df36a70aa69ce913fce90f9908888dbe.ctex
Completed load for: 'res://assets/art/animated/cutscenes/apartment_1988/frame_0022.png' remapped 'res://assets/art/animated/cutscenes/apartment_1988/frame_0022.png' at thread -1
Loading resource: res://assets/art/animated/cutscenes/apartment_1988/frame_0023.png remapped: res://assets/art/animated/cutscenes/apartment_1988/frame_0023.png
Loading resource: res://.godot/imported/frame_0023.png-99dda349a9cbefef8026469e951a0548.ctex remapped: res://.godot/imported/frame_0023.png-99dda349a9cbefef8026469e951a0548.ctex
Completed load for: 'res://assets/art/animated/cutscenes/apartment_1988/frame_0023.png' remapped 'res://assets/art/animated/cutscenes/apartment_1988/frame_0023.png' at thread -1
Loading resource: res://assets/art/animated/cutscenes/apartment_1988/frame_0024.png remapped: res://assets/art/animated/cutscenes/apartment_1988/frame_0024.png
Loading resource: res://.godot/imported/frame_0024.png-3d0777960795829df239e10641d3441f.ctex remapped: res://.godot/imported/frame_0024.png-3d0777960795829df239e10641d3441f.ctex
Completed load for: 'res://assets/art/animated/cutscenes/apartment_1988/frame_0024.png' remapped 'res://assets/art/animated/cutscenes/apartment_1988/frame_0024.png' at thread -1
Loading resource: res://assets/art/pixellab_ui_v3_approved/cutscenes/apartment_1988.png remapped: res://assets/art/pixellab_ui_v3_approved/cutscenes/apartment_1988.png
Loading resource: res://.godot/imported/apartment_1988.png-97635925daa087c93dae101c8231ce90.ctex remapped: res://.godot/imported/apartment_1988.png-97635925daa087c93dae101c8231ce90.ctex
Completed load for: 'res://assets/art/pixellab_ui_v3_approved/cutscenes/apartment_1988.png' remapped 'res://assets/art/pixellab_ui_v3_approved/cutscenes/apartment_1988.png' at thread -1
Loading resource: res://music/st_story_apartment.ogg remapped: res://music/st_story_apartment.ogg
Loading resource: res://.godot/imported/st_story_apartment.ogg-f5bc3a6d5c510681031764deabdc10ae.oggvorbisstr remapped: res://.godot/imported/st_story_apartment.ogg-f5bc3a6d5c510681031764deabdc10ae.oggvorbisstr
Completed load for: 'res://music/st_story_apartment.ogg' remapped 'res://music/st_story_apartment.ogg' at thread -1
Loading resource: res://assets/art/pixellab_ui_v3_approved/painted/apartment.png remapped: res://assets/art/pixellab_ui_v3_approved/painted/apartment.png
Loading resource: res://.godot/imported/apartment.png-f00628caf068e375e159c4866e9c1528.ctex remapped: res://.godot/imported/apartment.png-f00628caf068e375e159c4866e9c1528.ctex
Completed load for: 'res://assets/art/pixellab_ui_v3_approved/painted/apartment.png' remapped 'res://assets/art/pixellab_ui_v3_approved/painted/apartment.png' at thread -1
Loading resource: res://assets/audio/sfx/blip.wav remapped: res://assets/audio/sfx/blip.wav
Loading resource: res://.godot/imported/blip.wav-1aea3b252357ad0041bf37e13b8851ba.sample remapped: res://.godot/imported/blip.wav-1aea3b252357ad0041bf37e13b8851ba.sample
Completed load for: 'res://assets/audio/sfx/blip.wav' remapped 'res://assets/audio/sfx/blip.wav' at thread -1
Loading resource: res://assets/art/pixellab_ui_v3_approved/portraits/machine.png remapped: res://assets/art/pixellab_ui_v3_approved/portraits/machine.png
Loading resource: res://.godot/imported/machine.png-34d8b7af28f025a33589b251afea1901.ctex remapped: res://.godot/imported/machine.png-34d8b7af28f025a33589b251afea1901.ctex
Completed load for: 'res://assets/art/pixellab_ui_v3_approved/portraits/machine.png' remapped 'res://assets/art/pixellab_ui_v3_approved/portraits/machine.png' at thread -1
Loading resource: res://assets/audio/sfx/voxbot_i1.wav remapped: res://assets/audio/sfx/voxbot_i1.wav
Loading resource: res://.godot/imported/voxbot_i1.wav-2ae46fe97a1f2f1a2adf4996d59efbe1.sample remapped: res://.godot/imported/voxbot_i1.wav-2ae46fe97a1f2f1a2adf4996d59efbe1.sample
Completed load for: 'res://assets/audio/sfx/voxbot_i1.wav' remapped 'res://assets/audio/sfx/voxbot_i1.wav' at thread -1
Loading resource: res://assets/audio/sfx/voxbot_u2.wav remapped: res://assets/audio/sfx/voxbot_u2.wav
Loading resource: res://.godot/imported/voxbot_u2.wav-0077615addb56e9933ac1894237a9338.sample remapped: res://.godot/imported/voxbot_u2.wav-0077615addb56e9933ac1894237a9338.sample
Completed load for: 'res://assets/audio/sfx/voxbot_u2.wav' remapped 'res://assets/audio/sfx/voxbot_u2.wav' at thread -1
Loading resource: res://assets/audio/sfx/voxbot_a1.wav remapped: res://assets/audio/sfx/voxbot_a1.wav
Loading resource: res://.godot/imported/voxbot_a1.wav-32a1a1f1c6bcc8c14ff6466a0099d65a.sample remapped: res://.godot/imported/voxbot_a1.wav-32a1a1f1c6bcc8c14ff6466a0099d65a.sample
Completed load for: 'res://assets/audio/sfx/voxbot_a1.wav' remapped 'res://assets/audio/sfx/voxbot_a1.wav' at thread -1
Loading resource: res://assets/audio/sfx/voxbot_e2.wav remapped: res://assets/audio/sfx/voxbot_e2.wav
Loading resource: res://.godot/imported/voxbot_e2.wav-64e09a8253e4216811dc9e3faff6711e.sample remapped: res://.godot/imported/voxbot_e2.wav-64e09a8253e4216811dc9e3faff6711e.sample
Completed load for: 'res://assets/audio/sfx/voxbot_e2.wav' remapped 'res://assets/audio/sfx/voxbot_e2.wav' at thread -1
Loading resource: res://assets/audio/sfx/voxbot_u1.wav remapped: res://assets/audio/sfx/voxbot_u1.wav
Loading resource: res://.godot/imported/voxbot_u1.wav-bea0d07d2cd4babb73c30551802f05b2.sample remapped: res://.godot/imported/voxbot_u1.wav-bea0d07d2cd4babb73c30551802f05b2.sample
Completed load for: 'res://assets/audio/sfx/voxbot_u1.wav' remapped 'res://assets/audio/sfx/voxbot_u1.wav' at thread -1
Loading resource: res://assets/audio/sfx/voxbot_o2.wav remapped: res://assets/audio/sfx/voxbot_o2.wav
Loading resource: res://.godot/imported/voxbot_o2.wav-a218242e0e43fe068068ba517afebd48.sample remapped: res://.godot/imported/voxbot_o2.wav-a218242e0e43fe068068ba517afebd48.sample
Completed load for: 'res://assets/audio/sfx/voxbot_o2.wav' remapped 'res://assets/audio/sfx/voxbot_o2.wav' at thread -1
  ok   dialogue starts in cutscene
Loading resource: res://assets/audio/sfx/vox_a1.wav remapped: res://assets/audio/sfx/vox_a1.wav
Loading resource: res://.godot/imported/vox_a1.wav-fa5a6e799293401a9c145867da9fa6e9.sample remapped: res://.godot/imported/vox_a1.wav-fa5a6e799293401a9c145867da9fa6e9.sample
Completed load for: 'res://assets/audio/sfx/vox_a1.wav' remapped 'res://assets/audio/sfx/vox_a1.wav' at thread -1
Loading resource: res://assets/art/pixellab_ui_v3_approved/portraits/mom.png remapped: res://assets/art/pixellab_ui_v3_approved/portraits/mom.png
Loading resource: res://.godot/imported/mom.png-ca4b72942207cc9c67b6149634a0355c.ctex remapped: res://.godot/imported/mom.png-ca4b72942207cc9c67b6149634a0355c.ctex
Completed load for: 'res://assets/art/pixellab_ui_v3_approved/portraits/mom.png' remapped 'res://assets/art/pixellab_ui_v3_approved/portraits/mom.png' at thread -1
Loading resource: res://assets/audio/sfx/vox_i1.wav remapped: res://assets/audio/sfx/vox_i1.wav
Loading resource: res://.godot/imported/vox_i1.wav-a7b0625b3f188df9c766a95729e6875d.sample remapped: res://.godot/imported/vox_i1.wav-a7b0625b3f188df9c766a95729e6875d.sample
Completed load for: 'res://assets/audio/sfx/vox_i1.wav' remapped 'res://assets/audio/sfx/vox_i1.wav' at thread -1
Loading resource: res://assets/audio/sfx/voxbot_e1.wav remapped: res://assets/audio/sfx/voxbot_e1.wav
Loading resource: res://.godot/imported/voxbot_e1.wav-e189a0977e32ba4b59b67c5f7aaa196d.sample remapped: res://.godot/imported/voxbot_e1.wav-e189a0977e32ba4b59b67c5f7aaa196d.sample
Completed load for: 'res://assets/audio/sfx/voxbot_e1.wav' remapped 'res://assets/audio/sfx/voxbot_e1.wav' at thread -1
Loading resource: res://assets/art/pixellab_ui_v3_approved/portraits/voice.png remapped: res://assets/art/pixellab_ui_v3_approved/portraits/voice.png
Loading resource: res://.godot/imported/voice.png-fd5de1a46b0e087290fa4e42aa756716.ctex remapped: res://.godot/imported/voice.png-fd5de1a46b0e087290fa4e42aa756716.ctex
Completed load for: 'res://assets/art/pixellab_ui_v3_approved/portraits/voice.png' remapped 'res://assets/art/pixellab_ui_v3_approved/portraits/voice.png' at thread -1
Loading resource: res://assets/audio/sfx/voxtel_i1.wav remapped: res://assets/audio/sfx/voxtel_i1.wav
Loading resource: res://.godot/imported/voxtel_i1.wav-1ff03c68050dcf41b033ab066fe7b52d.sample remapped: res://.godot/imported/voxtel_i1.wav-1ff03c68050dcf41b033ab066fe7b52d.sample
Completed load for: 'res://assets/audio/sfx/voxtel_i1.wav' remapped 'res://assets/audio/sfx/voxtel_i1.wav' at thread -1
Loading resource: res://assets/audio/sfx/voxtel_e1.wav remapped: res://assets/audio/sfx/voxtel_e1.wav
Loading resource: res://.godot/imported/voxtel_e1.wav-bbac4d7ccc9c51468145ff14b7f7b67f.sample remapped: res://.godot/imported/voxtel_e1.wav-bbac4d7ccc9c51468145ff14b7f7b67f.sample
Completed load for: 'res://assets/audio/sfx/voxtel_e1.wav' remapped 'res://assets/audio/sfx/voxtel_e1.wav' at thread -1
Loading resource: res://assets/audio/voice/apartment_1988/f.mp3 remapped: res://assets/audio/voice/apartment_1988/f.mp3
Loading resource: res://.godot/imported/f.mp3-6151e6b48ea78b526dad27a41b0665ae.mp3str remapped: res://.godot/imported/f.mp3-6151e6b48ea78b526dad27a41b0665ae.mp3str
Completed load for: 'res://assets/audio/voice/apartment_1988/f.mp3' remapped 'res://assets/audio/voice/apartment_1988/f.mp3' at thread -1
Loading resource: res://assets/characters/portraits/cass_star.png remapped: res://assets/characters/portraits/cass_star.png
Loading resource: res://.godot/imported/cass_star.png-63de37b413203e658a0c992bf78dbd00.ctex remapped: res://.godot/imported/cass_star.png-63de37b413203e658a0c992bf78dbd00.ctex
Completed load for: 'res://assets/characters/portraits/cass_star.png' remapped 'res://assets/characters/portraits/cass_star.png' at thread -1
Loading resource: res://assets/audio/sfx/ui_move.wav remapped: res://assets/audio/sfx/ui_move.wav
Loading resource: res://.godot/imported/ui_move.wav-beadd58da3486de5cdd558795599ad69.sample remapped: res://.godot/imported/ui_move.wav-beadd58da3486de5cdd558795599ad69.sample
Completed load for: 'res://assets/audio/sfx/ui_move.wav' remapped 'res://assets/audio/sfx/ui_move.wav' at thread -1
Loading resource: res://assets/audio/sfx/ui_select.wav remapped: res://assets/audio/sfx/ui_select.wav
Loading resource: res://.godot/imported/ui_select.wav-d70ac7a88c51f2b31630dac3382b4179.sample remapped: res://.godot/imported/ui_select.wav-d70ac7a88c51f2b31630dac3382b4179.sample
Completed load for: 'res://assets/audio/sfx/ui_select.wav' remapped 'res://assets/audio/sfx/ui_select.wav' at thread -1
Loading resource: res://assets/audio/voice/apartment_1988/k1.mp3 remapped: res://assets/audio/voice/apartment_1988/k1.mp3
Loading resource: res://.godot/imported/k1.mp3-ea98d6b0bd35c94302eb9c9fd48f4069.mp3str remapped: res://.godot/imported/k1.mp3-ea98d6b0bd35c94302eb9c9fd48f4069.mp3str
Completed load for: 'res://assets/audio/voice/apartment_1988/k1.mp3' remapped 'res://assets/audio/voice/apartment_1988/k1.mp3' at thread -1
Loading resource: res://assets/audio/voice/apartment_1988/k2.mp3 remapped: res://assets/audio/voice/apartment_1988/k2.mp3
Loading resource: res://.godot/imported/k2.mp3-b18abe28b59cecde2d8227ecdb86da73.mp3str remapped: res://.godot/imported/k2.mp3-b18abe28b59cecde2d8227ecdb86da73.mp3str
Completed load for: 'res://assets/audio/voice/apartment_1988/k2.mp3' remapped 'res://assets/audio/voice/apartment_1988/k2.mp3' at thread -1
Loading resource: res://assets/audio/sfx/type_clack.wav remapped: res://assets/audio/sfx/type_clack.wav
Loading resource: res://.godot/imported/type_clack.wav-cb54c3aacc6d250febc27198e7095cc7.sample remapped: res://.godot/imported/type_clack.wav-cb54c3aacc6d250febc27198e7095cc7.sample
Completed load for: 'res://assets/audio/sfx/type_clack.wav' remapped 'res://assets/audio/sfx/type_clack.wav' at thread -1
Loading resource: res://assets/audio/voice/apartment_1988/k4.mp3 remapped: res://assets/audio/voice/apartment_1988/k4.mp3
Loading resource: res://.godot/imported/k4.mp3-c29069f4200bf06d43fb9c0dec5145cc.mp3str remapped: res://.godot/imported/k4.mp3-c29069f4200bf06d43fb9c0dec5145cc.mp3str
Completed load for: 'res://assets/audio/voice/apartment_1988/k4.mp3' remapped 'res://assets/audio/voice/apartment_1988/k4.mp3' at thread -1
Loading resource: res://scenes/ui/title_screen.tscn remapped: res://scenes/ui/title_screen.tscn
Completed load for: 'res://scenes/ui/title_screen.tscn' remapped 'res://scenes/ui/title_screen.tscn' at thread -1
Loading resource: res://assets/art/title/hotshot_title.webp remapped: res://assets/art/title/hotshot_title.webp
Loading resource: res://.godot/imported/hotshot_title.webp-0185d0e09669ceeb11220ed91a14256b.ctex remapped: res://.godot/imported/hotshot_title.webp-0185d0e09669ceeb11220ed91a14256b.ctex
Completed load for: 'res://assets/art/title/hotshot_title.webp' remapped 'res://assets/art/title/hotshot_title.webp' at thread -1
Loading resource: res://shaders/vcr_filter.gdshader remapped: res://shaders/vcr_filter.gdshader
Completed load for: 'res://shaders/vcr_filter.gdshader' remapped 'res://shaders/vcr_filter.gdshader' at thread -1
Loading resource: res://shaders/logo_gradient.gdshader remapped: res://shaders/logo_gradient.gdshader
Completed load for: 'res://shaders/logo_gradient.gdshader' remapped 'res://shaders/logo_gradient.gdshader' at thread -1
Loading resource: res://music/st_menu_tapes.mp3 remapped: res://music/st_menu_tapes.mp3
Loading resource: res://.godot/imported/st_menu_tapes.mp3-b5a79f4360965b7ece482e1bc991b1da.mp3str remapped: res://.godot/imported/st_menu_tapes.mp3-b5a79f4360965b7ece482e1bc991b1da.mp3str
Completed load for: 'res://music/st_menu_tapes.mp3' remapped 'res://music/st_menu_tapes.mp3' at thread -1
-- mission
Loading resource: res://scenes/levels/level.tscn remapped: res://scenes/levels/level.tscn
Completed load for: 'res://scenes/levels/level.tscn' remapped 'res://scenes/levels/level.tscn' at thread -1
Loading resource: res://assets/characters/baked/l_scout_0.png remapped: res://assets/characters/baked/l_scout_0.png
Loading resource: res://.godot/imported/l_scout_0.png-00bd22875e6a3aac95a762ae2bbe94ee.ctex remapped: res://.godot/imported/l_scout_0.png-00bd22875e6a3aac95a762ae2bbe94ee.ctex
Completed load for: 'res://assets/characters/baked/l_scout_0.png' remapped 'res://assets/characters/baked/l_scout_0.png' at thread -1
Loading resource: res://assets/art/materials/twill.png remapped: res://assets/art/materials/twill.png
Loading resource: res://.godot/imported/twill.png-08881ae797a2761510d99988c23ca092.ctex remapped: res://.godot/imported/twill.png-08881ae797a2761510d99988c23ca092.ctex
Completed load for: 'res://assets/art/materials/twill.png' remapped 'res://assets/art/materials/twill.png' at thread -1
Loading resource: res://assets/art/cast3d_rt/scout/scout.glb remapped: res://assets/art/cast3d_rt/scout/scout.glb
Loading resource: res://.godot/imported/scout.glb-0625723fc3fba04256457e229b1d47e9.scn remapped: res://.godot/imported/scout.glb-0625723fc3fba04256457e229b1d47e9.scn
Loading resource: res://assets/art/cast3d_rt/scout/scout_Image_0.jpg remapped: res://assets/art/cast3d_rt/scout/scout_Image_0.jpg
Loading resource: res://.godot/imported/scout_Image_0.jpg-f912a28d483c0a0a88a3fdc70828f80f.ctex remapped: res://.godot/imported/scout_Image_0.jpg-f912a28d483c0a0a88a3fdc70828f80f.ctex
Completed load for: 'res://assets/art/cast3d_rt/scout/scout_Image_0.jpg' remapped 'res://assets/art/cast3d_rt/scout/scout_Image_0.jpg' at thread -1
Completed load for: 'res://assets/art/cast3d_rt/scout/scout.glb' remapped 'res://assets/art/cast3d_rt/scout/scout.glb' at thread -1
Loading resource: res://data/weapons/bat.tres remapped: res://data/weapons/bat.tres
Completed load for: 'res://data/weapons/bat.tres' remapped 'res://data/weapons/bat.tres' at thread -1
Loading resource: res://data/weapons/boomstick.tres remapped: res://data/weapons/boomstick.tres
Completed load for: 'res://data/weapons/boomstick.tres' remapped 'res://data/weapons/boomstick.tres' at thread -1
Loading resource: res://data/weapons/bottle.tres remapped: res://data/weapons/bottle.tres
Completed load for: 'res://data/weapons/bottle.tres' remapped 'res://data/weapons/bottle.tres' at thread -1
Loading resource: res://data/weapons/brick.tres remapped: res://data/weapons/brick.tres
Completed load for: 'res://data/weapons/brick.tres' remapped 'res://data/weapons/brick.tres' at thread -1
Loading resource: res://data/weapons/broken_bottle.tres remapped: res://data/weapons/broken_bottle.tres
Completed load for: 'res://data/weapons/broken_bottle.tres' remapped 'res://data/weapons/broken_bottle.tres' at thread -1
Loading resource: res://data/weapons/flamethrower.tres remapped: res://data/weapons/flamethrower.tres
Completed load for: 'res://data/weapons/flamethrower.tres' remapped 'res://data/weapons/flamethrower.tres' at thread -1
Loading resource: res://data/weapons/glass_shard.tres remapped: res://data/weapons/glass_shard.tres
Completed load for: 'res://data/weapons/glass_shard.tres' remapped 'res://data/weapons/glass_shard.tres' at thread -1
Loading resource: res://data/weapons/hotshot.tres remapped: res://data/weapons/hotshot.tres
Completed load for: 'res://data/weapons/hotshot.tres' remapped 'res://data/weapons/hotshot.tres' at thread -1
Loading resource: res://data/weapons/knife.tres remapped: res://data/weapons/knife.tres
Completed load for: 'res://data/weapons/knife.tres' remapped 'res://data/weapons/knife.tres' at thread -1
Loading resource: res://data/weapons/machete.tres remapped: res://data/weapons/machete.tres
Completed load for: 'res://data/weapons/machete.tres' remapped 'res://data/weapons/machete.tres' at thread -1
Loading resource: res://data/weapons/pipe.tres remapped: res://data/weapons/pipe.tres
Completed load for: 'res://data/weapons/pipe.tres' remapped 'res://data/weapons/pipe.tres' at thread -1
Loading resource: res://data/weapons/pistol.tres remapped: res://data/weapons/pistol.tres
Completed load for: 'res://data/weapons/pistol.tres' remapped 'res://data/weapons/pistol.tres' at thread -1
Loading resource: res://data/weapons/revolver.tres remapped: res://data/weapons/revolver.tres
Completed load for: 'res://data/weapons/revolver.tres' remapped 'res://data/weapons/revolver.tres' at thread -1
Loading resource: res://data/weapons/rifle.tres remapped: res://data/weapons/rifle.tres
Completed load for: 'res://data/weapons/rifle.tres' remapped 'res://data/weapons/rifle.tres' at thread -1
Loading resource: res://data/weapons/shotgun.tres remapped: res://data/weapons/shotgun.tres
Completed load for: 'res://data/weapons/shotgun.tres' remapped 'res://data/weapons/shotgun.tres' at thread -1
Loading resource: res://data/weapons/smg.tres remapped: res://data/weapons/smg.tres
Completed load for: 'res://data/weapons/smg.tres' remapped 'res://data/weapons/smg.tres' at thread -1
Loading resource: res://data/weapons/whisper.tres remapped: res://data/weapons/whisper.tres
Completed load for: 'res://data/weapons/whisper.tres' remapped 'res://data/weapons/whisper.tres' at thread -1
Loading resource: res://data/enemies/bellhop.tres remapped: res://data/enemies/bellhop.tres
Completed load for: 'res://data/enemies/bellhop.tres' remapped 'res://data/enemies/bellhop.tres' at thread -1
Loading resource: res://data/enemies/biker.tres remapped: res://data/enemies/biker.tres
Completed load for: 'res://data/enemies/biker.tres' remapped 'res://data/enemies/biker.tres' at thread -1
Loading resource: res://data/enemies/burning_man.tres remapped: res://data/enemies/burning_man.tres
Completed load for: 'res://data/enemies/burning_man.tres' remapped 'res://data/enemies/burning_man.tres' at thread -1
Loading resource: res://data/enemies/cultist.tres remapped: res://data/enemies/cultist.tres
Completed load for: 'res://data/enemies/cultist.tres' remapped 'res://data/enemies/cultist.tres' at thread -1
Loading resource: res://data/enemies/demon.tres remapped: res://data/enemies/demon.tres
Completed load for: 'res://data/enemies/demon.tres' remapped 'res://data/enemies/demon.tres' at thread -1
Loading resource: res://data/enemies/dog.tres remapped: res://data/enemies/dog.tres
Completed load for: 'res://data/enemies/dog.tres' remapped 'res://data/enemies/dog.tres' at thread -1
Loading resource: res://data/enemies/dog_doberman.tres remapped: res://data/enemies/dog_doberman.tres
Completed load for: 'res://data/enemies/dog_doberman.tres' remapped 'res://data/enemies/dog_doberman.tres' at thread -1
Loading resource: res://data/enemies/dog_rott.tres remapped: res://data/enemies/dog_rott.tres
Completed load for: 'res://data/enemies/dog_rott.tres' remapped 'res://data/enemies/dog_rott.tres' at thread -1
Loading resource: res://data/enemies/fireman.tres remapped: res://data/enemies/fireman.tres
Completed load for: 'res://data/enemies/fireman.tres' remapped 'res://data/enemies/fireman.tres' at thread -1
Loading resource: res://data/enemies/ghoul.tres remapped: res://data/enemies/ghoul.tres
Completed load for: 'res://data/enemies/ghoul.tres' remapped 'res://data/enemies/ghoul.tres' at thread -1
Loading resource: res://data/enemies/guard.tres remapped: res://data/enemies/guard.tres
Completed load for: 'res://data/enemies/guard.tres' remapped 'res://data/enemies/guard.tres' at thread -1
Loading resource: res://data/enemies/gunner.tres remapped: res://data/enemies/gunner.tres
Completed load for: 'res://data/enemies/gunner.tres' remapped 'res://data/enemies/gunner.tres' at thread -1
Loading resource: res://data/enemies/handler.tres remapped: res://data/enemies/handler.tres
Completed load for: 'res://data/enemies/handler.tres' remapped 'res://data/enemies/handler.tres' at thread -1
Loading resource: res://data/enemies/heavy.tres remapped: res://data/enemies/heavy.tres
Completed load for: 'res://data/enemies/heavy.tres' remapped 'res://data/enemies/heavy.tres' at thread -1
Loading resource: res://data/enemies/hellhound.tres remapped: res://data/enemies/hellhound.tres
Completed load for: 'res://data/enemies/hellhound.tres' remapped 'res://data/enemies/hellhound.tres' at thread -1
Loading resource: res://data/enemies/hunter.tres remapped: res://data/enemies/hunter.tres
Completed load for: 'res://data/enemies/hunter.tres' remapped 'res://data/enemies/hunter.tres' at thread -1
Loading resource: res://data/enemies/kennel_master.tres remapped: res://data/enemies/kennel_master.tres
Completed load for: 'res://data/enemies/kennel_master.tres' remapped 'res://data/enemies/kennel_master.tres' at thread -1
Loading resource: res://data/enemies/night_manager.tres remapped: res://data/enemies/night_manager.tres
Completed load for: 'res://data/enemies/night_manager.tres' remapped 'res://data/enemies/night_manager.tres' at thread -1
Loading resource: res://data/enemies/riot.tres remapped: res://data/enemies/riot.tres
Completed load for: 'res://data/enemies/riot.tres' remapped 'res://data/enemies/riot.tres' at thread -1
Loading resource: res://data/enemies/scout.tres remapped: res://data/enemies/scout.tres
Completed load for: 'res://data/enemies/scout.tres' remapped 'res://data/enemies/scout.tres' at thread -1
Loading resource: res://data/enemies/scrapper.tres remapped: res://data/enemies/scrapper.tres
Completed load for: 'res://data/enemies/scrapper.tres' remapped 'res://data/enemies/scrapper.tres' at thread -1
Loading resource: res://data/enemies/security.tres remapped: res://data/enemies/security.tres
Completed load for: 'res://data/enemies/security.tres' remapped 'res://data/enemies/security.tres' at thread -1
Loading resource: res://data/enemies/sniper.tres remapped: res://data/enemies/sniper.tres
Completed load for: 'res://data/enemies/sniper.tres' remapped 'res://data/enemies/sniper.tres' at thread -1
Loading resource: res://data/enemies/stagehand.tres remapped: res://data/enemies/stagehand.tres
Completed load for: 'res://data/enemies/stagehand.tres' remapped 'res://data/enemies/stagehand.tres' at thread -1
Loading resource: res://data/enemies/welder.tres remapped: res://data/enemies/welder.tres
Completed load for: 'res://data/enemies/welder.tres' remapped 'res://data/enemies/welder.tres' at thread -1
Loading resource: res://data/enemies/zombie.tres remapped: res://data/enemies/zombie.tres
Completed load for: 'res://data/enemies/zombie.tres' remapped 'res://data/enemies/zombie.tres' at thread -1
Loading resource: res://data/personas/angel.tres remapped: res://data/personas/angel.tres
Completed load for: 'res://data/personas/angel.tres' remapped 'res://data/personas/angel.tres' at thread -1
Loading resource: res://data/personas/cowboy.tres remapped: res://data/personas/cowboy.tres
Completed load for: 'res://data/personas/cowboy.tres' remapped 'res://data/personas/cowboy.tres' at thread -1
Loading resource: res://data/personas/devil.tres remapped: res://data/personas/devil.tres
Completed load for: 'res://data/personas/devil.tres' remapped 'res://data/personas/devil.tres' at thread -1
Loading resource: res://data/personas/dog.tres remapped: res://data/personas/dog.tres
Completed load for: 'res://data/personas/dog.tres' remapped 'res://data/personas/dog.tres' at thread -1
Loading resource: res://data/personas/fool.tres remapped: res://data/personas/fool.tres
Completed load for: 'res://data/personas/fool.tres' remapped 'res://data/personas/fool.tres' at thread -1
Loading resource: res://data/personas/ghost.tres remapped: res://data/personas/ghost.tres
Completed load for: 'res://data/personas/ghost.tres' remapped 'res://data/personas/ghost.tres' at thread -1
Loading resource: res://data/personas/king.tres remapped: res://data/personas/king.tres
Completed load for: 'res://data/personas/king.tres' remapped 'res://data/personas/king.tres' at thread -1
Loading resource: res://data/personas/king_hidden.tres remapped: res://data/personas/king_hidden.tres
Completed load for: 'res://data/personas/king_hidden.tres' remapped 'res://data/personas/king_hidden.tres' at thread -1
Loading resource: res://data/personas/saint.tres remapped: res://data/personas/saint.tres
Completed load for: 'res://data/personas/saint.tres' remapped 'res://data/personas/saint.tres' at thread -1
Loading resource: res://data/personas/soldier.tres remapped: res://data/personas/soldier.tres
Completed load for: 'res://data/personas/soldier.tres' remapped 'res://data/personas/soldier.tres' at thread -1
Loading resource: res://data/personas/star.tres remapped: res://data/personas/star.tres
Completed load for: 'res://data/personas/star.tres' remapped 'res://data/personas/star.tres' at thread -1
Loading resource: res://assets/art/weapons_side/machete.png remapped: res://assets/art/weapons_side/machete.png
Loading resource: res://.godot/imported/machete.png-dd14ddc437629b06f2cb2dcd1fb546b6.ctex remapped: res://.godot/imported/machete.png-dd14ddc437629b06f2cb2dcd1fb546b6.ctex
Completed load for: 'res://assets/art/weapons_side/machete.png' remapped 'res://assets/art/weapons_side/machete.png' at thread -1
Loading resource: res://assets/art/weapons_world/machete.png remapped: res://assets/art/weapons_world/machete.png
Loading resource: res://.godot/imported/machete.png-6aecff7a8ae019450cafffb66587acf8.ctex remapped: res://.godot/imported/machete.png-6aecff7a8ae019450cafffb66587acf8.ctex
Completed load for: 'res://assets/art/weapons_world/machete.png' remapped 'res://assets/art/weapons_world/machete.png' at thread -1
Loading resource: res://assets/characters/baked/l_heavy-v1_0.png remapped: res://assets/characters/baked/l_heavy-v1_0.png
Loading resource: res://.godot/imported/l_heavy-v1_0.png-9c6297538bc1f4974472771a469f9299.ctex remapped: res://.godot/imported/l_heavy-v1_0.png-9c6297538bc1f4974472771a469f9299.ctex
Completed load for: 'res://assets/characters/baked/l_heavy-v1_0.png' remapped 'res://assets/characters/baked/l_heavy-v1_0.png' at thread -1
Loading resource: res://assets/art/materials/leather.png remapped: res://assets/art/materials/leather.png
Loading resource: res://.godot/imported/leather.png-c1152479338ca8f199ce0fd0abaf89dc.ctex remapped: res://.godot/imported/leather.png-c1152479338ca8f199ce0fd0abaf89dc.ctex
Completed load for: 'res://assets/art/materials/leather.png' remapped 'res://assets/art/materials/leather.png' at thread -1
Loading resource: res://assets/art/cast3d_rt/heavy/heavy.glb remapped: res://assets/art/cast3d_rt/heavy/heavy.glb
Loading resource: res://.godot/imported/heavy.glb-3d71a6e3a4d86725fae526315394e27d.scn remapped: res://.godot/imported/heavy.glb-3d71a6e3a4d86725fae526315394e27d.scn
Loading resource: res://assets/art/cast3d_rt/heavy/heavy_Image_0.jpg remapped: res://assets/art/cast3d_rt/heavy/heavy_Image_0.jpg
Loading resource: res://.godot/imported/heavy_Image_0.jpg-0d6d44d44ef0b59a19f2169619e3bfef.ctex remapped: res://.godot/imported/heavy_Image_0.jpg-0d6d44d44ef0b59a19f2169619e3bfef.ctex
Completed load for: 'res://assets/art/cast3d_rt/heavy/heavy_Image_0.jpg' remapped 'res://assets/art/cast3d_rt/heavy/heavy_Image_0.jpg' at thread -1
Completed load for: 'res://assets/art/cast3d_rt/heavy/heavy.glb' remapped 'res://assets/art/cast3d_rt/heavy/heavy.glb' at thread -1
Loading resource: res://assets/art/weapons_world/shotgun.png remapped: res://assets/art/weapons_world/shotgun.png
Loading resource: res://.godot/imported/shotgun.png-891a1ef4a4601b5d37e2e078e40f95ce.ctex remapped: res://.godot/imported/shotgun.png-891a1ef4a4601b5d37e2e078e40f95ce.ctex
Completed load for: 'res://assets/art/weapons_world/shotgun.png' remapped 'res://assets/art/weapons_world/shotgun.png' at thread -1
Loading resource: res://assets/art/weapons_side/smg.png remapped: res://assets/art/weapons_side/smg.png
Loading resource: res://.godot/imported/smg.png-5c8d701fe4590f854a3ffdef709f82e9.ctex remapped: res://.godot/imported/smg.png-5c8d701fe4590f854a3ffdef709f82e9.ctex
Completed load for: 'res://assets/art/weapons_side/smg.png' remapped 'res://assets/art/weapons_side/smg.png' at thread -1
Loading resource: res://assets/art/weapons_world/smg.png remapped: res://assets/art/weapons_world/smg.png
Loading resource: res://.godot/imported/smg.png-3d9114e43b908b81f2d9dcbb30b76a6d.ctex remapped: res://.godot/imported/smg.png-3d9114e43b908b81f2d9dcbb30b76a6d.ctex
Completed load for: 'res://assets/art/weapons_world/smg.png' remapped 'res://assets/art/weapons_world/smg.png' at thread -1
Loading resource: res://assets/characters/baked/l_hunter-v1_0.png remapped: res://assets/characters/baked/l_hunter-v1_0.png
Loading resource: res://.godot/imported/l_hunter-v1_0.png-38ec3ca40275452a8e0464ffbaddbd7e.ctex remapped: res://.godot/imported/l_hunter-v1_0.png-38ec3ca40275452a8e0464ffbaddbd7e.ctex
Completed load for: 'res://assets/characters/baked/l_hunter-v1_0.png' remapped 'res://assets/characters/baked/l_hunter-v1_0.png' at thread -1
Loading resource: res://assets/art/materials/canvas.png remapped: res://assets/art/materials/canvas.png
Loading resource: res://.godot/imported/canvas.png-d9a3e94eb465ee1fb1f89ede506bcef9.ctex remapped: res://.godot/imported/canvas.png-d9a3e94eb465ee1fb1f89ede506bcef9.ctex
Completed load for: 'res://assets/art/materials/canvas.png' remapped 'res://assets/art/materials/canvas.png' at thread -1
Loading resource: res://assets/art/cast3d_rt/hunter/hunter.glb remapped: res://assets/art/cast3d_rt/hunter/hunter.glb
Loading resource: res://.godot/imported/hunter.glb-41f87f9df71de2fe6d656e81609de690.scn remapped: res://.godot/imported/hunter.glb-41f87f9df71de2fe6d656e81609de690.scn
Loading resource: res://assets/art/cast3d_rt/hunter/hunter_Image_0.jpg remapped: res://assets/art/cast3d_rt/hunter/hunter_Image_0.jpg
Loading resource: res://.godot/imported/hunter_Image_0.jpg-d6c769ea4ef75c2b27e77abace3d8ff0.ctex remapped: res://.godot/imported/hunter_Image_0.jpg-d6c769ea4ef75c2b27e77abace3d8ff0.ctex
Completed load for: 'res://assets/art/cast3d_rt/hunter/hunter_Image_0.jpg' remapped 'res://assets/art/cast3d_rt/hunter/hunter_Image_0.jpg' at thread -1
Completed load for: 'res://assets/art/cast3d_rt/hunter/hunter.glb' remapped 'res://assets/art/cast3d_rt/hunter/hunter.glb' at thread -1
Loading resource: res://assets/art/weapons_side/hotshot.png remapped: res://assets/art/weapons_side/hotshot.png
Loading resource: res://.godot/imported/hotshot.png-ee474be93b1d49eecc65a75e5fcaa596.ctex remapped: res://.godot/imported/hotshot.png-ee474be93b1d49eecc65a75e5fcaa596.ctex
Completed load for: 'res://assets/art/weapons_side/hotshot.png' remapped 'res://assets/art/weapons_side/hotshot.png' at thread -1
Loading resource: res://assets/art/weapons_world/hotshot.png remapped: res://assets/art/weapons_world/hotshot.png
Loading resource: res://.godot/imported/hotshot.png-fbc58b6b93d4ba8eb41ed2a234d6e31f.ctex remapped: res://.godot/imported/hotshot.png-fbc58b6b93d4ba8eb41ed2a234d6e31f.ctex
Completed load for: 'res://assets/art/weapons_world/hotshot.png' remapped 'res://assets/art/weapons_world/hotshot.png' at thread -1
Loading resource: res://assets/art/materials/denim.png remapped: res://assets/art/materials/denim.png
Loading resource: res://.godot/imported/denim.png-f647660e1c7be87edce0326df8bf8acb.ctex remapped: res://.godot/imported/denim.png-f647660e1c7be87edce0326df8bf8acb.ctex
Completed load for: 'res://assets/art/materials/denim.png' remapped 'res://assets/art/materials/denim.png' at thread -1
Loading resource: res://assets/art/cast3d_rt/biker/biker.glb remapped: res://assets/art/cast3d_rt/biker/biker.glb
Loading resource: res://.godot/imported/biker.glb-a6e3fbaefe9e6495fa416ce737b7b01b.scn remapped: res://.godot/imported/biker.glb-a6e3fbaefe9e6495fa416ce737b7b01b.scn
Loading resource: res://assets/art/cast3d_rt/biker/biker_Image_0.jpg remapped: res://assets/art/cast3d_rt/biker/biker_Image_0.jpg
Loading resource: res://.godot/imported/biker_Image_0.jpg-d919af836f69548b3677633e4d6466d6.ctex remapped: res://.godot/imported/biker_Image_0.jpg-d919af836f69548b3677633e4d6466d6.ctex
Completed load for: 'res://assets/art/cast3d_rt/biker/biker_Image_0.jpg' remapped 'res://assets/art/cast3d_rt/biker/biker_Image_0.jpg' at thread -1
Completed load for: 'res://assets/art/cast3d_rt/biker/biker.glb' remapped 'res://assets/art/cast3d_rt/biker/biker.glb' at thread -1
Loading resource: res://assets/art/weapons_world/bat.png remapped: res://assets/art/weapons_world/bat.png
Loading resource: res://.godot/imported/bat.png-39cdc0491a87a0124007a8827da78510.ctex remapped: res://.godot/imported/bat.png-39cdc0491a87a0124007a8827da78510.ctex
Completed load for: 'res://assets/art/weapons_world/bat.png' remapped 'res://assets/art/weapons_world/bat.png' at thread -1
Loading resource: res://assets/art/materials/wool.png remapped: res://assets/art/materials/wool.png
Loading resource: res://.godot/imported/wool.png-1d07bd741ea42b4daf8f8a68c8c629a4.ctex remapped: res://.godot/imported/wool.png-1d07bd741ea42b4daf8f8a68c8c629a4.ctex
Completed load for: 'res://assets/art/materials/wool.png' remapped 'res://assets/art/materials/wool.png' at thread -1
Loading resource: res://assets/art/cast3d_rt/bellhop/bellhop.glb remapped: res://assets/art/cast3d_rt/bellhop/bellhop.glb
Loading resource: res://.godot/imported/bellhop.glb-14b2b6d3567dd88013cb634fc2ef6dff.scn remapped: res://.godot/imported/bellhop.glb-14b2b6d3567dd88013cb634fc2ef6dff.scn
Loading resource: res://assets/art/cast3d_rt/bellhop/bellhop_Image_0.jpg remapped: res://assets/art/cast3d_rt/bellhop/bellhop_Image_0.jpg
Loading resource: res://.godot/imported/bellhop_Image_0.jpg-d0f2aa80db9a80790389ad8cf5ba9fce.ctex remapped: res://.godot/imported/bellhop_Image_0.jpg-d0f2aa80db9a80790389ad8cf5ba9fce.ctex
Completed load for: 'res://assets/art/cast3d_rt/bellhop/bellhop_Image_0.jpg' remapped 'res://assets/art/cast3d_rt/bellhop/bellhop_Image_0.jpg' at thread -1
Completed load for: 'res://assets/art/cast3d_rt/bellhop/bellhop.glb' remapped 'res://assets/art/cast3d_rt/bellhop/bellhop.glb' at thread -1
Loading resource: res://assets/art/weapons_world/knife.png remapped: res://assets/art/weapons_world/knife.png
Loading resource: res://.godot/imported/knife.png-d7c9c0f19fc5b836e14372ab4da1de83.ctex remapped: res://.godot/imported/knife.png-d7c9c0f19fc5b836e14372ab4da1de83.ctex
Completed load for: 'res://assets/art/weapons_world/knife.png' remapped 'res://assets/art/weapons_world/knife.png' at thread -1
Loading resource: res://assets/characters/baked/l_gunner-v1_0.png remapped: res://assets/characters/baked/l_gunner-v1_0.png
Loading resource: res://.godot/imported/l_gunner-v1_0.png-dda08f9e6fc3cb9661ab2b377e141866.ctex remapped: res://.godot/imported/l_gunner-v1_0.png-dda08f9e6fc3cb9661ab2b377e141866.ctex
Completed load for: 'res://assets/characters/baked/l_gunner-v1_0.png' remapped 'res://assets/characters/baked/l_gunner-v1_0.png' at thread -1
Loading resource: res://assets/art/cast3d_rt/gunner/gunner.glb remapped: res://assets/art/cast3d_rt/gunner/gunner.glb
Loading resource: res://.godot/imported/gunner.glb-e594849ae389f801d2b7c927f36f975f.scn remapped: res://.godot/imported/gunner.glb-e594849ae389f801d2b7c927f36f975f.scn
Loading resource: res://assets/art/cast3d_rt/gunner/gunner_Image_0.jpg remapped: res://assets/art/cast3d_rt/gunner/gunner_Image_0.jpg
Loading resource: res://.godot/imported/gunner_Image_0.jpg-b2286ab5219c41d68a509d7469b1dea0.ctex remapped: res://.godot/imported/gunner_Image_0.jpg-b2286ab5219c41d68a509d7469b1dea0.ctex
Completed load for: 'res://assets/art/cast3d_rt/gunner/gunner_Image_0.jpg' remapped 'res://assets/art/cast3d_rt/gunner/gunner_Image_0.jpg' at thread -1
Completed load for: 'res://assets/art/cast3d_rt/gunner/gunner.glb' remapped 'res://assets/art/cast3d_rt/gunner/gunner.glb' at thread -1
Loading resource: res://assets/art/cast3d_rt/gunner/gunner.glb remapped: res://assets/art/cast3d_rt/gunner/gunner.glb
Loading resource: res://.godot/imported/gunner.glb-e594849ae389f801d2b7c927f36f975f.scn remapped: res://.godot/imported/gunner.glb-e594849ae389f801d2b7c927f36f975f.scn
Completed load for: 'res://assets/art/cast3d_rt/gunner/gunner.glb' remapped 'res://assets/art/cast3d_rt/gunner/gunner.glb' at thread -1
Loading resource: res://assets/characters/baked/l_scout-v2_0.png remapped: res://assets/characters/baked/l_scout-v2_0.png
Loading resource: res://.godot/imported/l_scout-v2_0.png-510cd8ae4727b1b9f31b6e72deb8d16a.ctex remapped: res://.godot/imported/l_scout-v2_0.png-510cd8ae4727b1b9f31b6e72deb8d16a.ctex
Completed load for: 'res://assets/characters/baked/l_scout-v2_0.png' remapped 'res://assets/characters/baked/l_scout-v2_0.png' at thread -1
Loading resource: res://assets/art/cast3d_rt/scout/scout.glb remapped: res://assets/art/cast3d_rt/scout/scout.glb
Loading resource: res://.godot/imported/scout.glb-0625723fc3fba04256457e229b1d47e9.scn remapped: res://.godot/imported/scout.glb-0625723fc3fba04256457e229b1d47e9.scn
Completed load for: 'res://assets/art/cast3d_rt/scout/scout.glb' remapped 'res://assets/art/cast3d_rt/scout/scout.glb' at thread -1
Loading resource: res://assets/art/weapons_side/whisper.png remapped: res://assets/art/weapons_side/whisper.png
Loading resource: res://.godot/imported/whisper.png-06a06afe02f55b54b6de3f860f4a22d6.ctex remapped: res://.godot/imported/whisper.png-06a06afe02f55b54b6de3f860f4a22d6.ctex
Completed load for: 'res://assets/art/weapons_side/whisper.png' remapped 'res://assets/art/weapons_side/whisper.png' at thread -1
Loading resource: res://assets/art/weapons_world/whisper.png remapped: res://assets/art/weapons_world/whisper.png
Loading resource: res://.godot/imported/whisper.png-69d2550a69409b17c363ea881f2ca4cf.ctex remapped: res://.godot/imported/whisper.png-69d2550a69409b17c363ea881f2ca4cf.ctex
Completed load for: 'res://assets/art/weapons_world/whisper.png' remapped 'res://assets/art/weapons_world/whisper.png' at thread -1
Loading resource: res://assets/characters/baked/l_hunter-v3_0.png remapped: res://assets/characters/baked/l_hunter-v3_0.png
Loading resource: res://.godot/imported/l_hunter-v3_0.png-2b587cc9012dc463a974573344f165f6.ctex remapped: res://.godot/imported/l_hunter-v3_0.png-2b587cc9012dc463a974573344f165f6.ctex
Completed load for: 'res://assets/characters/baked/l_hunter-v3_0.png' remapped 'res://assets/characters/baked/l_hunter-v3_0.png' at thread -1
Loading resource: res://assets/art/cast3d_rt/hunter/hunter.glb remapped: res://assets/art/cast3d_rt/hunter/hunter.glb
Loading resource: res://.godot/imported/hunter.glb-41f87f9df71de2fe6d656e81609de690.scn remapped: res://.godot/imported/hunter.glb-41f87f9df71de2fe6d656e81609de690.scn
Completed load for: 'res://assets/art/cast3d_rt/hunter/hunter.glb' remapped 'res://assets/art/cast3d_rt/hunter/hunter.glb' at thread -1
Loading resource: res://assets/characters/baked/l_guard-v1_0.png remapped: res://assets/characters/baked/l_guard-v1_0.png
Loading resource: res://.godot/imported/l_guard-v1_0.png-d33d5bba5c88f54fbb1aab6a95bdf6c1.ctex remapped: res://.godot/imported/l_guard-v1_0.png-d33d5bba5c88f54fbb1aab6a95bdf6c1.ctex
Completed load for: 'res://assets/characters/baked/l_guard-v1_0.png' remapped 'res://assets/characters/baked/l_guard-v1_0.png' at thread -1
Loading resource: res://assets/art/cast3d_rt/guard/guard.glb remapped: res://assets/art/cast3d_rt/guard/guard.glb
Loading resource: res://.godot/imported/guard.glb-052a42f1cbf90d8929b76dbfa91d531a.scn remapped: res://.godot/imported/guard.glb-052a42f1cbf90d8929b76dbfa91d531a.scn
Loading resource: res://assets/art/cast3d_rt/guard/guard_Image_0.jpg remapped: res://assets/art/cast3d_rt/guard/guard_Image_0.jpg
Loading resource: res://.godot/imported/guard_Image_0.jpg-82e6841c4ba0c52d3e223109a0b5c504.ctex remapped: res://.godot/imported/guard_Image_0.jpg-82e6841c4ba0c52d3e223109a0b5c504.ctex
Completed load for: 'res://assets/art/cast3d_rt/guard/guard_Image_0.jpg' remapped 'res://assets/art/cast3d_rt/guard/guard_Image_0.jpg' at thread -1
Completed load for: 'res://assets/art/cast3d_rt/guard/guard.glb' remapped 'res://assets/art/cast3d_rt/guard/guard.glb' at thread -1
Loading resource: res://assets/art/weapons_world/pistol.png remapped: res://assets/art/weapons_world/pistol.png
Loading resource: res://.godot/imported/pistol.png-6fb0bb4faab1ae6a837d6c07920b82ae.ctex remapped: res://.godot/imported/pistol.png-6fb0bb4faab1ae6a837d6c07920b82ae.ctex
Completed load for: 'res://assets/art/weapons_world/pistol.png' remapped 'res://assets/art/weapons_world/pistol.png' at thread -1
Loading resource: res://assets/characters/baked/l_guard-v2_0.png remapped: res://assets/characters/baked/l_guard-v2_0.png
Loading resource: res://.godot/imported/l_guard-v2_0.png-525ed16c511d593967fe6ef3bac76df4.ctex remapped: res://.godot/imported/l_guard-v2_0.png-525ed16c511d593967fe6ef3bac76df4.ctex
Completed load for: 'res://assets/characters/baked/l_guard-v2_0.png' remapped 'res://assets/characters/baked/l_guard-v2_0.png' at thread -1
Loading resource: res://assets/art/cast3d_rt/guard/guard.glb remapped: res://assets/art/cast3d_rt/guard/guard.glb
Loading resource: res://.godot/imported/guard.glb-052a42f1cbf90d8929b76dbfa91d531a.scn remapped: res://.godot/imported/guard.glb-052a42f1cbf90d8929b76dbfa91d531a.scn
Completed load for: 'res://assets/art/cast3d_rt/guard/guard.glb' remapped 'res://assets/art/cast3d_rt/guard/guard.glb' at thread -1
Loading resource: res://assets/characters/baked/l_sniper_0.png remapped: res://assets/characters/baked/l_sniper_0.png
Loading resource: res://.godot/imported/l_sniper_0.png-991f4bd5da6e25a7a9898cf819e14f74.ctex remapped: res://.godot/imported/l_sniper_0.png-991f4bd5da6e25a7a9898cf819e14f74.ctex
Completed load for: 'res://assets/characters/baked/l_sniper_0.png' remapped 'res://assets/characters/baked/l_sniper_0.png' at thread -1
Loading resource: res://assets/art/cast3d_rt/sniper/sniper.glb remapped: res://assets/art/cast3d_rt/sniper/sniper.glb
Loading resource: res://.godot/imported/sniper.glb-37ca57eb629b88e1d345900efd7ccda0.scn remapped: res://.godot/imported/sniper.glb-37ca57eb629b88e1d345900efd7ccda0.scn
Loading resource: res://assets/art/cast3d_rt/sniper/sniper_Image_0.jpg remapped: res://assets/art/cast3d_rt/sniper/sniper_Image_0.jpg
Loading resource: res://.godot/imported/sniper_Image_0.jpg-f88a25b87e8829f748aeb716295d2401.ctex remapped: res://.godot/imported/sniper_Image_0.jpg-f88a25b87e8829f748aeb716295d2401.ctex
Completed load for: 'res://assets/art/cast3d_rt/sniper/sniper_Image_0.jpg' remapped 'res://assets/art/cast3d_rt/sniper/sniper_Image_0.jpg' at thread -1
Completed load for: 'res://assets/art/cast3d_rt/sniper/sniper.glb' remapped 'res://assets/art/cast3d_rt/sniper/sniper.glb' at thread -1
Loading resource: res://assets/art/weapons_world/rifle.png remapped: res://assets/art/weapons_world/rifle.png
Loading resource: res://.godot/imported/rifle.png-960c3f35e2151b1a9b080bc47ea40957.ctex remapped: res://.godot/imported/rifle.png-960c3f35e2151b1a9b080bc47ea40957.ctex
Completed load for: 'res://assets/art/weapons_world/rifle.png' remapped 'res://assets/art/weapons_world/rifle.png' at thread -1
Loading resource: res://assets/art/weapons_side/shotgun.png remapped: res://assets/art/weapons_side/shotgun.png
Loading resource: res://.godot/imported/shotgun.png-566e9e522e54e168aa777323837436b5.ctex remapped: res://.godot/imported/shotgun.png-566e9e522e54e168aa777323837436b5.ctex
Completed load for: 'res://assets/art/weapons_side/shotgun.png' remapped 'res://assets/art/weapons_side/shotgun.png' at thread -1
Loading resource: res://assets/art/weapons_side/rifle.png remapped: res://assets/art/weapons_side/rifle.png
Loading resource: res://.godot/imported/rifle.png-43c8aed969baee59a1fc1f8e1c146ea1.ctex remapped: res://.godot/imported/rifle.png-43c8aed969baee59a1fc1f8e1c146ea1.ctex
Completed load for: 'res://assets/art/weapons_side/rifle.png' remapped 'res://assets/art/weapons_side/rifle.png' at thread -1
Loading resource: res://assets/art/weapons_side/pipe.png remapped: res://assets/art/weapons_side/pipe.png
Loading resource: res://.godot/imported/pipe.png-87f23eb6e371a3666f41079a1e0526c0.ctex remapped: res://.godot/imported/pipe.png-87f23eb6e371a3666f41079a1e0526c0.ctex
Completed load for: 'res://assets/art/weapons_side/pipe.png' remapped 'res://assets/art/weapons_side/pipe.png' at thread -1
Loading resource: res://assets/art/weapons_world/pipe.png remapped: res://assets/art/weapons_world/pipe.png
Loading resource: res://.godot/imported/pipe.png-4c4c7f9d7f8cdf193fec476c6b8039b9.ctex remapped: res://.godot/imported/pipe.png-4c4c7f9d7f8cdf193fec476c6b8039b9.ctex
Completed load for: 'res://assets/art/weapons_world/pipe.png' remapped 'res://assets/art/weapons_world/pipe.png' at thread -1
Loading resource: res://assets/characters/baked/l_civilian-v1_0.png remapped: res://assets/characters/baked/l_civilian-v1_0.png
Loading resource: res://.godot/imported/l_civilian-v1_0.png-5374184a4f5d0ae070a8645095ae745e.ctex remapped: res://.godot/imported/l_civilian-v1_0.png-5374184a4f5d0ae070a8645095ae745e.ctex
Completed load for: 'res://assets/characters/baked/l_civilian-v1_0.png' remapped 'res://assets/characters/baked/l_civilian-v1_0.png' at thread -1
Loading resource: res://assets/art/cast3d_rt/civilian/civilian.glb remapped: res://assets/art/cast3d_rt/civilian/civilian.glb
Loading resource: res://.godot/imported/civilian.glb-88608bb79b267aa4c0df2015b8598834.scn remapped: res://.godot/imported/civilian.glb-88608bb79b267aa4c0df2015b8598834.scn
Loading resource: res://assets/art/cast3d_rt/civilian/civilian_Image_0.jpg remapped: res://assets/art/cast3d_rt/civilian/civilian_Image_0.jpg
Loading resource: res://.godot/imported/civilian_Image_0.jpg-d8cb77547b0168a1715930aec1ef5696.ctex remapped: res://.godot/imported/civilian_Image_0.jpg-d8cb77547b0168a1715930aec1ef5696.ctex
Completed load for: 'res://assets/art/cast3d_rt/civilian/civilian_Image_0.jpg' remapped 'res://assets/art/cast3d_rt/civilian/civilian_Image_0.jpg' at thread -1
Completed load for: 'res://assets/art/cast3d_rt/civilian/civilian.glb' remapped 'res://assets/art/cast3d_rt/civilian/civilian.glb' at thread -1
Loading resource: res://assets/characters/baked/l_hunter-v2_0.png remapped: res://assets/characters/baked/l_hunter-v2_0.png
Loading resource: res://.godot/imported/l_hunter-v2_0.png-5741d0aa0885d59cd58e0ab6707c6483.ctex remapped: res://.godot/imported/l_hunter-v2_0.png-5741d0aa0885d59cd58e0ab6707c6483.ctex
Completed load for: 'res://assets/characters/baked/l_hunter-v2_0.png' remapped 'res://assets/characters/baked/l_hunter-v2_0.png' at thread -1
Loading resource: res://assets/art/cast3d_rt/hunter/hunter.glb remapped: res://assets/art/cast3d_rt/hunter/hunter.glb
Loading resource: res://.godot/imported/hunter.glb-41f87f9df71de2fe6d656e81609de690.scn remapped: res://.godot/imported/hunter.glb-41f87f9df71de2fe6d656e81609de690.scn
Completed load for: 'res://assets/art/cast3d_rt/hunter/hunter.glb' remapped 'res://assets/art/cast3d_rt/hunter/hunter.glb' at thread -1
Loading resource: res://assets/art/cast3d_rt/bellhop/bellhop.glb remapped: res://assets/art/cast3d_rt/bellhop/bellhop.glb
Loading resource: res://.godot/imported/bellhop.glb-14b2b6d3567dd88013cb634fc2ef6dff.scn remapped: res://.godot/imported/bellhop.glb-14b2b6d3567dd88013cb634fc2ef6dff.scn
Completed load for: 'res://assets/art/cast3d_rt/bellhop/bellhop.glb' remapped 'res://assets/art/cast3d_rt/bellhop/bellhop.glb' at thread -1
Loading resource: res://assets/characters/baked/l_boss_0.png remapped: res://assets/characters/baked/l_boss_0.png
Loading resource: res://.godot/imported/l_boss_0.png-5e9828d7c34ceebf57979b1678c0e136.ctex remapped: res://.godot/imported/l_boss_0.png-5e9828d7c34ceebf57979b1678c0e136.ctex
Completed load for: 'res://assets/characters/baked/l_boss_0.png' remapped 'res://assets/characters/baked/l_boss_0.png' at thread -1
Loading resource: res://assets/art/cast/boss_harcourt.png remapped: res://assets/art/cast/boss_harcourt.png
Loading resource: res://.godot/imported/boss_harcourt.png-03f52c8aeef81db43996acdbe303201c.ctex remapped: res://.godot/imported/boss_harcourt.png-03f52c8aeef81db43996acdbe303201c.ctex
Completed load for: 'res://assets/art/cast/boss_harcourt.png' remapped 'res://assets/art/cast/boss_harcourt.png' at thread -1
Loading resource: res://assets/art/cast3d_rt/boss/boss.glb remapped: res://assets/art/cast3d_rt/boss/boss.glb
Loading resource: res://.godot/imported/boss.glb-7e6a81abeab3805d8a4f1596e8427497.scn remapped: res://.godot/imported/boss.glb-7e6a81abeab3805d8a4f1596e8427497.scn
Loading resource: res://assets/art/cast3d_rt/boss/boss_Image_0.jpg remapped: res://assets/art/cast3d_rt/boss/boss_Image_0.jpg
Loading resource: res://.godot/imported/boss_Image_0.jpg-521974d16ffc8c10bafdb2a888bb641f.ctex remapped: res://.godot/imported/boss_Image_0.jpg-521974d16ffc8c10bafdb2a888bb641f.ctex
Completed load for: 'res://assets/art/cast3d_rt/boss/boss_Image_0.jpg' remapped 'res://assets/art/cast3d_rt/boss/boss_Image_0.jpg' at thread -1
Completed load for: 'res://assets/art/cast3d_rt/boss/boss.glb' remapped 'res://assets/art/cast3d_rt/boss/boss.glb' at thread -1
Loading resource: res://assets/art/weapons_world/revolver.png remapped: res://assets/art/weapons_world/revolver.png
Loading resource: res://.godot/imported/revolver.png-d6a6df20f2e8e8a09ff45274f446b512.ctex remapped: res://.godot/imported/revolver.png-d6a6df20f2e8e8a09ff45274f446b512.ctex
Completed load for: 'res://assets/art/weapons_world/revolver.png' remapped 'res://assets/art/weapons_world/revolver.png' at thread -1
Loading resource: res://assets/art/weapons_side/knife.png remapped: res://assets/art/weapons_side/knife.png
Loading resource: res://.godot/imported/knife.png-1a23c801f92602174e9eb875cfe830ca.ctex remapped: res://.godot/imported/knife.png-1a23c801f92602174e9eb875cfe830ca.ctex
Completed load for: 'res://assets/art/weapons_side/knife.png' remapped 'res://assets/art/weapons_side/knife.png' at thread -1
Loading resource: res://assets/art/cast3d_rt/bellhop/bellhop.glb remapped: res://assets/art/cast3d_rt/bellhop/bellhop.glb
Loading resource: res://.godot/imported/bellhop.glb-14b2b6d3567dd88013cb634fc2ef6dff.scn remapped: res://.godot/imported/bellhop.glb-14b2b6d3567dd88013cb634fc2ef6dff.scn
Completed load for: 'res://assets/art/cast3d_rt/bellhop/bellhop.glb' remapped 'res://assets/art/cast3d_rt/bellhop/bellhop.glb' at thread -1
Loading resource: res://assets/characters/baked/l_heavy-v3_0.png remapped: res://assets/characters/baked/l_heavy-v3_0.png
Loading resource: res://.godot/imported/l_heavy-v3_0.png-3e382f9e7d1bb4dde1c124b41879f1c5.ctex remapped: res://.godot/imported/l_heavy-v3_0.png-3e382f9e7d1bb4dde1c124b41879f1c5.ctex
Completed load for: 'res://assets/characters/baked/l_heavy-v3_0.png' remapped 'res://assets/characters/baked/l_heavy-v3_0.png' at thread -1
Loading resource: res://assets/art/cast3d_rt/heavy/heavy.glb remapped: res://assets/art/cast3d_rt/heavy/heavy.glb
Loading resource: res://.godot/imported/heavy.glb-3d71a6e3a4d86725fae526315394e27d.scn remapped: res://.godot/imported/heavy.glb-3d71a6e3a4d86725fae526315394e27d.scn
Completed load for: 'res://assets/art/cast3d_rt/heavy/heavy.glb' remapped 'res://assets/art/cast3d_rt/heavy/heavy.glb' at thread -1
Loading resource: res://assets/art/weapons_side/revolver.png remapped: res://assets/art/weapons_side/revolver.png
Loading resource: res://.godot/imported/revolver.png-89fe05d17b9778343ef88c577fe3253c.ctex remapped: res://.godot/imported/revolver.png-89fe05d17b9778343ef88c577fe3253c.ctex
Completed load for: 'res://assets/art/weapons_side/revolver.png' remapped 'res://assets/art/weapons_side/revolver.png' at thread -1
Loading resource: res://assets/art/cast3d_rt/biker/biker.glb remapped: res://assets/art/cast3d_rt/biker/biker.glb
Loading resource: res://.godot/imported/biker.glb-a6e3fbaefe9e6495fa416ce737b7b01b.scn remapped: res://.godot/imported/biker.glb-a6e3fbaefe9e6495fa416ce737b7b01b.scn
Completed load for: 'res://assets/art/cast3d_rt/biker/biker.glb' remapped 'res://assets/art/cast3d_rt/biker/biker.glb' at thread -1
Loading resource: res://assets/art/cast3d_rt/guard/guard.glb remapped: res://assets/art/cast3d_rt/guard/guard.glb
Loading resource: res://.godot/imported/guard.glb-052a42f1cbf90d8929b76dbfa91d531a.scn remapped: res://.godot/imported/guard.glb-052a42f1cbf90d8929b76dbfa91d531a.scn
Completed load for: 'res://assets/art/cast3d_rt/guard/guard.glb' remapped 'res://assets/art/cast3d_rt/guard/guard.glb' at thread -1
Loading resource: res://assets/characters/baked/l_gunner-v2_0.png remapped: res://assets/characters/baked/l_gunner-v2_0.png
Loading resource: res://.godot/imported/l_gunner-v2_0.png-a91c633745809ef62e56047205e95f78.ctex remapped: res://.godot/imported/l_gunner-v2_0.png-a91c633745809ef62e56047205e95f78.ctex
Completed load for: 'res://assets/characters/baked/l_gunner-v2_0.png' remapped 'res://assets/characters/baked/l_gunner-v2_0.png' at thread -1
Loading resource: res://assets/art/cast3d_rt/gunner/gunner.glb remapped: res://assets/art/cast3d_rt/gunner/gunner.glb
Loading resource: res://.godot/imported/gunner.glb-e594849ae389f801d2b7c927f36f975f.scn remapped: res://.godot/imported/gunner.glb-e594849ae389f801d2b7c927f36f975f.scn
Completed load for: 'res://assets/art/cast3d_rt/gunner/gunner.glb' remapped 'res://assets/art/cast3d_rt/gunner/gunner.glb' at thread -1
Loading resource: res://assets/art/weapons_world/bottle.png remapped: res://assets/art/weapons_world/bottle.png
Loading resource: res://.godot/imported/bottle.png-857bcaf1bfba9af4bd81ef73181b4e02.ctex remapped: res://.godot/imported/bottle.png-857bcaf1bfba9af4bd81ef73181b4e02.ctex
Completed load for: 'res://assets/art/weapons_world/bottle.png' remapped 'res://assets/art/weapons_world/bottle.png' at thread -1
Loading resource: res://assets/art/cast3d_rt/gunner/gunner.glb remapped: res://assets/art/cast3d_rt/gunner/gunner.glb
Loading resource: res://.godot/imported/gunner.glb-e594849ae389f801d2b7c927f36f975f.scn remapped: res://.godot/imported/gunner.glb-e594849ae389f801d2b7c927f36f975f.scn
Completed load for: 'res://assets/art/cast3d_rt/gunner/gunner.glb' remapped 'res://assets/art/cast3d_rt/gunner/gunner.glb' at thread -1
Loading resource: res://assets/characters/baked/l_scout-v3_0.png remapped: res://assets/characters/baked/l_scout-v3_0.png
Loading resource: res://.godot/imported/l_scout-v3_0.png-2da7f64f6a399c7b16a763c2862dbddf.ctex remapped: res://.godot/imported/l_scout-v3_0.png-2da7f64f6a399c7b16a763c2862dbddf.ctex
Completed load for: 'res://assets/characters/baked/l_scout-v3_0.png' remapped 'res://assets/characters/baked/l_scout-v3_0.png' at thread -1
Loading resource: res://assets/art/cast3d_rt/scout/scout.glb remapped: res://assets/art/cast3d_rt/scout/scout.glb
Loading resource: res://.godot/imported/scout.glb-0625723fc3fba04256457e229b1d47e9.scn remapped: res://.godot/imported/scout.glb-0625723fc3fba04256457e229b1d47e9.scn
Completed load for: 'res://assets/art/cast3d_rt/scout/scout.glb' remapped 'res://assets/art/cast3d_rt/scout/scout.glb' at thread -1
Loading resource: res://assets/art/cast3d_rt/guard/guard.glb remapped: res://assets/art/cast3d_rt/guard/guard.glb
Loading resource: res://.godot/imported/guard.glb-052a42f1cbf90d8929b76dbfa91d531a.scn remapped: res://.godot/imported/guard.glb-052a42f1cbf90d8929b76dbfa91d531a.scn
Completed load for: 'res://assets/art/cast3d_rt/guard/guard.glb' remapped 'res://assets/art/cast3d_rt/guard/guard.glb' at thread -1
Loading resource: res://assets/art/weapons_side/bat.png remapped: res://assets/art/weapons_side/bat.png
Loading resource: res://.godot/imported/bat.png-fedc2d83e5474c8e93eafcc1f893d9fb.ctex remapped: res://.godot/imported/bat.png-fedc2d83e5474c8e93eafcc1f893d9fb.ctex
Completed load for: 'res://assets/art/weapons_side/bat.png' remapped 'res://assets/art/weapons_side/bat.png' at thread -1
Loading resource: res://assets/characters/baked/l_guard-v3_0.png remapped: res://assets/characters/baked/l_guard-v3_0.png
Loading resource: res://.godot/imported/l_guard-v3_0.png-15dad69a510752ce67d536030992de9f.ctex remapped: res://.godot/imported/l_guard-v3_0.png-15dad69a510752ce67d536030992de9f.ctex
Completed load for: 'res://assets/characters/baked/l_guard-v3_0.png' remapped 'res://assets/characters/baked/l_guard-v3_0.png' at thread -1
Loading resource: res://assets/art/cast3d_rt/guard/guard.glb remapped: res://assets/art/cast3d_rt/guard/guard.glb
Loading resource: res://.godot/imported/guard.glb-052a42f1cbf90d8929b76dbfa91d531a.scn remapped: res://.godot/imported/guard.glb-052a42f1cbf90d8929b76dbfa91d531a.scn
Completed load for: 'res://assets/art/cast3d_rt/guard/guard.glb' remapped 'res://assets/art/cast3d_rt/guard/guard.glb' at thread -1
Loading resource: res://assets/characters/baked/l_handler_0.png remapped: res://assets/characters/baked/l_handler_0.png
Loading resource: res://.godot/imported/l_handler_0.png-be8c409b77713c6dca3fbdcad969dec5.ctex remapped: res://.godot/imported/l_handler_0.png-be8c409b77713c6dca3fbdcad969dec5.ctex
Completed load for: 'res://assets/characters/baked/l_handler_0.png' remapped 'res://assets/characters/baked/l_handler_0.png' at thread -1
Loading resource: res://assets/art/materials/nylon.png remapped: res://assets/art/materials/nylon.png
Loading resource: res://.godot/imported/nylon.png-75b83f698193c9494b3c503a5cfa73f5.ctex remapped: res://.godot/imported/nylon.png-75b83f698193c9494b3c503a5cfa73f5.ctex
Completed load for: 'res://assets/art/materials/nylon.png' remapped 'res://assets/art/materials/nylon.png' at thread -1
Loading resource: res://assets/art/cast3d_rt/handler/handler.glb remapped: res://assets/art/cast3d_rt/handler/handler.glb
Loading resource: res://.godot/imported/handler.glb-0c04ad94f546e43e9b1c8f4f31cb549a.scn remapped: res://.godot/imported/handler.glb-0c04ad94f546e43e9b1c8f4f31cb549a.scn
Loading resource: res://assets/art/cast3d_rt/handler/handler_Image_0.jpg remapped: res://assets/art/cast3d_rt/handler/handler_Image_0.jpg
Loading resource: res://.godot/imported/handler_Image_0.jpg-cf41adc8aaf462dd3e692f32bb74765a.ctex remapped: res://.godot/imported/handler_Image_0.jpg-cf41adc8aaf462dd3e692f32bb74765a.ctex
Completed load for: 'res://assets/art/cast3d_rt/handler/handler_Image_0.jpg' remapped 'res://assets/art/cast3d_rt/handler/handler_Image_0.jpg' at thread -1
Completed load for: 'res://assets/art/cast3d_rt/handler/handler.glb' remapped 'res://assets/art/cast3d_rt/handler/handler.glb' at thread -1
Loading resource: res://assets/art/weapons_side/brick.png remapped: res://assets/art/weapons_side/brick.png
Loading resource: res://.godot/imported/brick.png-51dab72b4a7ee2fb65745bc53ce37548.ctex remapped: res://.godot/imported/brick.png-51dab72b4a7ee2fb65745bc53ce37548.ctex
Completed load for: 'res://assets/art/weapons_side/brick.png' remapped 'res://assets/art/weapons_side/brick.png' at thread -1
Loading resource: res://assets/art/weapons_world/brick.png remapped: res://assets/art/weapons_world/brick.png
Loading resource: res://.godot/imported/brick.png-6dd37bbff0d36a289eda0ff7751c9979.ctex remapped: res://.godot/imported/brick.png-6dd37bbff0d36a289eda0ff7751c9979.ctex
Completed load for: 'res://assets/art/weapons_world/brick.png' remapped 'res://assets/art/weapons_world/brick.png' at thread -1
Loading resource: res://assets/art/pixellab_world/sprites/car_hero.png remapped: res://assets/art/pixellab_world/sprites/car_hero.png
Loading resource: res://.godot/imported/car_hero.png-123ec4ec7fd1608e26e0b71604c8cf74.ctex remapped: res://.godot/imported/car_hero.png-123ec4ec7fd1608e26e0b71604c8cf74.ctex
Completed load for: 'res://assets/art/pixellab_world/sprites/car_hero.png' remapped 'res://assets/art/pixellab_world/sprites/car_hero.png' at thread -1
Loading resource: res://assets/art/cast3d_rt/eldorado/eldorado.glb remapped: res://assets/art/cast3d_rt/eldorado/eldorado.glb
Loading resource: res://.godot/imported/eldorado.glb-8e731245b7cbaf95c618d9043d59bff8.scn remapped: res://.godot/imported/eldorado.glb-8e731245b7cbaf95c618d9043d59bff8.scn
Loading resource: res://assets/art/cast3d_rt/eldorado/eldorado_Image_0.jpg remapped: res://assets/art/cast3d_rt/eldorado/eldorado_Image_0.jpg
Loading resource: res://.godot/imported/eldorado_Image_0.jpg-c3119c7b4995d3534dc54deb2c1b15fb.ctex remapped: res://.godot/imported/eldorado_Image_0.jpg-c3119c7b4995d3534dc54deb2c1b15fb.ctex
Completed load for: 'res://assets/art/cast3d_rt/eldorado/eldorado_Image_0.jpg' remapped 'res://assets/art/cast3d_rt/eldorado/eldorado_Image_0.jpg' at thread -1
Completed load for: 'res://assets/art/cast3d_rt/eldorado/eldorado.glb' remapped 'res://assets/art/cast3d_rt/eldorado/eldorado.glb' at thread -1
Loading resource: res://assets/art/pixellab_world/sprites_hq/motel_water_ring.png remapped: res://assets/art/pixellab_world/sprites_hq/motel_water_ring.png
Loading resource: res://.godot/imported/motel_water_ring.png-4af8fa2177f16e26af76ec411f3216de.ctex remapped: res://.godot/imported/motel_water_ring.png-4af8fa2177f16e26af76ec411f3216de.ctex
Completed load for: 'res://assets/art/pixellab_world/sprites_hq/motel_water_ring.png' remapped 'res://assets/art/pixellab_world/sprites_hq/motel_water_ring.png' at thread -1
Loading resource: res://assets/art/pixellab_world/sprites_hq/motel_ice_bucket.png remapped: res://assets/art/pixellab_world/sprites_hq/motel_ice_bucket.png
Loading resource: res://.godot/imported/motel_ice_bucket.png-81f9a799dfc98017a61ad2078b994ab9.ctex remapped: res://.godot/imported/motel_ice_bucket.png-81f9a799dfc98017a61ad2078b994ab9.ctex
Completed load for: 'res://assets/art/pixellab_world/sprites_hq/motel_ice_bucket.png' remapped 'res://assets/art/pixellab_world/sprites_hq/motel_ice_bucket.png' at thread -1
Loading resource: res://assets/art/pixellab_world/sprites_hq/motel_towel_cart.png remapped: res://assets/art/pixellab_world/sprites_hq/motel_towel_cart.png
Loading resource: res://.godot/imported/motel_towel_cart.png-e7815772c2ff00e006fdc718d568bdc1.ctex remapped: res://.godot/imported/motel_towel_cart.png-e7815772c2ff00e006fdc718d568bdc1.ctex
Completed load for: 'res://assets/art/pixellab_world/sprites_hq/motel_towel_cart.png' remapped 'res://assets/art/pixellab_world/sprites_hq/motel_towel_cart.png' at thread -1
Loading resource: res://assets/art/pixellab_world/sprites_hq/motel_pool_float.png remapped: res://assets/art/pixellab_world/sprites_hq/motel_pool_float.png
Loading resource: res://.godot/imported/motel_pool_float.png-f931955391be07c79cb1e4373d9af0d6.ctex remapped: res://.godot/imported/motel_pool_float.png-f931955391be07c79cb1e4373d9af0d6.ctex
Completed load for: 'res://assets/art/pixellab_world/sprites_hq/motel_pool_float.png' remapped 'res://assets/art/pixellab_world/sprites_hq/motel_pool_float.png' at thread -1
Loading resource: res://assets/art/pixellab_world/sprites_hq/motel_hasty_checkout.png remapped: res://assets/art/pixellab_world/sprites_hq/motel_hasty_checkout.png
Loading resource: res://.godot/imported/motel_hasty_checkout.png-9467a25ff2ec878337b5e658313e62df.ctex remapped: res://.godot/imported/motel_hasty_checkout.png-9467a25ff2ec878337b5e658313e62df.ctex
Completed load for: 'res://assets/art/pixellab_world/sprites_hq/motel_hasty_checkout.png' remapped 'res://assets/art/pixellab_world/sprites_hq/motel_hasty_checkout.png' at thread -1
Loading resource: res://assets/art/pixellab_world/sprites_hq/motel_housekeeping_cart.png remapped: res://assets/art/pixellab_world/sprites_hq/motel_housekeeping_cart.png
Loading resource: res://.godot/imported/motel_housekeeping_cart.png-0802807381e69110c6218639ba149b38.ctex remapped: res://.godot/imported/motel_housekeeping_cart.png-0802807381e69110c6218639ba149b38.ctex
Completed load for: 'res://assets/art/pixellab_world/sprites_hq/motel_housekeeping_cart.png' remapped 'res://assets/art/pixellab_world/sprites_hq/motel_housekeeping_cart.png' at thread -1
Loading resource: res://assets/art/pixellab_world/sprites_hq/motel_ice_machine.png remapped: res://assets/art/pixellab_world/sprites_hq/motel_ice_machine.png
Loading resource: res://.godot/imported/motel_ice_machine.png-67190fa9bb50e16a80e0c5b9127ccefc.ctex remapped: res://.godot/imported/motel_ice_machine.png-67190fa9bb50e16a80e0c5b9127ccefc.ctex
Completed load for: 'res://assets/art/pixellab_world/sprites_hq/motel_ice_machine.png' remapped 'res://assets/art/pixellab_world/sprites_hq/motel_ice_machine.png' at thread -1
Loading resource: res://assets/art/pixellab_world/sprites_hq/motel_room_key_spill.png remapped: res://assets/art/pixellab_world/sprites_hq/motel_room_key_spill.png
Loading resource: res://.godot/imported/motel_room_key_spill.png-713069d864a150a59aa4fbe0a5a3f016.ctex remapped: res://.godot/imported/motel_room_key_spill.png-713069d864a150a59aa4fbe0a5a3f016.ctex
Completed load for: 'res://assets/art/pixellab_world/sprites_hq/motel_room_key_spill.png' remapped 'res://assets/art/pixellab_world/sprites_hq/motel_room_key_spill.png' at thread -1
Loading resource: res://assets/art/pixellab_world/sprites_hq/motel_pool_party_ruin.png remapped: res://assets/art/pixellab_world/sprites_hq/motel_pool_party_ruin.png
Loading resource: res://.godot/imported/motel_pool_party_ruin.png-654de3b436dda8271e13ccf334e34a62.ctex remapped: res://.godot/imported/motel_pool_party_ruin.png-654de3b436dda8271e13ccf334e34a62.ctex
Completed load for: 'res://assets/art/pixellab_world/sprites_hq/motel_pool_party_ruin.png' remapped 'res://assets/art/pixellab_world/sprites_hq/motel_pool_party_ruin.png' at thread -1
Loading resource: res://assets/art/pixellab_world/sprites_hq/motel_neon_vacancy_sign.png remapped: res://assets/art/pixellab_world/sprites_hq/motel_neon_vacancy_sign.png
Loading resource: res://.godot/imported/motel_neon_vacancy_sign.png-a41ebc897b5a57654bdabef57392949a.ctex remapped: res://.godot/imported/motel_neon_vacancy_sign.png-a41ebc897b5a57654bdabef57392949a.ctex
Completed load for: 'res://assets/art/pixellab_world/sprites_hq/motel_neon_vacancy_sign.png' remapped 'res://assets/art/pixellab_world/sprites_hq/motel_neon_vacancy_sign.png' at thread -1
Loading resource: res://assets/art/pixellab_world/sprites_hq/motel_palm_planter.png remapped: res://assets/art/pixellab_world/sprites_hq/motel_palm_planter.png
Loading resource: res://.godot/imported/motel_palm_planter.png-49dfe236303d279c67003bddaa527d75.ctex remapped: res://.godot/imported/motel_palm_planter.png-49dfe236303d279c67003bddaa527d75.ctex
Completed load for: 'res://assets/art/pixellab_world/sprites_hq/motel_palm_planter.png' remapped 'res://assets/art/pixellab_world/sprites_hq/motel_palm_planter.png' at thread -1
Loading resource: res://assets/art/pixellab_world/sprites_hq/motel_gecko.png remapped: res://assets/art/pixellab_world/sprites_hq/motel_gecko.png
Loading resource: res://.godot/imported/motel_gecko.png-b6c8b914500a0864523737394d9efb5b.ctex remapped: res://.godot/imported/motel_gecko.png-b6c8b914500a0864523737394d9efb5b.ctex
Completed load for: 'res://assets/art/pixellab_world/sprites_hq/motel_gecko.png' remapped 'res://assets/art/pixellab_world/sprites_hq/motel_gecko.png' at thread -1
Loading resource: res://assets/art/sprites/paper.png remapped: res://assets/art/sprites/paper.png
Loading resource: res://.godot/imported/paper.png-0b6e2e731a63c57f0ff43314e1129fb6.ctex remapped: res://.godot/imported/paper.png-0b6e2e731a63c57f0ff43314e1129fb6.ctex
Completed load for: 'res://assets/art/sprites/paper.png' remapped 'res://assets/art/sprites/paper.png' at thread -1
Loading resource: res://assets/art/pixellab_world/sprites_hq/clutter_bottles.png remapped: res://assets/art/pixellab_world/sprites_hq/clutter_bottles.png
Loading resource: res://.godot/imported/clutter_bottles.png-2015cefaffda55f912ac886a15583f14.ctex remapped: res://.godot/imported/clutter_bottles.png-2015cefaffda55f912ac886a15583f14.ctex
Completed load for: 'res://assets/art/pixellab_world/sprites_hq/clutter_bottles.png' remapped 'res://assets/art/pixellab_world/sprites_hq/clutter_bottles.png' at thread -1
Loading resource: res://assets/art/pixellab_world/sprites_hq/clutter_ashtray.png remapped: res://assets/art/pixellab_world/sprites_hq/clutter_ashtray.png
Loading resource: res://.godot/imported/clutter_ashtray.png-1c055367fa281392b53ff202af49abeb.ctex remapped: res://.godot/imported/clutter_ashtray.png-1c055367fa281392b53ff202af49abeb.ctex
Completed load for: 'res://assets/art/pixellab_world/sprites_hq/clutter_ashtray.png' remapped 'res://assets/art/pixellab_world/sprites_hq/clutter_ashtray.png' at thread -1
Loading resource: res://assets/art/pixellab_world/sprites_hq/motel_pool_lounger.png remapped: res://assets/art/pixellab_world/sprites_hq/motel_pool_lounger.png
Loading resource: res://.godot/imported/motel_pool_lounger.png-a936d4e71fc01a9ccb03acc95e390fac.ctex remapped: res://.godot/imported/motel_pool_lounger.png-a936d4e71fc01a9ccb03acc95e390fac.ctex
Completed load for: 'res://assets/art/pixellab_world/sprites_hq/motel_pool_lounger.png' remapped 'res://assets/art/pixellab_world/sprites_hq/motel_pool_lounger.png' at thread -1
Loading resource: res://assets/art/pixellab_world/sprites_hq/motel_pool_umbrella.png remapped: res://assets/art/pixellab_world/sprites_hq/motel_pool_umbrella.png
Loading resource: res://.godot/imported/motel_pool_umbrella.png-316c613f9f3d98001aa729f168a28a5f.ctex remapped: res://.godot/imported/motel_pool_umbrella.png-316c613f9f3d98001aa729f168a28a5f.ctex
Completed load for: 'res://assets/art/pixellab_world/sprites_hq/motel_pool_umbrella.png' remapped 'res://assets/art/pixellab_world/sprites_hq/motel_pool_umbrella.png' at thread -1
Loading resource: res://assets/art/pixellab_world/sprites_hq/motel_pool_float_flamingo.png remapped: res://assets/art/pixellab_world/sprites_hq/motel_pool_float_flamingo.png
Loading resource: res://.godot/imported/motel_pool_float_flamingo.png-d87a7bd698c17dcaff1b552b7d8d9803.ctex remapped: res://.godot/imported/motel_pool_float_flamingo.png-d87a7bd698c17dcaff1b552b7d8d9803.ctex
Completed load for: 'res://assets/art/pixellab_world/sprites_hq/motel_pool_float_flamingo.png' remapped 'res://assets/art/pixellab_world/sprites_hq/motel_pool_float_flamingo.png' at thread -1
Loading resource: res://assets/art/pixellab_world/sprites_hq/motel_bedside_lamp.png remapped: res://assets/art/pixellab_world/sprites_hq/motel_bedside_lamp.png
Loading resource: res://.godot/imported/motel_bedside_lamp.png-48700272a4778289e502a2c86a753bbd.ctex remapped: res://.godot/imported/motel_bedside_lamp.png-48700272a4778289e502a2c86a753bbd.ctex
Completed load for: 'res://assets/art/pixellab_world/sprites_hq/motel_bedside_lamp.png' remapped 'res://assets/art/pixellab_world/sprites_hq/motel_bedside_lamp.png' at thread -1
Loading resource: res://assets/art/pixellab_world/sprites_hq/motel_tv_crt.png remapped: res://assets/art/pixellab_world/sprites_hq/motel_tv_crt.png
Loading resource: res://.godot/imported/motel_tv_crt.png-9a0ecbe3274f84a9c43277349b851bcb.ctex remapped: res://.godot/imported/motel_tv_crt.png-9a0ecbe3274f84a9c43277349b851bcb.ctex
Completed load for: 'res://assets/art/pixellab_world/sprites_hq/motel_tv_crt.png' remapped 'res://assets/art/pixellab_world/sprites_hq/motel_tv_crt.png' at thread -1
Loading resource: res://assets/art/pixellab_world/sprites_hq/motel_telephone.png remapped: res://assets/art/pixellab_world/sprites_hq/motel_telephone.png
Loading resource: res://.godot/imported/motel_telephone.png-7f8fd6f151ab7fb6003fdfac8ea6223f.ctex remapped: res://.godot/imported/motel_telephone.png-7f8fd6f151ab7fb6003fdfac8ea6223f.ctex
Completed load for: 'res://assets/art/pixellab_world/sprites_hq/motel_telephone.png' remapped 'res://assets/art/pixellab_world/sprites_hq/motel_telephone.png' at thread -1
Loading resource: res://assets/art/pixellab_world/sprites_hq/motel_suitcase_open.png remapped: res://assets/art/pixellab_world/sprites_hq/motel_suitcase_open.png
Loading resource: res://.godot/imported/motel_suitcase_open.png-86281194022abac7625a914189483636.ctex remapped: res://.godot/imported/motel_suitcase_open.png-86281194022abac7625a914189483636.ctex
Completed load for: 'res://assets/art/pixellab_world/sprites_hq/motel_suitcase_open.png' remapped 'res://assets/art/pixellab_world/sprites_hq/motel_suitcase_open.png' at thread -1
Loading resource: res://assets/art/pixellab_world/sprites_hq/motel_ice_bucket_full.png remapped: res://assets/art/pixellab_world/sprites_hq/motel_ice_bucket_full.png
Loading resource: res://.godot/imported/motel_ice_bucket_full.png-8cda4fe11a8e699b1786c3eaf713f187.ctex remapped: res://.godot/imported/motel_ice_bucket_full.png-8cda4fe11a8e699b1786c3eaf713f187.ctex
Completed load for: 'res://assets/art/pixellab_world/sprites_hq/motel_ice_bucket_full.png' remapped 'res://assets/art/pixellab_world/sprites_hq/motel_ice_bucket_full.png' at thread -1
Loading resource: res://assets/art/pixellab_world/sprites_hq/motel_bougainvillea.png remapped: res://assets/art/pixellab_world/sprites_hq/motel_bougainvillea.png
Loading resource: res://.godot/imported/motel_bougainvillea.png-6c9db700682823d2931540cb2a9a1494.ctex remapped: res://.godot/imported/motel_bougainvillea.png-6c9db700682823d2931540cb2a9a1494.ctex
Completed load for: 'res://assets/art/pixellab_world/sprites_hq/motel_bougainvillea.png' remapped 'res://assets/art/pixellab_world/sprites_hq/motel_bougainvillea.png' at thread -1
Loading resource: res://assets/art/pixellab_world/sprites_hq/hq_motel_bed.png remapped: res://assets/art/pixellab_world/sprites_hq/hq_motel_bed.png
Loading resource: res://.godot/imported/hq_motel_bed.png-67991bc54734ffe794f69c18ecca8c23.ctex remapped: res://.godot/imported/hq_motel_bed.png-67991bc54734ffe794f69c18ecca8c23.ctex
Completed load for: 'res://assets/art/pixellab_world/sprites_hq/hq_motel_bed.png' remapped 'res://assets/art/pixellab_world/sprites_hq/hq_motel_bed.png' at thread -1
Loading resource: res://assets/art/pixellab_world/sprites_hq/road_manhole.png remapped: res://assets/art/pixellab_world/sprites_hq/road_manhole.png
Loading resource: res://.godot/imported/road_manhole.png-0535bbaa03881d3bf50095565d4c2575.ctex remapped: res://.godot/imported/road_manhole.png-0535bbaa03881d3bf50095565d4c2575.ctex
Completed load for: 'res://assets/art/pixellab_world/sprites_hq/road_manhole.png' remapped 'res://assets/art/pixellab_world/sprites_hq/road_manhole.png' at thread -1
Loading resource: res://assets/art/pixellab_world/sprites_hq/road_arrow.png remapped: res://assets/art/pixellab_world/sprites_hq/road_arrow.png
Loading resource: res://.godot/imported/road_arrow.png-32efdd3c11b38635e6625685c6da492a.ctex remapped: res://.godot/imported/road_arrow.png-32efdd3c11b38635e6625685c6da492a.ctex
Completed load for: 'res://assets/art/pixellab_world/sprites_hq/road_arrow.png' remapped 'res://assets/art/pixellab_world/sprites_hq/road_arrow.png' at thread -1
Loading resource: res://assets/art/pixellab_world/sprites_hq/road_pothole.png remapped: res://assets/art/pixellab_world/sprites_hq/road_pothole.png
Loading resource: res://.godot/imported/road_pothole.png-cbd45bf02bdd11018f9d12f075ccd7d1.ctex remapped: res://.godot/imported/road_pothole.png-cbd45bf02bdd11018f9d12f075ccd7d1.ctex
Completed load for: 'res://assets/art/pixellab_world/sprites_hq/road_pothole.png' remapped 'res://assets/art/pixellab_world/sprites_hq/road_pothole.png' at thread -1
Loading resource: res://assets/art/pixellab_world/sprites_hq/road_patch.png remapped: res://assets/art/pixellab_world/sprites_hq/road_patch.png
Loading resource: res://.godot/imported/road_patch.png-5058e817cd7ed1b540cb30e289d38f7a.ctex remapped: res://.godot/imported/road_patch.png-5058e817cd7ed1b540cb30e289d38f7a.ctex
Completed load for: 'res://assets/art/pixellab_world/sprites_hq/road_patch.png' remapped 'res://assets/art/pixellab_world/sprites_hq/road_patch.png' at thread -1
Loading resource: res://assets/art/pixellab_world/sprites_hq/road_sand.png remapped: res://assets/art/pixellab_world/sprites_hq/road_sand.png
Loading resource: res://.godot/imported/road_sand.png-ea077477b6601d292aff0bbd6d61d9d6.ctex remapped: res://.godot/imported/road_sand.png-ea077477b6601d292aff0bbd6d61d9d6.ctex
Completed load for: 'res://assets/art/pixellab_world/sprites_hq/road_sand.png' remapped 'res://assets/art/pixellab_world/sprites_hq/road_sand.png' at thread -1
Loading resource: res://assets/art/pixellab_world/sprites_hq/road_stop_line.png remapped: res://assets/art/pixellab_world/sprites_hq/road_stop_line.png
Loading resource: res://.godot/imported/road_stop_line.png-60f84cf9f811a7bf91fbb28cac89bf36.ctex remapped: res://.godot/imported/road_stop_line.png-60f84cf9f811a7bf91fbb28cac89bf36.ctex
Completed load for: 'res://assets/art/pixellab_world/sprites_hq/road_stop_line.png' remapped 'res://assets/art/pixellab_world/sprites_hq/road_stop_line.png' at thread -1
Loading resource: res://assets/art/pixellab_world/sprites_hq/hq_pool_lounger_set.png remapped: res://assets/art/pixellab_world/sprites_hq/hq_pool_lounger_set.png
Loading resource: res://.godot/imported/hq_pool_lounger_set.png-6062138e16c9f7406d0ea8dcc0cdc7b8.ctex remapped: res://.godot/imported/hq_pool_lounger_set.png-6062138e16c9f7406d0ea8dcc0cdc7b8.ctex
Completed load for: 'res://assets/art/pixellab_world/sprites_hq/hq_pool_lounger_set.png' remapped 'res://assets/art/pixellab_world/sprites_hq/hq_pool_lounger_set.png' at thread -1
Loading resource: res://assets/art/pixellab_world/sprites_hq/hq_pool_cooler.png remapped: res://assets/art/pixellab_world/sprites_hq/hq_pool_cooler.png
Loading resource: res://.godot/imported/hq_pool_cooler.png-958fca47da56884ad077e15f097f12e3.ctex remapped: res://.godot/imported/hq_pool_cooler.png-958fca47da56884ad077e15f097f12e3.ctex
Completed load for: 'res://assets/art/pixellab_world/sprites_hq/hq_pool_cooler.png' remapped 'res://assets/art/pixellab_world/sprites_hq/hq_pool_cooler.png' at thread -1
Loading resource: res://assets/art/pixellab_world/sprites_hq/hq_palm_planter.png remapped: res://assets/art/pixellab_world/sprites_hq/hq_palm_planter.png
Loading resource: res://.godot/imported/hq_palm_planter.png-b627e9f0502eaacf32354ad7d0c7e2eb.ctex remapped: res://.godot/imported/hq_palm_planter.png-b627e9f0502eaacf32354ad7d0c7e2eb.ctex
Completed load for: 'res://assets/art/pixellab_world/sprites_hq/hq_palm_planter.png' remapped 'res://assets/art/pixellab_world/sprites_hq/hq_palm_planter.png' at thread -1
Loading resource: res://assets/art/pixellab_world/sprites_hq/hq_motel_dresser.png remapped: res://assets/art/pixellab_world/sprites_hq/hq_motel_dresser.png
Loading resource: res://.godot/imported/hq_motel_dresser.png-119e639762deafc154b428452133fbcb.ctex remapped: res://.godot/imported/hq_motel_dresser.png-119e639762deafc154b428452133fbcb.ctex
Completed load for: 'res://assets/art/pixellab_world/sprites_hq/hq_motel_dresser.png' remapped 'res://assets/art/pixellab_world/sprites_hq/hq_motel_dresser.png' at thread -1
Loading resource: res://assets/art/pixellab_world/sprites_hq/hq_motel_vending.png remapped: res://assets/art/pixellab_world/sprites_hq/hq_motel_vending.png
Loading resource: res://.godot/imported/hq_motel_vending.png-fd95c83497b3ade148bb4b1aae9652d0.ctex remapped: res://.godot/imported/hq_motel_vending.png-fd95c83497b3ade148bb4b1aae9652d0.ctex
Completed load for: 'res://assets/art/pixellab_world/sprites_hq/hq_motel_vending.png' remapped 'res://assets/art/pixellab_world/sprites_hq/hq_motel_vending.png' at thread -1
Loading resource: res://assets/art/pixellab_world/sprites_hq/hq_motel_ice_machine.png remapped: res://assets/art/pixellab_world/sprites_hq/hq_motel_ice_machine.png
Loading resource: res://.godot/imported/hq_motel_ice_machine.png-25524031b18449c469a6085a2ae10713.ctex remapped: res://.godot/imported/hq_motel_ice_machine.png-25524031b18449c469a6085a2ae10713.ctex
Completed load for: 'res://assets/art/pixellab_world/sprites_hq/hq_motel_ice_machine.png' remapped 'res://assets/art/pixellab_world/sprites_hq/hq_motel_ice_machine.png' at thread -1
Loading resource: res://assets/art/pixellab_ui_v3_approved/painted/salvage_yard.png remapped: res://assets/art/pixellab_ui_v3_approved/painted/salvage_yard.png
Loading resource: res://.godot/imported/salvage_yard.png-660f66cb54b21c387d87b7d885cc73ea.ctex remapped: res://.godot/imported/salvage_yard.png-660f66cb54b21c387d87b7d885cc73ea.ctex
Completed load for: 'res://assets/art/pixellab_ui_v3_approved/painted/salvage_yard.png' remapped 'res://assets/art/pixellab_ui_v3_approved/painted/salvage_yard.png' at thread -1
Loading resource: res://assets/art/pixellab_ui_v3_approved/painted/motel_night.png remapped: res://assets/art/pixellab_ui_v3_approved/painted/motel_night.png
Loading resource: res://.godot/imported/motel_night.png-2d5c01962e746a2e517d0a4638abcd89.ctex remapped: res://.godot/imported/motel_night.png-2d5c01962e746a2e517d0a4638abcd89.ctex
Completed load for: 'res://assets/art/pixellab_ui_v3_approved/painted/motel_night.png' remapped 'res://assets/art/pixellab_ui_v3_approved/painted/motel_night.png' at thread -1
Loading resource: res://assets/art/pixellab_ui_v3_approved/painted/poster_mad_maxine.png remapped: res://assets/art/pixellab_ui_v3_approved/painted/poster_mad_maxine.png
Loading resource: res://.godot/imported/poster_mad_maxine.png-28f05196f5956dc7c11b2e0bfa27c3a9.ctex remapped: res://.godot/imported/poster_mad_maxine.png-28f05196f5956dc7c11b2e0bfa27c3a9.ctex
Completed load for: 'res://assets/art/pixellab_ui_v3_approved/painted/poster_mad_maxine.png' remapped 'res://assets/art/pixellab_ui_v3_approved/painted/poster_mad_maxine.png' at thread -1
Loading resource: res://assets/art/pixellab_ui_v3_approved/painted/galaxy_palace.png remapped: res://assets/art/pixellab_ui_v3_approved/painted/galaxy_palace.png
Loading resource: res://.godot/imported/galaxy_palace.png-f900e5e1f3b7e0756bd1e137e958c3dd.ctex remapped: res://.godot/imported/galaxy_palace.png-f900e5e1f3b7e0756bd1e137e958c3dd.ctex
Completed load for: 'res://assets/art/pixellab_ui_v3_approved/painted/galaxy_palace.png' remapped 'res://assets/art/pixellab_ui_v3_approved/painted/galaxy_palace.png' at thread -1
Loading resource: res://assets/art/pixellab_ui_v3_approved/painted/polaroid.png remapped: res://assets/art/pixellab_ui_v3_approved/painted/polaroid.png
Loading resource: res://.godot/imported/polaroid.png-28998742bcbda2ecc0c4ef3b7a9897ae.ctex remapped: res://.godot/imported/polaroid.png-28998742bcbda2ecc0c4ef3b7a9897ae.ctex
Completed load for: 'res://assets/art/pixellab_ui_v3_approved/painted/polaroid.png' remapped 'res://assets/art/pixellab_ui_v3_approved/painted/polaroid.png' at thread -1
Loading resource: res://assets/art/pixellab_ui_v3_approved/painted/poster_lost_angeles.png remapped: res://assets/art/pixellab_ui_v3_approved/painted/poster_lost_angeles.png
Loading resource: res://.godot/imported/poster_lost_angeles.png-e67067bbd9c1fea869f8b288cd7bb098.ctex remapped: res://.godot/imported/poster_lost_angeles.png-e67067bbd9c1fea869f8b288cd7bb098.ctex
Completed load for: 'res://assets/art/pixellab_ui_v3_approved/painted/poster_lost_angeles.png' remapped 'res://assets/art/pixellab_ui_v3_approved/painted/poster_lost_angeles.png' at thread -1
Loading resource: res://assets/art/pixellab_ui_v3_approved/painted/hills_fire.png remapped: res://assets/art/pixellab_ui_v3_approved/painted/hills_fire.png
Loading resource: res://.godot/imported/hills_fire.png-b23c611139dbb2190ee6eccddc24cb62.ctex remapped: res://.godot/imported/hills_fire.png-b23c611139dbb2190ee6eccddc24cb62.ctex
Completed load for: 'res://assets/art/pixellab_ui_v3_approved/painted/hills_fire.png' remapped 'res://assets/art/pixellab_ui_v3_approved/painted/hills_fire.png' at thread -1
Loading resource: res://assets/art/pixellab_ui_v3_approved/painted/poster_psychoe_motel.png remapped: res://assets/art/pixellab_ui_v3_approved/painted/poster_psychoe_motel.png
Loading resource: res://.godot/imported/poster_psychoe_motel.png-20b65185acc3c2e3fbe07155faaf28e7.ctex remapped: res://.godot/imported/poster_psychoe_motel.png-20b65185acc3c2e3fbe07155faaf28e7.ctex
Completed load for: 'res://assets/art/pixellab_ui_v3_approved/painted/poster_psychoe_motel.png' remapped 'res://assets/art/pixellab_ui_v3_approved/painted/poster_psychoe_motel.png' at thread -1
Loading resource: res://assets/art/prerendered/m01_sunset_palms/layers/ground_no_pool_review.png remapped: res://assets/art/prerendered/m01_sunset_palms/layers/ground_no_pool_review.png
Loading resource: res://.godot/imported/ground_no_pool_review.png-524bbbc2aa01775fbfb191e980673085.ctex remapped: res://.godot/imported/ground_no_pool_review.png-524bbbc2aa01775fbfb191e980673085.ctex
Completed load for: 'res://assets/art/prerendered/m01_sunset_palms/layers/ground_no_pool_review.png' remapped 'res://assets/art/prerendered/m01_sunset_palms/layers/ground_no_pool_review.png' at thread -1
Loading resource: res://assets/audio/sfx/amb_interior.wav remapped: res://assets/audio/sfx/amb_interior.wav
Loading resource: res://.godot/imported/amb_interior.wav-4a2089ee815730aefad95dc89b6cc65f.sample remapped: res://.godot/imported/amb_interior.wav-4a2089ee815730aefad95dc89b6cc65f.sample
Completed load for: 'res://assets/audio/sfx/amb_interior.wav' remapped 'res://assets/audio/sfx/amb_interior.wav' at thread -1
Loading resource: res://assets/audio/sfx/amb_exterior.wav remapped: res://assets/audio/sfx/amb_exterior.wav
Loading resource: res://.godot/imported/amb_exterior.wav-c160fa82c1e8d73a63bb0beef7f299e4.sample remapped: res://.godot/imported/amb_exterior.wav-c160fa82c1e8d73a63bb0beef7f299e4.sample
Completed load for: 'res://assets/audio/sfx/amb_exterior.wav' remapped 'res://assets/audio/sfx/amb_exterior.wav' at thread -1
Loading resource: res://assets/audio/sfx/amb_industrial.wav remapped: res://assets/audio/sfx/amb_industrial.wav
Loading resource: res://.godot/imported/amb_industrial.wav-6323fb7a8236a964b3430cab94ada1b5.sample remapped: res://.godot/imported/amb_industrial.wav-6323fb7a8236a964b3430cab94ada1b5.sample
Completed load for: 'res://assets/audio/sfx/amb_industrial.wav' remapped 'res://assets/audio/sfx/amb_industrial.wav' at thread -1
Loading resource: res://assets/audio/sfx/amb_kennel.wav remapped: res://assets/audio/sfx/amb_kennel.wav
Loading resource: res://.godot/imported/amb_kennel.wav-80ad6a2eac658289cea5eda318d8f9f9.sample remapped: res://.godot/imported/amb_kennel.wav-80ad6a2eac658289cea5eda318d8f9f9.sample
Completed load for: 'res://assets/audio/sfx/amb_kennel.wav' remapped 'res://assets/audio/sfx/amb_kennel.wav' at thread -1
Loading resource: res://assets/audio/sfx/rain_loop.wav remapped: res://assets/audio/sfx/rain_loop.wav
Loading resource: res://.godot/imported/rain_loop.wav-1813a9df7a5c1712cdd39a2b2a6cd373.sample remapped: res://.godot/imported/rain_loop.wav-1813a9df7a5c1712cdd39a2b2a6cd373.sample
Completed load for: 'res://assets/audio/sfx/rain_loop.wav' remapped 'res://assets/audio/sfx/rain_loop.wav' at thread -1
Loading resource: res://assets/audio/sfx/wind_loop.wav remapped: res://assets/audio/sfx/wind_loop.wav
Loading resource: res://.godot/imported/wind_loop.wav-a19c9b766f61ada12ad9115bf59da793.sample remapped: res://.godot/imported/wind_loop.wav-a19c9b766f61ada12ad9115bf59da793.sample
Completed load for: 'res://assets/audio/sfx/wind_loop.wav' remapped 'res://assets/audio/sfx/wind_loop.wav' at thread -1
Loading resource: res://assets/art/pixellab_world/sprites/leaf.png remapped: res://assets/art/pixellab_world/sprites/leaf.png
Loading resource: res://.godot/imported/leaf.png-5b3b617a63b78c1d6d84439bb62751c8.ctex remapped: res://.godot/imported/leaf.png-5b3b617a63b78c1d6d84439bb62751c8.ctex
Completed load for: 'res://assets/art/pixellab_world/sprites/leaf.png' remapped 'res://assets/art/pixellab_world/sprites/leaf.png' at thread -1
Loading resource: res://assets/art/pixellab_world/sprites/paper.png remapped: res://assets/art/pixellab_world/sprites/paper.png
Loading resource: res://.godot/imported/paper.png-8526eba4a59a99197f2488d2e3ad6d6f.ctex remapped: res://.godot/imported/paper.png-8526eba4a59a99197f2488d2e3ad6d6f.ctex
Completed load for: 'res://assets/art/pixellab_world/sprites/paper.png' remapped 'res://assets/art/pixellab_world/sprites/paper.png' at thread -1
Loading resource: res://assets/art/pixellab_world/sprites/frond.png remapped: res://assets/art/pixellab_world/sprites/frond.png
Loading resource: res://.godot/imported/frond.png-da467b7d54131fb9027945246e078bd8.ctex remapped: res://.godot/imported/frond.png-da467b7d54131fb9027945246e078bd8.ctex
Completed load for: 'res://assets/art/pixellab_world/sprites/frond.png' remapped 'res://assets/art/pixellab_world/sprites/frond.png' at thread -1
Loading resource: res://assets/characters/baked/l_heavy-v1_1.png remapped: res://assets/characters/baked/l_heavy-v1_1.png
Loading resource: res://.godot/imported/l_heavy-v1_1.png-632f8083f5fc008b3a1d9d019054cd77.ctex remapped: res://.godot/imported/l_heavy-v1_1.png-632f8083f5fc008b3a1d9d019054cd77.ctex
Completed load for: 'res://assets/characters/baked/l_heavy-v1_1.png' remapped 'res://assets/characters/baked/l_heavy-v1_1.png' at thread -1
Loading resource: res://assets/characters/baked/l_heavy-v1_2.png remapped: res://assets/characters/baked/l_heavy-v1_2.png
Loading resource: res://.godot/imported/l_heavy-v1_2.png-c7955310ac9728a0fbf7dcaa866c213d.ctex remapped: res://.godot/imported/l_heavy-v1_2.png-c7955310ac9728a0fbf7dcaa866c213d.ctex
Completed load for: 'res://assets/characters/baked/l_heavy-v1_2.png' remapped 'res://assets/characters/baked/l_heavy-v1_2.png' at thread -1
Loading resource: res://assets/art/pixellab_cast_v3_approved/corpse_heavy.png remapped: res://assets/art/pixellab_cast_v3_approved/corpse_heavy.png
Loading resource: res://.godot/imported/corpse_heavy.png-7987da3a4ffbce7ea97e039451c08185.ctex remapped: res://.godot/imported/corpse_heavy.png-7987da3a4ffbce7ea97e039451c08185.ctex
Completed load for: 'res://assets/art/pixellab_cast_v3_approved/corpse_heavy.png' remapped 'res://assets/art/pixellab_cast_v3_approved/corpse_heavy.png' at thread -1
Loading resource: res://assets/characters/baked/l_hunter-v1_1.png remapped: res://assets/characters/baked/l_hunter-v1_1.png
Loading resource: res://.godot/imported/l_hunter-v1_1.png-721bbc99897bc510e66bdc1eec068bd8.ctex remapped: res://.godot/imported/l_hunter-v1_1.png-721bbc99897bc510e66bdc1eec068bd8.ctex
Completed load for: 'res://assets/characters/baked/l_hunter-v1_1.png' remapped 'res://assets/characters/baked/l_hunter-v1_1.png' at thread -1
Loading resource: res://assets/characters/baked/l_hunter-v1_2.png remapped: res://assets/characters/baked/l_hunter-v1_2.png
Loading resource: res://.godot/imported/l_hunter-v1_2.png-41ae7ad7f21d6db44d5977916d2d56bb.ctex remapped: res://.godot/imported/l_hunter-v1_2.png-41ae7ad7f21d6db44d5977916d2d56bb.ctex
Completed load for: 'res://assets/characters/baked/l_hunter-v1_2.png' remapped 'res://assets/characters/baked/l_hunter-v1_2.png' at thread -1
Loading resource: res://assets/art/cast/corpse_hunter.png remapped: res://assets/art/cast/corpse_hunter.png
Loading resource: res://.godot/imported/corpse_hunter.png-939342278295a32d58c51fcf8406ecb5.ctex remapped: res://.godot/imported/corpse_hunter.png-939342278295a32d58c51fcf8406ecb5.ctex
Completed load for: 'res://assets/art/cast/corpse_hunter.png' remapped 'res://assets/art/cast/corpse_hunter.png' at thread -1
Loading resource: res://assets/art/cast/corpse_biker.png remapped: res://assets/art/cast/corpse_biker.png
Loading resource: res://.godot/imported/corpse_biker.png-a23bd7b707abe6701910e794cf2a42ee.ctex remapped: res://.godot/imported/corpse_biker.png-a23bd7b707abe6701910e794cf2a42ee.ctex
Completed load for: 'res://assets/art/cast/corpse_biker.png' remapped 'res://assets/art/cast/corpse_biker.png' at thread -1
Loading resource: res://assets/art/cast/corpse_bellhop.png remapped: res://assets/art/cast/corpse_bellhop.png
Loading resource: res://.godot/imported/corpse_bellhop.png-bdd60a0a5a2946371277ad467e0a82c6.ctex remapped: res://.godot/imported/corpse_bellhop.png-bdd60a0a5a2946371277ad467e0a82c6.ctex
Completed load for: 'res://assets/art/cast/corpse_bellhop.png' remapped 'res://assets/art/cast/corpse_bellhop.png' at thread -1
Loading resource: res://assets/characters/baked/l_gunner-v1_1.png remapped: res://assets/characters/baked/l_gunner-v1_1.png
Loading resource: res://.godot/imported/l_gunner-v1_1.png-9653623a2401fdfb708f4393ed256755.ctex remapped: res://.godot/imported/l_gunner-v1_1.png-9653623a2401fdfb708f4393ed256755.ctex
Completed load for: 'res://assets/characters/baked/l_gunner-v1_1.png' remapped 'res://assets/characters/baked/l_gunner-v1_1.png' at thread -1
Loading resource: res://assets/characters/baked/l_gunner-v1_2.png remapped: res://assets/characters/baked/l_gunner-v1_2.png
Loading resource: res://.godot/imported/l_gunner-v1_2.png-baf92913b75da2d3cfde1897cf7e8f4f.ctex remapped: res://.godot/imported/l_gunner-v1_2.png-baf92913b75da2d3cfde1897cf7e8f4f.ctex
Completed load for: 'res://assets/characters/baked/l_gunner-v1_2.png' remapped 'res://assets/characters/baked/l_gunner-v1_2.png' at thread -1
Loading resource: res://assets/art/cast/corpse_gunner.png remapped: res://assets/art/cast/corpse_gunner.png
Loading resource: res://.godot/imported/corpse_gunner.png-5b5be006209bdc899b96db685cd8830f.ctex remapped: res://.godot/imported/corpse_gunner.png-5b5be006209bdc899b96db685cd8830f.ctex
Completed load for: 'res://assets/art/cast/corpse_gunner.png' remapped 'res://assets/art/cast/corpse_gunner.png' at thread -1
Loading resource: res://assets/characters/baked/l_scout-v2_1.png remapped: res://assets/characters/baked/l_scout-v2_1.png
Loading resource: res://.godot/imported/l_scout-v2_1.png-07715c2e0b4a8d8ae569944f0ed32594.ctex remapped: res://.godot/imported/l_scout-v2_1.png-07715c2e0b4a8d8ae569944f0ed32594.ctex
Completed load for: 'res://assets/characters/baked/l_scout-v2_1.png' remapped 'res://assets/characters/baked/l_scout-v2_1.png' at thread -1
Loading resource: res://assets/characters/baked/l_scout-v2_2.png remapped: res://assets/characters/baked/l_scout-v2_2.png
Loading resource: res://.godot/imported/l_scout-v2_2.png-6231f9d9efd0be878f8db98a0d189220.ctex remapped: res://.godot/imported/l_scout-v2_2.png-6231f9d9efd0be878f8db98a0d189220.ctex
Completed load for: 'res://assets/characters/baked/l_scout-v2_2.png' remapped 'res://assets/characters/baked/l_scout-v2_2.png' at thread -1
Loading resource: res://assets/art/cast/corpse_scout.png remapped: res://assets/art/cast/corpse_scout.png
Loading resource: res://.godot/imported/corpse_scout.png-2d97fd206c7d1e2da39f90666d77588f.ctex remapped: res://.godot/imported/corpse_scout.png-2d97fd206c7d1e2da39f90666d77588f.ctex
Completed load for: 'res://assets/art/cast/corpse_scout.png' remapped 'res://assets/art/cast/corpse_scout.png' at thread -1
Loading resource: res://assets/characters/baked/l_hunter-v3_1.png remapped: res://assets/characters/baked/l_hunter-v3_1.png
Loading resource: res://.godot/imported/l_hunter-v3_1.png-355170ad1f69d5bceb2d84dc65e41ecd.ctex remapped: res://.godot/imported/l_hunter-v3_1.png-355170ad1f69d5bceb2d84dc65e41ecd.ctex
Completed load for: 'res://assets/characters/baked/l_hunter-v3_1.png' remapped 'res://assets/characters/baked/l_hunter-v3_1.png' at thread -1
Loading resource: res://assets/characters/baked/l_hunter-v3_2.png remapped: res://assets/characters/baked/l_hunter-v3_2.png
Loading resource: res://.godot/imported/l_hunter-v3_2.png-5d8984730bea3bf49a4df0b4eb026663.ctex remapped: res://.godot/imported/l_hunter-v3_2.png-5d8984730bea3bf49a4df0b4eb026663.ctex
Completed load for: 'res://assets/characters/baked/l_hunter-v3_2.png' remapped 'res://assets/characters/baked/l_hunter-v3_2.png' at thread -1
Loading resource: res://assets/characters/baked/l_guard-v1_1.png remapped: res://assets/characters/baked/l_guard-v1_1.png
Loading resource: res://.godot/imported/l_guard-v1_1.png-015d22e7f78a050ff4e931e58296c2a9.ctex remapped: res://.godot/imported/l_guard-v1_1.png-015d22e7f78a050ff4e931e58296c2a9.ctex
Completed load for: 'res://assets/characters/baked/l_guard-v1_1.png' remapped 'res://assets/characters/baked/l_guard-v1_1.png' at thread -1
Loading resource: res://assets/characters/baked/l_guard-v1_2.png remapped: res://assets/characters/baked/l_guard-v1_2.png
Loading resource: res://.godot/imported/l_guard-v1_2.png-f62728ab2a9f95c874c37d1be7abe541.ctex remapped: res://.godot/imported/l_guard-v1_2.png-f62728ab2a9f95c874c37d1be7abe541.ctex
Completed load for: 'res://assets/characters/baked/l_guard-v1_2.png' remapped 'res://assets/characters/baked/l_guard-v1_2.png' at thread -1
Loading resource: res://assets/art/cast/corpse_guard.png remapped: res://assets/art/cast/corpse_guard.png
Loading resource: res://.godot/imported/corpse_guard.png-a21b32a8368d0abc9d02deb75b19845e.ctex remapped: res://.godot/imported/corpse_guard.png-a21b32a8368d0abc9d02deb75b19845e.ctex
Completed load for: 'res://assets/art/cast/corpse_guard.png' remapped 'res://assets/art/cast/corpse_guard.png' at thread -1
Loading resource: res://assets/characters/baked/l_guard-v2_1.png remapped: res://assets/characters/baked/l_guard-v2_1.png
Loading resource: res://.godot/imported/l_guard-v2_1.png-65d70e4649a598a615cf67b575df9932.ctex remapped: res://.godot/imported/l_guard-v2_1.png-65d70e4649a598a615cf67b575df9932.ctex
Completed load for: 'res://assets/characters/baked/l_guard-v2_1.png' remapped 'res://assets/characters/baked/l_guard-v2_1.png' at thread -1
Loading resource: res://assets/characters/baked/l_guard-v2_2.png remapped: res://assets/characters/baked/l_guard-v2_2.png
Loading resource: res://.godot/imported/l_guard-v2_2.png-11e4b57bf1d953636939af29d72a58fd.ctex remapped: res://.godot/imported/l_guard-v2_2.png-11e4b57bf1d953636939af29d72a58fd.ctex
Completed load for: 'res://assets/characters/baked/l_guard-v2_2.png' remapped 'res://assets/characters/baked/l_guard-v2_2.png' at thread -1
Loading resource: res://assets/characters/baked/l_sniper_1.png remapped: res://assets/characters/baked/l_sniper_1.png
Loading resource: res://.godot/imported/l_sniper_1.png-6fc12196852f1f01538e0dadbfe548b1.ctex remapped: res://.godot/imported/l_sniper_1.png-6fc12196852f1f01538e0dadbfe548b1.ctex
Completed load for: 'res://assets/characters/baked/l_sniper_1.png' remapped 'res://assets/characters/baked/l_sniper_1.png' at thread -1
Loading resource: res://assets/characters/baked/l_sniper_2.png remapped: res://assets/characters/baked/l_sniper_2.png
Loading resource: res://.godot/imported/l_sniper_2.png-e2b7f143b27059467faa445a894ad9bd.ctex remapped: res://.godot/imported/l_sniper_2.png-e2b7f143b27059467faa445a894ad9bd.ctex
Completed load for: 'res://assets/characters/baked/l_sniper_2.png' remapped 'res://assets/characters/baked/l_sniper_2.png' at thread -1
Loading resource: res://assets/art/cast/corpse_sniper.png remapped: res://assets/art/cast/corpse_sniper.png
Loading resource: res://.godot/imported/corpse_sniper.png-a2e5528c2d43b324bde0fa0be751c2d9.ctex remapped: res://.godot/imported/corpse_sniper.png-a2e5528c2d43b324bde0fa0be751c2d9.ctex
Completed load for: 'res://assets/art/cast/corpse_sniper.png' remapped 'res://assets/art/cast/corpse_sniper.png' at thread -1
Loading resource: res://assets/characters/baked/l_hunter-v2_1.png remapped: res://assets/characters/baked/l_hunter-v2_1.png
Loading resource: res://.godot/imported/l_hunter-v2_1.png-42c1fbdcbc00c05eec38478bed17daeb.ctex remapped: res://.godot/imported/l_hunter-v2_1.png-42c1fbdcbc00c05eec38478bed17daeb.ctex
Completed load for: 'res://assets/characters/baked/l_hunter-v2_1.png' remapped 'res://assets/characters/baked/l_hunter-v2_1.png' at thread -1
Loading resource: res://assets/characters/baked/l_hunter-v2_2.png remapped: res://assets/characters/baked/l_hunter-v2_2.png
Loading resource: res://.godot/imported/l_hunter-v2_2.png-b941e104dcb4ffa39e840ee868e0ae4c.ctex remapped: res://.godot/imported/l_hunter-v2_2.png-b941e104dcb4ffa39e840ee868e0ae4c.ctex
Completed load for: 'res://assets/characters/baked/l_hunter-v2_2.png' remapped 'res://assets/characters/baked/l_hunter-v2_2.png' at thread -1
Loading resource: res://assets/characters/baked/l_boss_1.png remapped: res://assets/characters/baked/l_boss_1.png
Loading resource: res://.godot/imported/l_boss_1.png-581bb37518e50fa596e2573afbb2271d.ctex remapped: res://.godot/imported/l_boss_1.png-581bb37518e50fa596e2573afbb2271d.ctex
Completed load for: 'res://assets/characters/baked/l_boss_1.png' remapped 'res://assets/characters/baked/l_boss_1.png' at thread -1
Loading resource: res://assets/characters/baked/l_boss_2.png remapped: res://assets/characters/baked/l_boss_2.png
Loading resource: res://.godot/imported/l_boss_2.png-be8d0ae7dc7afbd2d1932188387ec0e7.ctex remapped: res://.godot/imported/l_boss_2.png-be8d0ae7dc7afbd2d1932188387ec0e7.ctex
Completed load for: 'res://assets/characters/baked/l_boss_2.png' remapped 'res://assets/characters/baked/l_boss_2.png' at thread -1
Loading resource: res://assets/characters/baked/c_boss_true.png remapped: res://assets/characters/baked/c_boss_true.png
Loading resource: res://.godot/imported/c_boss_true.png-ee55033c1a2ca1cc6fe8f1230ae2b211.ctex remapped: res://.godot/imported/c_boss_true.png-ee55033c1a2ca1cc6fe8f1230ae2b211.ctex
Completed load for: 'res://assets/characters/baked/c_boss_true.png' remapped 'res://assets/characters/baked/c_boss_true.png' at thread -1
Loading resource: res://assets/characters/baked/c_boss_false.png remapped: res://assets/characters/baked/c_boss_false.png
Loading resource: res://.godot/imported/c_boss_false.png-699b0ed46375c6b2becd89e70252bd5e.ctex remapped: res://.godot/imported/c_boss_false.png-699b0ed46375c6b2becd89e70252bd5e.ctex
Completed load for: 'res://assets/characters/baked/c_boss_false.png' remapped 'res://assets/characters/baked/c_boss_false.png' at thread -1
Loading resource: res://assets/characters/baked/l_heavy-v3_1.png remapped: res://assets/characters/baked/l_heavy-v3_1.png
Loading resource: res://.godot/imported/l_heavy-v3_1.png-a5cc1228c63be93dc81ddb25250cfe0c.ctex remapped: res://.godot/imported/l_heavy-v3_1.png-a5cc1228c63be93dc81ddb25250cfe0c.ctex
Completed load for: 'res://assets/characters/baked/l_heavy-v3_1.png' remapped 'res://assets/characters/baked/l_heavy-v3_1.png' at thread -1
Loading resource: res://assets/characters/baked/l_heavy-v3_2.png remapped: res://assets/characters/baked/l_heavy-v3_2.png
Loading resource: res://.godot/imported/l_heavy-v3_2.png-f74fffd9c2b68eba1147920182e73da4.ctex remapped: res://.godot/imported/l_heavy-v3_2.png-f74fffd9c2b68eba1147920182e73da4.ctex
Completed load for: 'res://assets/characters/baked/l_heavy-v3_2.png' remapped 'res://assets/characters/baked/l_heavy-v3_2.png' at thread -1
Loading resource: res://assets/characters/baked/l_gunner-v2_1.png remapped: res://assets/characters/baked/l_gunner-v2_1.png
Loading resource: res://.godot/imported/l_gunner-v2_1.png-32bb024e2b3fac691b499d9022736167.ctex remapped: res://.godot/imported/l_gunner-v2_1.png-32bb024e2b3fac691b499d9022736167.ctex
Completed load for: 'res://assets/characters/baked/l_gunner-v2_1.png' remapped 'res://assets/characters/baked/l_gunner-v2_1.png' at thread -1
Loading resource: res://assets/characters/baked/l_gunner-v2_2.png remapped: res://assets/characters/baked/l_gunner-v2_2.png
Loading resource: res://.godot/imported/l_gunner-v2_2.png-35199c7a7700416612a9d3b3d8ad5e4e.ctex remapped: res://.godot/imported/l_gunner-v2_2.png-35199c7a7700416612a9d3b3d8ad5e4e.ctex
Completed load for: 'res://assets/characters/baked/l_gunner-v2_2.png' remapped 'res://assets/characters/baked/l_gunner-v2_2.png' at thread -1
Loading resource: res://assets/characters/baked/l_scout-v3_1.png remapped: res://assets/characters/baked/l_scout-v3_1.png
Loading resource: res://.godot/imported/l_scout-v3_1.png-9698a0221771222cbe80c6c12e27b8ed.ctex remapped: res://.godot/imported/l_scout-v3_1.png-9698a0221771222cbe80c6c12e27b8ed.ctex
Completed load for: 'res://assets/characters/baked/l_scout-v3_1.png' remapped 'res://assets/characters/baked/l_scout-v3_1.png' at thread -1
Loading resource: res://assets/characters/baked/l_scout-v3_2.png remapped: res://assets/characters/baked/l_scout-v3_2.png
Loading resource: res://.godot/imported/l_scout-v3_2.png-3673308d884dc29b716c070cc8ff6eef.ctex remapped: res://.godot/imported/l_scout-v3_2.png-3673308d884dc29b716c070cc8ff6eef.ctex
Completed load for: 'res://assets/characters/baked/l_scout-v3_2.png' remapped 'res://assets/characters/baked/l_scout-v3_2.png' at thread -1
Loading resource: res://assets/characters/baked/l_guard-v3_1.png remapped: res://assets/characters/baked/l_guard-v3_1.png
Loading resource: res://.godot/imported/l_guard-v3_1.png-92ce9835dc8bbe9475601d3f70fb9a37.ctex remapped: res://.godot/imported/l_guard-v3_1.png-92ce9835dc8bbe9475601d3f70fb9a37.ctex
Completed load for: 'res://assets/characters/baked/l_guard-v3_1.png' remapped 'res://assets/characters/baked/l_guard-v3_1.png' at thread -1
Loading resource: res://assets/characters/baked/l_guard-v3_2.png remapped: res://assets/characters/baked/l_guard-v3_2.png
Loading resource: res://.godot/imported/l_guard-v3_2.png-085e5a93ec8d82f314439bea84c3e56c.ctex remapped: res://.godot/imported/l_guard-v3_2.png-085e5a93ec8d82f314439bea84c3e56c.ctex
Completed load for: 'res://assets/characters/baked/l_guard-v3_2.png' remapped 'res://assets/characters/baked/l_guard-v3_2.png' at thread -1
Loading resource: res://assets/characters/baked/l_handler_1.png remapped: res://assets/characters/baked/l_handler_1.png
Loading resource: res://.godot/imported/l_handler_1.png-90a82faf8c57d5253e5634c758158327.ctex remapped: res://.godot/imported/l_handler_1.png-90a82faf8c57d5253e5634c758158327.ctex
Completed load for: 'res://assets/characters/baked/l_handler_1.png' remapped 'res://assets/characters/baked/l_handler_1.png' at thread -1
Loading resource: res://assets/characters/baked/l_handler_2.png remapped: res://assets/characters/baked/l_handler_2.png
Loading resource: res://.godot/imported/l_handler_2.png-38ef2a5df9a0505ff6d349990c87d05d.ctex remapped: res://.godot/imported/l_handler_2.png-38ef2a5df9a0505ff6d349990c87d05d.ctex
Completed load for: 'res://assets/characters/baked/l_handler_2.png' remapped 'res://assets/characters/baked/l_handler_2.png' at thread -1
Loading resource: res://assets/art/cast/corpse_handler.png remapped: res://assets/art/cast/corpse_handler.png
Loading resource: res://.godot/imported/corpse_handler.png-442b812f69cb20db2fdc69450a423a5b.ctex remapped: res://.godot/imported/corpse_handler.png-442b812f69cb20db2fdc69450a423a5b.ctex
Completed load for: 'res://assets/art/cast/corpse_handler.png' remapped 'res://assets/art/cast/corpse_handler.png' at thread -1
Loading resource: res://assets/characters/baked/l_gunner-v3_0.png remapped: res://assets/characters/baked/l_gunner-v3_0.png
Loading resource: res://.godot/imported/l_gunner-v3_0.png-2059fdb682b2bc42b823acd97635671f.ctex remapped: res://.godot/imported/l_gunner-v3_0.png-2059fdb682b2bc42b823acd97635671f.ctex
Completed load for: 'res://assets/characters/baked/l_gunner-v3_0.png' remapped 'res://assets/characters/baked/l_gunner-v3_0.png' at thread -1
Loading resource: res://assets/characters/baked/l_gunner-v3_1.png remapped: res://assets/characters/baked/l_gunner-v3_1.png
Loading resource: res://.godot/imported/l_gunner-v3_1.png-b16ce058be0542c232f0d162bcdf2f25.ctex remapped: res://.godot/imported/l_gunner-v3_1.png-b16ce058be0542c232f0d162bcdf2f25.ctex
Completed load for: 'res://assets/characters/baked/l_gunner-v3_1.png' remapped 'res://assets/characters/baked/l_gunner-v3_1.png' at thread -1
Loading resource: res://assets/characters/baked/l_gunner-v3_2.png remapped: res://assets/characters/baked/l_gunner-v3_2.png
Loading resource: res://.godot/imported/l_gunner-v3_2.png-2995408f041030078d5fc68962051ab1.ctex remapped: res://.godot/imported/l_gunner-v3_2.png-2995408f041030078d5fc68962051ab1.ctex
Completed load for: 'res://assets/characters/baked/l_gunner-v3_2.png' remapped 'res://assets/characters/baked/l_gunner-v3_2.png' at thread -1
[level] prewarmed 23 looks in 2344 ms
Loading resource: res://assets/characters/baked/l_cass_0.png remapped: res://assets/characters/baked/l_cass_0.png
Loading resource: res://.godot/imported/l_cass_0.png-40d7f74eb1d570dda9e3ee870e6aef77.ctex remapped: res://.godot/imported/l_cass_0.png-40d7f74eb1d570dda9e3ee870e6aef77.ctex
Completed load for: 'res://assets/characters/baked/l_cass_0.png' remapped 'res://assets/characters/baked/l_cass_0.png' at thread -1
Loading resource: res://assets/art/cast3d_rt/cass/cass.glb remapped: res://assets/art/cast3d_rt/cass/cass.glb
Loading resource: res://.godot/imported/cass.glb-9bd81c853d161cb0335408ecc49efb18.scn remapped: res://.godot/imported/cass.glb-9bd81c853d161cb0335408ecc49efb18.scn
Loading resource: res://assets/art/cast3d_rt/cass/cass_texture_0.png remapped: res://assets/art/cast3d_rt/cass/cass_texture_0.png
Loading resource: res://.godot/imported/cass_texture_0.png-f392539553c0e0b7ec21f14bcf7ae376.ctex remapped: res://.godot/imported/cass_texture_0.png-f392539553c0e0b7ec21f14bcf7ae376.ctex
Completed load for: 'res://assets/art/cast3d_rt/cass/cass_texture_0.png' remapped 'res://assets/art/cast3d_rt/cass/cass_texture_0.png' at thread -1
Loading resource: res://assets/art/cast3d_rt/cass/cass_hair_auburn.png remapped: res://assets/art/cast3d_rt/cass/cass_hair_auburn.png
Loading resource: res://.godot/imported/cass_hair_auburn.png-b268aa312ba90699d52835454d2d659e.ctex remapped: res://.godot/imported/cass_hair_auburn.png-b268aa312ba90699d52835454d2d659e.ctex
Completed load for: 'res://assets/art/cast3d_rt/cass/cass_hair_auburn.png' remapped 'res://assets/art/cast3d_rt/cass/cass_hair_auburn.png' at thread -1
Completed load for: 'res://assets/art/cast3d_rt/cass/cass.glb' remapped 'res://assets/art/cast3d_rt/cass/cass.glb' at thread -1
Loading resource: res://music/st_motel_stealth.ogg remapped: res://music/st_motel_stealth.ogg
Loading resource: res://.godot/imported/st_motel_stealth.ogg-10b34e60a1184b6e2f2cb3d349130112.oggvorbisstr remapped: res://.godot/imported/st_motel_stealth.ogg-10b34e60a1184b6e2f2cb3d349130112.oggvorbisstr
Completed load for: 'res://music/st_motel_stealth.ogg' remapped 'res://music/st_motel_stealth.ogg' at thread -1
Loading resource: res://assets/art/pixellab_ui_v3_approved/covers/cover_m01.png remapped: res://assets/art/pixellab_ui_v3_approved/covers/cover_m01.png
Loading resource: res://.godot/imported/cover_m01.png-e1ee27a36154bdbd90e612723a0d6474.ctex remapped: res://.godot/imported/cover_m01.png-e1ee27a36154bdbd90e612723a0d6474.ctex
Completed load for: 'res://assets/art/pixellab_ui_v3_approved/covers/cover_m01.png' remapped 'res://assets/art/pixellab_ui_v3_approved/covers/cover_m01.png' at thread -1
Loading resource: res://assets/audio/sfx/tape_insert.wav remapped: res://assets/audio/sfx/tape_insert.wav
Loading resource: res://.godot/imported/tape_insert.wav-d5ea3a638a9628fa07a44e44cbd31138.sample remapped: res://.godot/imported/tape_insert.wav-d5ea3a638a9628fa07a44e44cbd31138.sample
Completed load for: 'res://assets/audio/sfx/tape_insert.wav' remapped 'res://assets/audio/sfx/tape_insert.wav' at thread -1
Loading resource: res://assets/audio/sfx/slate_clap.wav remapped: res://assets/audio/sfx/slate_clap.wav
Loading resource: res://.godot/imported/slate_clap.wav-7bb73d4b894a5c2285f68cbc1b7aa7ce.sample remapped: res://.godot/imported/slate_clap.wav-7bb73d4b894a5c2285f68cbc1b7aa7ce.sample
Completed load for: 'res://assets/audio/sfx/slate_clap.wav' remapped 'res://assets/audio/sfx/slate_clap.wav' at thread -1
Loading resource: res://assets/art/weapons/fists.png remapped: res://assets/art/weapons/fists.png
Loading resource: res://.godot/imported/fists.png-bb0f0e65be18a9687c3249bf1593368f.ctex remapped: res://.godot/imported/fists.png-bb0f0e65be18a9687c3249bf1593368f.ctex
Completed load for: 'res://assets/art/weapons/fists.png' remapped 'res://assets/art/weapons/fists.png' at thread -1
Loading resource: res://assets/art/pixellab_world/floors/concrete.png remapped: res://assets/art/pixellab_world/floors/concrete.png
Loading resource: res://.godot/imported/concrete.png-ee65cac545d5ca6c6a8862a1c20e7952.ctex remapped: res://.godot/imported/concrete.png-ee65cac545d5ca6c6a8862a1c20e7952.ctex
Completed load for: 'res://assets/art/pixellab_world/floors/concrete.png' remapped 'res://assets/art/pixellab_world/floors/concrete.png' at thread -1
Loading resource: res://assets/art/pixellab_world/floors/carpet.png remapped: res://assets/art/pixellab_world/floors/carpet.png
Loading resource: res://.godot/imported/carpet.png-9361e95b05f715ca50b39d03f0a55ade.ctex remapped: res://.godot/imported/carpet.png-9361e95b05f715ca50b39d03f0a55ade.ctex
Completed load for: 'res://assets/art/pixellab_world/floors/carpet.png' remapped 'res://assets/art/pixellab_world/floors/carpet.png' at thread -1
Loading resource: res://assets/art/pixellab_world/floors/grass.png remapped: res://assets/art/pixellab_world/floors/grass.png
Loading resource: res://.godot/imported/grass.png-cbc21f283d9d83a9b792bec399fcd667.ctex remapped: res://.godot/imported/grass.png-cbc21f283d9d83a9b792bec399fcd667.ctex
Completed load for: 'res://assets/art/pixellab_world/floors/grass.png' remapped 'res://assets/art/pixellab_world/floors/grass.png' at thread -1
Loading resource: res://assets/art/pixellab_world/floors/tile.png remapped: res://assets/art/pixellab_world/floors/tile.png
Loading resource: res://.godot/imported/tile.png-8486413c2837e9e873f178f353134dee.ctex remapped: res://.godot/imported/tile.png-8486413c2837e9e873f178f353134dee.ctex
Completed load for: 'res://assets/art/pixellab_world/floors/tile.png' remapped 'res://assets/art/pixellab_world/floors/tile.png' at thread -1
Loading resource: res://assets/art/pixellab_world/floors/pool_water.png remapped: res://assets/art/pixellab_world/floors/pool_water.png
Loading resource: res://.godot/imported/pool_water.png-3fc8838297776d2b24bdcc2119a7b0a8.ctex remapped: res://.godot/imported/pool_water.png-3fc8838297776d2b24bdcc2119a7b0a8.ctex
Completed load for: 'res://assets/art/pixellab_world/floors/pool_water.png' remapped 'res://assets/art/pixellab_world/floors/pool_water.png' at thread -1
Loading resource: res://assets/art/pixellab_world/floors/wood.png remapped: res://assets/art/pixellab_world/floors/wood.png
Loading resource: res://.godot/imported/wood.png-fcbc662e01276682143260f92f1749c9.ctex remapped: res://.godot/imported/wood.png-fcbc662e01276682143260f92f1749c9.ctex
Completed load for: 'res://assets/art/pixellab_world/floors/wood.png' remapped 'res://assets/art/pixellab_world/floors/wood.png' at thread -1
Loading resource: res://assets/art/pixellab_world/floors/asphalt.png remapped: res://assets/art/pixellab_world/floors/asphalt.png
Loading resource: res://.godot/imported/asphalt.png-919b1325c33c8b43daccd62db53d873b.ctex remapped: res://.godot/imported/asphalt.png-919b1325c33c8b43daccd62db53d873b.ctex
Completed load for: 'res://assets/art/pixellab_world/floors/asphalt.png' remapped 'res://assets/art/pixellab_world/floors/asphalt.png' at thread -1
Loading resource: res://assets/art/pixellab_world/floors/wall_motel.png remapped: res://assets/art/pixellab_world/floors/wall_motel.png
Loading resource: res://.godot/imported/wall_motel.png-fd46dca314a947cc4c229720d9a503d7.ctex remapped: res://.godot/imported/wall_motel.png-fd46dca314a947cc4c229720d9a503d7.ctex
Completed load for: 'res://assets/art/pixellab_world/floors/wall_motel.png' remapped 'res://assets/art/pixellab_world/floors/wall_motel.png' at thread -1
Loading resource: res://assets/art/pixellab_world/sprites_hq/bed.png remapped: res://assets/art/pixellab_world/sprites_hq/bed.png
Loading resource: res://.godot/imported/bed.png-a6b876d184936bbe2fbbba8e3aeb0588.ctex remapped: res://.godot/imported/bed.png-a6b876d184936bbe2fbbba8e3aeb0588.ctex
Completed load for: 'res://assets/art/pixellab_world/sprites_hq/bed.png' remapped 'res://assets/art/pixellab_world/sprites_hq/bed.png' at thread -1
Loading resource: res://assets/art/props3d/folding_chair.glb remapped: res://assets/art/props3d/folding_chair.glb
Loading resource: res://.godot/imported/folding_chair.glb-41c91ca904da62ee89546c4ea5599e0a.scn remapped: res://.godot/imported/folding_chair.glb-41c91ca904da62ee89546c4ea5599e0a.scn
Completed load for: 'res://assets/art/props3d/folding_chair.glb' remapped 'res://assets/art/props3d/folding_chair.glb' at thread -1
Loading resource: res://assets/art/pixellab_world/sprites_hq/door_wood.png remapped: res://assets/art/pixellab_world/sprites_hq/door_wood.png
Loading resource: res://.godot/imported/door_wood.png-e1f0af136ee47eec9a9b35d2f14b3516.ctex remapped: res://.godot/imported/door_wood.png-e1f0af136ee47eec9a9b35d2f14b3516.ctex
Completed load for: 'res://assets/art/pixellab_world/sprites_hq/door_wood.png' remapped 'res://assets/art/pixellab_world/sprites_hq/door_wood.png' at thread -1
Loading resource: res://assets/art/props3d/folding_chair.glb remapped: res://assets/art/props3d/folding_chair.glb
Loading resource: res://.godot/imported/folding_chair.glb-41c91ca904da62ee89546c4ea5599e0a.scn remapped: res://.godot/imported/folding_chair.glb-41c91ca904da62ee89546c4ea5599e0a.scn
Completed load for: 'res://assets/art/props3d/folding_chair.glb' remapped 'res://assets/art/props3d/folding_chair.glb' at thread -1
Loading resource: res://assets/art/pixellab_world/sprites/table.png remapped: res://assets/art/pixellab_world/sprites/table.png
Loading resource: res://.godot/imported/table.png-7fbd3e771d1229cbdc8a686ce24bce7c.ctex remapped: res://.godot/imported/table.png-7fbd3e771d1229cbdc8a686ce24bce7c.ctex
Completed load for: 'res://assets/art/pixellab_world/sprites/table.png' remapped 'res://assets/art/pixellab_world/sprites/table.png' at thread -1
Loading resource: res://assets/art/props3d/folding_chair.glb remapped: res://assets/art/props3d/folding_chair.glb
Loading resource: res://.godot/imported/folding_chair.glb-41c91ca904da62ee89546c4ea5599e0a.scn remapped: res://.godot/imported/folding_chair.glb-41c91ca904da62ee89546c4ea5599e0a.scn
Completed load for: 'res://assets/art/props3d/folding_chair.glb' remapped 'res://assets/art/props3d/folding_chair.glb' at thread -1
Loading resource: res://assets/art/sprites/cigarette.png remapped: res://assets/art/sprites/cigarette.png
Loading resource: res://.godot/imported/cigarette.png-1b9cc8eec6dad6efc4d4ed2e2a8d8cb1.ctex remapped: res://.godot/imported/cigarette.png-1b9cc8eec6dad6efc4d4ed2e2a8d8cb1.ctex
Completed load for: 'res://assets/art/sprites/cigarette.png' remapped 'res://assets/art/sprites/cigarette.png' at thread -1
Loading resource: res://assets/art/sprites/pickup_cassette.png remapped: res://assets/art/sprites/pickup_cassette.png
Loading resource: res://.godot/imported/pickup_cassette.png-a34fe27de18d04caad7cc011b00fee8c.ctex remapped: res://.godot/imported/pickup_cassette.png-a34fe27de18d04caad7cc011b00fee8c.ctex
Completed load for: 'res://assets/art/sprites/pickup_cassette.png' remapped 'res://assets/art/sprites/pickup_cassette.png' at thread -1
Loading resource: res://assets/art/sprites/tv_crt.png remapped: res://assets/art/sprites/tv_crt.png
Loading resource: res://.godot/imported/tv_crt.png-d703355d243f7502726e496cd9979539.ctex remapped: res://.godot/imported/tv_crt.png-d703355d243f7502726e496cd9979539.ctex
Completed load for: 'res://assets/art/sprites/tv_crt.png' remapped 'res://assets/art/sprites/tv_crt.png' at thread -1
Loading resource: res://assets/art/pixellab_world/sprites_hq/oil_drum.png remapped: res://assets/art/pixellab_world/sprites_hq/oil_drum.png
Loading resource: res://.godot/imported/oil_drum.png-5674752a9bb8eccc5cc27327cc08b071.ctex remapped: res://.godot/imported/oil_drum.png-5674752a9bb8eccc5cc27327cc08b071.ctex
Completed load for: 'res://assets/art/pixellab_world/sprites_hq/oil_drum.png' remapped 'res://assets/art/pixellab_world/sprites_hq/oil_drum.png' at thread -1
Loading resource: res://assets/art/pixellab_world/sprites_hq/window_glass.png remapped: res://assets/art/pixellab_world/sprites_hq/window_glass.png
Loading resource: res://.godot/imported/window_glass.png-bd7ceb492adff22594ba0bfe5511f9f4.ctex remapped: res://.godot/imported/window_glass.png-bd7ceb492adff22594ba0bfe5511f9f4.ctex
Completed load for: 'res://assets/art/pixellab_world/sprites_hq/window_glass.png' remapped 'res://assets/art/pixellab_world/sprites_hq/window_glass.png' at thread -1
Loading resource: res://assets/art/sprites/ice_machine.png remapped: res://assets/art/sprites/ice_machine.png
Loading resource: res://.godot/imported/ice_machine.png-81e8d2fd74920ac353fd2270073864ec.ctex remapped: res://.godot/imported/ice_machine.png-81e8d2fd74920ac353fd2270073864ec.ctex
Completed load for: 'res://assets/art/sprites/ice_machine.png' remapped 'res://assets/art/sprites/ice_machine.png' at thread -1
Loading resource: res://assets/art/pixellab_world/sprites_hq/fuse_box_on.png remapped: res://assets/art/pixellab_world/sprites_hq/fuse_box_on.png
Loading resource: res://.godot/imported/fuse_box_on.png-59c0fcecb8d954e7b8ca95e852983d5c.ctex remapped: res://.godot/imported/fuse_box_on.png-59c0fcecb8d954e7b8ca95e852983d5c.ctex
Completed load for: 'res://assets/art/pixellab_world/sprites_hq/fuse_box_on.png' remapped 'res://assets/art/pixellab_world/sprites_hq/fuse_box_on.png' at thread -1
Loading resource: res://assets/art/props3d/folding_chair.glb remapped: res://assets/art/props3d/folding_chair.glb
Loading resource: res://.godot/imported/folding_chair.glb-41c91ca904da62ee89546c4ea5599e0a.scn remapped: res://.godot/imported/folding_chair.glb-41c91ca904da62ee89546c4ea5599e0a.scn
Completed load for: 'res://assets/art/props3d/folding_chair.glb' remapped 'res://assets/art/props3d/folding_chair.glb' at thread -1
Loading resource: res://assets/art/pixellab_world/sprites_hq/lounger.png remapped: res://assets/art/pixellab_world/sprites_hq/lounger.png
Loading resource: res://.godot/imported/lounger.png-b6efbcf9f763309cd9f8a578e7891d12.ctex remapped: res://.godot/imported/lounger.png-b6efbcf9f763309cd9f8a578e7891d12.ctex
Completed load for: 'res://assets/art/pixellab_world/sprites_hq/lounger.png' remapped 'res://assets/art/pixellab_world/sprites_hq/lounger.png' at thread -1
Loading resource: res://assets/art/sprites/plant.png remapped: res://assets/art/sprites/plant.png
Loading resource: res://.godot/imported/plant.png-88931955ad81b57531f5bc406d4d67b1.ctex remapped: res://.godot/imported/plant.png-88931955ad81b57531f5bc406d4d67b1.ctex
Completed load for: 'res://assets/art/sprites/plant.png' remapped 'res://assets/art/sprites/plant.png' at thread -1
Loading resource: res://assets/art/cast/dog_shepherd_down.png remapped: res://assets/art/cast/dog_shepherd_down.png
Loading resource: res://.godot/imported/dog_shepherd_down.png-8d686a305a8c20c35c66b166deb08d2a.ctex remapped: res://.godot/imported/dog_shepherd_down.png-8d686a305a8c20c35c66b166deb08d2a.ctex
Completed load for: 'res://assets/art/cast/dog_shepherd_down.png' remapped 'res://assets/art/cast/dog_shepherd_down.png' at thread -1
Loading resource: res://assets/art/sprites/desk.png remapped: res://assets/art/sprites/desk.png
Loading resource: res://.godot/imported/desk.png-ea3e607910925689e6e3e393d421e3ec.ctex remapped: res://.godot/imported/desk.png-ea3e607910925689e6e3e393d421e3ec.ctex
Completed load for: 'res://assets/art/sprites/desk.png' remapped 'res://assets/art/sprites/desk.png' at thread -1
Loading resource: res://assets/art/pixellab_cast_v3_approved/dog_rottweiler.png remapped: res://assets/art/pixellab_cast_v3_approved/dog_rottweiler.png
Loading resource: res://.godot/imported/dog_rottweiler.png-7e99f14cc2f563ff3715b2f10e581f96.ctex remapped: res://.godot/imported/dog_rottweiler.png-7e99f14cc2f563ff3715b2f10e581f96.ctex
Completed load for: 'res://assets/art/pixellab_cast_v3_approved/dog_rottweiler.png' remapped 'res://assets/art/pixellab_cast_v3_approved/dog_rottweiler.png' at thread -1
Loading resource: res://assets/art/pixellab_world/sprites_hq/washer.png remapped: res://assets/art/pixellab_world/sprites_hq/washer.png
Loading resource: res://.godot/imported/washer.png-273dd8bf06bba170e135e7cbb5e46388.ctex remapped: res://.godot/imported/washer.png-273dd8bf06bba170e135e7cbb5e46388.ctex
Completed load for: 'res://assets/art/pixellab_world/sprites_hq/washer.png' remapped 'res://assets/art/pixellab_world/sprites_hq/washer.png' at thread -1
Loading resource: res://assets/art/pixellab_world/sprites_hq/office_chair.png remapped: res://assets/art/pixellab_world/sprites_hq/office_chair.png
Loading resource: res://.godot/imported/office_chair.png-356b4f1ed2e2096370d19ce635057227.ctex remapped: res://.godot/imported/office_chair.png-356b4f1ed2e2096370d19ce635057227.ctex
Completed load for: 'res://assets/art/pixellab_world/sprites_hq/office_chair.png' remapped 'res://assets/art/pixellab_world/sprites_hq/office_chair.png' at thread -1
Loading resource: res://assets/art/props3d/folding_chair.glb remapped: res://assets/art/props3d/folding_chair.glb
Loading resource: res://.godot/imported/folding_chair.glb-41c91ca904da62ee89546c4ea5599e0a.scn remapped: res://.godot/imported/folding_chair.glb-41c91ca904da62ee89546c4ea5599e0a.scn
Completed load for: 'res://assets/art/props3d/folding_chair.glb' remapped 'res://assets/art/props3d/folding_chair.glb' at thread -1
Loading resource: res://assets/art/props3d/folding_chair.glb remapped: res://assets/art/props3d/folding_chair.glb
Loading resource: res://.godot/imported/folding_chair.glb-41c91ca904da62ee89546c4ea5599e0a.scn remapped: res://.godot/imported/folding_chair.glb-41c91ca904da62ee89546c4ea5599e0a.scn
Completed load for: 'res://assets/art/props3d/folding_chair.glb' remapped 'res://assets/art/props3d/folding_chair.glb' at thread -1
Loading resource: res://assets/art/props3d/folding_chair.glb remapped: res://assets/art/props3d/folding_chair.glb
Loading resource: res://.godot/imported/folding_chair.glb-41c91ca904da62ee89546c4ea5599e0a.scn remapped: res://.godot/imported/folding_chair.glb-41c91ca904da62ee89546c4ea5599e0a.scn
Completed load for: 'res://assets/art/props3d/folding_chair.glb' remapped 'res://assets/art/props3d/folding_chair.glb' at thread -1
Loading resource: res://assets/art/pixellab_world/sprites_hq/door_steel.png remapped: res://assets/art/pixellab_world/sprites_hq/door_steel.png
Loading resource: res://.godot/imported/door_steel.png-5ef3458451e177ef2051ed0d169a273f.ctex remapped: res://.godot/imported/door_steel.png-5ef3458451e177ef2051ed0d169a273f.ctex
Completed load for: 'res://assets/art/pixellab_world/sprites_hq/door_steel.png' remapped 'res://assets/art/pixellab_world/sprites_hq/door_steel.png' at thread -1
Loading resource: res://assets/art/pixellab_world/sprites_hq/dumpster.png remapped: res://assets/art/pixellab_world/sprites_hq/dumpster.png
Loading resource: res://.godot/imported/dumpster.png-75ee260e6af81f1fb9106d8314ac7547.ctex remapped: res://.godot/imported/dumpster.png-75ee260e6af81f1fb9106d8314ac7547.ctex
Completed load for: 'res://assets/art/pixellab_world/sprites_hq/dumpster.png' remapped 'res://assets/art/pixellab_world/sprites_hq/dumpster.png' at thread -1
Loading resource: res://assets/art/pixellab_cast_v3_approved/dog_shepherd.png remapped: res://assets/art/pixellab_cast_v3_approved/dog_shepherd.png
Loading resource: res://.godot/imported/dog_shepherd.png-9ee19128e4a6862835271125efc16e9a.ctex remapped: res://.godot/imported/dog_shepherd.png-9ee19128e4a6862835271125efc16e9a.ctex
Completed load for: 'res://assets/art/pixellab_cast_v3_approved/dog_shepherd.png' remapped 'res://assets/art/pixellab_cast_v3_approved/dog_shepherd.png' at thread -1
Loading resource: res://assets/art/pixellab_world/sprites/car_black.png remapped: res://assets/art/pixellab_world/sprites/car_black.png
Loading resource: res://.godot/imported/car_black.png-8bae3fc078b071faa107d4837d8ae4bb.ctex remapped: res://.godot/imported/car_black.png-8bae3fc078b071faa107d4837d8ae4bb.ctex
Completed load for: 'res://assets/art/pixellab_world/sprites/car_black.png' remapped 'res://assets/art/pixellab_world/sprites/car_black.png' at thread -1
Loading resource: res://assets/art/pixellab_world/sprites/car_white.png remapped: res://assets/art/pixellab_world/sprites/car_white.png
Loading resource: res://.godot/imported/car_white.png-d2793577aefcb6b5524962ad542f4501.ctex remapped: res://.godot/imported/car_white.png-d2793577aefcb6b5524962ad542f4501.ctex
Completed load for: 'res://assets/art/pixellab_world/sprites/car_white.png' remapped 'res://assets/art/pixellab_world/sprites/car_white.png' at thread -1
Loading resource: res://assets/art/pixellab_world/sprites/car_blue.png remapped: res://assets/art/pixellab_world/sprites/car_blue.png
Loading resource: res://.godot/imported/car_blue.png-4e51c84436db1739bf9b45dca607e56b.ctex remapped: res://.godot/imported/car_blue.png-4e51c84436db1739bf9b45dca607e56b.ctex
Completed load for: 'res://assets/art/pixellab_world/sprites/car_blue.png' remapped 'res://assets/art/pixellab_world/sprites/car_blue.png' at thread -1
Loading resource: res://assets/art/pixellab_world/floors/dirt.png remapped: res://assets/art/pixellab_world/floors/dirt.png
Loading resource: res://.godot/imported/dirt.png-1a04ea1d0fa46d023a074b50b5335f46.ctex remapped: res://.godot/imported/dirt.png-1a04ea1d0fa46d023a074b50b5335f46.ctex
Completed load for: 'res://assets/art/pixellab_world/floors/dirt.png' remapped 'res://assets/art/pixellab_world/floors/dirt.png' at thread -1
Loading resource: res://assets/art/pixellab_world/sprites/palm.png remapped: res://assets/art/pixellab_world/sprites/palm.png
Loading resource: res://.godot/imported/palm.png-fd18d8ec4c71da99a77f40c08a35e9a9.ctex remapped: res://.godot/imported/palm.png-fd18d8ec4c71da99a77f40c08a35e9a9.ctex
Completed load for: 'res://assets/art/pixellab_world/sprites/palm.png' remapped 'res://assets/art/pixellab_world/sprites/palm.png' at thread -1
Loading resource: res://assets/art/pixellab_world/sprites_hq/clutter_cans.png remapped: res://assets/art/pixellab_world/sprites_hq/clutter_cans.png
Loading resource: res://.godot/imported/clutter_cans.png-bd36aca44af762b6c077cfdfde098d9a.ctex remapped: res://.godot/imported/clutter_cans.png-bd36aca44af762b6c077cfdfde098d9a.ctex
Completed load for: 'res://assets/art/pixellab_world/sprites_hq/clutter_cans.png' remapped 'res://assets/art/pixellab_world/sprites_hq/clutter_cans.png' at thread -1
Loading resource: res://assets/art/sprites/prop_trash_bag.png remapped: res://assets/art/sprites/prop_trash_bag.png
Loading resource: res://.godot/imported/prop_trash_bag.png-9fbc8d337e3620ddb520ad7759dd5e5b.ctex remapped: res://.godot/imported/prop_trash_bag.png-9fbc8d337e3620ddb520ad7759dd5e5b.ctex
Completed load for: 'res://assets/art/sprites/prop_trash_bag.png' remapped 'res://assets/art/sprites/prop_trash_bag.png' at thread -1
Loading resource: res://assets/art/pixellab_world/sprites_hq/clutter_hubcap.png remapped: res://assets/art/pixellab_world/sprites_hq/clutter_hubcap.png
Loading resource: res://.godot/imported/clutter_hubcap.png-b0b2683bcb3188e2f6914dd68ca388f1.ctex remapped: res://.godot/imported/clutter_hubcap.png-b0b2683bcb3188e2f6914dd68ca388f1.ctex
Completed load for: 'res://assets/art/pixellab_world/sprites_hq/clutter_hubcap.png' remapped 'res://assets/art/pixellab_world/sprites_hq/clutter_hubcap.png' at thread -1
Loading resource: res://assets/art/pixellab_world/sprites_hq/clutter_floor_stains.png remapped: res://assets/art/pixellab_world/sprites_hq/clutter_floor_stains.png
Loading resource: res://.godot/imported/clutter_floor_stains.png-1c6049a5fb1b876883de96699e2b4e4b.ctex remapped: res://.godot/imported/clutter_floor_stains.png-1c6049a5fb1b876883de96699e2b4e4b.ctex
Completed load for: 'res://assets/art/pixellab_world/sprites_hq/clutter_floor_stains.png' remapped 'res://assets/art/pixellab_world/sprites_hq/clutter_floor_stains.png' at thread -1
Loading resource: res://assets/art/pixellab_world/sprites_hq/studio_costume_pile.png remapped: res://assets/art/pixellab_world/sprites_hq/studio_costume_pile.png
Loading resource: res://.godot/imported/studio_costume_pile.png-67174a9592042bdaab4078d1c28f0215.ctex remapped: res://.godot/imported/studio_costume_pile.png-67174a9592042bdaab4078d1c28f0215.ctex
Completed load for: 'res://assets/art/pixellab_world/sprites_hq/studio_costume_pile.png' remapped 'res://assets/art/pixellab_world/sprites_hq/studio_costume_pile.png' at thread -1
Loading resource: res://assets/art/pixellab_world/sprites_hq/motel_towel_folded.png remapped: res://assets/art/pixellab_world/sprites_hq/motel_towel_folded.png
Loading resource: res://.godot/imported/motel_towel_folded.png-3e729fde9af5808559376fa7e1f72a50.ctex remapped: res://.godot/imported/motel_towel_folded.png-3e729fde9af5808559376fa7e1f72a50.ctex
Completed load for: 'res://assets/art/pixellab_world/sprites_hq/motel_towel_folded.png' remapped 'res://assets/art/pixellab_world/sprites_hq/motel_towel_folded.png' at thread -1
Loading resource: res://assets/art/pixellab_world/sprites_hq/motel_room_service_tray.png remapped: res://assets/art/pixellab_world/sprites_hq/motel_room_service_tray.png
Loading resource: res://.godot/imported/motel_room_service_tray.png-10129d87cbdf10a043d5383de6bf36e3.ctex remapped: res://.godot/imported/motel_room_service_tray.png-10129d87cbdf10a043d5383de6bf36e3.ctex
Completed load for: 'res://assets/art/pixellab_world/sprites_hq/motel_room_service_tray.png' remapped 'res://assets/art/pixellab_world/sprites_hq/motel_room_service_tray.png' at thread -1
Loading resource: res://assets/art/pixellab_world/sprites_hq/villa_candle_ring.png remapped: res://assets/art/pixellab_world/sprites_hq/villa_candle_ring.png
Loading resource: res://.godot/imported/villa_candle_ring.png-70a157db8966d76daec3044e8a951015.ctex remapped: res://.godot/imported/villa_candle_ring.png-70a157db8966d76daec3044e8a951015.ctex
Completed load for: 'res://assets/art/pixellab_world/sprites_hq/villa_candle_ring.png' remapped 'res://assets/art/pixellab_world/sprites_hq/villa_candle_ring.png' at thread -1
Loading resource: res://assets/art/pixellab_world/sprites_hq/prop_suitcase.png remapped: res://assets/art/pixellab_world/sprites_hq/prop_suitcase.png
Loading resource: res://.godot/imported/prop_suitcase.png-201922905ca07d797612974333fe45ad.ctex remapped: res://.godot/imported/prop_suitcase.png-201922905ca07d797612974333fe45ad.ctex
Completed load for: 'res://assets/art/pixellab_world/sprites_hq/prop_suitcase.png' remapped 'res://assets/art/pixellab_world/sprites_hq/prop_suitcase.png' at thread -1
Loading resource: res://assets/art/pixellab_world/sprites_hq/studio_coffee_cup.png remapped: res://assets/art/pixellab_world/sprites_hq/studio_coffee_cup.png
Loading resource: res://.godot/imported/studio_coffee_cup.png-4628d838bcc2f2dc18cef2eac7b9637c.ctex remapped: res://.godot/imported/studio_coffee_cup.png-4628d838bcc2f2dc18cef2eac7b9637c.ctex
Completed load for: 'res://assets/art/pixellab_world/sprites_hq/studio_coffee_cup.png' remapped 'res://assets/art/pixellab_world/sprites_hq/studio_coffee_cup.png' at thread -1
Loading resource: res://assets/art/pixellab_world/sprites_hq/motel_pizza_box.png remapped: res://assets/art/pixellab_world/sprites_hq/motel_pizza_box.png
Loading resource: res://.godot/imported/motel_pizza_box.png-c3cc28b82008a40a6e68e508d81d627f.ctex remapped: res://.godot/imported/motel_pizza_box.png-c3cc28b82008a40a6e68e508d81d627f.ctex
Completed load for: 'res://assets/art/pixellab_world/sprites_hq/motel_pizza_box.png' remapped 'res://assets/art/pixellab_world/sprites_hq/motel_pizza_box.png' at thread -1
Loading resource: res://assets/art/pixellab_world/sprites_hq/motel_shoes_pair.png remapped: res://assets/art/pixellab_world/sprites_hq/motel_shoes_pair.png
Loading resource: res://.godot/imported/motel_shoes_pair.png-5e63c44e03575b2112e3d66c3a48ba53.ctex remapped: res://.godot/imported/motel_shoes_pair.png-5e63c44e03575b2112e3d66c3a48ba53.ctex
Completed load for: 'res://assets/art/pixellab_world/sprites_hq/motel_shoes_pair.png' remapped 'res://assets/art/pixellab_world/sprites_hq/motel_shoes_pair.png' at thread -1
Loading resource: res://assets/art/pixellab_world/sprites_hq/laundry_basket_clothes.png remapped: res://assets/art/pixellab_world/sprites_hq/laundry_basket_clothes.png
Loading resource: res://.godot/imported/laundry_basket_clothes.png-1b8f8b06c37885b54a58f40f2ed8a8e5.ctex remapped: res://.godot/imported/laundry_basket_clothes.png-1b8f8b06c37885b54a58f40f2ed8a8e5.ctex
Completed load for: 'res://assets/art/pixellab_world/sprites_hq/laundry_basket_clothes.png' remapped 'res://assets/art/pixellab_world/sprites_hq/laundry_basket_clothes.png' at thread -1
Loading resource: res://assets/art/pixellab_world/sprites_hq/villa_seating_card.png remapped: res://assets/art/pixellab_world/sprites_hq/villa_seating_card.png
Loading resource: res://.godot/imported/villa_seating_card.png-4bb8ef3600bd904eaa0ea232a6575e36.ctex remapped: res://.godot/imported/villa_seating_card.png-4bb8ef3600bd904eaa0ea232a6575e36.ctex
Completed load for: 'res://assets/art/pixellab_world/sprites_hq/villa_seating_card.png' remapped 'res://assets/art/pixellab_world/sprites_hq/villa_seating_card.png' at thread -1
Loading resource: res://assets/art/pixellab_world/sprites_hq/villa_tea_service.png remapped: res://assets/art/pixellab_world/sprites_hq/villa_tea_service.png
Loading resource: res://.godot/imported/villa_tea_service.png-07c66f4195ea13fd9b6bcc12a0ad7480.ctex remapped: res://.godot/imported/villa_tea_service.png-07c66f4195ea13fd9b6bcc12a0ad7480.ctex
Completed load for: 'res://assets/art/pixellab_world/sprites_hq/villa_tea_service.png' remapped 'res://assets/art/pixellab_world/sprites_hq/villa_tea_service.png' at thread -1
Loading resource: res://assets/art/pixellab_world/sprites_hq/armchair.png remapped: res://assets/art/pixellab_world/sprites_hq/armchair.png
Loading resource: res://.godot/imported/armchair.png-e0c6ee777918b05e507ae628ad22ef87.ctex remapped: res://.godot/imported/armchair.png-e0c6ee777918b05e507ae628ad22ef87.ctex
Completed load for: 'res://assets/art/pixellab_world/sprites_hq/armchair.png' remapped 'res://assets/art/pixellab_world/sprites_hq/armchair.png' at thread -1
Loading resource: res://assets/art/pixellab_world/sprites_hq/filing_cabinet.png remapped: res://assets/art/pixellab_world/sprites_hq/filing_cabinet.png
Loading resource: res://.godot/imported/filing_cabinet.png-9156e4113d69f551979ce06af72eccb5.ctex remapped: res://.godot/imported/filing_cabinet.png-9156e4113d69f551979ce06af72eccb5.ctex
Completed load for: 'res://assets/art/pixellab_world/sprites_hq/filing_cabinet.png' remapped 'res://assets/art/pixellab_world/sprites_hq/filing_cabinet.png' at thread -1
Loading resource: res://assets/art/pixellab_world/sprites_hq/clothes_rack.png remapped: res://assets/art/pixellab_world/sprites_hq/clothes_rack.png
Loading resource: res://.godot/imported/clothes_rack.png-6bcf6fab8c09b68748b45a7817c3787d.ctex remapped: res://.godot/imported/clothes_rack.png-6bcf6fab8c09b68748b45a7817c3787d.ctex
Completed load for: 'res://assets/art/pixellab_world/sprites_hq/clothes_rack.png' remapped 'res://assets/art/pixellab_world/sprites_hq/clothes_rack.png' at thread -1
Loading resource: res://assets/art/sprites/jukebox.png remapped: res://assets/art/sprites/jukebox.png
Loading resource: res://.godot/imported/jukebox.png-615640e71d016700d2ba020608c00554.ctex remapped: res://.godot/imported/jukebox.png-615640e71d016700d2ba020608c00554.ctex
Completed load for: 'res://assets/art/sprites/jukebox.png' remapped 'res://assets/art/sprites/jukebox.png' at thread -1
Loading resource: res://assets/art/pixellab_world/sprites_hq/pinball.png remapped: res://assets/art/pixellab_world/sprites_hq/pinball.png
Loading resource: res://.godot/imported/pinball.png-e41b4e3828ed9171ff4e560a99caeed6.ctex remapped: res://.godot/imported/pinball.png-e41b4e3828ed9171ff4e560a99caeed6.ctex
Completed load for: 'res://assets/art/pixellab_world/sprites_hq/pinball.png' remapped 'res://assets/art/pixellab_world/sprites_hq/pinball.png' at thread -1
Loading resource: res://assets/art/sprites/prop_calendar.png remapped: res://assets/art/sprites/prop_calendar.png
Loading resource: res://.godot/imported/prop_calendar.png-68e3ba6ea6b97f5334b3a83978087393.ctex remapped: res://.godot/imported/prop_calendar.png-68e3ba6ea6b97f5334b3a83978087393.ctex
Completed load for: 'res://assets/art/sprites/prop_calendar.png' remapped 'res://assets/art/sprites/prop_calendar.png' at thread -1
Loading resource: res://assets/art/pixellab_world/sprites_hq/prop_key_rack.png remapped: res://assets/art/pixellab_world/sprites_hq/prop_key_rack.png
Loading resource: res://.godot/imported/prop_key_rack.png-3f3606dc09d95741ec12cebcf1347788.ctex remapped: res://.godot/imported/prop_key_rack.png-3f3606dc09d95741ec12cebcf1347788.ctex
Completed load for: 'res://assets/art/pixellab_world/sprites_hq/prop_key_rack.png' remapped 'res://assets/art/pixellab_world/sprites_hq/prop_key_rack.png' at thread -1
Loading resource: res://assets/art/pixellab_world/sprites_hq/prop_extinguisher.png remapped: res://assets/art/pixellab_world/sprites_hq/prop_extinguisher.png
Loading resource: res://.godot/imported/prop_extinguisher.png-043dff551ade16dc30839dbde3ab6380.ctex remapped: res://.godot/imported/prop_extinguisher.png-043dff551ade16dc30839dbde3ab6380.ctex
Completed load for: 'res://assets/art/pixellab_world/sprites_hq/prop_extinguisher.png' remapped 'res://assets/art/pixellab_world/sprites_hq/prop_extinguisher.png' at thread -1
Loading resource: res://assets/art/pixellab_world/sprites_hq/floor_lamp.png remapped: res://assets/art/pixellab_world/sprites_hq/floor_lamp.png
Loading resource: res://.godot/imported/floor_lamp.png-7eebfd091215480e42b9bcc8cc96a43e.ctex remapped: res://.godot/imported/floor_lamp.png-7eebfd091215480e42b9bcc8cc96a43e.ctex
Completed load for: 'res://assets/art/pixellab_world/sprites_hq/floor_lamp.png' remapped 'res://assets/art/pixellab_world/sprites_hq/floor_lamp.png' at thread -1
Loading resource: res://assets/art/sprites/potted_palm.png remapped: res://assets/art/sprites/potted_palm.png
Loading resource: res://.godot/imported/potted_palm.png-395ff45f3200c907c4414b0161d5af7e.ctex remapped: res://.godot/imported/potted_palm.png-395ff45f3200c907c4414b0161d5af7e.ctex
Completed load for: 'res://assets/art/sprites/potted_palm.png' remapped 'res://assets/art/sprites/potted_palm.png' at thread -1
Loading resource: res://assets/art/sprites/security_camera.png remapped: res://assets/art/sprites/security_camera.png
Loading resource: res://.godot/imported/security_camera.png-f72e5c3712805e6423c48b9113a4ef89.ctex remapped: res://.godot/imported/security_camera.png-f72e5c3712805e6423c48b9113a4ef89.ctex
Completed load for: 'res://assets/art/sprites/security_camera.png' remapped 'res://assets/art/sprites/security_camera.png' at thread -1
Loading resource: res://assets/art/pixellab_world/sprites_hq/film_camera.png remapped: res://assets/art/pixellab_world/sprites_hq/film_camera.png
Loading resource: res://.godot/imported/film_camera.png-bdb11ff05898265da36cf9f4bf6da968.ctex remapped: res://.godot/imported/film_camera.png-bdb11ff05898265da36cf9f4bf6da968.ctex
Completed load for: 'res://assets/art/pixellab_world/sprites_hq/film_camera.png' remapped 'res://assets/art/pixellab_world/sprites_hq/film_camera.png' at thread -1
Loading resource: res://assets/art/pixellab_world/sprites_hq/wooden_chair.png remapped: res://assets/art/pixellab_world/sprites_hq/wooden_chair.png
Loading resource: res://.godot/imported/wooden_chair.png-d883d800796f480372663b464e1798cf.ctex remapped: res://.godot/imported/wooden_chair.png-d883d800796f480372663b464e1798cf.ctex
Completed load for: 'res://assets/art/pixellab_world/sprites_hq/wooden_chair.png' remapped 'res://assets/art/pixellab_world/sprites_hq/wooden_chair.png' at thread -1
Loading resource: res://assets/art/sprites/vase_flowers.png remapped: res://assets/art/sprites/vase_flowers.png
Loading resource: res://.godot/imported/vase_flowers.png-4490668a5c18b8f79f4fb46104780cc2.ctex remapped: res://.godot/imported/vase_flowers.png-4490668a5c18b8f79f4fb46104780cc2.ctex
Completed load for: 'res://assets/art/sprites/vase_flowers.png' remapped 'res://assets/art/sprites/vase_flowers.png' at thread -1
Loading resource: res://assets/art/pixellab_world/sprites_hq/cardboard_box.png remapped: res://assets/art/pixellab_world/sprites_hq/cardboard_box.png
Loading resource: res://.godot/imported/cardboard_box.png-9bf5e4d3325eff9285ee1980b921a471.ctex remapped: res://.godot/imported/cardboard_box.png-9bf5e4d3325eff9285ee1980b921a471.ctex
Completed load for: 'res://assets/art/pixellab_world/sprites_hq/cardboard_box.png' remapped 'res://assets/art/pixellab_world/sprites_hq/cardboard_box.png' at thread -1
Loading resource: res://assets/art/ui/icon_spotlight.png remapped: res://assets/art/ui/icon_spotlight.png
Loading resource: res://.godot/imported/icon_spotlight.png-d710d7ca91b75d90460e506e605756ec.ctex remapped: res://.godot/imported/icon_spotlight.png-d710d7ca91b75d90460e506e605756ec.ctex
Completed load for: 'res://assets/art/ui/icon_spotlight.png' remapped 'res://assets/art/ui/icon_spotlight.png' at thread -1
Loading resource: res://assets/art/props/meat_bone.png remapped: res://assets/art/props/meat_bone.png
Loading resource: res://.godot/imported/meat_bone.png-919e0fde7d8a27d5957b34bdf3dd2631.ctex remapped: res://.godot/imported/meat_bone.png-919e0fde7d8a27d5957b34bdf3dd2631.ctex
Completed load for: 'res://assets/art/props/meat_bone.png' remapped 'res://assets/art/props/meat_bone.png' at thread -1
Loading resource: res://assets/art/props/meat_bone_eaten.png remapped: res://assets/art/props/meat_bone_eaten.png
Loading resource: res://.godot/imported/meat_bone_eaten.png-e212fd4ed596a513b4bf69935c4f661d.ctex remapped: res://.godot/imported/meat_bone_eaten.png-e212fd4ed596a513b4bf69935c4f661d.ctex
Completed load for: 'res://assets/art/props/meat_bone_eaten.png' remapped 'res://assets/art/props/meat_bone_eaten.png' at thread -1
  ok   level scene built
  ok   player spawned
  ok   approved M01 ground plate integrated
  ok   enemies spawned (27)
  ok   nav grid built
  ok   doors built
  ok   weapon pickups placed
  ok   animated ambient props built
  ok   ambient prop bobs in runtime
Loading resource: res://assets/audio/sfx/step_hard0.wav remapped: res://assets/audio/sfx/step_hard0.wav
Loading resource: res://.godot/imported/step_hard0.wav-40c4aa2f57025732a4c9912d80ecf4b0.sample remapped: res://.godot/imported/step_hard0.wav-40c4aa2f57025732a4c9912d80ecf4b0.sample
Completed load for: 'res://assets/audio/sfx/step_hard0.wav' remapped 'res://assets/audio/sfx/step_hard0.wav' at thread -1
  ok   player moves right
Loading resource: res://assets/audio/sfx/snore.wav remapped: res://assets/audio/sfx/snore.wav
Loading resource: res://.godot/imported/snore.wav-648c599bbd8e4857ea71587b4c5b2af3.sample remapped: res://.godot/imported/snore.wav-648c599bbd8e4857ea71587b4c5b2af3.sample
Completed load for: 'res://assets/audio/sfx/snore.wav' remapped 'res://assets/audio/sfx/snore.wav' at thread -1
Loading resource: res://assets/audio/sfx/step_dirt1.wav remapped: res://assets/audio/sfx/step_dirt1.wav
Loading resource: res://.godot/imported/step_dirt1.wav-6cec94ac036bccf5070f4d735ef87d9d.sample remapped: res://.godot/imported/step_dirt1.wav-6cec94ac036bccf5070f4d735ef87d9d.sample
Completed load for: 'res://assets/audio/sfx/step_dirt1.wav' remapped 'res://assets/audio/sfx/step_dirt1.wav' at thread -1
  ok   solid wall stops player
  ok   blocked player animation stops stepping
  ok   blocked player produces no walking detection noise
  ok   blocked player footstep clock stops
Loading resource: res://assets/audio/sfx/whoosh.wav remapped: res://assets/audio/sfx/whoosh.wav
Loading resource: res://.godot/imported/whoosh.wav-c15509047a0e70676ed2ef33e361cdd3.sample remapped: res://.godot/imported/whoosh.wav-c15509047a0e70676ed2ef33e361cdd3.sample
Completed load for: 'res://assets/audio/sfx/whoosh.wav' remapped 'res://assets/audio/sfx/whoosh.wav' at thread -1
Loading resource: res://assets/audio/sfx/dash.wav remapped: res://assets/audio/sfx/dash.wav
Loading resource: res://.godot/imported/dash.wav-751f76a9c829859a6ceee9808d98ce52.sample remapped: res://.godot/imported/dash.wav-751f76a9c829859a6ceee9808d98ce52.sample
Completed load for: 'res://assets/audio/sfx/dash.wav' remapped 'res://assets/audio/sfx/dash.wav' at thread -1
  ok   dodge starts its visual roll
  ok   dodge cancels an unlanded strike and its pose
  ok   wall contact ends motion and visual roll together
  ok   interrupted execution releases pose and input
  ok   dash moves the player
Loading resource: res://assets/audio/sfx/buzz.wav remapped: res://assets/audio/sfx/buzz.wav
Loading resource: res://.godot/imported/buzz.wav-c1de57844c70867e360b54dba2745a7f.sample remapped: res://.godot/imported/buzz.wav-c1de57844c70867e360b54dba2745a7f.sample
Completed load for: 'res://assets/audio/sfx/buzz.wav' remapped 'res://assets/audio/sfx/buzz.wav' at thread -1
Loading resource: res://assets/art/pixellab_world/sprites_hq/decal_blood.png remapped: res://assets/art/pixellab_world/sprites_hq/decal_blood.png
Loading resource: res://.godot/imported/decal_blood.png-ba15c42f617f4210c5990e0d970f903d.ctex remapped: res://.godot/imported/decal_blood.png-ba15c42f617f4210c5990e0d970f903d.ctex
Completed load for: 'res://assets/art/pixellab_world/sprites_hq/decal_blood.png' remapped 'res://assets/art/pixellab_world/sprites_hq/decal_blood.png' at thread -1
Loading resource: res://assets/art/pixellab_world/sprites_hq/decal_scorch.png remapped: res://assets/art/pixellab_world/sprites_hq/decal_scorch.png
Loading resource: res://.godot/imported/decal_scorch.png-fb517c943c340bc535d6951c2b8a9482.ctex remapped: res://.godot/imported/decal_scorch.png-fb517c943c340bc535d6951c2b8a9482.ctex
Completed load for: 'res://assets/art/pixellab_world/sprites_hq/decal_scorch.png' remapped 'res://assets/art/pixellab_world/sprites_hq/decal_scorch.png' at thread -1
  ok   roll finishes before the next interaction
  ok   tutorial guard exists
Loading resource: res://assets/audio/sfx/swing.wav remapped: res://assets/audio/sfx/swing.wav
Loading resource: res://.godot/imported/swing.wav-a7cbca82a73ef05789a25e7e44028fc6.sample remapped: res://.godot/imported/swing.wav-a7cbca82a73ef05789a25e7e44028fc6.sample
Completed load for: 'res://assets/audio/sfx/swing.wav' remapped 'res://assets/audio/sfx/swing.wav' at thread -1
Loading resource: res://assets/audio/sfx/vox_hurt_m2.wav remapped: res://assets/audio/sfx/vox_hurt_m2.wav
Loading resource: res://.godot/imported/vox_hurt_m2.wav-681a74ef89dc7ec1f573492594d7a1ca.sample remapped: res://.godot/imported/vox_hurt_m2.wav-681a74ef89dc7ec1f573492594d7a1ca.sample
Completed load for: 'res://assets/audio/sfx/vox_hurt_m2.wav' remapped 'res://assets/audio/sfx/vox_hurt_m2.wav' at thread -1
Loading resource: res://assets/audio/sfx/body_fall.wav remapped: res://assets/audio/sfx/body_fall.wav
Loading resource: res://.godot/imported/body_fall.wav-94cf98a45f1668aadd62eae625c767c2.sample remapped: res://.godot/imported/body_fall.wav-94cf98a45f1668aadd62eae625c767c2.sample
Completed load for: 'res://assets/audio/sfx/body_fall.wav' remapped 'res://assets/audio/sfx/body_fall.wav' at thread -1
Loading resource: res://assets/art/weapons_side/pistol.png remapped: res://assets/art/weapons_side/pistol.png
Loading resource: res://.godot/imported/pistol.png-1f2f9f91ea6f1d7594824e13e0233553.ctex remapped: res://.godot/imported/pistol.png-1f2f9f91ea6f1d7594824e13e0233553.ctex
Completed load for: 'res://assets/art/weapons_side/pistol.png' remapped 'res://assets/art/weapons_side/pistol.png' at thread -1
Loading resource: res://assets/audio/sfx/punch.wav remapped: res://assets/audio/sfx/punch.wav
Loading resource: res://.godot/imported/punch.wav-2ad9cecb4b93edc1c804c7e5fe1912d2.sample remapped: res://.godot/imported/punch.wav-2ad9cecb4b93edc1c804c7e5fe1912d2.sample
Completed load for: 'res://assets/audio/sfx/punch.wav' remapped 'res://assets/audio/sfx/punch.wav' at thread -1
Loading resource: res://assets/audio/sfx/pickup.wav remapped: res://assets/audio/sfx/pickup.wav
Loading resource: res://.godot/imported/pickup.wav-ab250a1f66a2a1fa9405a9d94b827447.sample remapped: res://.godot/imported/pickup.wav-ab250a1f66a2a1fa9405a9d94b827447.sample
Completed load for: 'res://assets/audio/sfx/pickup.wav' remapped 'res://assets/audio/sfx/pickup.wav' at thread -1
Loading resource: res://assets/art/pixellab_world/sprites_hq/pickup_ammo.png remapped: res://assets/art/pixellab_world/sprites_hq/pickup_ammo.png
Loading resource: res://.godot/imported/pickup_ammo.png-ecc08e561ad71daf8b09aca9ab734532.ctex remapped: res://.godot/imported/pickup_ammo.png-ecc08e561ad71daf8b09aca9ab734532.ctex
Completed load for: 'res://assets/art/pixellab_world/sprites_hq/pickup_ammo.png' remapped 'res://assets/art/pixellab_world/sprites_hq/pickup_ammo.png' at thread -1
    punch contact: player alive=true guard=DOWNED distance=14.8996429443359 pending=-0.00233333333333 aim=(-1.0, 0.0)
  ok   punch knocks guard down
  ok   downed guard is reachable for execution
Loading resource: res://assets/audio/sfx/hit_flesh.wav remapped: res://assets/audio/sfx/hit_flesh.wav
Loading resource: res://.godot/imported/hit_flesh.wav-6757342ce5daaab705b2516f8f6f1c72.sample remapped: res://.godot/imported/hit_flesh.wav-6757342ce5daaab705b2516f8f6f1c72.sample
Completed load for: 'res://assets/audio/sfx/hit_flesh.wav' remapped 'res://assets/audio/sfx/hit_flesh.wav' at thread -1
Loading resource: res://assets/audio/sfx/gore.wav remapped: res://assets/audio/sfx/gore.wav
Loading resource: res://.godot/imported/gore.wav-cb02ab34881bcbc7c21a60286a137720.sample remapped: res://.godot/imported/gore.wav-cb02ab34881bcbc7c21a60286a137720.sample
Completed load for: 'res://assets/audio/sfx/gore.wav' remapped 'res://assets/audio/sfx/gore.wav' at thread -1
Loading resource: res://assets/art/cast3d_rt/guard/guard.glb remapped: res://assets/art/cast3d_rt/guard/guard.glb
Loading resource: res://.godot/imported/guard.glb-052a42f1cbf90d8929b76dbfa91d531a.scn remapped: res://.godot/imported/guard.glb-052a42f1cbf90d8929b76dbfa91d531a.scn
Completed load for: 'res://assets/art/cast3d_rt/guard/guard.glb' remapped 'res://assets/art/cast3d_rt/guard/guard.glb' at thread -1
Loading resource: res://assets/audio/sfx/death.wav remapped: res://assets/audio/sfx/death.wav
Loading resource: res://.godot/imported/death.wav-eb8bf206799fefce7cf26366434348b8.sample remapped: res://.godot/imported/death.wav-eb8bf206799fefce7cf26366434348b8.sample
Completed load for: 'res://assets/audio/sfx/death.wav' remapped 'res://assets/audio/sfx/death.wav' at thread -1
Loading resource: res://assets/audio/sfx/vox_die_m2.wav remapped: res://assets/audio/sfx/vox_die_m2.wav
Loading resource: res://.godot/imported/vox_die_m2.wav-f0e1ad12a337f6846bfc58dcda6f4381.sample remapped: res://.godot/imported/vox_die_m2.wav-f0e1ad12a337f6846bfc58dcda6f4381.sample
Completed load for: 'res://assets/audio/sfx/vox_die_m2.wav' remapped 'res://assets/audio/sfx/vox_die_m2.wav' at thread -1
  ok   execution kills guard
  ok   score awarded (900)
Loading resource: res://assets/art/weapons/pistol.png remapped: res://assets/art/weapons/pistol.png
Loading resource: res://.godot/imported/pistol.png-366cb1e7228d41d73957bdf2595c19c2.ctex remapped: res://.godot/imported/pistol.png-366cb1e7228d41d73957bdf2595c19c2.ctex
Completed load for: 'res://assets/art/weapons/pistol.png' remapped 'res://assets/art/weapons/pistol.png' at thread -1
  ok   weapon given
Loading resource: res://assets/audio/sfx/pistol.wav remapped: res://assets/audio/sfx/pistol.wav
Loading resource: res://.godot/imported/pistol.wav-f63af63f657ab3404844db519d6dc0e5.sample remapped: res://.godot/imported/pistol.wav-f63af63f657ab3404844db519d6dc0e5.sample
Completed load for: 'res://assets/audio/sfx/pistol.wav' remapped 'res://assets/audio/sfx/pistol.wav' at thread -1
Loading resource: res://assets/audio/sfx/growl.wav remapped: res://assets/audio/sfx/growl.wav
Loading resource: res://.godot/imported/growl.wav-0a7280352b9d4bf4afc4a680bb57ed61.sample remapped: res://.godot/imported/growl.wav-0a7280352b9d4bf4afc4a680bb57ed61.sample
Completed load for: 'res://assets/audio/sfx/growl.wav' remapped 'res://assets/audio/sfx/growl.wav' at thread -1
Loading resource: res://assets/audio/sfx/vox_die_m0.wav remapped: res://assets/audio/sfx/vox_die_m0.wav
Loading resource: res://.godot/imported/vox_die_m0.wav-d03415970eecf941b8cab9c441f56729.sample remapped: res://.godot/imported/vox_die_m0.wav-d03415970eecf941b8cab9c441f56729.sample
Completed load for: 'res://assets/audio/sfx/vox_die_m0.wav' remapped 'res://assets/audio/sfx/vox_die_m0.wav' at thread -1
Loading resource: res://assets/audio/sfx/combo.wav remapped: res://assets/audio/sfx/combo.wav
Loading resource: res://.godot/imported/combo.wav-f9f47a2b5a099117a00414c510dc7927.sample remapped: res://.godot/imported/combo.wav-f9f47a2b5a099117a00414c510dc7927.sample
Completed load for: 'res://assets/audio/sfx/combo.wav' remapped 'res://assets/audio/sfx/combo.wav' at thread -1
Loading resource: res://assets/audio/sfx/rec_beep.wav remapped: res://assets/audio/sfx/rec_beep.wav
Loading resource: res://.godot/imported/rec_beep.wav-48ef7d5ab3852804afdbcc3d78f9347c.sample remapped: res://.godot/imported/rec_beep.wav-48ef7d5ab3852804afdbcc3d78f9347c.sample
Completed load for: 'res://assets/audio/sfx/rec_beep.wav' remapped 'res://assets/audio/sfx/rec_beep.wav' at thread -1
  ok   shooting uses ammo
  ok   bullet kills guard
Loading resource: res://assets/audio/sfx/throw.wav remapped: res://assets/audio/sfx/throw.wav
Loading resource: res://.godot/imported/throw.wav-b12e4b2ada84ba4eb4541348939f9d43.sample remapped: res://.godot/imported/throw.wav-b12e4b2ada84ba4eb4541348939f9d43.sample
Completed load for: 'res://assets/audio/sfx/throw.wav' remapped 'res://assets/audio/sfx/throw.wav' at thread -1
  ok   throw spawns a flying pickup
  ok   throw empties hands
Loading resource: res://assets/audio/sfx/metal_clang.wav remapped: res://assets/audio/sfx/metal_clang.wav
Loading resource: res://.godot/imported/metal_clang.wav-b4c0b2de020caed50de93c4105a506a3.sample remapped: res://.godot/imported/metal_clang.wav-b4c0b2de020caed50de93c4105a506a3.sample
Completed load for: 'res://assets/audio/sfx/metal_clang.wav' remapped 'res://assets/audio/sfx/metal_clang.wav' at thread -1
Loading resource: res://assets/audio/sfx/shell.wav remapped: res://assets/audio/sfx/shell.wav
Loading resource: res://.godot/imported/shell.wav-43f8fd26ab0ed1273fcd35a0b059d425.sample remapped: res://.godot/imported/shell.wav-43f8fd26ab0ed1273fcd35a0b059d425.sample
Completed load for: 'res://assets/audio/sfx/shell.wav' remapped 'res://assets/audio/sfx/shell.wav' at thread -1
Loading resource: res://assets/art/weapons/whisper.png remapped: res://assets/art/weapons/whisper.png
Loading resource: res://.godot/imported/whisper.png-81fc0b4d48e61228991f7cb0031ed6fc.ctex remapped: res://.godot/imported/whisper.png-81fc0b4d48e61228991f7cb0031ed6fc.ctex
Completed load for: 'res://assets/art/weapons/whisper.png' remapped 'res://assets/art/weapons/whisper.png' at thread -1
  ok   pick up weapon with interact
Loading resource: res://assets/art/weapons/bat.png remapped: res://assets/art/weapons/bat.png
Loading resource: res://.godot/imported/bat.png-300f46dd9e47cfa9ec9233a8e62b3c1a.ctex remapped: res://.godot/imported/bat.png-300f46dd9e47cfa9ec9233a8e62b3c1a.ctex
Completed load for: 'res://assets/art/weapons/bat.png' remapped 'res://assets/art/weapons/bat.png' at thread -1
    hunter state before swing: IDLE dist 14.0
Loading resource: res://assets/audio/sfx/hit_blunt.wav remapped: res://assets/audio/sfx/hit_blunt.wav
Loading resource: res://.godot/imported/hit_blunt.wav-15cc8a477df2a5dfab3831d73ea20dc7.sample remapped: res://.godot/imported/hit_blunt.wav-15cc8a477df2a5dfab3831d73ea20dc7.sample
Completed load for: 'res://assets/audio/sfx/hit_blunt.wav' remapped 'res://assets/audio/sfx/hit_blunt.wav' at thread -1
Loading resource: res://assets/audio/sfx/shield_block.wav remapped: res://assets/audio/sfx/shield_block.wav
Loading resource: res://.godot/imported/shield_block.wav-9b2032404d6c13616cfd330e394277e4.sample remapped: res://.godot/imported/shield_block.wav-9b2032404d6c13616cfd330e394277e4.sample
Completed load for: 'res://assets/audio/sfx/shield_block.wav' remapped 'res://assets/audio/sfx/shield_block.wav' at thread -1
Loading resource: res://assets/art/cast3d_rt/hunter/hunter.glb remapped: res://assets/art/cast3d_rt/hunter/hunter.glb
Loading resource: res://.godot/imported/hunter.glb-41f87f9df71de2fe6d656e81609de690.scn remapped: res://.godot/imported/hunter.glb-41f87f9df71de2fe6d656e81609de690.scn
Completed load for: 'res://assets/art/cast3d_rt/hunter/hunter.glb' remapped 'res://assets/art/cast3d_rt/hunter/hunter.glb' at thread -1
Loading resource: res://assets/audio/sfx/vox_die_m4.wav remapped: res://assets/audio/sfx/vox_die_m4.wav
Loading resource: res://.godot/imported/vox_die_m4.wav-b69800b2d490b81550754d4826537ef3.sample remapped: res://.godot/imported/vox_die_m4.wav-b69800b2d490b81550754d4826537ef3.sample
Completed load for: 'res://assets/audio/sfx/vox_die_m4.wav' remapped 'res://assets/audio/sfx/vox_die_m4.wav' at thread -1
Loading resource: res://music/st_motel_combat.mp3 remapped: res://music/st_motel_combat.mp3
Loading resource: res://.godot/imported/st_motel_combat.mp3-67aae189578d8009eb9e8d88ee39fb19.mp3str remapped: res://.godot/imported/st_motel_combat.mp3-67aae189578d8009eb9e8d88ee39fb19.mp3str
Completed load for: 'res://music/st_motel_combat.mp3' remapped 'res://music/st_motel_combat.mp3' at thread -1
  ok   bat kills hunter
Loading resource: res://assets/audio/sfx/door_kick.wav remapped: res://assets/audio/sfx/door_kick.wav
Loading resource: res://.godot/imported/door_kick.wav-9eadb2ad5d4489aa50a5cc9a1a53c87a.sample remapped: res://.godot/imported/door_kick.wav-9eadb2ad5d4489aa50a5cc9a1a53c87a.sample
Completed load for: 'res://assets/audio/sfx/door_kick.wav' remapped 'res://assets/audio/sfx/door_kick.wav' at thread -1
Loading resource: res://assets/audio/sfx/alert.wav remapped: res://assets/audio/sfx/alert.wav
Loading resource: res://.godot/imported/alert.wav-5f766732df500b2051f71022025190ac.sample remapped: res://.godot/imported/alert.wav-5f766732df500b2051f71022025190ac.sample
Completed load for: 'res://assets/audio/sfx/alert.wav' remapped 'res://assets/audio/sfx/alert.wav' at thread -1
  ok   kicked door swings (1.69)
Loading resource: res://assets/audio/sfx/glass.wav remapped: res://assets/audio/sfx/glass.wav
Loading resource: res://.godot/imported/glass.wav-0a17e0bde0ea8888e5fb0b0713723feb.sample remapped: res://.godot/imported/glass.wav-0a17e0bde0ea8888e5fb0b0713723feb.sample
Completed load for: 'res://assets/audio/sfx/glass.wav' remapped 'res://assets/audio/sfx/glass.wav' at thread -1
Loading resource: res://assets/audio/sfx/bubble_pop.wav remapped: res://assets/audio/sfx/bubble_pop.wav
Loading resource: res://.godot/imported/bubble_pop.wav-cf2e57ec7ffba9b956c4ecfa57682db2.sample remapped: res://.godot/imported/bubble_pop.wav-cf2e57ec7ffba9b956c4ecfa57682db2.sample
Completed load for: 'res://assets/audio/sfx/bubble_pop.wav' remapped 'res://assets/audio/sfx/bubble_pop.wav' at thread -1
  ok   window breaks when shot
Loading resource: res://assets/audio/sfx/tv_break.wav remapped: res://assets/audio/sfx/tv_break.wav
Loading resource: res://.godot/imported/tv_break.wav-3d992160d44b840c0d22fc52ba894cc3.sample remapped: res://.godot/imported/tv_break.wav-3d992160d44b840c0d22fc52ba894cc3.sample
Completed load for: 'res://assets/audio/sfx/tv_break.wav' remapped 'res://assets/audio/sfx/tv_break.wav' at thread -1
  ok   tv breaks when shot
  ok   arcade breaks when shot
  ok   vending breaks when shot
Loading resource: res://assets/audio/sfx/bottle_break.wav remapped: res://assets/audio/sfx/bottle_break.wav
Loading resource: res://.godot/imported/bottle_break.wav-d67d4f55d191585fbb2b345a15edf740.sample remapped: res://.godot/imported/bottle_break.wav-d67d4f55d191585fbb2b345a15edf740.sample
Completed load for: 'res://assets/audio/sfx/bottle_break.wav' remapped 'res://assets/audio/sfx/bottle_break.wav' at thread -1
  ok   plant breaks when shot
Loading resource: res://assets/audio/sfx/spark.wav remapped: res://assets/audio/sfx/spark.wav
Loading resource: res://.godot/imported/spark.wav-e40fe966d37aafde829905609dee92d1.sample remapped: res://.godot/imported/spark.wav-e40fe966d37aafde829905609dee92d1.sample
Completed load for: 'res://assets/audio/sfx/spark.wav' remapped 'res://assets/audio/sfx/spark.wav' at thread -1
Loading resource: res://assets/art/weapons_side/glass_shard.png remapped: res://assets/art/weapons_side/glass_shard.png
Loading resource: res://.godot/imported/glass_shard.png-2d33765a98933540d47b66553370a668.ctex remapped: res://.godot/imported/glass_shard.png-2d33765a98933540d47b66553370a668.ctex
Completed load for: 'res://assets/art/weapons_side/glass_shard.png' remapped 'res://assets/art/weapons_side/glass_shard.png' at thread -1
Loading resource: res://assets/art/weapons_world/glass_shard.png remapped: res://assets/art/weapons_world/glass_shard.png
Loading resource: res://.godot/imported/glass_shard.png-a1c75ed31c51ed4ed92e73da817fad34.ctex remapped: res://.godot/imported/glass_shard.png-a1c75ed31c51ed4ed92e73da817fad34.ctex
Completed load for: 'res://assets/art/weapons_world/glass_shard.png' remapped 'res://assets/art/weapons_world/glass_shard.png' at thread -1
Loading resource: res://assets/audio/sfx/vox_i2.wav remapped: res://assets/audio/sfx/vox_i2.wav
Loading resource: res://.godot/imported/vox_i2.wav-a4b82c931a654e40de7fa70e64094467.sample remapped: res://.godot/imported/vox_i2.wav-a4b82c931a654e40de7fa70e64094467.sample
Completed load for: 'res://assets/audio/sfx/vox_i2.wav' remapped 'res://assets/audio/sfx/vox_i2.wav' at thread -1
Loading resource: res://assets/audio/sfx/vox_e2.wav remapped: res://assets/audio/sfx/vox_e2.wav
Loading resource: res://.godot/imported/vox_e2.wav-d915cbe24975fb860c83bbd6eab1b30d.sample remapped: res://.godot/imported/vox_e2.wav-d915cbe24975fb860c83bbd6eab1b30d.sample
Completed load for: 'res://assets/audio/sfx/vox_e2.wav' remapped 'res://assets/audio/sfx/vox_e2.wav' at thread -1
Loading resource: res://assets/audio/sfx/vox_e1.wav remapped: res://assets/audio/sfx/vox_e1.wav
Loading resource: res://.godot/imported/vox_e1.wav-88f6f5c694e9cf98c01dc2e1b2b966d6.sample remapped: res://.godot/imported/vox_e1.wav-88f6f5c694e9cf98c01dc2e1b2b966d6.sample
Completed load for: 'res://assets/audio/sfx/vox_e1.wav' remapped 'res://assets/audio/sfx/vox_e1.wav' at thread -1
Loading resource: res://assets/audio/sfx/explosion.wav remapped: res://assets/audio/sfx/explosion.wav
Loading resource: res://.godot/imported/explosion.wav-f11908070a3c16e9f40ac8490560a261.sample remapped: res://.godot/imported/explosion.wav-f11908070a3c16e9f40ac8490560a261.sample
Completed load for: 'res://assets/audio/sfx/explosion.wav' remapped 'res://assets/audio/sfx/explosion.wav' at thread -1
Loading resource: res://assets/audio/sfx/vox_o1.wav remapped: res://assets/audio/sfx/vox_o1.wav
Loading resource: res://.godot/imported/vox_o1.wav-dc26682718e09ea0f3b1b07933fbe6e8.sample remapped: res://.godot/imported/vox_o1.wav-dc26682718e09ea0f3b1b07933fbe6e8.sample
Completed load for: 'res://assets/audio/sfx/vox_o1.wav' remapped 'res://assets/audio/sfx/vox_o1.wav' at thread -1
Loading resource: res://assets/audio/sfx/vox_a2.wav remapped: res://assets/audio/sfx/vox_a2.wav
Loading resource: res://.godot/imported/vox_a2.wav-84677dc9836bf21ad69a2a9576a7ee41.sample remapped: res://.godot/imported/vox_a2.wav-84677dc9836bf21ad69a2a9576a7ee41.sample
Completed load for: 'res://assets/audio/sfx/vox_a2.wav' remapped 'res://assets/audio/sfx/vox_a2.wav' at thread -1
  ok   propane tank explodes
  ok   enemy investigates gunshot (INVESTIGATE)
Loading resource: res://assets/audio/sfx/door_slam.wav remapped: res://assets/audio/sfx/door_slam.wav
Loading resource: res://.godot/imported/door_slam.wav-d8c0a50b890b201a04efd9eb17d0a996.sample remapped: res://.godot/imported/door_slam.wav-d8c0a50b890b201a04efd9eb17d0a996.sample
Completed load for: 'res://assets/audio/sfx/door_slam.wav' remapped 'res://assets/audio/sfx/door_slam.wav' at thread -1
Loading resource: res://assets/audio/sfx/door_open.wav remapped: res://assets/audio/sfx/door_open.wav
Loading resource: res://.godot/imported/door_open.wav-69b6678189c02bd6142786d7e7f8bb19.sample remapped: res://.godot/imported/door_open.wav-69b6678189c02bd6142786d7e7f8bb19.sample
Completed load for: 'res://assets/audio/sfx/door_open.wav' remapped 'res://assets/audio/sfx/door_open.wav' at thread -1
Loading resource: res://assets/audio/sfx/ricochet.wav remapped: res://assets/audio/sfx/ricochet.wav
Loading resource: res://.godot/imported/ricochet.wav-e37010a7356ce57134228b8aff3fa859.sample remapped: res://.godot/imported/ricochet.wav-e37010a7356ce57134228b8aff3fa859.sample
Completed load for: 'res://assets/audio/sfx/ricochet.wav' remapped 'res://assets/audio/sfx/ricochet.wav' at thread -1
Loading resource: res://assets/audio/sfx/power_up.wav remapped: res://assets/audio/sfx/power_up.wav
Loading resource: res://.godot/imported/power_up.wav-c4acdbf08b8a29d37fbaf42b4e8915b3.sample remapped: res://.godot/imported/power_up.wav-c4acdbf08b8a29d37fbaf42b4e8915b3.sample
Completed load for: 'res://assets/audio/sfx/power_up.wav' remapped 'res://assets/audio/sfx/power_up.wav' at thread -1
Loading resource: res://assets/audio/sfx/smg.wav remapped: res://assets/audio/sfx/smg.wav
Loading resource: res://.godot/imported/smg.wav-4f70476b9e239028bc0abae7170731de.sample remapped: res://.godot/imported/smg.wav-4f70476b9e239028bc0abae7170731de.sample
Completed load for: 'res://assets/audio/sfx/smg.wav' remapped 'res://assets/audio/sfx/smg.wav' at thread -1
  ok   god mode survives AI fire
  ok   checkpoint saved on entering the motel
Loading resource: res://assets/characters/baked/c_cass_false.png remapped: res://assets/characters/baked/c_cass_false.png
Loading resource: res://.godot/imported/c_cass_false.png-cef1f3af4caf55b770d5d8076269414f.ctex remapped: res://.godot/imported/c_cass_false.png-cef1f3af4caf55b770d5d8076269414f.ctex
Completed load for: 'res://assets/characters/baked/c_cass_false.png' remapped 'res://assets/characters/baked/c_cass_false.png' at thread -1
Loading resource: res://assets/art/cast3d_rt/cass/cass.glb remapped: res://assets/art/cast3d_rt/cass/cass.glb
Loading resource: res://.godot/imported/cass.glb-9bd81c853d161cb0335408ecc49efb18.scn remapped: res://.godot/imported/cass.glb-9bd81c853d161cb0335408ecc49efb18.scn
Completed load for: 'res://assets/art/cast3d_rt/cass/cass.glb' remapped 'res://assets/art/cast3d_rt/cass/cass.glb' at thread -1
Loading resource: res://assets/audio/sfx/vox_die_f1.wav remapped: res://assets/audio/sfx/vox_die_f1.wav
Loading resource: res://.godot/imported/vox_die_f1.wav-6de2055e1bf910cdf4b1903aab0c0510.sample remapped: res://.godot/imported/vox_die_f1.wav-6de2055e1bf910cdf4b1903aab0c0510.sample
Completed load for: 'res://assets/audio/sfx/vox_die_f1.wav' remapped 'res://assets/audio/sfx/vox_die_f1.wav' at thread -1
  ok   player dies to one bullet
Loading resource: res://scenes/levels/level.tscn remapped: res://scenes/levels/level.tscn
Completed load for: 'res://scenes/levels/level.tscn' remapped 'res://scenes/levels/level.tscn' at thread -1
Loading resource: res://assets/art/cast3d_rt/scout/scout.glb remapped: res://assets/art/cast3d_rt/scout/scout.glb
Loading resource: res://.godot/imported/scout.glb-0625723fc3fba04256457e229b1d47e9.scn remapped: res://.godot/imported/scout.glb-0625723fc3fba04256457e229b1d47e9.scn
Loading resource: res://assets/art/cast3d_rt/scout/scout_Image_0.jpg remapped: res://assets/art/cast3d_rt/scout/scout_Image_0.jpg
Loading resource: res://.godot/imported/scout_Image_0.jpg-f912a28d483c0a0a88a3fdc70828f80f.ctex remapped: res://.godot/imported/scout_Image_0.jpg-f912a28d483c0a0a88a3fdc70828f80f.ctex
Completed load for: 'res://assets/art/cast3d_rt/scout/scout_Image_0.jpg' remapped 'res://assets/art/cast3d_rt/scout/scout_Image_0.jpg' at thread -1
Completed load for: 'res://assets/art/cast3d_rt/scout/scout.glb' remapped 'res://assets/art/cast3d_rt/scout/scout.glb' at thread -1
Loading resource: res://assets/art/cast3d_rt/heavy/heavy.glb remapped: res://assets/art/cast3d_rt/heavy/heavy.glb
Loading resource: res://.godot/imported/heavy.glb-3d71a6e3a4d86725fae526315394e27d.scn remapped: res://.godot/imported/heavy.glb-3d71a6e3a4d86725fae526315394e27d.scn
Loading resource: res://assets/art/cast3d_rt/heavy/heavy_Image_0.jpg remapped: res://assets/art/cast3d_rt/heavy/heavy_Image_0.jpg
Loading resource: res://.godot/imported/heavy_Image_0.jpg-0d6d44d44ef0b59a19f2169619e3bfef.ctex remapped: res://.godot/imported/heavy_Image_0.jpg-0d6d44d44ef0b59a19f2169619e3bfef.ctex
Completed load for: 'res://assets/art/cast3d_rt/heavy/heavy_Image_0.jpg' remapped 'res://assets/art/cast3d_rt/heavy/heavy_Image_0.jpg' at thread -1
Completed load for: 'res://assets/art/cast3d_rt/heavy/heavy.glb' remapped 'res://assets/art/cast3d_rt/heavy/heavy.glb' at thread -1
Loading resource: res://assets/art/cast3d_rt/hunter/hunter.glb remapped: res://assets/art/cast3d_rt/hunter/hunter.glb
Loading resource: res://.godot/imported/hunter.glb-41f87f9df71de2fe6d656e81609de690.scn remapped: res://.godot/imported/hunter.glb-41f87f9df71de2fe6d656e81609de690.scn
Loading resource: res://assets/art/cast3d_rt/hunter/hunter_Image_0.jpg remapped: res://assets/art/cast3d_rt/hunter/hunter_Image_0.jpg
Loading resource: res://.godot/imported/hunter_Image_0.jpg-d6c769ea4ef75c2b27e77abace3d8ff0.ctex remapped: res://.godot/imported/hunter_Image_0.jpg-d6c769ea4ef75c2b27e77abace3d8ff0.ctex
Completed load for: 'res://assets/art/cast3d_rt/hunter/hunter_Image_0.jpg' remapped 'res://assets/art/cast3d_rt/hunter/hunter_Image_0.jpg' at thread -1
Completed load for: 'res://assets/art/cast3d_rt/hunter/hunter.glb' remapped 'res://assets/art/cast3d_rt/hunter/hunter.glb' at thread -1
Loading resource: res://assets/art/cast3d_rt/biker/biker.glb remapped: res://assets/art/cast3d_rt/biker/biker.glb
Loading resource: res://.godot/imported/biker.glb-a6e3fbaefe9e6495fa416ce737b7b01b.scn remapped: res://.godot/imported/biker.glb-a6e3fbaefe9e6495fa416ce737b7b01b.scn
Loading resource: res://assets/art/cast3d_rt/biker/biker_Image_0.jpg remapped: res://assets/art/cast3d_rt/biker/biker_Image_0.jpg
Loading resource: res://.godot/imported/biker_Image_0.jpg-d919af836f69548b3677633e4d6466d6.ctex remapped: res://.godot/imported/biker_Image_0.jpg-d919af836f69548b3677633e4d6466d6.ctex
Completed load for: 'res://assets/art/cast3d_rt/biker/biker_Image_0.jpg' remapped 'res://assets/art/cast3d_rt/biker/biker_Image_0.jpg' at thread -1
Completed load for: 'res://assets/art/cast3d_rt/biker/biker.glb' remapped 'res://assets/art/cast3d_rt/biker/biker.glb' at thread -1
Loading resource: res://assets/art/cast3d_rt/bellhop/bellhop.glb remapped: res://assets/art/cast3d_rt/bellhop/bellhop.glb
Loading resource: res://.godot/imported/bellhop.glb-14b2b6d3567dd88013cb634fc2ef6dff.scn remapped: res://.godot/imported/bellhop.glb-14b2b6d3567dd88013cb634fc2ef6dff.scn
Loading resource: res://assets/art/cast3d_rt/bellhop/bellhop_Image_0.jpg remapped: res://assets/art/cast3d_rt/bellhop/bellhop_Image_0.jpg
Loading resource: res://.godot/imported/bellhop_Image_0.jpg-d0f2aa80db9a80790389ad8cf5ba9fce.ctex remapped: res://.godot/imported/bellhop_Image_0.jpg-d0f2aa80db9a80790389ad8cf5ba9fce.ctex
Completed load for: 'res://assets/art/cast3d_rt/bellhop/bellhop_Image_0.jpg' remapped 'res://assets/art/cast3d_rt/bellhop/bellhop_Image_0.jpg' at thread -1
Completed load for: 'res://assets/art/cast3d_rt/bellhop/bellhop.glb' remapped 'res://assets/art/cast3d_rt/bellhop/bellhop.glb' at thread -1
Loading resource: res://assets/art/cast3d_rt/gunner/gunner.glb remapped: res://assets/art/cast3d_rt/gunner/gunner.glb
Loading resource: res://.godot/imported/gunner.glb-e594849ae389f801d2b7c927f36f975f.scn remapped: res://.godot/imported/gunner.glb-e594849ae389f801d2b7c927f36f975f.scn
Loading resource: res://assets/art/cast3d_rt/gunner/gunner_Image_0.jpg remapped: res://assets/art/cast3d_rt/gunner/gunner_Image_0.jpg
Loading resource: res://.godot/imported/gunner_Image_0.jpg-b2286ab5219c41d68a509d7469b1dea0.ctex remapped: res://.godot/imported/gunner_Image_0.jpg-b2286ab5219c41d68a509d7469b1dea0.ctex
Completed load for: 'res://assets/art/cast3d_rt/gunner/gunner_Image_0.jpg' remapped 'res://assets/art/cast3d_rt/gunner/gunner_Image_0.jpg' at thread -1
Completed load for: 'res://assets/art/cast3d_rt/gunner/gunner.glb' remapped 'res://assets/art/cast3d_rt/gunner/gunner.glb' at thread -1
Loading resource: res://assets/art/cast3d_rt/gunner/gunner.glb remapped: res://assets/art/cast3d_rt/gunner/gunner.glb
Loading resource: res://.godot/imported/gunner.glb-e594849ae389f801d2b7c927f36f975f.scn remapped: res://.godot/imported/gunner.glb-e594849ae389f801d2b7c927f36f975f.scn
Completed load for: 'res://assets/art/cast3d_rt/gunner/gunner.glb' remapped 'res://assets/art/cast3d_rt/gunner/gunner.glb' at thread -1
Loading resource: res://assets/art/cast3d_rt/scout/scout.glb remapped: res://assets/art/cast3d_rt/scout/scout.glb
Loading resource: res://.godot/imported/scout.glb-0625723fc3fba04256457e229b1d47e9.scn remapped: res://.godot/imported/scout.glb-0625723fc3fba04256457e229b1d47e9.scn
Completed load for: 'res://assets/art/cast3d_rt/scout/scout.glb' remapped 'res://assets/art/cast3d_rt/scout/scout.glb' at thread -1
Loading resource: res://assets/art/cast3d_rt/hunter/hunter.glb remapped: res://assets/art/cast3d_rt/hunter/hunter.glb
Loading resource: res://.godot/imported/hunter.glb-41f87f9df71de2fe6d656e81609de690.scn remapped: res://.godot/imported/hunter.glb-41f87f9df71de2fe6d656e81609de690.scn
Completed load for: 'res://assets/art/cast3d_rt/hunter/hunter.glb' remapped 'res://assets/art/cast3d_rt/hunter/hunter.glb' at thread -1
Loading resource: res://assets/art/cast3d_rt/guard/guard.glb remapped: res://assets/art/cast3d_rt/guard/guard.glb
Loading resource: res://.godot/imported/guard.glb-052a42f1cbf90d8929b76dbfa91d531a.scn remapped: res://.godot/imported/guard.glb-052a42f1cbf90d8929b76dbfa91d531a.scn
Loading resource: res://assets/art/cast3d_rt/guard/guard_Image_0.jpg remapped: res://assets/art/cast3d_rt/guard/guard_Image_0.jpg
Loading resource: res://.godot/imported/guard_Image_0.jpg-82e6841c4ba0c52d3e223109a0b5c504.ctex remapped: res://.godot/imported/guard_Image_0.jpg-82e6841c4ba0c52d3e223109a0b5c504.ctex
Completed load for: 'res://assets/art/cast3d_rt/guard/guard_Image_0.jpg' remapped 'res://assets/art/cast3d_rt/guard/guard_Image_0.jpg' at thread -1
Completed load for: 'res://assets/art/cast3d_rt/guard/guard.glb' remapped 'res://assets/art/cast3d_rt/guard/guard.glb' at thread -1
Loading resource: res://assets/art/cast3d_rt/sniper/sniper.glb remapped: res://assets/art/cast3d_rt/sniper/sniper.glb
Loading resource: res://.godot/imported/sniper.glb-37ca57eb629b88e1d345900efd7ccda0.scn remapped: res://.godot/imported/sniper.glb-37ca57eb629b88e1d345900efd7ccda0.scn
Loading resource: res://assets/art/cast3d_rt/sniper/sniper_Image_0.jpg remapped: res://assets/art/cast3d_rt/sniper/sniper_Image_0.jpg
Loading resource: res://.godot/imported/sniper_Image_0.jpg-f88a25b87e8829f748aeb716295d2401.ctex remapped: res://.godot/imported/sniper_Image_0.jpg-f88a25b87e8829f748aeb716295d2401.ctex
Completed load for: 'res://assets/art/cast3d_rt/sniper/sniper_Image_0.jpg' remapped 'res://assets/art/cast3d_rt/sniper/sniper_Image_0.jpg' at thread -1
Completed load for: 'res://assets/art/cast3d_rt/sniper/sniper.glb' remapped 'res://assets/art/cast3d_rt/sniper/sniper.glb' at thread -1
Loading resource: res://assets/art/cast3d_rt/civilian/civilian.glb remapped: res://assets/art/cast3d_rt/civilian/civilian.glb
Loading resource: res://.godot/imported/civilian.glb-88608bb79b267aa4c0df2015b8598834.scn remapped: res://.godot/imported/civilian.glb-88608bb79b267aa4c0df2015b8598834.scn
Loading resource: res://assets/art/cast3d_rt/civilian/civilian_Image_0.jpg remapped: res://assets/art/cast3d_rt/civilian/civilian_Image_0.jpg
Loading resource: res://.godot/imported/civilian_Image_0.jpg-d8cb77547b0168a1715930aec1ef5696.ctex remapped: res://.godot/imported/civilian_Image_0.jpg-d8cb77547b0168a1715930aec1ef5696.ctex
Completed load for: 'res://assets/art/cast3d_rt/civilian/civilian_Image_0.jpg' remapped 'res://assets/art/cast3d_rt/civilian/civilian_Image_0.jpg' at thread -1
Completed load for: 'res://assets/art/cast3d_rt/civilian/civilian.glb' remapped 'res://assets/art/cast3d_rt/civilian/civilian.glb' at thread -1
Loading resource: res://assets/art/cast3d_rt/hunter/hunter.glb remapped: res://assets/art/cast3d_rt/hunter/hunter.glb
Loading resource: res://.godot/imported/hunter.glb-41f87f9df71de2fe6d656e81609de690.scn remapped: res://.godot/imported/hunter.glb-41f87f9df71de2fe6d656e81609de690.scn
Completed load for: 'res://assets/art/cast3d_rt/hunter/hunter.glb' remapped 'res://assets/art/cast3d_rt/hunter/hunter.glb' at thread -1
Loading resource: res://assets/art/cast3d_rt/bellhop/bellhop.glb remapped: res://assets/art/cast3d_rt/bellhop/bellhop.glb
Loading resource: res://.godot/imported/bellhop.glb-14b2b6d3567dd88013cb634fc2ef6dff.scn remapped: res://.godot/imported/bellhop.glb-14b2b6d3567dd88013cb634fc2ef6dff.scn
Completed load for: 'res://assets/art/cast3d_rt/bellhop/bellhop.glb' remapped 'res://assets/art/cast3d_rt/bellhop/bellhop.glb' at thread -1
Loading resource: res://assets/art/cast3d_rt/boss/boss.glb remapped: res://assets/art/cast3d_rt/boss/boss.glb
Loading resource: res://.godot/imported/boss.glb-7e6a81abeab3805d8a4f1596e8427497.scn remapped: res://.godot/imported/boss.glb-7e6a81abeab3805d8a4f1596e8427497.scn
Loading resource: res://assets/art/cast3d_rt/boss/boss_Image_0.jpg remapped: res://assets/art/cast3d_rt/boss/boss_Image_0.jpg
Loading resource: res://.godot/imported/boss_Image_0.jpg-521974d16ffc8c10bafdb2a888bb641f.ctex remapped: res://.godot/imported/boss_Image_0.jpg-521974d16ffc8c10bafdb2a888bb641f.ctex
Completed load for: 'res://assets/art/cast3d_rt/boss/boss_Image_0.jpg' remapped 'res://assets/art/cast3d_rt/boss/boss_Image_0.jpg' at thread -1
Completed load for: 'res://assets/art/cast3d_rt/boss/boss.glb' remapped 'res://assets/art/cast3d_rt/boss/boss.glb' at thread -1
Loading resource: res://assets/art/cast3d_rt/bellhop/bellhop.glb remapped: res://assets/art/cast3d_rt/bellhop/bellhop.glb
Loading resource: res://.godot/imported/bellhop.glb-14b2b6d3567dd88013cb634fc2ef6dff.scn remapped: res://.godot/imported/bellhop.glb-14b2b6d3567dd88013cb634fc2ef6dff.scn
Completed load for: 'res://assets/art/cast3d_rt/bellhop/bellhop.glb' remapped 'res://assets/art/cast3d_rt/bellhop/bellhop.glb' at thread -1
Loading resource: res://assets/art/cast3d_rt/heavy/heavy.glb remapped: res://assets/art/cast3d_rt/heavy/heavy.glb
Loading resource: res://.godot/imported/heavy.glb-3d71a6e3a4d86725fae526315394e27d.scn remapped: res://.godot/imported/heavy.glb-3d71a6e3a4d86725fae526315394e27d.scn
Completed load for: 'res://assets/art/cast3d_rt/heavy/heavy.glb' remapped 'res://assets/art/cast3d_rt/heavy/heavy.glb' at thread -1
Loading resource: res://assets/art/cast3d_rt/biker/biker.glb remapped: res://assets/art/cast3d_rt/biker/biker.glb
Loading resource: res://.godot/imported/biker.glb-a6e3fbaefe9e6495fa416ce737b7b01b.scn remapped: res://.godot/imported/biker.glb-a6e3fbaefe9e6495fa416ce737b7b01b.scn
Completed load for: 'res://assets/art/cast3d_rt/biker/biker.glb' remapped 'res://assets/art/cast3d_rt/biker/biker.glb' at thread -1
Loading resource: res://assets/art/cast3d_rt/guard/guard.glb remapped: res://assets/art/cast3d_rt/guard/guard.glb
Loading resource: res://.godot/imported/guard.glb-052a42f1cbf90d8929b76dbfa91d531a.scn remapped: res://.godot/imported/guard.glb-052a42f1cbf90d8929b76dbfa91d531a.scn
Completed load for: 'res://assets/art/cast3d_rt/guard/guard.glb' remapped 'res://assets/art/cast3d_rt/guard/guard.glb' at thread -1
Loading resource: res://assets/art/cast3d_rt/gunner/gunner.glb remapped: res://assets/art/cast3d_rt/gunner/gunner.glb
Loading resource: res://.godot/imported/gunner.glb-e594849ae389f801d2b7c927f36f975f.scn remapped: res://.godot/imported/gunner.glb-e594849ae389f801d2b7c927f36f975f.scn
Completed load for: 'res://assets/art/cast3d_rt/gunner/gunner.glb' remapped 'res://assets/art/cast3d_rt/gunner/gunner.glb' at thread -1
Loading resource: res://assets/art/cast3d_rt/gunner/gunner.glb remapped: res://assets/art/cast3d_rt/gunner/gunner.glb
Loading resource: res://.godot/imported/gunner.glb-e594849ae389f801d2b7c927f36f975f.scn remapped: res://.godot/imported/gunner.glb-e594849ae389f801d2b7c927f36f975f.scn
Completed load for: 'res://assets/art/cast3d_rt/gunner/gunner.glb' remapped 'res://assets/art/cast3d_rt/gunner/gunner.glb' at thread -1
Loading resource: res://assets/art/cast3d_rt/scout/scout.glb remapped: res://assets/art/cast3d_rt/scout/scout.glb
Loading resource: res://.godot/imported/scout.glb-0625723fc3fba04256457e229b1d47e9.scn remapped: res://.godot/imported/scout.glb-0625723fc3fba04256457e229b1d47e9.scn
Completed load for: 'res://assets/art/cast3d_rt/scout/scout.glb' remapped 'res://assets/art/cast3d_rt/scout/scout.glb' at thread -1
Loading resource: res://assets/art/cast3d_rt/guard/guard.glb remapped: res://assets/art/cast3d_rt/guard/guard.glb
Loading resource: res://.godot/imported/guard.glb-052a42f1cbf90d8929b76dbfa91d531a.scn remapped: res://.godot/imported/guard.glb-052a42f1cbf90d8929b76dbfa91d531a.scn
Completed load for: 'res://assets/art/cast3d_rt/guard/guard.glb' remapped 'res://assets/art/cast3d_rt/guard/guard.glb' at thread -1
Loading resource: res://assets/art/cast3d_rt/handler/handler.glb remapped: res://assets/art/cast3d_rt/handler/handler.glb
Loading resource: res://.godot/imported/handler.glb-0c04ad94f546e43e9b1c8f4f31cb549a.scn remapped: res://.godot/imported/handler.glb-0c04ad94f546e43e9b1c8f4f31cb549a.scn
Loading resource: res://assets/art/cast3d_rt/handler/handler_Image_0.jpg remapped: res://assets/art/cast3d_rt/handler/handler_Image_0.jpg
Loading resource: res://.godot/imported/handler_Image_0.jpg-cf41adc8aaf462dd3e692f32bb74765a.ctex remapped: res://.godot/imported/handler_Image_0.jpg-cf41adc8aaf462dd3e692f32bb74765a.ctex
Completed load for: 'res://assets/art/cast3d_rt/handler/handler_Image_0.jpg' remapped 'res://assets/art/cast3d_rt/handler/handler_Image_0.jpg' at thread -1
Completed load for: 'res://assets/art/cast3d_rt/handler/handler.glb' remapped 'res://assets/art/cast3d_rt/handler/handler.glb' at thread -1
Loading resource: res://assets/art/cast3d_rt/eldorado/eldorado.glb remapped: res://assets/art/cast3d_rt/eldorado/eldorado.glb
Loading resource: res://.godot/imported/eldorado.glb-8e731245b7cbaf95c618d9043d59bff8.scn remapped: res://.godot/imported/eldorado.glb-8e731245b7cbaf95c618d9043d59bff8.scn
Loading resource: res://assets/art/cast3d_rt/eldorado/eldorado_Image_0.jpg remapped: res://assets/art/cast3d_rt/eldorado/eldorado_Image_0.jpg
Loading resource: res://.godot/imported/eldorado_Image_0.jpg-c3119c7b4995d3534dc54deb2c1b15fb.ctex remapped: res://.godot/imported/eldorado_Image_0.jpg-c3119c7b4995d3534dc54deb2c1b15fb.ctex
Completed load for: 'res://assets/art/cast3d_rt/eldorado/eldorado_Image_0.jpg' remapped 'res://assets/art/cast3d_rt/eldorado/eldorado_Image_0.jpg' at thread -1
Completed load for: 'res://assets/art/cast3d_rt/eldorado/eldorado.glb' remapped 'res://assets/art/cast3d_rt/eldorado/eldorado.glb' at thread -1
Loading resource: res://assets/art/prerendered/m01_sunset_palms/layers/ground_no_pool_review.png remapped: res://assets/art/prerendered/m01_sunset_palms/layers/ground_no_pool_review.png
Loading resource: res://.godot/imported/ground_no_pool_review.png-524bbbc2aa01775fbfb191e980673085.ctex remapped: res://.godot/imported/ground_no_pool_review.png-524bbbc2aa01775fbfb191e980673085.ctex
Completed load for: 'res://assets/art/prerendered/m01_sunset_palms/layers/ground_no_pool_review.png' remapped 'res://assets/art/prerendered/m01_sunset_palms/layers/ground_no_pool_review.png' at thread -1
Loading resource: res://assets/art/pixellab_world/sprites/leaf.png remapped: res://assets/art/pixellab_world/sprites/leaf.png
Loading resource: res://.godot/imported/leaf.png-5b3b617a63b78c1d6d84439bb62751c8.ctex remapped: res://.godot/imported/leaf.png-5b3b617a63b78c1d6d84439bb62751c8.ctex
Completed load for: 'res://assets/art/pixellab_world/sprites/leaf.png' remapped 'res://assets/art/pixellab_world/sprites/leaf.png' at thread -1
Loading resource: res://assets/art/pixellab_world/sprites/paper.png remapped: res://assets/art/pixellab_world/sprites/paper.png
Loading resource: res://.godot/imported/paper.png-8526eba4a59a99197f2488d2e3ad6d6f.ctex remapped: res://.godot/imported/paper.png-8526eba4a59a99197f2488d2e3ad6d6f.ctex
Completed load for: 'res://assets/art/pixellab_world/sprites/paper.png' remapped 'res://assets/art/pixellab_world/sprites/paper.png' at thread -1
Loading resource: res://assets/art/pixellab_world/sprites/frond.png remapped: res://assets/art/pixellab_world/sprites/frond.png
Loading resource: res://.godot/imported/frond.png-da467b7d54131fb9027945246e078bd8.ctex remapped: res://.godot/imported/frond.png-da467b7d54131fb9027945246e078bd8.ctex
Completed load for: 'res://assets/art/pixellab_world/sprites/frond.png' remapped 'res://assets/art/pixellab_world/sprites/frond.png' at thread -1
Loading resource: res://assets/art/cast3d_rt/cass/cass.glb remapped: res://assets/art/cast3d_rt/cass/cass.glb
Loading resource: res://.godot/imported/cass.glb-9bd81c853d161cb0335408ecc49efb18.scn remapped: res://.godot/imported/cass.glb-9bd81c853d161cb0335408ecc49efb18.scn
Loading resource: res://assets/art/cast3d_rt/cass/cass_texture_0.png remapped: res://assets/art/cast3d_rt/cass/cass_texture_0.png
Loading resource: res://.godot/imported/cass_texture_0.png-f392539553c0e0b7ec21f14bcf7ae376.ctex remapped: res://.godot/imported/cass_texture_0.png-f392539553c0e0b7ec21f14bcf7ae376.ctex
Completed load for: 'res://assets/art/cast3d_rt/cass/cass_texture_0.png' remapped 'res://assets/art/cast3d_rt/cass/cass_texture_0.png' at thread -1
Loading resource: res://assets/art/cast3d_rt/cass/cass_hair_auburn.png remapped: res://assets/art/cast3d_rt/cass/cass_hair_auburn.png
Loading resource: res://.godot/imported/cass_hair_auburn.png-b268aa312ba90699d52835454d2d659e.ctex remapped: res://.godot/imported/cass_hair_auburn.png-b268aa312ba90699d52835454d2d659e.ctex
Completed load for: 'res://assets/art/cast3d_rt/cass/cass_hair_auburn.png' remapped 'res://assets/art/cast3d_rt/cass/cass_hair_auburn.png' at thread -1
Completed load for: 'res://assets/art/cast3d_rt/cass/cass.glb' remapped 'res://assets/art/cast3d_rt/cass/cass.glb' at thread -1
Loading resource: res://assets/art/props3d/folding_chair.glb remapped: res://assets/art/props3d/folding_chair.glb
Loading resource: res://.godot/imported/folding_chair.glb-41c91ca904da62ee89546c4ea5599e0a.scn remapped: res://.godot/imported/folding_chair.glb-41c91ca904da62ee89546c4ea5599e0a.scn
Completed load for: 'res://assets/art/props3d/folding_chair.glb' remapped 'res://assets/art/props3d/folding_chair.glb' at thread -1
Loading resource: res://assets/art/props3d/folding_chair.glb remapped: res://assets/art/props3d/folding_chair.glb
Loading resource: res://.godot/imported/folding_chair.glb-41c91ca904da62ee89546c4ea5599e0a.scn remapped: res://.godot/imported/folding_chair.glb-41c91ca904da62ee89546c4ea5599e0a.scn
Completed load for: 'res://assets/art/props3d/folding_chair.glb' remapped 'res://assets/art/props3d/folding_chair.glb' at thread -1
Loading resource: res://assets/art/props3d/folding_chair.glb remapped: res://assets/art/props3d/folding_chair.glb
Loading resource: res://.godot/imported/folding_chair.glb-41c91ca904da62ee89546c4ea5599e0a.scn remapped: res://.godot/imported/folding_chair.glb-41c91ca904da62ee89546c4ea5599e0a.scn
Completed load for: 'res://assets/art/props3d/folding_chair.glb' remapped 'res://assets/art/props3d/folding_chair.glb' at thread -1
Loading resource: res://assets/art/props3d/folding_chair.glb remapped: res://assets/art/props3d/folding_chair.glb
Loading resource: res://.godot/imported/folding_chair.glb-41c91ca904da62ee89546c4ea5599e0a.scn remapped: res://.godot/imported/folding_chair.glb-41c91ca904da62ee89546c4ea5599e0a.scn
Completed load for: 'res://assets/art/props3d/folding_chair.glb' remapped 'res://assets/art/props3d/folding_chair.glb' at thread -1
Loading resource: res://assets/art/props3d/folding_chair.glb remapped: res://assets/art/props3d/folding_chair.glb
Loading resource: res://.godot/imported/folding_chair.glb-41c91ca904da62ee89546c4ea5599e0a.scn remapped: res://.godot/imported/folding_chair.glb-41c91ca904da62ee89546c4ea5599e0a.scn
Completed load for: 'res://assets/art/props3d/folding_chair.glb' remapped 'res://assets/art/props3d/folding_chair.glb' at thread -1
Loading resource: res://assets/art/props3d/folding_chair.glb remapped: res://assets/art/props3d/folding_chair.glb
Loading resource: res://.godot/imported/folding_chair.glb-41c91ca904da62ee89546c4ea5599e0a.scn remapped: res://.godot/imported/folding_chair.glb-41c91ca904da62ee89546c4ea5599e0a.scn
Completed load for: 'res://assets/art/props3d/folding_chair.glb' remapped 'res://assets/art/props3d/folding_chair.glb' at thread -1
Loading resource: res://assets/art/props3d/folding_chair.glb remapped: res://assets/art/props3d/folding_chair.glb
Loading resource: res://.godot/imported/folding_chair.glb-41c91ca904da62ee89546c4ea5599e0a.scn remapped: res://.godot/imported/folding_chair.glb-41c91ca904da62ee89546c4ea5599e0a.scn
Completed load for: 'res://assets/art/props3d/folding_chair.glb' remapped 'res://assets/art/props3d/folding_chair.glb' at thread -1
Loading resource: res://assets/audio/sfx/tape_rewind.wav remapped: res://assets/audio/sfx/tape_rewind.wav
Loading resource: res://.godot/imported/tape_rewind.wav-ea2e724538370649fb87e8e510f7f72d.sample remapped: res://.godot/imported/tape_rewind.wav-ea2e724538370649fb87e8e510f7f72d.sample
Completed load for: 'res://assets/audio/sfx/tape_rewind.wav' remapped 'res://assets/audio/sfx/tape_rewind.wav' at thread -1
  ok   restart rebuilds level (2234 ms)
  ok   checkpoint keeps dead enemies dead
Loading resource: res://assets/audio/sfx/vox_die_m1.wav remapped: res://assets/audio/sfx/vox_die_m1.wav
Loading resource: res://.godot/imported/vox_die_m1.wav-090f9c0f3022a85844977cb345640601.sample remapped: res://.godot/imported/vox_die_m1.wav-090f9c0f3022a85844977cb345640601.sample
Completed load for: 'res://assets/audio/sfx/vox_die_m1.wav' remapped 'res://assets/audio/sfx/vox_die_m1.wav' at thread -1
Loading resource: res://assets/audio/sfx/vox_die_m3.wav remapped: res://assets/audio/sfx/vox_die_m3.wav
Loading resource: res://.godot/imported/vox_die_m3.wav-28b12921dd5922d181715f9f600865d7.sample remapped: res://.godot/imported/vox_die_m3.wav-28b12921dd5922d181715f9f600865d7.sample
Completed load for: 'res://assets/audio/sfx/vox_die_m3.wav' remapped 'res://assets/audio/sfx/vox_die_m3.wav' at thread -1
Loading resource: res://assets/audio/sfx/vox_die_m5.wav remapped: res://assets/audio/sfx/vox_die_m5.wav
Loading resource: res://.godot/imported/vox_die_m5.wav-723445e4cffd5758965e571445391057.sample remapped: res://.godot/imported/vox_die_m5.wav-723445e4cffd5758965e571445391057.sample
Completed load for: 'res://assets/audio/sfx/vox_die_m5.wav' remapped 'res://assets/audio/sfx/vox_die_m5.wav' at thread -1
Loading resource: res://assets/audio/sfx/yelp.wav remapped: res://assets/audio/sfx/yelp.wav
Loading resource: res://.godot/imported/yelp.wav-c5398bf99b5ac9ec113b27dc98cfd998.sample remapped: res://.godot/imported/yelp.wav-c5398bf99b5ac9ec113b27dc98cfd998.sample
Completed load for: 'res://assets/audio/sfx/yelp.wav' remapped 'res://assets/audio/sfx/yelp.wav' at thread -1
Loading resource: res://assets/audio/sfx/vox_dog_die0.wav remapped: res://assets/audio/sfx/vox_dog_die0.wav
Loading resource: res://.godot/imported/vox_dog_die0.wav-e2b9e77393cde4280672001fbdec07f0.sample remapped: res://.godot/imported/vox_dog_die0.wav-e2b9e77393cde4280672001fbdec07f0.sample
Completed load for: 'res://assets/audio/sfx/vox_dog_die0.wav' remapped 'res://assets/audio/sfx/vox_dog_die0.wav' at thread -1
Loading resource: res://assets/audio/sfx/vox_dog_die1.wav remapped: res://assets/audio/sfx/vox_dog_die1.wav
Loading resource: res://.godot/imported/vox_dog_die1.wav-ccad3967eb53dd8636af0d6a6c0e6373.sample remapped: res://.godot/imported/vox_dog_die1.wav-ccad3967eb53dd8636af0d6a6c0e6373.sample
Completed load for: 'res://assets/audio/sfx/vox_dog_die1.wav' remapped 'res://assets/audio/sfx/vox_dog_die1.wav' at thread -1
Loading resource: res://assets/art/pixellab_cast_v3_approved/dog_rottweiler_down.png remapped: res://assets/art/pixellab_cast_v3_approved/dog_rottweiler_down.png
Loading resource: res://.godot/imported/dog_rottweiler_down.png-6960eed88234357de3d042e88a5ac617.ctex remapped: res://.godot/imported/dog_rottweiler_down.png-6960eed88234357de3d042e88a5ac617.ctex
Completed load for: 'res://assets/art/pixellab_cast_v3_approved/dog_rottweiler_down.png' remapped 'res://assets/art/pixellab_cast_v3_approved/dog_rottweiler_down.png' at thread -1
  ok   all regular enemies can be killed
  ok   boss exists
  ok   lobby sealed until the breach
Loading resource: res://assets/audio/sfx/upgrade.wav remapped: res://assets/audio/sfx/upgrade.wav
Loading resource: res://.godot/imported/upgrade.wav-4e2f0db1abec02e3896190e246baac57.sample remapped: res://.godot/imported/upgrade.wav-4e2f0db1abec02e3896190e246baac57.sample
Completed load for: 'res://assets/audio/sfx/upgrade.wav' remapped 'res://assets/audio/sfx/upgrade.wav' at thread -1
  ok   picked up the pyro charges
Loading resource: res://assets/art/pixellab_world/sprites_hq/pyro_charge.png remapped: res://assets/art/pixellab_world/sprites_hq/pyro_charge.png
Loading resource: res://.godot/imported/pyro_charge.png-efc567a3238d0fbe5b47bafd96142482.ctex remapped: res://.godot/imported/pyro_charge.png-efc567a3238d0fbe5b47bafd96142482.ctex
Completed load for: 'res://assets/art/pixellab_world/sprites_hq/pyro_charge.png' remapped 'res://assets/art/pixellab_world/sprites_hq/pyro_charge.png' at thread -1
Loading resource: res://assets/audio/sfx/vox_o2.wav remapped: res://assets/audio/sfx/vox_o2.wav
Loading resource: res://.godot/imported/vox_o2.wav-514efddd8e9a4893e2be4ef9f1c44283.sample remapped: res://.godot/imported/vox_o2.wav-514efddd8e9a4893e2be4ef9f1c44283.sample
Completed load for: 'res://assets/audio/sfx/vox_o2.wav' remapped 'res://assets/audio/sfx/vox_o2.wav' at thread -1
  ok   charge planted on the lobby doors
Loading resource: res://assets/audio/sfx/slide_rack.wav remapped: res://assets/audio/sfx/slide_rack.wav
Loading resource: res://.godot/imported/slide_rack.wav-e44154bee42af00cd89a91143b6e23b0.sample remapped: res://.godot/imported/slide_rack.wav-e44154bee42af00cd89a91143b6e23b0.sample
Completed load for: 'res://assets/audio/sfx/slide_rack.wav' remapped 'res://assets/audio/sfx/slide_rack.wav' at thread -1
Loading resource: res://assets/audio/sfx/tape_slide.wav remapped: res://assets/audio/sfx/tape_slide.wav
Loading resource: res://.godot/imported/tape_slide.wav-b34d78016d86bfcc4f2032bb0fb0d13a.sample remapped: res://.godot/imported/tape_slide.wav-b34d78016d86bfcc4f2032bb0fb0d13a.sample
Completed load for: 'res://assets/audio/sfx/tape_slide.wav' remapped 'res://assets/audio/sfx/tape_slide.wav' at thread -1
Loading resource: res://assets/audio/sfx/fire_loop.wav remapped: res://assets/audio/sfx/fire_loop.wav
Loading resource: res://.godot/imported/fire_loop.wav-99d55da4b623401f09f2268a8441ec29.sample remapped: res://.godot/imported/fire_loop.wav-99d55da4b623401f09f2268a8441ec29.sample
Completed load for: 'res://assets/audio/sfx/fire_loop.wav' remapped 'res://assets/audio/sfx/fire_loop.wav' at thread -1
Loading resource: res://assets/audio/sfx/door_break.wav remapped: res://assets/audio/sfx/door_break.wav
Loading resource: res://.godot/imported/door_break.wav-366228fdcc215751144469fdbf59c092.sample remapped: res://.godot/imported/door_break.wav-366228fdcc215751144469fdbf59c092.sample
Completed load for: 'res://assets/audio/sfx/door_break.wav' remapped 'res://assets/audio/sfx/door_break.wav' at thread -1
Loading resource: res://assets/audio/sfx/breach_boom.wav remapped: res://assets/audio/sfx/breach_boom.wav
Loading resource: res://.godot/imported/breach_boom.wav-bf0b5544ed49305196c66c989d2035f1.sample remapped: res://.godot/imported/breach_boom.wav-bf0b5544ed49305196c66c989d2035f1.sample
Completed load for: 'res://assets/audio/sfx/breach_boom.wav' remapped 'res://assets/audio/sfx/breach_boom.wav' at thread -1
  ok   the doors blow
  ok   the lobby doors are destroyed
Loading resource: res://assets/audio/sfx/ear_ring.wav remapped: res://assets/audio/sfx/ear_ring.wav
Loading resource: res://.godot/imported/ear_ring.wav-ab07d07781d016d23aae67b81aa013a4.sample remapped: res://.godot/imported/ear_ring.wav-ab07d07781d016d23aae67b81aa013a4.sample
Completed load for: 'res://assets/audio/sfx/ear_ring.wav' remapped 'res://assets/audio/sfx/ear_ring.wav' at thread -1
Loading resource: res://music/st_boss_harcourt.ogg remapped: res://music/st_boss_harcourt.ogg
Loading resource: res://.godot/imported/st_boss_harcourt.ogg-757ef301e30d63760b0543e41c5310e1.oggvorbisstr remapped: res://.godot/imported/st_boss_harcourt.ogg-757ef301e30d63760b0543e41c5310e1.oggvorbisstr
Completed load for: 'res://music/st_boss_harcourt.ogg' remapped 'res://music/st_boss_harcourt.ogg' at thread -1
Loading resource: res://assets/art/pixellab_ui_v3_approved/painted/harcourt_office.png remapped: res://assets/art/pixellab_ui_v3_approved/painted/harcourt_office.png
Loading resource: res://.godot/imported/harcourt_office.png-ebebb2a5ba20b72508bdd32fac2390d5.ctex remapped: res://.godot/imported/harcourt_office.png-ebebb2a5ba20b72508bdd32fac2390d5.ctex
Completed load for: 'res://assets/art/pixellab_ui_v3_approved/painted/harcourt_office.png' remapped 'res://assets/art/pixellab_ui_v3_approved/painted/harcourt_office.png' at thread -1
Loading resource: res://assets/art/painted/harcourt_office_glow.png remapped: res://assets/art/painted/harcourt_office_glow.png
Loading resource: res://.godot/imported/harcourt_office_glow.png-e7c1806afe74c7a3218c9ef5ab7c4111.ctex remapped: res://.godot/imported/harcourt_office_glow.png-e7c1806afe74c7a3218c9ef5ab7c4111.ctex
Completed load for: 'res://assets/art/painted/harcourt_office_glow.png' remapped 'res://assets/art/painted/harcourt_office_glow.png' at thread -1
Loading resource: res://assets/art/pixellab_ui_v3_approved/painted/h_door.png remapped: res://assets/art/pixellab_ui_v3_approved/painted/h_door.png
Loading resource: res://.godot/imported/h_door.png-02d370ae021fc5140466800fdc95e097.ctex remapped: res://.godot/imported/h_door.png-02d370ae021fc5140466800fdc95e097.ctex
Completed load for: 'res://assets/art/pixellab_ui_v3_approved/painted/h_door.png' remapped 'res://assets/art/pixellab_ui_v3_approved/painted/h_door.png' at thread -1
Loading resource: res://assets/art/painted/h_door_glow.png remapped: res://assets/art/painted/h_door_glow.png
Loading resource: res://.godot/imported/h_door_glow.png-8f3e63342bfdd12a488a893aac93ee36.ctex remapped: res://.godot/imported/h_door_glow.png-8f3e63342bfdd12a488a893aac93ee36.ctex
Completed load for: 'res://assets/art/painted/h_door_glow.png' remapped 'res://assets/art/painted/h_door_glow.png' at thread -1
  ok   the breach starts Harcourt's scene
Loading resource: res://assets/art/pixellab_ui_v3_approved/portraits/harcourt.png remapped: res://assets/art/pixellab_ui_v3_approved/portraits/harcourt.png
Loading resource: res://.godot/imported/harcourt.png-97d5c0d782bd8860f74cd55c9a8a9185.ctex remapped: res://.godot/imported/harcourt.png-97d5c0d782bd8860f74cd55c9a8a9185.ctex
Completed load for: 'res://assets/art/pixellab_ui_v3_approved/portraits/harcourt.png' remapped 'res://assets/art/pixellab_ui_v3_approved/portraits/harcourt.png' at thread -1
Loading resource: res://assets/audio/sfx/vox_u1.wav remapped: res://assets/audio/sfx/vox_u1.wav
Loading resource: res://.godot/imported/vox_u1.wav-5be9954a703d2537b1330ae527e27587.sample remapped: res://.godot/imported/vox_u1.wav-5be9954a703d2537b1330ae527e27587.sample
Completed load for: 'res://assets/audio/sfx/vox_u1.wav' remapped 'res://assets/audio/sfx/vox_u1.wav' at thread -1
Loading resource: res://assets/art/pixellab_ui_v3_approved/painted/h_reveal.png remapped: res://assets/art/pixellab_ui_v3_approved/painted/h_reveal.png
Loading resource: res://.godot/imported/h_reveal.png-39cb25acdaa8c19173e98b118e9d138a.ctex remapped: res://.godot/imported/h_reveal.png-39cb25acdaa8c19173e98b118e9d138a.ctex
Completed load for: 'res://assets/art/pixellab_ui_v3_approved/painted/h_reveal.png' remapped 'res://assets/art/pixellab_ui_v3_approved/painted/h_reveal.png' at thread -1
Loading resource: res://assets/art/painted/h_reveal_glow.png remapped: res://assets/art/painted/h_reveal_glow.png
Loading resource: res://.godot/imported/h_reveal_glow.png-b93d15b65ebc8b1e61e8e07a9e802987.ctex remapped: res://.godot/imported/h_reveal_glow.png-b93d15b65ebc8b1e61e8e07a9e802987.ctex
Completed load for: 'res://assets/art/painted/h_reveal_glow.png' remapped 'res://assets/art/painted/h_reveal_glow.png' at thread -1
Loading resource: res://assets/audio/sfx/intercom.wav remapped: res://assets/audio/sfx/intercom.wav
Loading resource: res://.godot/imported/intercom.wav-fab1a2c373b013e088c705585519b673.sample remapped: res://.godot/imported/intercom.wav-fab1a2c373b013e088c705585519b673.sample
Completed load for: 'res://assets/audio/sfx/intercom.wav' remapped 'res://assets/audio/sfx/intercom.wav' at thread -1
Loading resource: res://assets/art/cast3d_rt/gunner/gunner.glb remapped: res://assets/art/cast3d_rt/gunner/gunner.glb
Loading resource: res://.godot/imported/gunner.glb-e594849ae389f801d2b7c927f36f975f.scn remapped: res://.godot/imported/gunner.glb-e594849ae389f801d2b7c927f36f975f.scn
Loading resource: res://assets/art/cast3d_rt/gunner/gunner_Image_0.jpg remapped: res://assets/art/cast3d_rt/gunner/gunner_Image_0.jpg
Loading resource: res://.godot/imported/gunner_Image_0.jpg-b2286ab5219c41d68a509d7469b1dea0.ctex remapped: res://.godot/imported/gunner_Image_0.jpg-b2286ab5219c41d68a509d7469b1dea0.ctex
Completed load for: 'res://assets/art/cast3d_rt/gunner/gunner_Image_0.jpg' remapped 'res://assets/art/cast3d_rt/gunner/gunner_Image_0.jpg' at thread -1
Completed load for: 'res://assets/art/cast3d_rt/gunner/gunner.glb' remapped 'res://assets/art/cast3d_rt/gunner/gunner.glb' at thread -1
Loading resource: res://assets/art/cast3d_rt/gunner/gunner.glb remapped: res://assets/art/cast3d_rt/gunner/gunner.glb
Loading resource: res://.godot/imported/gunner.glb-e594849ae389f801d2b7c927f36f975f.scn remapped: res://.godot/imported/gunner.glb-e594849ae389f801d2b7c927f36f975f.scn
Completed load for: 'res://assets/art/cast3d_rt/gunner/gunner.glb' remapped 'res://assets/art/cast3d_rt/gunner/gunner.glb' at thread -1
Loading resource: res://assets/art/pixellab_ui_v3_approved/painted/h_alarm.png remapped: res://assets/art/pixellab_ui_v3_approved/painted/h_alarm.png
Loading resource: res://.godot/imported/h_alarm.png-4b02ba32c2ca5b1aea36ed99ff76ca7a.ctex remapped: res://.godot/imported/h_alarm.png-4b02ba32c2ca5b1aea36ed99ff76ca7a.ctex
Completed load for: 'res://assets/art/pixellab_ui_v3_approved/painted/h_alarm.png' remapped 'res://assets/art/pixellab_ui_v3_approved/painted/h_alarm.png' at thread -1
Loading resource: res://assets/art/painted/h_alarm_glow.png remapped: res://assets/art/painted/h_alarm_glow.png
Loading resource: res://.godot/imported/h_alarm_glow.png-ad1dafc84e80a83fc5233c50b688931d.ctex remapped: res://.godot/imported/h_alarm_glow.png-ad1dafc84e80a83fc5233c50b688931d.ctex
Completed load for: 'res://assets/art/painted/h_alarm_glow.png' remapped 'res://assets/art/painted/h_alarm_glow.png' at thread -1
Loading resource: res://assets/art/props3d/folding_chair.glb remapped: res://assets/art/props3d/folding_chair.glb
Loading resource: res://.godot/imported/folding_chair.glb-41c91ca904da62ee89546c4ea5599e0a.scn remapped: res://.godot/imported/folding_chair.glb-41c91ca904da62ee89546c4ea5599e0a.scn
Completed load for: 'res://assets/art/props3d/folding_chair.glb' remapped 'res://assets/art/props3d/folding_chair.glb' at thread -1
  ok   boss activated
Loading resource: res://assets/art/cast3d_rt/gunner/gunner.glb remapped: res://assets/art/cast3d_rt/gunner/gunner.glb
Loading resource: res://.godot/imported/gunner.glb-e594849ae389f801d2b7c927f36f975f.scn remapped: res://.godot/imported/gunner.glb-e594849ae389f801d2b7c927f36f975f.scn
Completed load for: 'res://assets/art/cast3d_rt/gunner/gunner.glb' remapped 'res://assets/art/cast3d_rt/gunner/gunner.glb' at thread -1
Loading resource: res://assets/audio/sfx/vox_u2.wav remapped: res://assets/audio/sfx/vox_u2.wav
Loading resource: res://.godot/imported/vox_u2.wav-0e9b2717712a756dd016b70b9654c490.sample remapped: res://.godot/imported/vox_u2.wav-0e9b2717712a756dd016b70b9654c490.sample
Completed load for: 'res://assets/audio/sfx/vox_u2.wav' remapped 'res://assets/audio/sfx/vox_u2.wav' at thread -1
Loading resource: res://assets/art/cast3d_rt/gunner/gunner.glb remapped: res://assets/art/cast3d_rt/gunner/gunner.glb
Loading resource: res://.godot/imported/gunner.glb-e594849ae389f801d2b7c927f36f975f.scn remapped: res://.godot/imported/gunner.glb-e594849ae389f801d2b7c927f36f975f.scn
Completed load for: 'res://assets/art/cast3d_rt/gunner/gunner.glb' remapped 'res://assets/art/cast3d_rt/gunner/gunner.glb' at thread -1
Loading resource: res://assets/art/cast3d_rt/gunner/gunner.glb remapped: res://assets/art/cast3d_rt/gunner/gunner.glb
Loading resource: res://.godot/imported/gunner.glb-e594849ae389f801d2b7c927f36f975f.scn remapped: res://.godot/imported/gunner.glb-e594849ae389f801d2b7c927f36f975f.scn
Completed load for: 'res://assets/art/cast3d_rt/gunner/gunner.glb' remapped 'res://assets/art/cast3d_rt/gunner/gunner.glb' at thread -1
Loading resource: res://assets/art/cast3d_rt/guard/guard.glb remapped: res://assets/art/cast3d_rt/guard/guard.glb
Loading resource: res://.godot/imported/guard.glb-052a42f1cbf90d8929b76dbfa91d531a.scn remapped: res://.godot/imported/guard.glb-052a42f1cbf90d8929b76dbfa91d531a.scn
Loading resource: res://assets/art/cast3d_rt/guard/guard_Image_0.jpg remapped: res://assets/art/cast3d_rt/guard/guard_Image_0.jpg
Loading resource: res://.godot/imported/guard_Image_0.jpg-82e6841c4ba0c52d3e223109a0b5c504.ctex remapped: res://.godot/imported/guard_Image_0.jpg-82e6841c4ba0c52d3e223109a0b5c504.ctex
Completed load for: 'res://assets/art/cast3d_rt/guard/guard_Image_0.jpg' remapped 'res://assets/art/cast3d_rt/guard/guard_Image_0.jpg' at thread -1
Completed load for: 'res://assets/art/cast3d_rt/guard/guard.glb' remapped 'res://assets/art/cast3d_rt/guard/guard.glb' at thread -1
Loading resource: res://assets/audio/sfx/power_down.wav remapped: res://assets/audio/sfx/power_down.wav
Loading resource: res://.godot/imported/power_down.wav-2d38fcb1fe0430f874c64ba768461750.sample remapped: res://.godot/imported/power_down.wav-2d38fcb1fe0430f874c64ba768461750.sample
Completed load for: 'res://assets/audio/sfx/power_down.wav' remapped 'res://assets/audio/sfx/power_down.wav' at thread -1
Loading resource: res://music/st_boss_harcourt_dark.ogg remapped: res://music/st_boss_harcourt_dark.ogg
Loading resource: res://.godot/imported/st_boss_harcourt_dark.ogg-2e79624849d893d2a979580d227cf86b.oggvorbisstr remapped: res://.godot/imported/st_boss_harcourt_dark.ogg-2e79624849d893d2a979580d227cf86b.oggvorbisstr
Completed load for: 'res://music/st_boss_harcourt_dark.ogg' remapped 'res://music/st_boss_harcourt_dark.ogg' at thread -1
  ok   boss enters phase 2 at 60% of his bar (6.0)
Loading resource: res://assets/art/cast3d_rt/gunner/gunner.glb remapped: res://assets/art/cast3d_rt/gunner/gunner.glb
Loading resource: res://.godot/imported/gunner.glb-e594849ae389f801d2b7c927f36f975f.scn remapped: res://.godot/imported/gunner.glb-e594849ae389f801d2b7c927f36f975f.scn
Completed load for: 'res://assets/art/cast3d_rt/gunner/gunner.glb' remapped 'res://assets/art/cast3d_rt/gunner/gunner.glb' at thread -1
Loading resource: res://assets/art/cast3d_rt/gunner/gunner.glb remapped: res://assets/art/cast3d_rt/gunner/gunner.glb
Loading resource: res://.godot/imported/gunner.glb-e594849ae389f801d2b7c927f36f975f.scn remapped: res://.godot/imported/gunner.glb-e594849ae389f801d2b7c927f36f975f.scn
Completed load for: 'res://assets/art/cast3d_rt/gunner/gunner.glb' remapped 'res://assets/art/cast3d_rt/gunner/gunner.glb' at thread -1
Loading resource: res://assets/art/cast3d_rt/gunner/gunner.glb remapped: res://assets/art/cast3d_rt/gunner/gunner.glb
Loading resource: res://.godot/imported/gunner.glb-e594849ae389f801d2b7c927f36f975f.scn remapped: res://.godot/imported/gunner.glb-e594849ae389f801d2b7c927f36f975f.scn
Completed load for: 'res://assets/art/cast3d_rt/gunner/gunner.glb' remapped 'res://assets/art/cast3d_rt/gunner/gunner.glb' at thread -1
Loading resource: res://assets/art/cast3d_rt/gunner/gunner.glb remapped: res://assets/art/cast3d_rt/gunner/gunner.glb
Loading resource: res://.godot/imported/gunner.glb-e594849ae389f801d2b7c927f36f975f.scn remapped: res://.godot/imported/gunner.glb-e594849ae389f801d2b7c927f36f975f.scn
Completed load for: 'res://assets/art/cast3d_rt/gunner/gunner.glb' remapped 'res://assets/art/cast3d_rt/gunner/gunner.glb' at thread -1
Loading resource: res://assets/art/cast3d_rt/guard/guard.glb remapped: res://assets/art/cast3d_rt/guard/guard.glb
Loading resource: res://.godot/imported/guard.glb-052a42f1cbf90d8929b76dbfa91d531a.scn remapped: res://.godot/imported/guard.glb-052a42f1cbf90d8929b76dbfa91d531a.scn
Completed load for: 'res://assets/art/cast3d_rt/guard/guard.glb' remapped 'res://assets/art/cast3d_rt/guard/guard.glb' at thread -1
  ok   Harcourt takes a hit in the dark and keeps coming
Loading resource: res://assets/audio/sfx/shotgun.wav remapped: res://assets/audio/sfx/shotgun.wav
Loading resource: res://.godot/imported/shotgun.wav-e7925f8a2689e3c61f13344a0c286cc3.sample remapped: res://.godot/imported/shotgun.wav-e7925f8a2689e3c61f13344a0c286cc3.sample
Completed load for: 'res://assets/audio/sfx/shotgun.wav' remapped 'res://assets/audio/sfx/shotgun.wav' at thread -1
Loading resource: res://assets/art/pixellab_ui_v3_approved/painted/h_down.png remapped: res://assets/art/pixellab_ui_v3_approved/painted/h_down.png
Loading resource: res://.godot/imported/h_down.png-f92d0bc376318075725cbd309ee4b105.ctex remapped: res://.godot/imported/h_down.png-f92d0bc376318075725cbd309ee4b105.ctex
Completed load for: 'res://assets/art/pixellab_ui_v3_approved/painted/h_down.png' remapped 'res://assets/art/pixellab_ui_v3_approved/painted/h_down.png' at thread -1
Loading resource: res://assets/art/painted/h_down_glow.png remapped: res://assets/art/painted/h_down_glow.png
Loading resource: res://.godot/imported/h_down_glow.png-77c7556f61cb14a24e490eed2e79fb5e.ctex remapped: res://.godot/imported/h_down_glow.png-77c7556f61cb14a24e490eed2e79fb5e.ctex
Completed load for: 'res://assets/art/painted/h_down_glow.png' remapped 'res://assets/art/painted/h_down_glow.png' at thread -1
  ok   boss-down dialogue plays
Loading resource: res://assets/art/pixellab_ui_v3_approved/painted/h_polaroid.png remapped: res://assets/art/pixellab_ui_v3_approved/painted/h_polaroid.png
Loading resource: res://.godot/imported/h_polaroid.png-836504285614d75213a46786725a507b.ctex remapped: res://.godot/imported/h_polaroid.png-836504285614d75213a46786725a507b.ctex
Completed load for: 'res://assets/art/pixellab_ui_v3_approved/painted/h_polaroid.png' remapped 'res://assets/art/pixellab_ui_v3_approved/painted/h_polaroid.png' at thread -1
Loading resource: res://assets/art/painted/h_polaroid_glow.png remapped: res://assets/art/painted/h_polaroid_glow.png
Loading resource: res://.godot/imported/h_polaroid_glow.png-e484b9c4ad4e6bc1cee02c0e5393a43d.ctex remapped: res://.godot/imported/h_polaroid_glow.png-e484b9c4ad4e6bc1cee02c0e5393a43d.ctex
Completed load for: 'res://assets/art/painted/h_polaroid_glow.png' remapped 'res://assets/art/painted/h_polaroid_glow.png' at thread -1
Loading resource: res://music/st_aftermath.ogg remapped: res://music/st_aftermath.ogg
Loading resource: res://.godot/imported/st_aftermath.ogg-36bc03c93146426af5fa21d276141e36.oggvorbisstr remapped: res://.godot/imported/st_aftermath.ogg-36bc03c93146426af5fa21d276141e36.oggvorbisstr
Completed load for: 'res://music/st_aftermath.ogg' remapped 'res://music/st_aftermath.ogg' at thread -1
  ok   sparing Harcourt sets story flag
  ok   phone phase
  ok   phone rings when floor is clear
Loading resource: res://assets/art/pixellab_ui_v3_approved/painted/lobby_phone.png remapped: res://assets/art/pixellab_ui_v3_approved/painted/lobby_phone.png
Loading resource: res://.godot/imported/lobby_phone.png-936cb53893ab3ef5533b752610ca1157.ctex remapped: res://.godot/imported/lobby_phone.png-936cb53893ab3ef5533b752610ca1157.ctex
Completed load for: 'res://assets/art/pixellab_ui_v3_approved/painted/lobby_phone.png' remapped 'res://assets/art/pixellab_ui_v3_approved/painted/lobby_phone.png' at thread -1
Loading resource: res://assets/art/painted/lobby_phone_glow.png remapped: res://assets/art/painted/lobby_phone_glow.png
Loading resource: res://.godot/imported/lobby_phone_glow.png-2c782d8e69fa589311d7bb7cd8f731a0.ctex remapped: res://.godot/imported/lobby_phone_glow.png-2c782d8e69fa589311d7bb7cd8f731a0.ctex
Completed load for: 'res://assets/art/painted/lobby_phone_glow.png' remapped 'res://assets/art/painted/lobby_phone_glow.png' at thread -1
Loading resource: res://assets/audio/voice/m01_phone/a.mp3 remapped: res://assets/audio/voice/m01_phone/a.mp3
Loading resource: res://.godot/imported/a.mp3-5f8e09012b375c03edcd6ee7aa19de6c.mp3str remapped: res://.godot/imported/a.mp3-5f8e09012b375c03edcd6ee7aa19de6c.mp3str
Completed load for: 'res://assets/audio/voice/m01_phone/a.mp3' remapped 'res://assets/audio/voice/m01_phone/a.mp3' at thread -1
Loading resource: res://assets/audio/voice/m01_phone/b1.mp3 remapped: res://assets/audio/voice/m01_phone/b1.mp3
Loading resource: res://.godot/imported/b1.mp3-0889f69535f203dcc3a2fb7ab439d144.mp3str remapped: res://.godot/imported/b1.mp3-0889f69535f203dcc3a2fb7ab439d144.mp3str
Completed load for: 'res://assets/audio/voice/m01_phone/b1.mp3' remapped 'res://assets/audio/voice/m01_phone/b1.mp3' at thread -1
Loading resource: res://assets/audio/voice/m01_phone/c.mp3 remapped: res://assets/audio/voice/m01_phone/c.mp3
Loading resource: res://.godot/imported/c.mp3-86938244ff8aa42a655d9dd5b1018f0a.mp3str remapped: res://.godot/imported/c.mp3-86938244ff8aa42a655d9dd5b1018f0a.mp3str
Completed load for: 'res://assets/audio/voice/m01_phone/c.mp3' remapped 'res://assets/audio/voice/m01_phone/c.mp3' at thread -1
Loading resource: res://assets/art/pixellab_ui_v3_approved/painted/phone_cass.png remapped: res://assets/art/pixellab_ui_v3_approved/painted/phone_cass.png
Loading resource: res://.godot/imported/phone_cass.png-9ecfca6c15c8a2473406eae6068b1148.ctex remapped: res://.godot/imported/phone_cass.png-9ecfca6c15c8a2473406eae6068b1148.ctex
Completed load for: 'res://assets/art/pixellab_ui_v3_approved/painted/phone_cass.png' remapped 'res://assets/art/pixellab_ui_v3_approved/painted/phone_cass.png' at thread -1
Loading resource: res://assets/art/painted/phone_cass_glow.png remapped: res://assets/art/painted/phone_cass_glow.png
Loading resource: res://.godot/imported/phone_cass_glow.png-7692cba21c21780d8d8ffd4b37c4cb20.ctex remapped: res://.godot/imported/phone_cass_glow.png-7692cba21c21780d8d8ffd4b37c4cb20.ctex
Completed load for: 'res://assets/art/painted/phone_cass_glow.png' remapped 'res://assets/art/painted/phone_cass_glow.png' at thread -1
Loading resource: res://assets/audio/voice/m01_phone/d.mp3 remapped: res://assets/audio/voice/m01_phone/d.mp3
Loading resource: res://.godot/imported/d.mp3-b7879725fd980e0efe1050133c6d114b.mp3str remapped: res://.godot/imported/d.mp3-b7879725fd980e0efe1050133c6d114b.mp3str
Completed load for: 'res://assets/audio/voice/m01_phone/d.mp3' remapped 'res://assets/audio/voice/m01_phone/d.mp3' at thread -1
Loading resource: res://assets/audio/voice/m01_phone/e.mp3 remapped: res://assets/audio/voice/m01_phone/e.mp3
Loading resource: res://.godot/imported/e.mp3-4a8eeded608857695b518fc4ce209179.mp3str remapped: res://.godot/imported/e.mp3-4a8eeded608857695b518fc4ce209179.mp3str
Completed load for: 'res://assets/audio/voice/m01_phone/e.mp3' remapped 'res://assets/audio/voice/m01_phone/e.mp3' at thread -1
Loading resource: res://assets/audio/voice/m01_phone/t1.mp3 remapped: res://assets/audio/voice/m01_phone/t1.mp3
Loading resource: res://.godot/imported/t1.mp3-cca9f80787d72b3697f09e930ddb15f5.mp3str remapped: res://.godot/imported/t1.mp3-cca9f80787d72b3697f09e930ddb15f5.mp3str
Completed load for: 'res://assets/audio/voice/m01_phone/t1.mp3' remapped 'res://assets/audio/voice/m01_phone/t1.mp3' at thread -1
Loading resource: res://assets/art/pixellab_ui_v3_approved/painted/dead_line.png remapped: res://assets/art/pixellab_ui_v3_approved/painted/dead_line.png
Loading resource: res://.godot/imported/dead_line.png-f6fe762fe71263f343cfe69fcc02ebf1.ctex remapped: res://.godot/imported/dead_line.png-f6fe762fe71263f343cfe69fcc02ebf1.ctex
Completed load for: 'res://assets/art/pixellab_ui_v3_approved/painted/dead_line.png' remapped 'res://assets/art/pixellab_ui_v3_approved/painted/dead_line.png' at thread -1
Loading resource: res://assets/art/painted/dead_line_glow.png remapped: res://assets/art/painted/dead_line_glow.png
Loading resource: res://.godot/imported/dead_line_glow.png-944db3ec250b258110c6d6391ddee847.ctex remapped: res://.godot/imported/dead_line_glow.png-944db3ec250b258110c6d6391ddee847.ctex
Completed load for: 'res://assets/art/painted/dead_line_glow.png' remapped 'res://assets/art/painted/dead_line_glow.png' at thread -1
Loading resource: res://assets/audio/voice/m01_phone/t2.mp3 remapped: res://assets/audio/voice/m01_phone/t2.mp3
Loading resource: res://.godot/imported/t2.mp3-703b096bc20953b430112ca246ea28ad.mp3str remapped: res://.godot/imported/t2.mp3-703b096bc20953b430112ca246ea28ad.mp3str
Completed load for: 'res://assets/audio/voice/m01_phone/t2.mp3' remapped 'res://assets/audio/voice/m01_phone/t2.mp3' at thread -1
Loading resource: res://assets/art/pixellab_ui_v3_approved/painted/tommy_trapped.png remapped: res://assets/art/pixellab_ui_v3_approved/painted/tommy_trapped.png
Loading resource: res://.godot/imported/tommy_trapped.png-3d618a03a505dbbd54dbe3b632dba539.ctex remapped: res://.godot/imported/tommy_trapped.png-3d618a03a505dbbd54dbe3b632dba539.ctex
Completed load for: 'res://assets/art/pixellab_ui_v3_approved/painted/tommy_trapped.png' remapped 'res://assets/art/pixellab_ui_v3_approved/painted/tommy_trapped.png' at thread -1
Loading resource: res://assets/art/painted/tommy_trapped_glow.png remapped: res://assets/art/painted/tommy_trapped_glow.png
Loading resource: res://.godot/imported/tommy_trapped_glow.png-742872df7f35c790d5b311c7c6f40fc9.ctex remapped: res://.godot/imported/tommy_trapped_glow.png-742872df7f35c790d5b311c7c6f40fc9.ctex
Completed load for: 'res://assets/art/painted/tommy_trapped_glow.png' remapped 'res://assets/art/painted/tommy_trapped_glow.png' at thread -1
Loading resource: res://assets/art/pixellab_ui_v3_approved/portraits/tommy.png remapped: res://assets/art/pixellab_ui_v3_approved/portraits/tommy.png
Loading resource: res://.godot/imported/tommy.png-685472716ef1d02559bf564c551bcac5.ctex remapped: res://.godot/imported/tommy.png-685472716ef1d02559bf564c551bcac5.ctex
Completed load for: 'res://assets/art/pixellab_ui_v3_approved/portraits/tommy.png' remapped 'res://assets/art/pixellab_ui_v3_approved/portraits/tommy.png' at thread -1
  ok   escape phase after phone
  ok   car exit enabled
Loading resource: res://scenes/ui/results.tscn remapped: res://scenes/ui/results.tscn
Completed load for: 'res://scenes/ui/results.tscn' remapped 'res://scenes/ui/results.tscn' at thread -1
  ok   results screen after driving away
  ok   rank computed: SSS
  ok   save/load keeps mission result
  ok   save/load keeps flags
-- mission 2: dogs, stealth, power, upgrades, gore
Loading resource: res://scenes/levels/level.tscn remapped: res://scenes/levels/level.tscn
Completed load for: 'res://scenes/levels/level.tscn' remapped 'res://scenes/levels/level.tscn' at thread -1
Loading resource: res://assets/art/cast3d_rt/hunter/hunter.glb remapped: res://assets/art/cast3d_rt/hunter/hunter.glb
Loading resource: res://.godot/imported/hunter.glb-41f87f9df71de2fe6d656e81609de690.scn remapped: res://.godot/imported/hunter.glb-41f87f9df71de2fe6d656e81609de690.scn
Loading resource: res://assets/art/cast3d_rt/hunter/hunter_Image_0.jpg remapped: res://assets/art/cast3d_rt/hunter/hunter_Image_0.jpg
Loading resource: res://.godot/imported/hunter_Image_0.jpg-d6c769ea4ef75c2b27e77abace3d8ff0.ctex remapped: res://.godot/imported/hunter_Image_0.jpg-d6c769ea4ef75c2b27e77abace3d8ff0.ctex
Completed load for: 'res://assets/art/cast3d_rt/hunter/hunter_Image_0.jpg' remapped 'res://assets/art/cast3d_rt/hunter/hunter_Image_0.jpg' at thread -1
Completed load for: 'res://assets/art/cast3d_rt/hunter/hunter.glb' remapped 'res://assets/art/cast3d_rt/hunter/hunter.glb' at thread -1
Loading resource: res://assets/characters/baked/l_scout-v1_0.png remapped: res://assets/characters/baked/l_scout-v1_0.png
Loading resource: res://.godot/imported/l_scout-v1_0.png-9ceffc928cd5e84a11d4b5624dabb3ff.ctex remapped: res://.godot/imported/l_scout-v1_0.png-9ceffc928cd5e84a11d4b5624dabb3ff.ctex
Completed load for: 'res://assets/characters/baked/l_scout-v1_0.png' remapped 'res://assets/characters/baked/l_scout-v1_0.png' at thread -1
Loading resource: res://assets/art/cast3d_rt/scout/scout.glb remapped: res://assets/art/cast3d_rt/scout/scout.glb
Loading resource: res://.godot/imported/scout.glb-0625723fc3fba04256457e229b1d47e9.scn remapped: res://.godot/imported/scout.glb-0625723fc3fba04256457e229b1d47e9.scn
Loading resource: res://assets/art/cast3d_rt/scout/scout_Image_0.jpg remapped: res://assets/art/cast3d_rt/scout/scout_Image_0.jpg
Loading resource: res://.godot/imported/scout_Image_0.jpg-f912a28d483c0a0a88a3fdc70828f80f.ctex remapped: res://.godot/imported/scout_Image_0.jpg-f912a28d483c0a0a88a3fdc70828f80f.ctex
Completed load for: 'res://assets/art/cast3d_rt/scout/scout_Image_0.jpg' remapped 'res://assets/art/cast3d_rt/scout/scout_Image_0.jpg' at thread -1
Completed load for: 'res://assets/art/cast3d_rt/scout/scout.glb' remapped 'res://assets/art/cast3d_rt/scout/scout.glb' at thread -1
Loading resource: res://assets/art/cast3d_rt/handler/handler.glb remapped: res://assets/art/cast3d_rt/handler/handler.glb
Loading resource: res://.godot/imported/handler.glb-0c04ad94f546e43e9b1c8f4f31cb549a.scn remapped: res://.godot/imported/handler.glb-0c04ad94f546e43e9b1c8f4f31cb549a.scn
Loading resource: res://assets/art/cast3d_rt/handler/handler_Image_0.jpg remapped: res://assets/art/cast3d_rt/handler/handler_Image_0.jpg
Loading resource: res://.godot/imported/handler_Image_0.jpg-cf41adc8aaf462dd3e692f32bb74765a.ctex remapped: res://.godot/imported/handler_Image_0.jpg-cf41adc8aaf462dd3e692f32bb74765a.ctex
Completed load for: 'res://assets/art/cast3d_rt/handler/handler_Image_0.jpg' remapped 'res://assets/art/cast3d_rt/handler/handler_Image_0.jpg' at thread -1
Completed load for: 'res://assets/art/cast3d_rt/handler/handler.glb' remapped 'res://assets/art/cast3d_rt/handler/handler.glb' at thread -1
Loading resource: res://assets/art/cast3d_rt/scrapper/scrapper.glb remapped: res://assets/art/cast3d_rt/scrapper/scrapper.glb
Loading resource: res://.godot/imported/scrapper.glb-8f467c17aee61e300b6432205da5b2ee.scn remapped: res://.godot/imported/scrapper.glb-8f467c17aee61e300b6432205da5b2ee.scn
Loading resource: res://assets/art/cast3d_rt/scrapper/scrapper_Image_0.jpg remapped: res://assets/art/cast3d_rt/scrapper/scrapper_Image_0.jpg
Loading resource: res://.godot/imported/scrapper_Image_0.jpg-938356c6d37433f3ca142e5a80dfde62.ctex remapped: res://.godot/imported/scrapper_Image_0.jpg-938356c6d37433f3ca142e5a80dfde62.ctex
Completed load for: 'res://assets/art/cast3d_rt/scrapper/scrapper_Image_0.jpg' remapped 'res://assets/art/cast3d_rt/scrapper/scrapper_Image_0.jpg' at thread -1
Completed load for: 'res://assets/art/cast3d_rt/scrapper/scrapper.glb' remapped 'res://assets/art/cast3d_rt/scrapper/scrapper.glb' at thread -1
Loading resource: res://assets/characters/baked/l_buck_0.png remapped: res://assets/characters/baked/l_buck_0.png
Loading resource: res://.godot/imported/l_buck_0.png-a067c803adbb0d840dd47e1218a27ab7.ctex remapped: res://.godot/imported/l_buck_0.png-a067c803adbb0d840dd47e1218a27ab7.ctex
Completed load for: 'res://assets/characters/baked/l_buck_0.png' remapped 'res://assets/characters/baked/l_buck_0.png' at thread -1
Loading resource: res://assets/art/cast/boss_buck.png remapped: res://assets/art/cast/boss_buck.png
Loading resource: res://.godot/imported/boss_buck.png-2ecada434733b5a3f658d9e0ee7e07d5.ctex remapped: res://.godot/imported/boss_buck.png-2ecada434733b5a3f658d9e0ee7e07d5.ctex
Completed load for: 'res://assets/art/cast/boss_buck.png' remapped 'res://assets/art/cast/boss_buck.png' at thread -1
Loading resource: res://assets/art/cast3d_rt/buck/buck.glb remapped: res://assets/art/cast3d_rt/buck/buck.glb
Loading resource: res://.godot/imported/buck.glb-b3df4186cc7abeb1480b665a908127d7.scn remapped: res://.godot/imported/buck.glb-b3df4186cc7abeb1480b665a908127d7.scn
Loading resource: res://assets/art/cast3d_rt/buck/buck_Image_0.jpg remapped: res://assets/art/cast3d_rt/buck/buck_Image_0.jpg
Loading resource: res://.godot/imported/buck_Image_0.jpg-9f3db64d6d7a62aa8c050867a9fa3e32.ctex remapped: res://.godot/imported/buck_Image_0.jpg-9f3db64d6d7a62aa8c050867a9fa3e32.ctex
Completed load for: 'res://assets/art/cast3d_rt/buck/buck_Image_0.jpg' remapped 'res://assets/art/cast3d_rt/buck/buck_Image_0.jpg' at thread -1
Completed load for: 'res://assets/art/cast3d_rt/buck/buck.glb' remapped 'res://assets/art/cast3d_rt/buck/buck.glb' at thread -1
Loading resource: res://assets/art/cast3d_rt/hunter/hunter.glb remapped: res://assets/art/cast3d_rt/hunter/hunter.glb
Loading resource: res://.godot/imported/hunter.glb-41f87f9df71de2fe6d656e81609de690.scn remapped: res://.godot/imported/hunter.glb-41f87f9df71de2fe6d656e81609de690.scn
Completed load for: 'res://assets/art/cast3d_rt/hunter/hunter.glb' remapped 'res://assets/art/cast3d_rt/hunter/hunter.glb' at thread -1
Loading resource: res://assets/art/cast3d_rt/heavy/heavy.glb remapped: res://assets/art/cast3d_rt/heavy/heavy.glb
Loading resource: res://.godot/imported/heavy.glb-3d71a6e3a4d86725fae526315394e27d.scn remapped: res://.godot/imported/heavy.glb-3d71a6e3a4d86725fae526315394e27d.scn
Loading resource: res://assets/art/cast3d_rt/heavy/heavy_Image_0.jpg remapped: res://assets/art/cast3d_rt/heavy/heavy_Image_0.jpg
Loading resource: res://.godot/imported/heavy_Image_0.jpg-0d6d44d44ef0b59a19f2169619e3bfef.ctex remapped: res://.godot/imported/heavy_Image_0.jpg-0d6d44d44ef0b59a19f2169619e3bfef.ctex
Completed load for: 'res://assets/art/cast3d_rt/heavy/heavy_Image_0.jpg' remapped 'res://assets/art/cast3d_rt/heavy/heavy_Image_0.jpg' at thread -1
Completed load for: 'res://assets/art/cast3d_rt/heavy/heavy.glb' remapped 'res://assets/art/cast3d_rt/heavy/heavy.glb' at thread -1
Loading resource: res://assets/art/cast3d_rt/welder/welder.glb remapped: res://assets/art/cast3d_rt/welder/welder.glb
Loading resource: res://.godot/imported/welder.glb-b0de12e904118ed5edb1181c6e49a32a.scn remapped: res://.godot/imported/welder.glb-b0de12e904118ed5edb1181c6e49a32a.scn
Loading resource: res://assets/art/cast3d_rt/welder/welder_Image_0.jpg remapped: res://assets/art/cast3d_rt/welder/welder_Image_0.jpg
Loading resource: res://.godot/imported/welder_Image_0.jpg-e0966c8c2aaf4a0037634a513ace29d9.ctex remapped: res://.godot/imported/welder_Image_0.jpg-e0966c8c2aaf4a0037634a513ace29d9.ctex
Completed load for: 'res://assets/art/cast3d_rt/welder/welder_Image_0.jpg' remapped 'res://assets/art/cast3d_rt/welder/welder_Image_0.jpg' at thread -1
Completed load for: 'res://assets/art/cast3d_rt/welder/welder.glb' remapped 'res://assets/art/cast3d_rt/welder/welder.glb' at thread -1
Loading resource: res://assets/art/cast3d_rt/scrapper/scrapper.glb remapped: res://assets/art/cast3d_rt/scrapper/scrapper.glb
Loading resource: res://.godot/imported/scrapper.glb-8f467c17aee61e300b6432205da5b2ee.scn remapped: res://.godot/imported/scrapper.glb-8f467c17aee61e300b6432205da5b2ee.scn
Completed load for: 'res://assets/art/cast3d_rt/scrapper/scrapper.glb' remapped 'res://assets/art/cast3d_rt/scrapper/scrapper.glb' at thread -1
Loading resource: res://assets/art/cast3d_rt/welder/welder.glb remapped: res://assets/art/cast3d_rt/welder/welder.glb
Loading resource: res://.godot/imported/welder.glb-b0de12e904118ed5edb1181c6e49a32a.scn remapped: res://.godot/imported/welder.glb-b0de12e904118ed5edb1181c6e49a32a.scn
Completed load for: 'res://assets/art/cast3d_rt/welder/welder.glb' remapped 'res://assets/art/cast3d_rt/welder/welder.glb' at thread -1
Loading resource: res://assets/art/cast3d_rt/scrapper/scrapper.glb remapped: res://assets/art/cast3d_rt/scrapper/scrapper.glb
Loading resource: res://.godot/imported/scrapper.glb-8f467c17aee61e300b6432205da5b2ee.scn remapped: res://.godot/imported/scrapper.glb-8f467c17aee61e300b6432205da5b2ee.scn
Completed load for: 'res://assets/art/cast3d_rt/scrapper/scrapper.glb' remapped 'res://assets/art/cast3d_rt/scrapper/scrapper.glb' at thread -1
Loading resource: res://assets/art/cast3d_rt/gunner/gunner.glb remapped: res://assets/art/cast3d_rt/gunner/gunner.glb
Loading resource: res://.godot/imported/gunner.glb-e594849ae389f801d2b7c927f36f975f.scn remapped: res://.godot/imported/gunner.glb-e594849ae389f801d2b7c927f36f975f.scn
Loading resource: res://assets/art/cast3d_rt/gunner/gunner_Image_0.jpg remapped: res://assets/art/cast3d_rt/gunner/gunner_Image_0.jpg
Loading resource: res://.godot/imported/gunner_Image_0.jpg-b2286ab5219c41d68a509d7469b1dea0.ctex remapped: res://.godot/imported/gunner_Image_0.jpg-b2286ab5219c41d68a509d7469b1dea0.ctex
Completed load for: 'res://assets/art/cast3d_rt/gunner/gunner_Image_0.jpg' remapped 'res://assets/art/cast3d_rt/gunner/gunner_Image_0.jpg' at thread -1
Completed load for: 'res://assets/art/cast3d_rt/gunner/gunner.glb' remapped 'res://assets/art/cast3d_rt/gunner/gunner.glb' at thread -1
Loading resource: res://assets/art/cast3d_rt/sniper/sniper.glb remapped: res://assets/art/cast3d_rt/sniper/sniper.glb
Loading resource: res://.godot/imported/sniper.glb-37ca57eb629b88e1d345900efd7ccda0.scn remapped: res://.godot/imported/sniper.glb-37ca57eb629b88e1d345900efd7ccda0.scn
Loading resource: res://assets/art/cast3d_rt/sniper/sniper_Image_0.jpg remapped: res://assets/art/cast3d_rt/sniper/sniper_Image_0.jpg
Loading resource: res://.godot/imported/sniper_Image_0.jpg-f88a25b87e8829f748aeb716295d2401.ctex remapped: res://.godot/imported/sniper_Image_0.jpg-f88a25b87e8829f748aeb716295d2401.ctex
Completed load for: 'res://assets/art/cast3d_rt/sniper/sniper_Image_0.jpg' remapped 'res://assets/art/cast3d_rt/sniper/sniper_Image_0.jpg' at thread -1
Completed load for: 'res://assets/art/cast3d_rt/sniper/sniper.glb' remapped 'res://assets/art/cast3d_rt/sniper/sniper.glb' at thread -1
Loading resource: res://assets/art/cast3d_rt/eldorado/eldorado.glb remapped: res://assets/art/cast3d_rt/eldorado/eldorado.glb
Loading resource: res://.godot/imported/eldorado.glb-8e731245b7cbaf95c618d9043d59bff8.scn remapped: res://.godot/imported/eldorado.glb-8e731245b7cbaf95c618d9043d59bff8.scn
Loading resource: res://assets/art/cast3d_rt/eldorado/eldorado_Image_0.jpg remapped: res://assets/art/cast3d_rt/eldorado/eldorado_Image_0.jpg
Loading resource: res://.godot/imported/eldorado_Image_0.jpg-c3119c7b4995d3534dc54deb2c1b15fb.ctex remapped: res://.godot/imported/eldorado_Image_0.jpg-c3119c7b4995d3534dc54deb2c1b15fb.ctex
Completed load for: 'res://assets/art/cast3d_rt/eldorado/eldorado_Image_0.jpg' remapped 'res://assets/art/cast3d_rt/eldorado/eldorado_Image_0.jpg' at thread -1
Completed load for: 'res://assets/art/cast3d_rt/eldorado/eldorado.glb' remapped 'res://assets/art/cast3d_rt/eldorado/eldorado.glb' at thread -1
Loading resource: res://assets/art/pixellab_world/sprites_hq/yard_k9_warning.png remapped: res://assets/art/pixellab_world/sprites_hq/yard_k9_warning.png
Loading resource: res://.godot/imported/yard_k9_warning.png-895791c971d67d63c92d1fdfe7ec6a1b.ctex remapped: res://.godot/imported/yard_k9_warning.png-895791c971d67d63c92d1fdfe7ec6a1b.ctex
Completed load for: 'res://assets/art/pixellab_world/sprites_hq/yard_k9_warning.png' remapped 'res://assets/art/pixellab_world/sprites_hq/yard_k9_warning.png' at thread -1
Loading resource: res://assets/art/pixellab_world/sprites_hq/yard_oil_spill.png remapped: res://assets/art/pixellab_world/sprites_hq/yard_oil_spill.png
Loading resource: res://.godot/imported/yard_oil_spill.png-7dcb7e0fe6ac52718188b8458fc6040a.ctex remapped: res://.godot/imported/yard_oil_spill.png-7dcb7e0fe6ac52718188b8458fc6040a.ctex
Completed load for: 'res://assets/art/pixellab_world/sprites_hq/yard_oil_spill.png' remapped 'res://assets/art/pixellab_world/sprites_hq/yard_oil_spill.png' at thread -1
Loading resource: res://assets/art/pixellab_world/sprites_hq/yard_burn_barrel.png remapped: res://assets/art/pixellab_world/sprites_hq/yard_burn_barrel.png
Loading resource: res://.godot/imported/yard_burn_barrel.png-118d2d5295e5dab26d2f2c3ad2f72c7d.ctex remapped: res://.godot/imported/yard_burn_barrel.png-118d2d5295e5dab26d2f2c3ad2f72c7d.ctex
Completed load for: 'res://assets/art/pixellab_world/sprites_hq/yard_burn_barrel.png' remapped 'res://assets/art/pixellab_world/sprites_hq/yard_burn_barrel.png' at thread -1
Loading resource: res://assets/art/pixellab_world/sprites_hq/yard_agave.png remapped: res://assets/art/pixellab_world/sprites_hq/yard_agave.png
Loading resource: res://.godot/imported/yard_agave.png-3fd0e05bbead00235473ff5c47518434.ctex remapped: res://.godot/imported/yard_agave.png-3fd0e05bbead00235473ff5c47518434.ctex
Completed load for: 'res://assets/art/pixellab_world/sprites_hq/yard_agave.png' remapped 'res://assets/art/pixellab_world/sprites_hq/yard_agave.png' at thread -1
Loading resource: res://assets/art/pixellab_world/sprites_hq/yard_raven.png remapped: res://assets/art/pixellab_world/sprites_hq/yard_raven.png
Loading resource: res://.godot/imported/yard_raven.png-dcd2515e6c961711088e69cebfb6b654.ctex remapped: res://.godot/imported/yard_raven.png-dcd2515e6c961711088e69cebfb6b654.ctex
Completed load for: 'res://assets/art/pixellab_world/sprites_hq/yard_raven.png' remapped 'res://assets/art/pixellab_world/sprites_hq/yard_raven.png' at thread -1
Loading resource: res://assets/art/pixellab_world/sprites_hq/yard_parts_tags.png remapped: res://assets/art/pixellab_world/sprites_hq/yard_parts_tags.png
Loading resource: res://.godot/imported/yard_parts_tags.png-6d75f30c500dd4f0be1efc0ac396cb35.ctex remapped: res://.godot/imported/yard_parts_tags.png-6d75f30c500dd4f0be1efc0ac396cb35.ctex
Completed load for: 'res://assets/art/pixellab_world/sprites_hq/yard_parts_tags.png' remapped 'res://assets/art/pixellab_world/sprites_hq/yard_parts_tags.png' at thread -1
Loading resource: res://assets/art/pixellab_world/sprites_hq/yard_parts_bin.png remapped: res://assets/art/pixellab_world/sprites_hq/yard_parts_bin.png
Loading resource: res://.godot/imported/yard_parts_bin.png-79e89375c006b601481b70b86abffe70.ctex remapped: res://.godot/imported/yard_parts_bin.png-79e89375c006b601481b70b86abffe70.ctex
Completed load for: 'res://assets/art/pixellab_world/sprites_hq/yard_parts_bin.png' remapped 'res://assets/art/pixellab_world/sprites_hq/yard_parts_bin.png' at thread -1
Loading resource: res://assets/art/pixellab_world/sprites_hq/yard_welding_cart.png remapped: res://assets/art/pixellab_world/sprites_hq/yard_welding_cart.png
Loading resource: res://.godot/imported/yard_welding_cart.png-c6c1a58915802965f84ed20178ba8a9e.ctex remapped: res://.godot/imported/yard_welding_cart.png-c6c1a58915802965f84ed20178ba8a9e.ctex
Completed load for: 'res://assets/art/pixellab_world/sprites_hq/yard_welding_cart.png' remapped 'res://assets/art/pixellab_world/sprites_hq/yard_welding_cart.png' at thread -1
Loading resource: res://assets/art/pixellab_world/sprites_hq/yard_windshield_stack.png remapped: res://assets/art/pixellab_world/sprites_hq/yard_windshield_stack.png
Loading resource: res://.godot/imported/yard_windshield_stack.png-0411087109e536a81a84561203ef59f2.ctex remapped: res://.godot/imported/yard_windshield_stack.png-0411087109e536a81a84561203ef59f2.ctex
Completed load for: 'res://assets/art/pixellab_world/sprites_hq/yard_windshield_stack.png' remapped 'res://assets/art/pixellab_world/sprites_hq/yard_windshield_stack.png' at thread -1
Loading resource: res://assets/art/pixellab_world/sprites_hq/yard_chopshop_ledger.png remapped: res://assets/art/pixellab_world/sprites_hq/yard_chopshop_ledger.png
Loading resource: res://.godot/imported/yard_chopshop_ledger.png-3fa2cba0fbac1b82b60db6f69d1bedd6.ctex remapped: res://.godot/imported/yard_chopshop_ledger.png-3fa2cba0fbac1b82b60db6f69d1bedd6.ctex
Completed load for: 'res://assets/art/pixellab_world/sprites_hq/yard_chopshop_ledger.png' remapped 'res://assets/art/pixellab_world/sprites_hq/yard_chopshop_ledger.png' at thread -1
Loading resource: res://assets/art/pixellab_world/sprites_hq/yard_copper_scraps.png remapped: res://assets/art/pixellab_world/sprites_hq/yard_copper_scraps.png
Loading resource: res://.godot/imported/yard_copper_scraps.png-641aff43590931eed830188acc010b5c.ctex remapped: res://.godot/imported/yard_copper_scraps.png-641aff43590931eed830188acc010b5c.ctex
Completed load for: 'res://assets/art/pixellab_world/sprites_hq/yard_copper_scraps.png' remapped 'res://assets/art/pixellab_world/sprites_hq/yard_copper_scraps.png' at thread -1
Loading resource: res://assets/art/pixellab_world/sprites_hq/combat_blood_shells.png remapped: res://assets/art/pixellab_world/sprites_hq/combat_blood_shells.png
Loading resource: res://.godot/imported/combat_blood_shells.png-2dda913e0099d67e84ed9649108503f6.ctex remapped: res://.godot/imported/combat_blood_shells.png-2dda913e0099d67e84ed9649108503f6.ctex
Completed load for: 'res://assets/art/pixellab_world/sprites_hq/combat_blood_shells.png' remapped 'res://assets/art/pixellab_world/sprites_hq/combat_blood_shells.png' at thread -1
Loading resource: res://assets/art/pixellab_world/sprites_hq/yard_tail_light_debris.png remapped: res://assets/art/pixellab_world/sprites_hq/yard_tail_light_debris.png
Loading resource: res://.godot/imported/yard_tail_light_debris.png-b71b00949f8dd6d9a23fcf023d694a1e.ctex remapped: res://.godot/imported/yard_tail_light_debris.png-b71b00949f8dd6d9a23fcf023d694a1e.ctex
Completed load for: 'res://assets/art/pixellab_world/sprites_hq/yard_tail_light_debris.png' remapped 'res://assets/art/pixellab_world/sprites_hq/yard_tail_light_debris.png' at thread -1
Loading resource: res://assets/art/pixellab_world/sprites_hq/yard_oil_rags.png remapped: res://assets/art/pixellab_world/sprites_hq/yard_oil_rags.png
Loading resource: res://.godot/imported/yard_oil_rags.png-94311cc9d8722e74abe7a3ad31379c5d.ctex remapped: res://.godot/imported/yard_oil_rags.png-94311cc9d8722e74abe7a3ad31379c5d.ctex
Completed load for: 'res://assets/art/pixellab_world/sprites_hq/yard_oil_rags.png' remapped 'res://assets/art/pixellab_world/sprites_hq/yard_oil_rags.png' at thread -1
Loading resource: res://assets/art/pixellab_world/sprites_hq/yard_chain_cable_spill.png remapped: res://assets/art/pixellab_world/sprites_hq/yard_chain_cable_spill.png
Loading resource: res://.godot/imported/yard_chain_cable_spill.png-c84545bc4ea79c6ff3794a221edcb7fd.ctex remapped: res://.godot/imported/yard_chain_cable_spill.png-c84545bc4ea79c6ff3794a221edcb7fd.ctex
Completed load for: 'res://assets/art/pixellab_world/sprites_hq/yard_chain_cable_spill.png' remapped 'res://assets/art/pixellab_world/sprites_hq/yard_chain_cable_spill.png' at thread -1
Loading resource: res://assets/art/pixellab_world/sprites_hq/yard_steam_vent_overlay.png remapped: res://assets/art/pixellab_world/sprites_hq/yard_steam_vent_overlay.png
Loading resource: res://.godot/imported/yard_steam_vent_overlay.png-aabd95e3caddc5f0f057ce29188e640e.ctex remapped: res://.godot/imported/yard_steam_vent_overlay.png-aabd95e3caddc5f0f057ce29188e640e.ctex
Completed load for: 'res://assets/art/pixellab_world/sprites_hq/yard_steam_vent_overlay.png' remapped 'res://assets/art/pixellab_world/sprites_hq/yard_steam_vent_overlay.png' at thread -1
Loading resource: res://assets/art/pixellab_world/sprites_hq/yard_workbench_cluster.png remapped: res://assets/art/pixellab_world/sprites_hq/yard_workbench_cluster.png
Loading resource: res://.godot/imported/yard_workbench_cluster.png-416498046d791001cbb3d8430587bf8c.ctex remapped: res://.godot/imported/yard_workbench_cluster.png-416498046d791001cbb3d8430587bf8c.ctex
Completed load for: 'res://assets/art/pixellab_world/sprites_hq/yard_workbench_cluster.png' remapped 'res://assets/art/pixellab_world/sprites_hq/yard_workbench_cluster.png' at thread -1
Loading resource: res://assets/art/pixellab_world/sprites_hq/yard_tarps_tools.png remapped: res://assets/art/pixellab_world/sprites_hq/yard_tarps_tools.png
Loading resource: res://.godot/imported/yard_tarps_tools.png-560511c735dec35a388a593256ad7362.ctex remapped: res://.godot/imported/yard_tarps_tools.png-560511c735dec35a388a593256ad7362.ctex
Completed load for: 'res://assets/art/pixellab_world/sprites_hq/yard_tarps_tools.png' remapped 'res://assets/art/pixellab_world/sprites_hq/yard_tarps_tools.png' at thread -1
Loading resource: res://assets/art/pixellab_world/sprites_hq/yard_engine_hoist.png remapped: res://assets/art/pixellab_world/sprites_hq/yard_engine_hoist.png
Loading resource: res://.godot/imported/yard_engine_hoist.png-d5a10467a445934d7efe5ea8f0fbee1b.ctex remapped: res://.godot/imported/yard_engine_hoist.png-d5a10467a445934d7efe5ea8f0fbee1b.ctex
Completed load for: 'res://assets/art/pixellab_world/sprites_hq/yard_engine_hoist.png' remapped 'res://assets/art/pixellab_world/sprites_hq/yard_engine_hoist.png' at thread -1
Loading resource: res://assets/art/pixellab_world/sprites_hq/yard_pipe_manifold.png remapped: res://assets/art/pixellab_world/sprites_hq/yard_pipe_manifold.png
Loading resource: res://.godot/imported/yard_pipe_manifold.png-a2091d108225a0f7295d94c75f7389cb.ctex remapped: res://.godot/imported/yard_pipe_manifold.png-a2091d108225a0f7295d94c75f7389cb.ctex
Completed load for: 'res://assets/art/pixellab_world/sprites_hq/yard_pipe_manifold.png' remapped 'res://assets/art/pixellab_world/sprites_hq/yard_pipe_manifold.png' at thread -1
Loading resource: res://assets/art/pixellab_world/sprites_hq/yard_utility_control_box.png remapped: res://assets/art/pixellab_world/sprites_hq/yard_utility_control_box.png
Loading resource: res://.godot/imported/yard_utility_control_box.png-9dfc5a816e94001f91dc8bd437f98e36.ctex remapped: res://.godot/imported/yard_utility_control_box.png-9dfc5a816e94001f91dc8bd437f98e36.ctex
Completed load for: 'res://assets/art/pixellab_world/sprites_hq/yard_utility_control_box.png' remapped 'res://assets/art/pixellab_world/sprites_hq/yard_utility_control_box.png' at thread -1
Loading resource: res://assets/art/pixellab_world/sprites_hq/yard_welded_safety_railing.png remapped: res://assets/art/pixellab_world/sprites_hq/yard_welded_safety_railing.png
Loading resource: res://.godot/imported/yard_welded_safety_railing.png-1a0c03bf2e326627d8d0509cca38e781.ctex remapped: res://.godot/imported/yard_welded_safety_railing.png-1a0c03bf2e326627d8d0509cca38e781.ctex
Completed load for: 'res://assets/art/pixellab_world/sprites_hq/yard_welded_safety_railing.png' remapped 'res://assets/art/pixellab_world/sprites_hq/yard_welded_safety_railing.png' at thread -1
Loading resource: res://assets/art/pixellab_world/sprites_hq/yard_desert_scrub_cluster.png remapped: res://assets/art/pixellab_world/sprites_hq/yard_desert_scrub_cluster.png
Loading resource: res://.godot/imported/yard_desert_scrub_cluster.png-9323d2c84c5130ca6cbdcab76f9e0d64.ctex remapped: res://.godot/imported/yard_desert_scrub_cluster.png-9323d2c84c5130ca6cbdcab76f9e0d64.ctex
Completed load for: 'res://assets/art/pixellab_world/sprites_hq/yard_desert_scrub_cluster.png' remapped 'res://assets/art/pixellab_world/sprites_hq/yard_desert_scrub_cluster.png' at thread -1
Loading resource: res://assets/art/pixellab_world/sprites_hq/hq_workbench.png remapped: res://assets/art/pixellab_world/sprites_hq/hq_workbench.png
Loading resource: res://.godot/imported/hq_workbench.png-6f86b42541de439d26694c3e40e50b32.ctex remapped: res://.godot/imported/hq_workbench.png-6f86b42541de439d26694c3e40e50b32.ctex
Completed load for: 'res://assets/art/pixellab_world/sprites_hq/hq_workbench.png' remapped 'res://assets/art/pixellab_world/sprites_hq/hq_workbench.png' at thread -1
Loading resource: res://assets/art/pixellab_world/sprites_hq/yard_car_stack.png remapped: res://assets/art/pixellab_world/sprites_hq/yard_car_stack.png
Loading resource: res://.godot/imported/yard_car_stack.png-ad8b3fc9fef111f7c2d9d7c13735dc38.ctex remapped: res://.godot/imported/yard_car_stack.png-ad8b3fc9fef111f7c2d9d7c13735dc38.ctex
Completed load for: 'res://assets/art/pixellab_world/sprites_hq/yard_car_stack.png' remapped 'res://assets/art/pixellab_world/sprites_hq/yard_car_stack.png' at thread -1
Loading resource: res://assets/art/pixellab_world/sprites_hq/yard_oil_barrel_cluster.png remapped: res://assets/art/pixellab_world/sprites_hq/yard_oil_barrel_cluster.png
Loading resource: res://.godot/imported/yard_oil_barrel_cluster.png-e52cf160b42ff2410194530f10f8de08.ctex remapped: res://.godot/imported/yard_oil_barrel_cluster.png-e52cf160b42ff2410194530f10f8de08.ctex
Completed load for: 'res://assets/art/pixellab_world/sprites_hq/yard_oil_barrel_cluster.png' remapped 'res://assets/art/pixellab_world/sprites_hq/yard_oil_barrel_cluster.png' at thread -1
Loading resource: res://assets/art/pixellab_world/sprites_hq/yard_tire_stack.png remapped: res://assets/art/pixellab_world/sprites_hq/yard_tire_stack.png
Loading resource: res://.godot/imported/yard_tire_stack.png-2a4fb135d9a30dd0f77a64450d3cd8fa.ctex remapped: res://.godot/imported/yard_tire_stack.png-2a4fb135d9a30dd0f77a64450d3cd8fa.ctex
Completed load for: 'res://assets/art/pixellab_world/sprites_hq/yard_tire_stack.png' remapped 'res://assets/art/pixellab_world/sprites_hq/yard_tire_stack.png' at thread -1
Loading resource: res://assets/art/pixellab_world/sprites_hq/yard_scrap_pile.png remapped: res://assets/art/pixellab_world/sprites_hq/yard_scrap_pile.png
Loading resource: res://.godot/imported/yard_scrap_pile.png-91465b3d9c13d240b8c1ca9081158c4b.ctex remapped: res://.godot/imported/yard_scrap_pile.png-91465b3d9c13d240b8c1ca9081158c4b.ctex
Completed load for: 'res://assets/art/pixellab_world/sprites_hq/yard_scrap_pile.png' remapped 'res://assets/art/pixellab_world/sprites_hq/yard_scrap_pile.png' at thread -1
Loading resource: res://assets/art/pixellab_world/sprites_hq/yard_storage_container.png remapped: res://assets/art/pixellab_world/sprites_hq/yard_storage_container.png
Loading resource: res://.godot/imported/yard_storage_container.png-6ad8f5b304b4e581f8500669d4d7a65e.ctex remapped: res://.godot/imported/yard_storage_container.png-6ad8f5b304b4e581f8500669d4d7a65e.ctex
Completed load for: 'res://assets/art/pixellab_world/sprites_hq/yard_storage_container.png' remapped 'res://assets/art/pixellab_world/sprites_hq/yard_storage_container.png' at thread -1
Loading resource: res://assets/art/pixellab_world/sprites_hq/yard_tumbleweed.png remapped: res://assets/art/pixellab_world/sprites_hq/yard_tumbleweed.png
Loading resource: res://.godot/imported/yard_tumbleweed.png-51075ac347b609b25ac0e9597779353a.ctex remapped: res://.godot/imported/yard_tumbleweed.png-51075ac347b609b25ac0e9597779353a.ctex
Completed load for: 'res://assets/art/pixellab_world/sprites_hq/yard_tumbleweed.png' remapped 'res://assets/art/pixellab_world/sprites_hq/yard_tumbleweed.png' at thread -1
Loading resource: res://assets/art/pixellab_world/sprites_hq/yard_welder_sparks.png remapped: res://assets/art/pixellab_world/sprites_hq/yard_welder_sparks.png
Loading resource: res://.godot/imported/yard_welder_sparks.png-150e5303bb8623d9b0d98b2aad9bdd2c.ctex remapped: res://.godot/imported/yard_welder_sparks.png-150e5303bb8623d9b0d98b2aad9bdd2c.ctex
Completed load for: 'res://assets/art/pixellab_world/sprites_hq/yard_welder_sparks.png' remapped 'res://assets/art/pixellab_world/sprites_hq/yard_welder_sparks.png' at thread -1
Loading resource: res://assets/art/pixellab_world/sprites_hq/dirt_pebbles.png remapped: res://assets/art/pixellab_world/sprites_hq/dirt_pebbles.png
Loading resource: res://.godot/imported/dirt_pebbles.png-1dd766c122f082553df334b2cea7f508.ctex remapped: res://.godot/imported/dirt_pebbles.png-1dd766c122f082553df334b2cea7f508.ctex
Completed load for: 'res://assets/art/pixellab_world/sprites_hq/dirt_pebbles.png' remapped 'res://assets/art/pixellab_world/sprites_hq/dirt_pebbles.png' at thread -1
Loading resource: res://assets/art/pixellab_world/sprites_hq/dirt_weeds.png remapped: res://assets/art/pixellab_world/sprites_hq/dirt_weeds.png
Loading resource: res://.godot/imported/dirt_weeds.png-a439e99422e0181b8f62d2ee6b3711e7.ctex remapped: res://.godot/imported/dirt_weeds.png-a439e99422e0181b8f62d2ee6b3711e7.ctex
Completed load for: 'res://assets/art/pixellab_world/sprites_hq/dirt_weeds.png' remapped 'res://assets/art/pixellab_world/sprites_hq/dirt_weeds.png' at thread -1
Loading resource: res://assets/art/pixellab_world/sprites_hq/dirt_boards.png remapped: res://assets/art/pixellab_world/sprites_hq/dirt_boards.png
Loading resource: res://.godot/imported/dirt_boards.png-755253ea0b7ea2ae82947ef9c44f167a.ctex remapped: res://.godot/imported/dirt_boards.png-755253ea0b7ea2ae82947ef9c44f167a.ctex
Completed load for: 'res://assets/art/pixellab_world/sprites_hq/dirt_boards.png' remapped 'res://assets/art/pixellab_world/sprites_hq/dirt_boards.png' at thread -1
Loading resource: res://assets/art/pixellab_world/sprites_hq/hq_junk_heap.png remapped: res://assets/art/pixellab_world/sprites_hq/hq_junk_heap.png
Loading resource: res://.godot/imported/hq_junk_heap.png-65b073f8bbeed0c7d103923900e3ead6.ctex remapped: res://.godot/imported/hq_junk_heap.png-65b073f8bbeed0c7d103923900e3ead6.ctex
Completed load for: 'res://assets/art/pixellab_world/sprites_hq/hq_junk_heap.png' remapped 'res://assets/art/pixellab_world/sprites_hq/hq_junk_heap.png' at thread -1
Loading resource: res://assets/art/pixellab_world/sprites_hq/hq_crate_stack.png remapped: res://assets/art/pixellab_world/sprites_hq/hq_crate_stack.png
Loading resource: res://.godot/imported/hq_crate_stack.png-ce4654a6bbc341e1881c47421da90580.ctex remapped: res://.godot/imported/hq_crate_stack.png-ce4654a6bbc341e1881c47421da90580.ctex
Completed load for: 'res://assets/art/pixellab_world/sprites_hq/hq_crate_stack.png' remapped 'res://assets/art/pixellab_world/sprites_hq/hq_crate_stack.png' at thread -1
Loading resource: res://assets/art/pixellab_world/sprites_hq/hq_fire_barrel.png remapped: res://assets/art/pixellab_world/sprites_hq/hq_fire_barrel.png
Loading resource: res://.godot/imported/hq_fire_barrel.png-3675d67277456583f7f0ef31f17b7102.ctex remapped: res://.godot/imported/hq_fire_barrel.png-3675d67277456583f7f0ef31f17b7102.ctex
Completed load for: 'res://assets/art/pixellab_world/sprites_hq/hq_fire_barrel.png' remapped 'res://assets/art/pixellab_world/sprites_hq/hq_fire_barrel.png' at thread -1
Loading resource: res://assets/art/pixellab_world/sprites_hq/hq_forklift.png remapped: res://assets/art/pixellab_world/sprites_hq/hq_forklift.png
Loading resource: res://.godot/imported/hq_forklift.png-fe0a0f44005451e5332caeff09b43ccc.ctex remapped: res://.godot/imported/hq_forklift.png-fe0a0f44005451e5332caeff09b43ccc.ctex
Completed load for: 'res://assets/art/pixellab_world/sprites_hq/hq_forklift.png' remapped 'res://assets/art/pixellab_world/sprites_hq/hq_forklift.png' at thread -1
Loading resource: res://assets/art/pixellab_world/sprites_hq/hq_tire_wall.png remapped: res://assets/art/pixellab_world/sprites_hq/hq_tire_wall.png
Loading resource: res://.godot/imported/hq_tire_wall.png-819daa1eb471ae34740d3425cb8a1b35.ctex remapped: res://.godot/imported/hq_tire_wall.png-819daa1eb471ae34740d3425cb8a1b35.ctex
Completed load for: 'res://assets/art/pixellab_world/sprites_hq/hq_tire_wall.png' remapped 'res://assets/art/pixellab_world/sprites_hq/hq_tire_wall.png' at thread -1
Loading resource: res://assets/art/pixellab_world/sprites_hq/hq_engine_block.png remapped: res://assets/art/pixellab_world/sprites_hq/hq_engine_block.png
Loading resource: res://.godot/imported/hq_engine_block.png-07f172a8518c1fa7fbdee70d1706f48a.ctex remapped: res://.godot/imported/hq_engine_block.png-07f172a8518c1fa7fbdee70d1706f48a.ctex
Completed load for: 'res://assets/art/pixellab_world/sprites_hq/hq_engine_block.png' remapped 'res://assets/art/pixellab_world/sprites_hq/hq_engine_block.png' at thread -1
Loading resource: res://assets/art/pixellab_world/sprites_hq/hq_generator.png remapped: res://assets/art/pixellab_world/sprites_hq/hq_generator.png
Loading resource: res://.godot/imported/hq_generator.png-58465f4f9afee22e486b2b074cc36ded.ctex remapped: res://.godot/imported/hq_generator.png-58465f4f9afee22e486b2b074cc36ded.ctex
Completed load for: 'res://assets/art/pixellab_world/sprites_hq/hq_generator.png' remapped 'res://assets/art/pixellab_world/sprites_hq/hq_generator.png' at thread -1
Loading resource: res://assets/art/pixellab_ui_v3_approved/painted/poster_beware_of_dogg.png remapped: res://assets/art/pixellab_ui_v3_approved/painted/poster_beware_of_dogg.png
Loading resource: res://.godot/imported/poster_beware_of_dogg.png-c5c04fd6bbebf14d3c6840a5fb048191.ctex remapped: res://.godot/imported/poster_beware_of_dogg.png-c5c04fd6bbebf14d3c6840a5fb048191.ctex
Completed load for: 'res://assets/art/pixellab_ui_v3_approved/painted/poster_beware_of_dogg.png' remapped 'res://assets/art/pixellab_ui_v3_approved/painted/poster_beware_of_dogg.png' at thread -1
Loading resource: res://assets/art/pixellab_world/sprites/leaf.png remapped: res://assets/art/pixellab_world/sprites/leaf.png
Loading resource: res://.godot/imported/leaf.png-5b3b617a63b78c1d6d84439bb62751c8.ctex remapped: res://.godot/imported/leaf.png-5b3b617a63b78c1d6d84439bb62751c8.ctex
Completed load for: 'res://assets/art/pixellab_world/sprites/leaf.png' remapped 'res://assets/art/pixellab_world/sprites/leaf.png' at thread -1
Loading resource: res://assets/art/pixellab_world/sprites/paper.png remapped: res://assets/art/pixellab_world/sprites/paper.png
Loading resource: res://.godot/imported/paper.png-8526eba4a59a99197f2488d2e3ad6d6f.ctex remapped: res://.godot/imported/paper.png-8526eba4a59a99197f2488d2e3ad6d6f.ctex
Completed load for: 'res://assets/art/pixellab_world/sprites/paper.png' remapped 'res://assets/art/pixellab_world/sprites/paper.png' at thread -1
Loading resource: res://assets/art/pixellab_world/sprites/frond.png remapped: res://assets/art/pixellab_world/sprites/frond.png
Loading resource: res://.godot/imported/frond.png-da467b7d54131fb9027945246e078bd8.ctex remapped: res://.godot/imported/frond.png-da467b7d54131fb9027945246e078bd8.ctex
Completed load for: 'res://assets/art/pixellab_world/sprites/frond.png' remapped 'res://assets/art/pixellab_world/sprites/frond.png' at thread -1
Loading resource: res://assets/characters/baked/l_scout-v1_1.png remapped: res://assets/characters/baked/l_scout-v1_1.png
Loading resource: res://.godot/imported/l_scout-v1_1.png-99dfad6ec7dca3268b445d71e70f0482.ctex remapped: res://.godot/imported/l_scout-v1_1.png-99dfad6ec7dca3268b445d71e70f0482.ctex
Completed load for: 'res://assets/characters/baked/l_scout-v1_1.png' remapped 'res://assets/characters/baked/l_scout-v1_1.png' at thread -1
Loading resource: res://assets/characters/baked/l_scout-v1_2.png remapped: res://assets/characters/baked/l_scout-v1_2.png
Loading resource: res://.godot/imported/l_scout-v1_2.png-fe4f2f64139f6e8172cebd33c9cbaed0.ctex remapped: res://.godot/imported/l_scout-v1_2.png-fe4f2f64139f6e8172cebd33c9cbaed0.ctex
Completed load for: 'res://assets/characters/baked/l_scout-v1_2.png' remapped 'res://assets/characters/baked/l_scout-v1_2.png' at thread -1
Loading resource: res://assets/art/cast/corpse_scrapper.png remapped: res://assets/art/cast/corpse_scrapper.png
Loading resource: res://.godot/imported/corpse_scrapper.png-12f37ccf2841c60e71e545cbaf39a859.ctex remapped: res://.godot/imported/corpse_scrapper.png-12f37ccf2841c60e71e545cbaf39a859.ctex
Completed load for: 'res://assets/art/cast/corpse_scrapper.png' remapped 'res://assets/art/cast/corpse_scrapper.png' at thread -1
Loading resource: res://assets/characters/baked/l_buck_1.png remapped: res://assets/characters/baked/l_buck_1.png
Loading resource: res://.godot/imported/l_buck_1.png-17d4edf3b856599197f2350778b4372e.ctex remapped: res://.godot/imported/l_buck_1.png-17d4edf3b856599197f2350778b4372e.ctex
Completed load for: 'res://assets/characters/baked/l_buck_1.png' remapped 'res://assets/characters/baked/l_buck_1.png' at thread -1
Loading resource: res://assets/characters/baked/l_buck_2.png remapped: res://assets/characters/baked/l_buck_2.png
Loading resource: res://.godot/imported/l_buck_2.png-b037db0a71018e73527a020d2a97a9f0.ctex remapped: res://.godot/imported/l_buck_2.png-b037db0a71018e73527a020d2a97a9f0.ctex
Completed load for: 'res://assets/characters/baked/l_buck_2.png' remapped 'res://assets/characters/baked/l_buck_2.png' at thread -1
Loading resource: res://assets/characters/baked/c_buck_true.png remapped: res://assets/characters/baked/c_buck_true.png
Loading resource: res://.godot/imported/c_buck_true.png-2c9efd783845ef72e2a7d088267c6f5c.ctex remapped: res://.godot/imported/c_buck_true.png-2c9efd783845ef72e2a7d088267c6f5c.ctex
Completed load for: 'res://assets/characters/baked/c_buck_true.png' remapped 'res://assets/characters/baked/c_buck_true.png' at thread -1
Loading resource: res://assets/characters/baked/c_buck_false.png remapped: res://assets/characters/baked/c_buck_false.png
Loading resource: res://.godot/imported/c_buck_false.png-a2b6a9b2abe33d22529318f66b050ed9.ctex remapped: res://.godot/imported/c_buck_false.png-a2b6a9b2abe33d22529318f66b050ed9.ctex
Completed load for: 'res://assets/characters/baked/c_buck_false.png' remapped 'res://assets/characters/baked/c_buck_false.png' at thread -1
Loading resource: res://assets/art/cast/corpse_welder.png remapped: res://assets/art/cast/corpse_welder.png
Loading resource: res://.godot/imported/corpse_welder.png-7ee6735ec96ac5ee9d466d51e282d6ec.ctex remapped: res://.godot/imported/corpse_welder.png-7ee6735ec96ac5ee9d466d51e282d6ec.ctex
Completed load for: 'res://assets/art/cast/corpse_welder.png' remapped 'res://assets/art/cast/corpse_welder.png' at thread -1
[level] prewarmed 21 looks in 473 ms
Loading resource: res://assets/art/cast3d_rt/cass/cass.glb remapped: res://assets/art/cast3d_rt/cass/cass.glb
Loading resource: res://.godot/imported/cass.glb-9bd81c853d161cb0335408ecc49efb18.scn remapped: res://.godot/imported/cass.glb-9bd81c853d161cb0335408ecc49efb18.scn
Loading resource: res://assets/art/cast3d_rt/cass/cass_texture_0.png remapped: res://assets/art/cast3d_rt/cass/cass_texture_0.png
Loading resource: res://.godot/imported/cass_texture_0.png-f392539553c0e0b7ec21f14bcf7ae376.ctex remapped: res://.godot/imported/cass_texture_0.png-f392539553c0e0b7ec21f14bcf7ae376.ctex
Completed load for: 'res://assets/art/cast3d_rt/cass/cass_texture_0.png' remapped 'res://assets/art/cast3d_rt/cass/cass_texture_0.png' at thread -1
Loading resource: res://assets/art/cast3d_rt/cass/cass_hair_auburn.png remapped: res://assets/art/cast3d_rt/cass/cass_hair_auburn.png
Loading resource: res://.godot/imported/cass_hair_auburn.png-b268aa312ba90699d52835454d2d659e.ctex remapped: res://.godot/imported/cass_hair_auburn.png-b268aa312ba90699d52835454d2d659e.ctex
Completed load for: 'res://assets/art/cast3d_rt/cass/cass_hair_auburn.png' remapped 'res://assets/art/cast3d_rt/cass/cass_hair_auburn.png' at thread -1
Completed load for: 'res://assets/art/cast3d_rt/cass/cass.glb' remapped 'res://assets/art/cast3d_rt/cass/cass.glb' at thread -1
Loading resource: res://music/st_yard_stealth.ogg remapped: res://music/st_yard_stealth.ogg
Loading resource: res://.godot/imported/st_yard_stealth.ogg-e3aa997523ab6f1d2129758c80ce11a1.oggvorbisstr remapped: res://.godot/imported/st_yard_stealth.ogg-e3aa997523ab6f1d2129758c80ce11a1.oggvorbisstr
Completed load for: 'res://music/st_yard_stealth.ogg' remapped 'res://music/st_yard_stealth.ogg' at thread -1
Loading resource: res://assets/art/pixellab_ui_v3_approved/covers/cover_m02.png remapped: res://assets/art/pixellab_ui_v3_approved/covers/cover_m02.png
Loading resource: res://.godot/imported/cover_m02.png-358aa27104a214d16731a9db856cf7f7.ctex remapped: res://.godot/imported/cover_m02.png-358aa27104a214d16731a9db856cf7f7.ctex
Completed load for: 'res://assets/art/pixellab_ui_v3_approved/covers/cover_m02.png' remapped 'res://assets/art/pixellab_ui_v3_approved/covers/cover_m02.png' at thread -1
Loading resource: res://assets/art/pixellab_world/floors/steel.png remapped: res://assets/art/pixellab_world/floors/steel.png
Loading resource: res://.godot/imported/steel.png-2e4a59bc11c160e66c38bf9157be9a85.ctex remapped: res://.godot/imported/steel.png-2e4a59bc11c160e66c38bf9157be9a85.ctex
Completed load for: 'res://assets/art/pixellab_world/floors/steel.png' remapped 'res://assets/art/pixellab_world/floors/steel.png' at thread -1
Loading resource: res://assets/art/pixellab_world/floors/wall_salvage.png remapped: res://assets/art/pixellab_world/floors/wall_salvage.png
Loading resource: res://.godot/imported/wall_salvage.png-38f54790397dcea0b5152551f8e5513f.ctex remapped: res://.godot/imported/wall_salvage.png-38f54790397dcea0b5152551f8e5513f.ctex
Completed load for: 'res://assets/art/pixellab_world/floors/wall_salvage.png' remapped 'res://assets/art/pixellab_world/floors/wall_salvage.png' at thread -1
Loading resource: res://assets/art/pixellab_world/sprites_hq/cage.png remapped: res://assets/art/pixellab_world/sprites_hq/cage.png
Loading resource: res://.godot/imported/cage.png-c29bf78c2996cef43d25e038615b9027.ctex remapped: res://.godot/imported/cage.png-c29bf78c2996cef43d25e038615b9027.ctex
Completed load for: 'res://assets/art/pixellab_world/sprites_hq/cage.png' remapped 'res://assets/art/pixellab_world/sprites_hq/cage.png' at thread -1
Loading resource: res://assets/art/pixellab_world/sprites_hq/crate.png remapped: res://assets/art/pixellab_world/sprites_hq/crate.png
Loading resource: res://.godot/imported/crate.png-548b36bd87e699ce1906275b3a276ce8.ctex remapped: res://.godot/imported/crate.png-548b36bd87e699ce1906275b3a276ce8.ctex
Completed load for: 'res://assets/art/pixellab_world/sprites_hq/crate.png' remapped 'res://assets/art/pixellab_world/sprites_hq/crate.png' at thread -1
Loading resource: res://assets/art/pixellab_world/sprites_hq/table_kennel.png remapped: res://assets/art/pixellab_world/sprites_hq/table_kennel.png
Loading resource: res://.godot/imported/table_kennel.png-f007fc857bbd10ab0945c4c121332c45.ctex remapped: res://.godot/imported/table_kennel.png-f007fc857bbd10ab0945c4c121332c45.ctex
Completed load for: 'res://assets/art/pixellab_world/sprites_hq/table_kennel.png' remapped 'res://assets/art/pixellab_world/sprites_hq/table_kennel.png' at thread -1
Loading resource: res://assets/art/pixellab_world/sprites/wreck.png remapped: res://assets/art/pixellab_world/sprites/wreck.png
Loading resource: res://.godot/imported/wreck.png-267c6e0a4dc8eee6640a193888c745c1.ctex remapped: res://.godot/imported/wreck.png-267c6e0a4dc8eee6640a193888c745c1.ctex
Completed load for: 'res://assets/art/pixellab_world/sprites/wreck.png' remapped 'res://assets/art/pixellab_world/sprites/wreck.png' at thread -1
Loading resource: res://assets/art/props3d/folding_chair.glb remapped: res://assets/art/props3d/folding_chair.glb
Loading resource: res://.godot/imported/folding_chair.glb-41c91ca904da62ee89546c4ea5599e0a.scn remapped: res://.godot/imported/folding_chair.glb-41c91ca904da62ee89546c4ea5599e0a.scn
Completed load for: 'res://assets/art/props3d/folding_chair.glb' remapped 'res://assets/art/props3d/folding_chair.glb' at thread -1
Loading resource: res://assets/art/pixellab_world/sprites_hq/clutter_chain.png remapped: res://assets/art/pixellab_world/sprites_hq/clutter_chain.png
Loading resource: res://.godot/imported/clutter_chain.png-5d268f69100779fc033081c02790622c.ctex remapped: res://.godot/imported/clutter_chain.png-5d268f69100779fc033081c02790622c.ctex
Completed load for: 'res://assets/art/pixellab_world/sprites_hq/clutter_chain.png' remapped 'res://assets/art/pixellab_world/sprites_hq/clutter_chain.png' at thread -1
Loading resource: res://assets/art/pixellab_world/sprites_hq/toolbox_chest.png remapped: res://assets/art/pixellab_world/sprites_hq/toolbox_chest.png
Loading resource: res://.godot/imported/toolbox_chest.png-46da61e3a9c3ddbc1624ba571735d98e.ctex remapped: res://.godot/imported/toolbox_chest.png-46da61e3a9c3ddbc1624ba571735d98e.ctex
Completed load for: 'res://assets/art/pixellab_world/sprites_hq/toolbox_chest.png' remapped 'res://assets/art/pixellab_world/sprites_hq/toolbox_chest.png' at thread -1
Loading resource: res://assets/art/pixellab_world/sprites_hq/clutter_tools.png remapped: res://assets/art/pixellab_world/sprites_hq/clutter_tools.png
Loading resource: res://.godot/imported/clutter_tools.png-8a88800b54b640156b76c75c86b16e0f.ctex remapped: res://.godot/imported/clutter_tools.png-8a88800b54b640156b76c75c86b16e0f.ctex
Completed load for: 'res://assets/art/pixellab_world/sprites_hq/clutter_tools.png' remapped 'res://assets/art/pixellab_world/sprites_hq/clutter_tools.png' at thread -1
Loading resource: res://assets/art/pixellab_world/sprites_hq/kennel_hay_bundle.png remapped: res://assets/art/pixellab_world/sprites_hq/kennel_hay_bundle.png
Loading resource: res://.godot/imported/kennel_hay_bundle.png-d9f573bea25c0cfe948156b53c3f377a.ctex remapped: res://.godot/imported/kennel_hay_bundle.png-d9f573bea25c0cfe948156b53c3f377a.ctex
Completed load for: 'res://assets/art/pixellab_world/sprites_hq/kennel_hay_bundle.png' remapped 'res://assets/art/pixellab_world/sprites_hq/kennel_hay_bundle.png' at thread -1
Loading resource: res://assets/art/pixellab_world/sprites_hq/clutter_dog_bowl.png remapped: res://assets/art/pixellab_world/sprites_hq/clutter_dog_bowl.png
Loading resource: res://.godot/imported/clutter_dog_bowl.png-b47fcba41cdba635fa214a0b98b4ce4d.ctex remapped: res://.godot/imported/clutter_dog_bowl.png-b47fcba41cdba635fa214a0b98b4ce4d.ctex
Completed load for: 'res://assets/art/pixellab_world/sprites_hq/clutter_dog_bowl.png' remapped 'res://assets/art/pixellab_world/sprites_hq/clutter_dog_bowl.png' at thread -1
Loading resource: res://assets/art/pixellab_world/sprites_hq/scrap_pile.png remapped: res://assets/art/pixellab_world/sprites_hq/scrap_pile.png
Loading resource: res://.godot/imported/scrap_pile.png-728a017918860cab6d69bda8f0ce281a.ctex remapped: res://.godot/imported/scrap_pile.png-728a017918860cab6d69bda8f0ce281a.ctex
Completed load for: 'res://assets/art/pixellab_world/sprites_hq/scrap_pile.png' remapped 'res://assets/art/pixellab_world/sprites_hq/scrap_pile.png' at thread -1
Loading resource: res://assets/art/pixellab_world/sprites_hq/tyre_stack.png remapped: res://assets/art/pixellab_world/sprites_hq/tyre_stack.png
Loading resource: res://.godot/imported/tyre_stack.png-16fad064accc2e090caa28ba3a17644e.ctex remapped: res://.godot/imported/tyre_stack.png-16fad064accc2e090caa28ba3a17644e.ctex
Completed load for: 'res://assets/art/pixellab_world/sprites_hq/tyre_stack.png' remapped 'res://assets/art/pixellab_world/sprites_hq/tyre_stack.png' at thread -1
Loading resource: res://assets/art/sprites/pallet.png remapped: res://assets/art/sprites/pallet.png
Loading resource: res://.godot/imported/pallet.png-e356b86f548729ec1311e404fb61f6ae.ctex remapped: res://.godot/imported/pallet.png-e356b86f548729ec1311e404fb61f6ae.ctex
Completed load for: 'res://assets/art/sprites/pallet.png' remapped 'res://assets/art/sprites/pallet.png' at thread -1
Loading resource: res://assets/art/pixellab_world/sprites/workbench.png remapped: res://assets/art/pixellab_world/sprites/workbench.png
Loading resource: res://.godot/imported/workbench.png-f26158aef359130a0ea55691a0c48cac.ctex remapped: res://.godot/imported/workbench.png-f26158aef359130a0ea55691a0c48cac.ctex
Completed load for: 'res://assets/art/pixellab_world/sprites/workbench.png' remapped 'res://assets/art/pixellab_world/sprites/workbench.png' at thread -1
Loading resource: res://assets/art/pixellab_world/sprites_hq/kennel_dog_bed.png remapped: res://assets/art/pixellab_world/sprites_hq/kennel_dog_bed.png
Loading resource: res://.godot/imported/kennel_dog_bed.png-11ad0a44d14be216366b02ac0827e4db.ctex remapped: res://.godot/imported/kennel_dog_bed.png-11ad0a44d14be216366b02ac0827e4db.ctex
Completed load for: 'res://assets/art/pixellab_world/sprites_hq/kennel_dog_bed.png' remapped 'res://assets/art/pixellab_world/sprites_hq/kennel_dog_bed.png' at thread -1
Loading resource: res://assets/art/pixellab_world/sprites_hq/engine_block.png remapped: res://assets/art/pixellab_world/sprites_hq/engine_block.png
Loading resource: res://.godot/imported/engine_block.png-eb2563ba205feb68fc26a7f028ecc098.ctex remapped: res://.godot/imported/engine_block.png-eb2563ba205feb68fc26a7f028ecc098.ctex
Completed load for: 'res://assets/art/pixellab_world/sprites_hq/engine_block.png' remapped 'res://assets/art/pixellab_world/sprites_hq/engine_block.png' at thread -1
  ok   mission 2 loads
  ok   M01 ground plate stays out of mission 2
  ok   m02 enemies spawned (19)
  ok   dogs spawned (6)
  ok   light switches built (3)
  ok   upgrade briefcases rolled (3)
  ok   picked up upgrade soft_soles
Loading resource: res://assets/audio/sfx/armor_break.wav remapped: res://assets/audio/sfx/armor_break.wav
Loading resource: res://.godot/imported/armor_break.wav-551b4b0caef9f10b6eb56f1435f6af93.sample remapped: res://.godot/imported/armor_break.wav-551b4b0caef9f10b6eb56f1435f6af93.sample
Completed load for: 'res://assets/audio/sfx/armor_break.wav' remapped 'res://assets/audio/sfx/armor_break.wav' at thread -1
Loading resource: res://assets/audio/sfx/vox_hurt_f1.wav remapped: res://assets/audio/sfx/vox_hurt_f1.wav
Loading resource: res://.godot/imported/vox_hurt_f1.wav-74a8697814aad016a5c70202b4fd7e59.sample remapped: res://.godot/imported/vox_hurt_f1.wav-74a8697814aad016a5c70202b4fd7e59.sample
Completed load for: 'res://assets/audio/sfx/vox_hurt_f1.wav' remapped 'res://assets/audio/sfx/vox_hurt_f1.wav' at thread -1
  ok   kevlar vest survives a bullet
  ok   vest is used up
Loading resource: res://assets/audio/sfx/step_dirt2.wav remapped: res://assets/audio/sfx/step_dirt2.wav
Loading resource: res://.godot/imported/step_dirt2.wav-7d72e9fee77b94cf7cc21074c6ba59cf.sample remapped: res://.godot/imported/step_dirt2.wav-7d72e9fee77b94cf7cc21074c6ba59cf.sample
Completed load for: 'res://assets/audio/sfx/step_dirt2.wav' remapped 'res://assets/audio/sfx/step_dirt2.wav' at thread -1
  ok   lock-on grabs a target
  ok   tap switches lock target
  ok   hold releases lock
  ok   unaware guard can be taken down from behind
  ok   held target stays aligned despite crowd pressure
  ok   rear hold plays authored grab pose
Loading resource: res://assets/audio/sfx/neck_snap.wav remapped: res://assets/audio/sfx/neck_snap.wav
Loading resource: res://.godot/imported/neck_snap.wav-d3d122307f4672662870d8069a691d8c.sample remapped: res://.godot/imported/neck_snap.wav-d3d122307f4672662870d8069a691d8c.sample
Completed load for: 'res://assets/audio/sfx/neck_snap.wav' remapped 'res://assets/audio/sfx/neck_snap.wav' at thread -1
Loading resource: res://assets/art/cast3d_rt/sniper/sniper.glb remapped: res://assets/art/cast3d_rt/sniper/sniper.glb
Loading resource: res://.godot/imported/sniper.glb-37ca57eb629b88e1d345900efd7ccda0.scn remapped: res://.godot/imported/sniper.glb-37ca57eb629b88e1d345900efd7ccda0.scn
Completed load for: 'res://assets/art/cast3d_rt/sniper/sniper.glb' remapped 'res://assets/art/cast3d_rt/sniper/sniper.glb' at thread -1
  ok   takedown kills
  ok   takedown counts as silent
  ok   a dog is asleep
  ok   sneaking up doesn't wake the dog
  ok   sleeping dog put down
Loading resource: res://assets/audio/sfx/bark.wav remapped: res://assets/audio/sfx/bark.wav
Loading resource: res://.godot/imported/bark.wav-2b97f0b1470f576eedddf38828c918d8.sample remapped: res://.godot/imported/bark.wav-2b97f0b1470f576eedddf38828c918d8.sample
Completed load for: 'res://assets/audio/sfx/bark.wav' remapped 'res://assets/audio/sfx/bark.wav' at thread -1
Loading resource: res://music/st_yard_combat.ogg remapped: res://music/st_yard_combat.ogg
Loading resource: res://.godot/imported/st_yard_combat.ogg-21547e5b26429ffe21d1e8dff3cde200.oggvorbisstr remapped: res://.godot/imported/st_yard_combat.ogg-21547e5b26429ffe21d1e8dff3cde200.oggvorbisstr
Completed load for: 'res://music/st_yard_combat.ogg' remapped 'res://music/st_yard_combat.ogg' at thread -1
Loading resource: res://assets/audio/sfx/dog_bite.wav remapped: res://assets/audio/sfx/dog_bite.wav
Loading resource: res://.godot/imported/dog_bite.wav-20b6d13e3888f079dfa20ba0a6801a07.sample remapped: res://.godot/imported/dog_bite.wav-20b6d13e3888f079dfa20ba0a6801a07.sample
Completed load for: 'res://assets/audio/sfx/dog_bite.wav' remapped 'res://assets/audio/sfx/dog_bite.wav' at thread -1
  ok   dog notices a player next to it (COMBAT)
Loading resource: res://assets/audio/sfx/vox_dog_die2.wav remapped: res://assets/audio/sfx/vox_dog_die2.wav
Loading resource: res://.godot/imported/vox_dog_die2.wav-d7b008f5a7fa08e9e07acb81d99b5989.sample remapped: res://.godot/imported/vox_dog_die2.wav-d7b008f5a7fa08e9e07acb81d99b5989.sample
Completed load for: 'res://assets/audio/sfx/vox_dog_die2.wav' remapped 'res://assets/audio/sfx/vox_dog_die2.wav' at thread -1
  ok   dog dies to a bullet
  ok   warehouse switch exists
Loading resource: res://assets/audio/sfx/light_switch.wav remapped: res://assets/audio/sfx/light_switch.wav
Loading resource: res://.godot/imported/light_switch.wav-4d1ccb0bca8d0c6fb0d1b0344e17715f.sample remapped: res://.godot/imported/light_switch.wav-4d1ccb0bca8d0c6fb0d1b0344e17715f.sample
Completed load for: 'res://assets/audio/sfx/light_switch.wav' remapped 'res://assets/audio/sfx/light_switch.wav' at thread -1
  ok   switch kills the warehouse lights
  ok   warehouse is dark
  ok   darkness overlay active
Loading resource: res://assets/audio/sfx/car_pass.wav remapped: res://assets/audio/sfx/car_pass.wav
Loading resource: res://.godot/imported/car_pass.wav-cdffb176ddfc501176ae903ffd36aebf.sample remapped: res://.godot/imported/car_pass.wav-cdffb176ddfc501176ae903ffd36aebf.sample
Completed load for: 'res://assets/audio/sfx/car_pass.wav' remapped 'res://assets/audio/sfx/car_pass.wav' at thread -1
  ok   a guard walks over and turns the lights back on
Loading resource: res://assets/art/pixellab_world/sprites_hq/fuse_box_off.png remapped: res://assets/art/pixellab_world/sprites_hq/fuse_box_off.png
Loading resource: res://.godot/imported/fuse_box_off.png-a61690954ebdc54bf58b7c4acaaf31ce.ctex remapped: res://.godot/imported/fuse_box_off.png-a61690954ebdc54bf58b7c4acaaf31ce.ctex
Completed load for: 'res://assets/art/pixellab_world/sprites_hq/fuse_box_off.png' remapped 'res://assets/art/pixellab_world/sprites_hq/fuse_box_off.png' at thread -1
  ok   fuse box kills kennel power for good
  ok   dead zone can't be switched back on
  ok   decapitation throws a head
  ok   blood pools spread
Loading resource: res://assets/art/cast3d_rt/hunter/hunter.glb remapped: res://assets/art/cast3d_rt/hunter/hunter.glb
Loading resource: res://.godot/imported/hunter.glb-41f87f9df71de2fe6d656e81609de690.scn remapped: res://.godot/imported/hunter.glb-41f87f9df71de2fe6d656e81609de690.scn
Completed load for: 'res://assets/art/cast3d_rt/hunter/hunter.glb' remapped 'res://assets/art/cast3d_rt/hunter/hunter.glb' at thread -1
Loading resource: res://assets/art/cast3d_rt/scout/scout.glb remapped: res://assets/art/cast3d_rt/scout/scout.glb
Loading resource: res://.godot/imported/scout.glb-0625723fc3fba04256457e229b1d47e9.scn remapped: res://.godot/imported/scout.glb-0625723fc3fba04256457e229b1d47e9.scn
Completed load for: 'res://assets/art/cast3d_rt/scout/scout.glb' remapped 'res://assets/art/cast3d_rt/scout/scout.glb' at thread -1
Loading resource: res://assets/art/cast3d_rt/handler/handler.glb remapped: res://assets/art/cast3d_rt/handler/handler.glb
Loading resource: res://.godot/imported/handler.glb-0c04ad94f546e43e9b1c8f4f31cb549a.scn remapped: res://.godot/imported/handler.glb-0c04ad94f546e43e9b1c8f4f31cb549a.scn
Completed load for: 'res://assets/art/cast3d_rt/handler/handler.glb' remapped 'res://assets/art/cast3d_rt/handler/handler.glb' at thread -1
Loading resource: res://assets/art/cast3d_rt/scrapper/scrapper.glb remapped: res://assets/art/cast3d_rt/scrapper/scrapper.glb
Loading resource: res://.godot/imported/scrapper.glb-8f467c17aee61e300b6432205da5b2ee.scn remapped: res://.godot/imported/scrapper.glb-8f467c17aee61e300b6432205da5b2ee.scn
Completed load for: 'res://assets/art/cast3d_rt/scrapper/scrapper.glb' remapped 'res://assets/art/cast3d_rt/scrapper/scrapper.glb' at thread -1
Loading resource: res://assets/art/cast3d_rt/hunter/hunter.glb remapped: res://assets/art/cast3d_rt/hunter/hunter.glb
Loading resource: res://.godot/imported/hunter.glb-41f87f9df71de2fe6d656e81609de690.scn remapped: res://.godot/imported/hunter.glb-41f87f9df71de2fe6d656e81609de690.scn
Completed load for: 'res://assets/art/cast3d_rt/hunter/hunter.glb' remapped 'res://assets/art/cast3d_rt/hunter/hunter.glb' at thread -1
Loading resource: res://assets/art/cast3d_rt/scrapper/scrapper.glb remapped: res://assets/art/cast3d_rt/scrapper/scrapper.glb
Loading resource: res://.godot/imported/scrapper.glb-8f467c17aee61e300b6432205da5b2ee.scn remapped: res://.godot/imported/scrapper.glb-8f467c17aee61e300b6432205da5b2ee.scn
Completed load for: 'res://assets/art/cast3d_rt/scrapper/scrapper.glb' remapped 'res://assets/art/cast3d_rt/scrapper/scrapper.glb' at thread -1
Loading resource: res://assets/art/cast3d_rt/scrapper/scrapper.glb remapped: res://assets/art/cast3d_rt/scrapper/scrapper.glb
Loading resource: res://.godot/imported/scrapper.glb-8f467c17aee61e300b6432205da5b2ee.scn remapped: res://.godot/imported/scrapper.glb-8f467c17aee61e300b6432205da5b2ee.scn
Completed load for: 'res://assets/art/cast3d_rt/scrapper/scrapper.glb' remapped 'res://assets/art/cast3d_rt/scrapper/scrapper.glb' at thread -1
Loading resource: res://assets/art/cast3d_rt/heavy/heavy.glb remapped: res://assets/art/cast3d_rt/heavy/heavy.glb
Loading resource: res://.godot/imported/heavy.glb-3d71a6e3a4d86725fae526315394e27d.scn remapped: res://.godot/imported/heavy.glb-3d71a6e3a4d86725fae526315394e27d.scn
Completed load for: 'res://assets/art/cast3d_rt/heavy/heavy.glb' remapped 'res://assets/art/cast3d_rt/heavy/heavy.glb' at thread -1
Loading resource: res://assets/art/cast3d_rt/welder/welder.glb remapped: res://assets/art/cast3d_rt/welder/welder.glb
Loading resource: res://.godot/imported/welder.glb-b0de12e904118ed5edb1181c6e49a32a.scn remapped: res://.godot/imported/welder.glb-b0de12e904118ed5edb1181c6e49a32a.scn
Completed load for: 'res://assets/art/cast3d_rt/welder/welder.glb' remapped 'res://assets/art/cast3d_rt/welder/welder.glb' at thread -1
Loading resource: res://assets/art/cast3d_rt/welder/welder.glb remapped: res://assets/art/cast3d_rt/welder/welder.glb
Loading resource: res://.godot/imported/welder.glb-b0de12e904118ed5edb1181c6e49a32a.scn remapped: res://.godot/imported/welder.glb-b0de12e904118ed5edb1181c6e49a32a.scn
Completed load for: 'res://assets/art/cast3d_rt/welder/welder.glb' remapped 'res://assets/art/cast3d_rt/welder/welder.glb' at thread -1
  ok   Buck is in the kennels
Loading resource: res://music/st_boss_harcourt.ogg remapped: res://music/st_boss_harcourt.ogg
Loading resource: res://.godot/imported/st_boss_harcourt.ogg-757ef301e30d63760b0543e41c5310e1.oggvorbisstr remapped: res://.godot/imported/st_boss_harcourt.ogg-757ef301e30d63760b0543e41c5310e1.oggvorbisstr
Completed load for: 'res://music/st_boss_harcourt.ogg' remapped 'res://music/st_boss_harcourt.ogg' at thread -1
Loading resource: res://assets/art/pixellab_ui_v3_approved/painted/k_yard.png remapped: res://assets/art/pixellab_ui_v3_approved/painted/k_yard.png
Loading resource: res://.godot/imported/k_yard.png-2b7418e443cda89356fe31a15f269066.ctex remapped: res://.godot/imported/k_yard.png-2b7418e443cda89356fe31a15f269066.ctex
Completed load for: 'res://assets/art/pixellab_ui_v3_approved/painted/k_yard.png' remapped 'res://assets/art/pixellab_ui_v3_approved/painted/k_yard.png' at thread -1
Loading resource: res://assets/art/painted/k_yard_glow.png remapped: res://assets/art/painted/k_yard_glow.png
Loading resource: res://.godot/imported/k_yard_glow.png-a798bcc833f41c35df644f6eedf00abb.ctex remapped: res://.godot/imported/k_yard_glow.png-a798bcc833f41c35df644f6eedf00abb.ctex
Completed load for: 'res://assets/art/painted/k_yard_glow.png' remapped 'res://assets/art/painted/k_yard_glow.png' at thread -1
Loading resource: res://assets/art/pixellab_ui_v3_approved/painted/k_buck.png remapped: res://assets/art/pixellab_ui_v3_approved/painted/k_buck.png
Loading resource: res://.godot/imported/k_buck.png-211bf82259978336222b7bd24181d8e0.ctex remapped: res://.godot/imported/k_buck.png-211bf82259978336222b7bd24181d8e0.ctex
Completed load for: 'res://assets/art/pixellab_ui_v3_approved/painted/k_buck.png' remapped 'res://assets/art/pixellab_ui_v3_approved/painted/k_buck.png' at thread -1
Loading resource: res://assets/art/painted/k_buck_glow.png remapped: res://assets/art/painted/k_buck_glow.png
Loading resource: res://.godot/imported/k_buck_glow.png-03616b2cbea58d1331a7ba4e82efe02b.ctex remapped: res://.godot/imported/k_buck_glow.png-03616b2cbea58d1331a7ba4e82efe02b.ctex
Completed load for: 'res://assets/art/painted/k_buck_glow.png' remapped 'res://assets/art/painted/k_buck_glow.png' at thread -1
Loading resource: res://assets/art/pixellab_ui_v3_approved/portraits/buck.png remapped: res://assets/art/pixellab_ui_v3_approved/portraits/buck.png
Loading resource: res://.godot/imported/buck.png-5f94b4f4c6df2da17bdffd74cdd9ecd7.ctex remapped: res://.godot/imported/buck.png-5f94b4f4c6df2da17bdffd74cdd9ecd7.ctex
Completed load for: 'res://assets/art/pixellab_ui_v3_approved/portraits/buck.png' remapped 'res://assets/art/pixellab_ui_v3_approved/portraits/buck.png' at thread -1
Loading resource: res://assets/art/pixellab_ui_v3_approved/painted/k_lane.png remapped: res://assets/art/pixellab_ui_v3_approved/painted/k_lane.png
Loading resource: res://.godot/imported/k_lane.png-d6728c5ea9eca22552698e081ca00a01.ctex remapped: res://.godot/imported/k_lane.png-d6728c5ea9eca22552698e081ca00a01.ctex
Completed load for: 'res://assets/art/pixellab_ui_v3_approved/painted/k_lane.png' remapped 'res://assets/art/pixellab_ui_v3_approved/painted/k_lane.png' at thread -1
Loading resource: res://assets/art/painted/k_lane_glow.png remapped: res://assets/art/painted/k_lane_glow.png
Loading resource: res://.godot/imported/k_lane_glow.png-32969076bbe63738bb063c6d97aaaf34.ctex remapped: res://.godot/imported/k_lane_glow.png-32969076bbe63738bb063c6d97aaaf34.ctex
Completed load for: 'res://assets/art/painted/k_lane_glow.png' remapped 'res://assets/art/painted/k_lane_glow.png' at thread -1
Loading resource: res://assets/art/cast3d_rt/gunner/gunner.glb remapped: res://assets/art/cast3d_rt/gunner/gunner.glb
Loading resource: res://.godot/imported/gunner.glb-e594849ae389f801d2b7c927f36f975f.scn remapped: res://.godot/imported/gunner.glb-e594849ae389f801d2b7c927f36f975f.scn
Loading resource: res://assets/art/cast3d_rt/gunner/gunner_Image_0.jpg remapped: res://assets/art/cast3d_rt/gunner/gunner_Image_0.jpg
Loading resource: res://.godot/imported/gunner_Image_0.jpg-b2286ab5219c41d68a509d7469b1dea0.ctex remapped: res://.godot/imported/gunner_Image_0.jpg-b2286ab5219c41d68a509d7469b1dea0.ctex
Completed load for: 'res://assets/art/cast3d_rt/gunner/gunner_Image_0.jpg' remapped 'res://assets/art/cast3d_rt/gunner/gunner_Image_0.jpg' at thread -1
Completed load for: 'res://assets/art/cast3d_rt/gunner/gunner.glb' remapped 'res://assets/art/cast3d_rt/gunner/gunner.glb' at thread -1
Loading resource: res://assets/art/cast3d_rt/gunner/gunner.glb remapped: res://assets/art/cast3d_rt/gunner/gunner.glb
Loading resource: res://.godot/imported/gunner.glb-e594849ae389f801d2b7c927f36f975f.scn remapped: res://.godot/imported/gunner.glb-e594849ae389f801d2b7c927f36f975f.scn
Completed load for: 'res://assets/art/cast3d_rt/gunner/gunner.glb' remapped 'res://assets/art/cast3d_rt/gunner/gunner.glb' at thread -1
  ok   Buck fights
  ok   a hit opens a cage
Loading resource: res://assets/audio/sfx/tote_ding.wav remapped: res://assets/audio/sfx/tote_ding.wav
Loading resource: res://.godot/imported/tote_ding.wav-ae996b92dbf19a7a56f22ed99c3d4703.sample remapped: res://.godot/imported/tote_ding.wav-ae996b92dbf19a7a56f22ed99c3d4703.sample
Completed load for: 'res://assets/audio/sfx/tote_ding.wav' remapped 'res://assets/audio/sfx/tote_ding.wav' at thread -1
Loading resource: res://assets/audio/sfx/splat.wav remapped: res://assets/audio/sfx/splat.wav
Loading resource: res://.godot/imported/splat.wav-3f3a1bbc1d56668b1236e346d680e7ce.sample remapped: res://.godot/imported/splat.wav-3f3a1bbc1d56668b1236e346d680e7ce.sample
Completed load for: 'res://assets/audio/sfx/splat.wav' remapped 'res://assets/audio/sfx/splat.wav' at thread -1
  ok   the dinner bell leaves him alone
Loading resource: res://music/st_boss_harcourt_dark.ogg remapped: res://music/st_boss_harcourt_dark.ogg
Loading resource: res://.godot/imported/st_boss_harcourt_dark.ogg-2e79624849d893d2a979580d227cf86b.oggvorbisstr remapped: res://.godot/imported/st_boss_harcourt_dark.ogg-2e79624849d893d2a979580d227cf86b.oggvorbisstr
Completed load for: 'res://music/st_boss_harcourt_dark.ogg' remapped 'res://music/st_boss_harcourt_dark.ogg' at thread -1
Loading resource: res://assets/audio/sfx/step0.wav remapped: res://assets/audio/sfx/step0.wav
Loading resource: res://.godot/imported/step0.wav-d8908bef6e533a9c6fb0f4ee6b4c1020.sample remapped: res://.godot/imported/step0.wav-d8908bef6e533a9c6fb0f4ee6b4c1020.sample
Completed load for: 'res://assets/audio/sfx/step0.wav' remapped 'res://assets/audio/sfx/step0.wav' at thread -1
Loading resource: res://assets/audio/sfx/step2.wav remapped: res://assets/audio/sfx/step2.wav
Loading resource: res://.godot/imported/step2.wav-e1c25f13e2b106666688b86930f82b2f.sample remapped: res://.godot/imported/step2.wav-e1c25f13e2b106666688b86930f82b2f.sample
Completed load for: 'res://assets/audio/sfx/step2.wav' remapped 'res://assets/audio/sfx/step2.wav' at thread -1
Loading resource: res://assets/audio/sfx/step1.wav remapped: res://assets/audio/sfx/step1.wav
Loading resource: res://.godot/imported/step1.wav-b0b44aa752d2ba65107dbdcfa5e8c366.sample remapped: res://.godot/imported/step1.wav-b0b44aa752d2ba65107dbdcfa5e8c366.sample
Completed load for: 'res://assets/audio/sfx/step1.wav' remapped 'res://assets/audio/sfx/step1.wav' at thread -1
Loading resource: res://assets/art/sprites/cigarette_pixellab.png remapped: res://assets/art/sprites/cigarette_pixellab.png
Loading resource: res://.godot/imported/cigarette_pixellab.png-0836d7e938776887d4cc1dd05ab26fb0.ctex remapped: res://.godot/imported/cigarette_pixellab.png-0836d7e938776887d4cc1dd05ab26fb0.ctex
Completed load for: 'res://assets/art/sprites/cigarette_pixellab.png' remapped 'res://assets/art/sprites/cigarette_pixellab.png' at thread -1
Loading resource: res://assets/art/pixellab_ui_v3_approved/painted/k_down.png remapped: res://assets/art/pixellab_ui_v3_approved/painted/k_down.png
Loading resource: res://.godot/imported/k_down.png-09caa2d07d0a863a7db40ef923acb935.ctex remapped: res://.godot/imported/k_down.png-09caa2d07d0a863a7db40ef923acb935.ctex
Completed load for: 'res://assets/art/pixellab_ui_v3_approved/painted/k_down.png' remapped 'res://assets/art/pixellab_ui_v3_approved/painted/k_down.png' at thread -1
Loading resource: res://assets/art/painted/k_down_glow.png remapped: res://assets/art/painted/k_down_glow.png
Loading resource: res://.godot/imported/k_down_glow.png-5151f08faf5520be13396eefbc32ff7d.ctex remapped: res://.godot/imported/k_down_glow.png-5151f08faf5520be13396eefbc32ff7d.ctex
Completed load for: 'res://assets/art/painted/k_down_glow.png' remapped 'res://assets/art/painted/k_down_glow.png' at thread -1
  ok   Buck's last scene plays
Loading resource: res://assets/art/pixellab_ui_v3_approved/painted/k_dogs.png remapped: res://assets/art/pixellab_ui_v3_approved/painted/k_dogs.png
Loading resource: res://.godot/imported/k_dogs.png-ed1200f47717b0f4e91452eff4a65592.ctex remapped: res://.godot/imported/k_dogs.png-ed1200f47717b0f4e91452eff4a65592.ctex
Completed load for: 'res://assets/art/pixellab_ui_v3_approved/painted/k_dogs.png' remapped 'res://assets/art/pixellab_ui_v3_approved/painted/k_dogs.png' at thread -1
Loading resource: res://assets/art/painted/k_dogs_glow.png remapped: res://assets/art/painted/k_dogs_glow.png
Loading resource: res://.godot/imported/k_dogs_glow.png-62b830bc8c32406eb84edbe9e7fe3945.ctex remapped: res://.godot/imported/k_dogs_glow.png-62b830bc8c32406eb84edbe9e7fe3945.ctex
Completed load for: 'res://assets/art/painted/k_dogs_glow.png' remapped 'res://assets/art/painted/k_dogs_glow.png' at thread -1
Loading resource: res://music/st_aftermath.ogg remapped: res://music/st_aftermath.ogg
Loading resource: res://.godot/imported/st_aftermath.ogg-36bc03c93146426af5fa21d276141e36.oggvorbisstr remapped: res://.godot/imported/st_aftermath.ogg-36bc03c93146426af5fa21d276141e36.oggvorbisstr
Completed load for: 'res://music/st_aftermath.ogg' remapped 'res://music/st_aftermath.ogg' at thread -1
  ok   clearing the yard opens the escape (5)
  ok   m02 car exit enabled
Loading resource: res://assets/art/sprites/cigarette_pixellab.png remapped: res://assets/art/sprites/cigarette_pixellab.png
Loading resource: res://.godot/imported/cigarette_pixellab.png-0836d7e938776887d4cc1dd05ab26fb0.ctex remapped: res://.godot/imported/cigarette_pixellab.png-0836d7e938776887d4cc1dd05ab26fb0.ctex
Completed load for: 'res://assets/art/sprites/cigarette_pixellab.png' remapped 'res://assets/art/sprites/cigarette_pixellab.png' at thread -1
Loading resource: res://scenes/ui/results.tscn remapped: res://scenes/ui/results.tscn
Completed load for: 'res://scenes/ui/results.tscn' remapped 'res://scenes/ui/results.tscn' at thread -1
  ok   m02 results screen
=== SMOKE TEST DONE: 0 failures ===
XR: Clearing primary interface
XR: Removed interface "Native mobile"
XR: Removed interface "OpenXR"
