Godot Engine v4.7.2.stable.official.ed1daf0bf - https://godotengine.org

[   0% ] [90m[1mfirst_scan_filesystem[22m | Started Project initialization (5 steps)[39m[0m
[   0% ] [90m[1mfirst_scan_filesystem[22m | Scanning file structure...[39m[0m
[  16% ] [90m[1mfirst_scan_filesystem[22m | Loading global class names...[39m[0m
[  33% ] [90m[1mfirst_scan_filesystem[22m | Verifying GDExtensions...[39m[0m
[  50% ] [90m[1mfirst_scan_filesystem[22m | Creating autoload scripts...[39m[0m
[  66% ] [90m[1mfirst_scan_filesystem[22m | Initializing plugins...[39m[0m
[  83% ] [90m[1mfirst_scan_filesystem[22m | Starting file scan...[39m[0m
[92m[ DONE ][39m [1mfirst_scan_filesystem[22m
[0m
[   0% ] [90m[1msavepack[22m | Started Packing (102 steps)[39m[0m
[   1% ] [90m[1msavepack[22m | Storing File: res://addons/godot_ai/clients/_atomic_write.gdc[39m[0m
[   1% ] [90m[1msavepack[22m | Storing File: res://addons/godot_ai/clients/_base.gdc[39m[0m
[   1% ] [90m[1msavepack[22m | Storing File: res://addons/godot_ai/clients/_cli_exec.gdc[39m[0m
[   1% ] [90m[1msavepack[22m | Storing File: res://addons/godot_ai/clients/_cli_finder.gdc[39m[0m
[   1% ] [90m[1msavepack[22m | Storing File: res://addons/godot_ai/clients/_cli_strategy.gdc[39m[0m
[   1% ] [90m[1msavepack[22m | Storing File: res://addons/godot_ai/clients/_dsh_strategy.gdc[39m[0m
[   1% ] [90m[1msavepack[22m | Storing File: res://addons/godot_ai/clients/_json_strategy.gdc[39m[0m
[   1% ] [90m[1msavepack[22m | Storing File: res://addons/godot_ai/clients/_manual_command.gdc[39m[0m
[   1% ] [90m[1msavepack[22m | Storing File: res://addons/godot_ai/clients/_path_template.gdc[39m[0m
[   1% ] [90m[1msavepack[22m | Storing File: res://addons/godot_ai/clients/_registry.gdc[39m[0m
[   1% ] [90m[1msavepack[22m | Storing File: res://addons/godot_ai/clients/_toml_strategy.gdc[39m[0m
[   1% ] [90m[1msavepack[22m | Storing File: res://addons/godot_ai/clients/_yaml_strategy.gdc[39m[0m
[   1% ] [90m[1msavepack[22m | Storing File: res://addons/godot_ai/clients/antigravity.gdc[39m[0m
[   1% ] [90m[1msavepack[22m | Storing File: res://addons/godot_ai/clients/cherry_studio.gdc[39m[0m
[   1% ] [90m[1msavepack[22m | Storing File: res://addons/godot_ai/clients/claude_code.gdc[39m[0m
[   1% ] [90m[1msavepack[22m | Storing File: res://addons/godot_ai/clients/claude_desktop.gdc[39m[0m
[   1% ] [90m[1msavepack[22m | Storing File: res://addons/godot_ai/clients/cline.gdc[39m[0m
[   1% ] [90m[1msavepack[22m | Storing File: res://addons/godot_ai/clients/codex.gdc[39m[0m
[   1% ] [90m[1msavepack[22m | Storing File: res://addons/godot_ai/clients/cursor.gdc[39m[0m
[   1% ] [90m[1msavepack[22m | Storing File: res://addons/godot_ai/clients/deepseek_harness.gdc[39m[0m
[   1% ] [90m[1msavepack[22m | Storing File: res://addons/godot_ai/clients/gemini_cli.gdc[39m[0m
[   1% ] [90m[1msavepack[22m | Storing File: res://addons/godot_ai/clients/grok.gdc[39m[0m
[   1% ] [90m[1msavepack[22m | Storing File: res://addons/godot_ai/clients/hermes.gdc[39m[0m
[   1% ] [90m[1msavepack[22m | Storing File: res://addons/godot_ai/clients/kilo_code.gdc[39m[0m
[   1% ] [90m[1msavepack[22m | Storing File: res://addons/godot_ai/clients/kimi_code.gdc[39m[0m
[   1% ] [90m[1msavepack[22m | Storing File: res://addons/godot_ai/clients/kiro.gdc[39m[0m
[   1% ] [90m[1msavepack[22m | Storing File: res://addons/godot_ai/clients/opencode.gdc[39m[0m
[   1% ] [90m[1msavepack[22m | Storing File: res://addons/godot_ai/clients/pi.gdc[39m[0m
[   1% ] [90m[1msavepack[22m | Storing File: res://addons/godot_ai/clients/qwen_code.gdc[39m[0m
[   1% ] [90m[1msavepack[22m | Storing File: res://addons/godot_ai/clients/roo_code.gdc[39m[0m
[   1% ] [90m[1msavepack[22m | Storing File: res://addons/godot_ai/clients/trae.gdc[39m[0m
[   1% ] [90m[1msavepack[22m | Storing File: res://addons/godot_ai/clients/vscode.gdc[39m[0m
[   1% ] [90m[1msavepack[22m | Storing File: res://addons/godot_ai/clients/vscode_insiders.gdc[39m[0m
[   2% ] [90m[1msavepack[22m | Storing File: res://addons/godot_ai/clients/windsurf.gdc[39m[0m
[   2% ] [90m[1msavepack[22m | Storing File: res://addons/godot_ai/clients/zed.gdc[39m[0m
[   2% ] [90m[1msavepack[22m | Storing File: res://addons/godot_ai/clients/zoo_code.gdc[39m[0m
[   2% ] [90m[1msavepack[22m | Storing File: res://addons/godot_ai/custom_tools/custom_tool_wrapper.gdc[39m[0m
[   2% ] [90m[1msavepack[22m | Storing File: res://addons/godot_ai/custom_tools/mcp_call_context.gdc[39m[0m
[   2% ] [90m[1msavepack[22m | Storing File: res://addons/godot_ai/custom_tools/mcp_custom_tool_spec.gdc[39m[0m
[   2% ] [90m[1msavepack[22m | Storing File: res://addons/godot_ai/custom_tools/mcp_service_locator.gdc[39m[0m
[   2% ] [90m[1msavepack[22m | Storing File: res://addons/godot_ai/custom_tools/mcp_tool_registry.gdc[39m[0m
[   2% ] [90m[1msavepack[22m | Storing File: res://addons/godot_ai/debugger/mcp_debugger_plugin.gdc[39m[0m
[   2% ] [90m[1msavepack[22m | Storing File: res://addons/godot_ai/dock_panels/log_viewer.gdc[39m[0m
[   2% ] [90m[1msavepack[22m | Storing File: res://addons/godot_ai/dock_panels/port_picker_panel.gdc[39m[0m
[   2% ] [90m[1msavepack[22m | Storing File: res://addons/godot_ai/export/mcp_export_plugin.gdc[39m[0m
[   2% ] [90m[1msavepack[22m | Storing File: res://addons/godot_ai/handlers/_node_validator.gdc[39m[0m
[   2% ] [90m[1msavepack[22m | Storing File: res://addons/godot_ai/handlers/_param_validators.gdc[39m[0m
[   2% ] [90m[1msavepack[22m | Storing File: res://addons/godot_ai/handlers/_property_errors.gdc[39m[0m
[   2% ] [90m[1msavepack[22m | Storing File: res://addons/godot_ai/handlers/animation_handler.gdc[39m[0m
[   2% ] [90m[1msavepack[22m | Storing File: res://addons/godot_ai/handlers/animation_presets.gdc[39m[0m
[   2% ] [90m[1msavepack[22m | Storing File: res://addons/godot_ai/handlers/animation_values.gdc[39m[0m
[   2% ] [90m[1msavepack[22m | Storing File: res://addons/godot_ai/handlers/api_handler.gdc[39m[0m
[   2% ] [90m[1msavepack[22m | Storing File: res://addons/godot_ai/handlers/audio_handler.gdc[39m[0m
[   2% ] [90m[1msavepack[22m | Storing File: res://addons/godot_ai/handlers/autoload_handler.gdc[39m[0m
[   2% ] [90m[1msavepack[22m | Storing File: res://addons/godot_ai/handlers/batch_handler.gdc[39m[0m
[   2% ] [90m[1msavepack[22m | Storing File: res://addons/godot_ai/handlers/camera_handler.gdc[39m[0m
[   2% ] [90m[1msavepack[22m | Storing File: res://addons/godot_ai/handlers/camera_presets.gdc[39m[0m
[   2% ] [90m[1msavepack[22m | Storing File: res://addons/godot_ai/handlers/camera_values.gdc[39m[0m
[   2% ] [90m[1msavepack[22m | Storing File: res://addons/godot_ai/handlers/client_handler.gdc[39m[0m
[   2% ] [90m[1msavepack[22m | Storing File: res://addons/godot_ai/handlers/control_draw_recipe_handler.gdc[39m[0m
[   2% ] [90m[1msavepack[22m | Storing File: res://addons/godot_ai/handlers/csg_handler.gdc[39m[0m
[   2% ] [90m[1msavepack[22m | Storing File: res://addons/godot_ai/handlers/curve_handler.gdc[39m[0m
[   2% ] [90m[1msavepack[22m | Storing File: res://addons/godot_ai/handlers/editor_handler.gdc[39m[0m
[   2% ] [90m[1msavepack[22m | Storing File: res://addons/godot_ai/handlers/environment_handler.gdc[39m[0m
[   2% ] [90m[1msavepack[22m | Storing File: res://addons/godot_ai/handlers/filesystem_handler.gdc[39m[0m
[   3% ] [90m[1msavepack[22m | Storing File: res://addons/godot_ai/handlers/gridmap_handler.gdc[39m[0m
[   3% ] [90m[1msavepack[22m | Storing File: res://addons/godot_ai/handlers/input_handler.gdc[39m[0m
[   3% ] [90m[1msavepack[22m | Storing File: res://addons/godot_ai/handlers/material_handler.gdc[39m[0m
[   3% ] [90m[1msavepack[22m | Storing File: res://addons/godot_ai/handlers/material_presets.gdc[39m[0m
[   3% ] [90m[1msavepack[22m | Storing File: res://addons/godot_ai/handlers/material_values.gdc[39m[0m
[   3% ] [90m[1msavepack[22m | Storing File: res://addons/godot_ai/handlers/node_handler.gdc[39m[0m
[   3% ] [90m[1msavepack[22m | Storing File: res://addons/godot_ai/handlers/particle_handler.gdc[39m[0m
[   3% ] [90m[1msavepack[22m | Storing File: res://addons/godot_ai/handlers/particle_presets.gdc[39m[0m
[   3% ] [90m[1msavepack[22m | Storing File: res://addons/godot_ai/handlers/particle_values.gdc[39m[0m
[   3% ] [90m[1msavepack[22m | Storing File: res://addons/godot_ai/handlers/physics_shape_handler.gdc[39m[0m
[   3% ] [90m[1msavepack[22m | Storing File: res://addons/godot_ai/handlers/project_handler.gdc[39m[0m
[   3% ] [90m[1msavepack[22m | Storing File: res://addons/godot_ai/handlers/resource_handler.gdc[39m[0m
[   3% ] [90m[1msavepack[22m | Storing File: res://addons/godot_ai/handlers/scene_handler.gdc[39m[0m
[   3% ] [90m[1msavepack[22m | Storing File: res://addons/godot_ai/handlers/script_handler.gdc[39m[0m
[   3% ] [90m[1msavepack[22m | Storing File: res://addons/godot_ai/handlers/signal_handler.gdc[39m[0m
[   3% ] [90m[1msavepack[22m | Storing File: res://addons/godot_ai/handlers/test_handler.gdc[39m[0m
[   3% ] [90m[1msavepack[22m | Storing File: res://addons/godot_ai/handlers/texture_handler.gdc[39m[0m
[   3% ] [90m[1msavepack[22m | Storing File: res://addons/godot_ai/handlers/theme_handler.gdc[39m[0m
[   3% ] [90m[1msavepack[22m | Storing File: res://addons/godot_ai/handlers/tilemap_handler.gdc[39m[0m
[   3% ] [90m[1msavepack[22m | Storing File: res://addons/godot_ai/handlers/tileset_handler.gdc[39m[0m
[   3% ] [90m[1msavepack[22m | Storing File: res://addons/godot_ai/handlers/ui_handler.gdc[39m[0m
[   3% ] [90m[1msavepack[22m | Storing File: res://addons/godot_ai/runtime/draw_recipe.gdc[39m[0m
[   3% ] [90m[1msavepack[22m | Storing File: res://addons/godot_ai/runtime/editor_logger.gdc[39m[0m
[   3% ] [90m[1msavepack[22m | Storing File: res://addons/godot_ai/runtime/game_helper.gdc[39m[0m
[   3% ] [90m[1msavepack[22m | Storing File: res://addons/godot_ai/runtime/game_logger.gdc[39m[0m
[   3% ] [90m[1msavepack[22m | Storing File: res://addons/godot_ai/runtime/validation_logger.gdc[39m[0m
[   3% ] [90m[1msavepack[22m | Storing File: res://addons/godot_ai/testing/script_error_capture.gdc[39m[0m
[   3% ] [90m[1msavepack[22m | Storing File: res://addons/godot_ai/testing/test_runner.gdc[39m[0m
[   3% ] [90m[1msavepack[22m | Storing File: res://addons/godot_ai/testing/test_suite.gdc[39m[0m
[   3% ] [90m[1msavepack[22m | Storing File: res://addons/godot_ai/utils/allow_hosts.gdc[39m[0m
[   3% ] [90m[1msavepack[22m | Storing File: res://addons/godot_ai/utils/class_introspection.gdc[39m[0m
[   3% ] [90m[1msavepack[22m | Storing File: res://addons/godot_ai/utils/diagnostics_capture.gdc[39m[0m
[   4% ] [90m[1msavepack[22m | Storing File: res://addons/godot_ai/utils/editor_log_buffer.gdc[39m[0m
[   4% ] [90m[1msavepack[22m | Storing File: res://addons/godot_ai/utils/error_codes.gdc[39m[0m
[   4% ] [90m[1msavepack[22m | Storing File: res://addons/godot_ai/utils/fuzzy_suggestions.gdc[39m[0m
[   4% ] [90m[1msavepack[22m | Storing File: res://addons/godot_ai/utils/game_log_buffer.gdc[39m[0m
[   4% ] [90m[1msavepack[22m | Storing File: res://addons/godot_ai/utils/json_values.gdc[39m[0m
[   4% ] [90m[1msavepack[22m | Storing File: res://addons/godot_ai/utils/log_backtrace.gdc[39m[0m
[   4% ] [90m[1msavepack[22m | Storing File: res://addons/godot_ai/utils/log_buffer.gdc[39m[0m
[   4% ] [90m[1msavepack[22m | Storing File: res://addons/godot_ai/utils/mcp_adoption_label.gdc[39m[0m
[   4% ] [90m[1msavepack[22m | Storing File: res://addons/godot_ai/utils/mcp_client_refresh_state.gdc[39m[0m
[   4% ] [90m[1msavepack[22m | Storing File: res://addons/godot_ai/utils/mcp_server_state.gdc[39m[0m
[   4% ] [90m[1msavepack[22m | Storing File: res://addons/godot_ai/utils/mcp_startup_path.gdc[39m[0m
[   4% ] [90m[1msavepack[22m | Storing File: res://addons/godot_ai/utils/path_validator.gdc[39m[0m
[   4% ] [90m[1msavepack[22m | Storing File: res://addons/godot_ai/utils/port_resolver.gdc[39m[0m
[   4% ] [90m[1msavepack[22m | Storing File: res://addons/godot_ai/utils/resource_io.gdc[39m[0m
[   4% ] [90m[1msavepack[22m | Storing File: res://addons/godot_ai/utils/scene_path.gdc[39m[0m
[   4% ] [90m[1msavepack[22m | Storing File: res://addons/godot_ai/utils/screenshot_encode.gdc[39m[0m
[   4% ] [90m[1msavepack[22m | Storing File: res://addons/godot_ai/utils/server_lifecycle.gdc[39m[0m
[   4% ] [90m[1msavepack[22m | Storing File: res://addons/godot_ai/utils/server_version_check.gdc[39m[0m
[   4% ] [90m[1msavepack[22m | Storing File: res://addons/godot_ai/utils/settings.gdc[39m[0m
[   4% ] [90m[1msavepack[22m | Storing File: res://addons/godot_ai/utils/structured_log_ring.gdc[39m[0m
[   4% ] [90m[1msavepack[22m | Storing File: res://addons/godot_ai/utils/surfaced_error_tracker.gdc[39m[0m
[   4% ] [90m[1msavepack[22m | Storing File: res://addons/godot_ai/utils/update_manager.gdc[39m[0m
[   4% ] [90m[1msavepack[22m | Storing File: res://addons/godot_ai/utils/update_mixed_state.gdc[39m[0m
[   4% ] [90m[1msavepack[22m | Storing File: res://addons/godot_ai/utils/uv_cache_cleanup.gdc[39m[0m
[   4% ] [90m[1msavepack[22m | Storing File: res://addons/godot_ai/utils/variant_serializer.gdc[39m[0m
[   4% ] [90m[1msavepack[22m | Storing File: res://addons/godot_ai/utils/windows_port_reservation.gdc[39m[0m
[   4% ] [90m[1msavepack[22m | Storing File: res://addons/godot_ai/client_configurator.gdc[39m[0m
[   4% ] [90m[1msavepack[22m | Storing File: res://addons/godot_ai/connection.gdc[39m[0m
[   4% ] [90m[1msavepack[22m | Storing File: res://addons/godot_ai/dispatcher.gdc[39m[0m
[   4% ] [90m[1msavepack[22m | Storing File: res://addons/godot_ai/mcp_dock.gdc[39m[0m
[   4% ] [90m[1msavepack[22m | Storing File: res://addons/godot_ai/plugin.gdc[39m[0m
[   4% ] [90m[1msavepack[22m | Storing File: res://addons/godot_ai/telemetry.gdc[39m[0m
[   4% ] [90m[1msavepack[22m | Storing File: res://addons/godot_ai/tool_catalog.gdc[39m[0m
[   5% ] [90m[1msavepack[22m | Storing File: res://addons/godot_ai/update_reload_runner.gdc[39m[0m
[   5% ] [90m[1msavepack[22m | Storing File: res://addons/godot_ai/vision_routing.gdc[39m[0m
[   5% ] [90m[1msavepack[22m | Storing File: res://.godot/imported/frame_0001.png-c72ea2243aab4c21cde06b4b3e224fdb.ctex[39m[0m
[   5% ] [90m[1msavepack[22m | Storing File: res://assets/art/animated/cutscenes/apartment_1988/frame_0001.png.import[39m[0m
[   5% ] [90m[1msavepack[22m | Storing File: res://.godot/imported/frame_0002.png-08a79fa9132064aea593237733211272.ctex[39m[0m
[   5% ] [90m[1msavepack[22m | Storing File: res://assets/art/animated/cutscenes/apartment_1988/frame_0002.png.import[39m[0m
[   5% ] [90m[1msavepack[22m | Storing File: res://.godot/imported/frame_0003.png-a459957b46324e2c00b7f144465fe708.ctex[39m[0m
[   5% ] [90m[1msavepack[22m | Storing File: res://assets/art/animated/cutscenes/apartment_1988/frame_0003.png.import[39m[0m
[   5% ] [90m[1msavepack[22m | Storing File: res://.godot/imported/frame_0004.png-8ca66ed62eb3e869daa29a8626875e19.ctex[39m[0m
[   5% ] [90m[1msavepack[22m | Storing File: res://assets/art/animated/cutscenes/apartment_1988/frame_0004.png.import[39m[0m
[   5% ] [90m[1msavepack[22m | Storing File: res://.godot/imported/frame_0005.png-5ad755c2c2720b2cee45531f34e5a30a.ctex[39m[0m
[   5% ] [90m[1msavepack[22m | Storing File: res://assets/art/animated/cutscenes/apartment_1988/frame_0005.png.import[39m[0m
[   5% ] [90m[1msavepack[22m | Storing File: res://.godot/imported/frame_0006.png-8272d0cc5e7459928b536b2a4ff7d8be.ctex[39m[0m
[   5% ] [90m[1msavepack[22m | Storing File: res://assets/art/animated/cutscenes/apartment_1988/frame_0006.png.import[39m[0m
[   5% ] [90m[1msavepack[22m | Storing File: res://.godot/imported/frame_0007.png-8bbb368be264718616f240c97da29ac0.ctex[39m[0m
[   5% ] [90m[1msavepack[22m | Storing File: res://assets/art/animated/cutscenes/apartment_1988/frame_0007.png.import[39m[0m
[   5% ] [90m[1msavepack[22m | Storing File: res://.godot/imported/frame_0008.png-604b065e75d7ed6b5e184641cf336328.ctex[39m[0m
[   5% ] [90m[1msavepack[22m | Storing File: res://assets/art/animated/cutscenes/apartment_1988/frame_0008.png.import[39m[0m
[   5% ] [90m[1msavepack[22m | Storing File: res://.godot/imported/frame_0009.png-2b646b63d68eeb4d47c64abf8daa095c.ctex[39m[0m
[   5% ] [90m[1msavepack[22m | Storing File: res://assets/art/animated/cutscenes/apartment_1988/frame_0009.png.import[39m[0m
[   5% ] [90m[1msavepack[22m | Storing File: res://.godot/imported/frame_0010.png-9bf95a538f14f5df58d9f841bbe79bc6.ctex[39m[0m
[   5% ] [90m[1msavepack[22m | Storing File: res://assets/art/animated/cutscenes/apartment_1988/frame_0010.png.import[39m[0m
[   5% ] [90m[1msavepack[22m | Storing File: res://.godot/imported/frame_0011.png-357e9706ea89cec2bbec6c8f3d999674.ctex[39m[0m
[   5% ] [90m[1msavepack[22m | Storing File: res://assets/art/animated/cutscenes/apartment_1988/frame_0011.png.import[39m[0m
[   5% ] [90m[1msavepack[22m | Storing File: res://.godot/imported/frame_0012.png-d7c20984c18e5d1e3f6779ee774cc3e5.ctex[39m[0m
[   5% ] [90m[1msavepack[22m | Storing File: res://assets/art/animated/cutscenes/apartment_1988/frame_0012.png.import[39m[0m
[   5% ] [90m[1msavepack[22m | Storing File: res://.godot/imported/frame_0013.png-d271f623aaadb6c8a389663eab7c84b3.ctex[39m[0m
[   5% ] [90m[1msavepack[22m | Storing File: res://assets/art/animated/cutscenes/apartment_1988/frame_0013.png.import[39m[0m
[   5% ] [90m[1msavepack[22m | Storing File: res://.godot/imported/frame_0014.png-cfab95005653257de5db2c859f8349d4.ctex[39m[0m
[   5% ] [90m[1msavepack[22m | Storing File: res://assets/art/animated/cutscenes/apartment_1988/frame_0014.png.import[39m[0m
[   5% ] [90m[1msavepack[22m | Storing File: res://.godot/imported/frame_0015.png-18bff7e179ff3f2e7a5192c029a0b82e.ctex[39m[0m
[   5% ] [90m[1msavepack[22m | Storing File: res://assets/art/animated/cutscenes/apartment_1988/frame_0015.png.import[39m[0m
[   5% ] [90m[1msavepack[22m | Storing File: res://.godot/imported/frame_0016.png-b4c062eb7b955f5048b232f2f8a23f81.ctex[39m[0m
[   5% ] [90m[1msavepack[22m | Storing File: res://assets/art/animated/cutscenes/apartment_1988/frame_0016.png.import[39m[0m
[   5% ] [90m[1msavepack[22m | Storing File: res://.godot/imported/frame_0017.png-f2cb67e4fea8a3a7ef71bd56fa714fa9.ctex[39m[0m
[   5% ] [90m[1msavepack[22m | Storing File: res://assets/art/animated/cutscenes/apartment_1988/frame_0017.png.import[39m[0m
[   5% ] [90m[1msavepack[22m | Storing File: res://.godot/imported/frame_0018.png-2a6a8ff432ac22cd5908bf6f3d1789ad.ctex[39m[0m
[   5% ] [90m[1msavepack[22m | Storing File: res://assets/art/animated/cutscenes/apartment_1988/frame_0018.png.import[39m[0m
[   5% ] [90m[1msavepack[22m | Storing File: res://.godot/imported/frame_0019.png-e5467069f842199540ad6b897b056aef.ctex[39m[0m
[   5% ] [90m[1msavepack[22m | Storing File: res://assets/art/animated/cutscenes/apartment_1988/frame_0019.png.import[39m[0m
[   5% ] [90m[1msavepack[22m | Storing File: res://.godot/imported/frame_0020.png-3848e9da7b50adca20db05b6334f23ba.ctex[39m[0m
[   5% ] [90m[1msavepack[22m | Storing File: res://assets/art/animated/cutscenes/apartment_1988/frame_0020.png.import[39m[0m
[   5% ] [90m[1msavepack[22m | Storing File: res://.godot/imported/frame_0021.png-addc4c81654cf46dca3531cdc7d58dc4.ctex[39m[0m
[   5% ] [90m[1msavepack[22m | Storing File: res://assets/art/animated/cutscenes/apartment_1988/frame_0021.png.import[39m[0m
[   5% ] [90m[1msavepack[22m | Storing File: res://.godot/imported/frame_0022.png-df36a70aa69ce913fce90f9908888dbe.ctex[39m[0m
[   5% ] [90m[1msavepack[22m | Storing File: res://assets/art/animated/cutscenes/apartment_1988/frame_0022.png.import[39m[0m
[   5% ] [90m[1msavepack[22m | Storing File: res://.godot/imported/frame_0023.png-99dda349a9cbefef8026469e951a0548.ctex[39m[0m
[   5% ] [90m[1msavepack[22m | Storing File: res://assets/art/animated/cutscenes/apartment_1988/frame_0023.png.import[39m[0m
[   5% ] [90m[1msavepack[22m | Storing File: res://.godot/imported/frame_0024.png-3d0777960795829df239e10641d3441f.ctex[39m[0m
[   5% ] [90m[1msavepack[22m | Storing File: res://assets/art/animated/cutscenes/apartment_1988/frame_0024.png.import[39m[0m
[   5% ] [90m[1msavepack[22m | Storing File: res://.godot/imported/frame_0001.png-de81c3ebc26758c521043b9a1e556579.ctex[39m[0m
[   5% ] [90m[1msavepack[22m | Storing File: res://assets/art/animated/cutscenes/news_1988/frame_0001.png.import[39m[0m
[   5% ] [90m[1msavepack[22m | Storing File: res://.godot/imported/frame_0002.png-606052f5d7113f8ff5eaf6caac0b29d0.ctex[39m[0m
[   5% ] [90m[1msavepack[22m | Storing File: res://assets/art/animated/cutscenes/news_1988/frame_0002.png.import[39m[0m
[   5% ] [90m[1msavepack[22m | Storing File: res://.godot/imported/frame_0003.png-77103ddadf14ee88956d59e0b2a19d66.ctex[39m[0m
[   5% ] [90m[1msavepack[22m | Storing File: res://assets/art/animated/cutscenes/news_1988/frame_0003.png.import[39m[0m
[   5% ] [90m[1msavepack[22m | Storing File: res://.godot/imported/frame_0004.png-07e2e0be2c8525024aba49b29544607e.ctex[39m[0m
[   5% ] [90m[1msavepack[22m | Storing File: res://assets/art/animated/cutscenes/news_1988/frame_0004.png.import[39m[0m
[   5% ] [90m[1msavepack[22m | Storing File: res://.godot/imported/frame_0005.png-ab974f03140225c58b876bd6f76e76aa.ctex[39m[0m
[   5% ] [90m[1msavepack[22m | Storing File: res://assets/art/animated/cutscenes/news_1988/frame_0005.png.import[39m[0m
[   5% ] [90m[1msavepack[22m | Storing File: res://.godot/imported/frame_0006.png-b62c1da6d24df8fb2eeceb294d187a9d.ctex[39m[0m
[   5% ] [90m[1msavepack[22m | Storing File: res://assets/art/animated/cutscenes/news_1988/frame_0006.png.import[39m[0m
[   6% ] [90m[1msavepack[22m | Storing File: res://.godot/imported/frame_0007.png-a118610c002acb4fa713b303dfce4642.ctex[39m[0m
[   6% ] [90m[1msavepack[22m | Storing File: res://assets/art/animated/cutscenes/news_1988/frame_0007.png.import[39m[0m
[   6% ] [90m[1msavepack[22m | Storing File: res://.godot/imported/frame_0008.png-42278f65b8d61335e4cd713b6cd857cb.ctex[39m[0m
[   6% ] [90m[1msavepack[22m | Storing File: res://assets/art/animated/cutscenes/news_1988/frame_0008.png.import[39m[0m
[   6% ] [90m[1msavepack[22m | Storing File: res://.godot/imported/frame_0009.png-26e95910fc71a1de343395b7ef851e6a.ctex[39m[0m
[   6% ] [90m[1msavepack[22m | Storing File: res://assets/art/animated/cutscenes/news_1988/frame_0009.png.import[39m[0m
[   6% ] [90m[1msavepack[22m | Storing File: res://.godot/imported/frame_0010.png-f4994eb2910284fc55cc56b00b7b863c.ctex[39m[0m
[   6% ] [90m[1msavepack[22m | Storing File: res://assets/art/animated/cutscenes/news_1988/frame_0010.png.import[39m[0m
[   6% ] [90m[1msavepack[22m | Storing File: res://.godot/imported/frame_0011.png-de80c1e7995a1600310dfb95abae690e.ctex[39m[0m
[   6% ] [90m[1msavepack[22m | Storing File: res://assets/art/animated/cutscenes/news_1988/frame_0011.png.import[39m[0m
[   6% ] [90m[1msavepack[22m | Storing File: res://.godot/imported/frame_0012.png-e5a2db5e1f713f57907054094ab76da6.ctex[39m[0m
[   6% ] [90m[1msavepack[22m | Storing File: res://assets/art/animated/cutscenes/news_1988/frame_0012.png.import[39m[0m
[   6% ] [90m[1msavepack[22m | Storing File: res://.godot/imported/frame_0013.png-406b9db869a0bf4ad7528f30550c200a.ctex[39m[0m
[   6% ] [90m[1msavepack[22m | Storing File: res://assets/art/animated/cutscenes/news_1988/frame_0013.png.import[39m[0m
[   6% ] [90m[1msavepack[22m | Storing File: res://.godot/imported/frame_0014.png-ef74707b7e0210e393626f7f6ceb9ce8.ctex[39m[0m
[   6% ] [90m[1msavepack[22m | Storing File: res://assets/art/animated/cutscenes/news_1988/frame_0014.png.import[39m[0m
[   6% ] [90m[1msavepack[22m | Storing File: res://.godot/imported/frame_0015.png-7aebbde56ec0e9499d6dcceb8fcf3478.ctex[39m[0m
[   6% ] [90m[1msavepack[22m | Storing File: res://assets/art/animated/cutscenes/news_1988/frame_0015.png.import[39m[0m
[   6% ] [90m[1msavepack[22m | Storing File: res://.godot/imported/frame_0016.png-e7b1b07c04238fc8c566dc6e49de6066.ctex[39m[0m
[   6% ] [90m[1msavepack[22m | Storing File: res://assets/art/animated/cutscenes/news_1988/frame_0016.png.import[39m[0m
[   6% ] [90m[1msavepack[22m | Storing File: res://.godot/imported/frame_0017.png-9ed9cc118d6e29f5f514957a2a56485b.ctex[39m[0m
[   6% ] [90m[1msavepack[22m | Storing File: res://assets/art/animated/cutscenes/news_1988/frame_0017.png.import[39m[0m
[   6% ] [90m[1msavepack[22m | Storing File: res://.godot/imported/frame_0018.png-84c55daace5c3021161f16ee2655da18.ctex[39m[0m
[   6% ] [90m[1msavepack[22m | Storing File: res://assets/art/animated/cutscenes/news_1988/frame_0018.png.import[39m[0m
[   6% ] [90m[1msavepack[22m | Storing File: res://.godot/imported/frame_0019.png-0664868f0089dc8088562a414c230288.ctex[39m[0m
[   6% ] [90m[1msavepack[22m | Storing File: res://assets/art/animated/cutscenes/news_1988/frame_0019.png.import[39m[0m
[   6% ] [90m[1msavepack[22m | Storing File: res://.godot/imported/frame_0020.png-ed728cb76d2886c8c141f147c847e934.ctex[39m[0m
[   6% ] [90m[1msavepack[22m | Storing File: res://assets/art/animated/cutscenes/news_1988/frame_0020.png.import[39m[0m
[   6% ] [90m[1msavepack[22m | Storing File: res://.godot/imported/frame_0021.png-16473426426323f64687b9ef79e3b4d5.ctex[39m[0m
[   6% ] [90m[1msavepack[22m | Storing File: res://assets/art/animated/cutscenes/news_1988/frame_0021.png.import[39m[0m
[   6% ] [90m[1msavepack[22m | Storing File: res://.godot/imported/frame_0022.png-cc13e64e66b792fad42cddd66351b92b.ctex[39m[0m
[   6% ] [90m[1msavepack[22m | Storing File: res://assets/art/animated/cutscenes/news_1988/frame_0022.png.import[39m[0m
[   6% ] [90m[1msavepack[22m | Storing File: res://.godot/imported/frame_0023.png-efbe260e0b21d302bb5bd833567210c2.ctex[39m[0m
[   6% ] [90m[1msavepack[22m | Storing File: res://assets/art/animated/cutscenes/news_1988/frame_0023.png.import[39m[0m
[   6% ] [90m[1msavepack[22m | Storing File: res://.godot/imported/frame_0024.png-e5fbbcbacd5f55e1135d20dc8f4fe43f.ctex[39m[0m
[   6% ] [90m[1msavepack[22m | Storing File: res://assets/art/animated/cutscenes/news_1988/frame_0024.png.import[39m[0m
[   6% ] [90m[1msavepack[22m | Storing File: res://.godot/imported/body_bellhop.png-ac60ec94559666680d8c6cd0ad7ca5de.ctex[39m[0m
[   6% ] [90m[1msavepack[22m | Storing File: res://assets/art/cast/body_bellhop.png.import[39m[0m
[   6% ] [90m[1msavepack[22m | Storing File: res://.godot/imported/body_biker.png-96c4c6aa60ed8456a7445630a672d1ad.ctex[39m[0m
[   6% ] [90m[1msavepack[22m | Storing File: res://assets/art/cast/body_biker.png.import[39m[0m
[   6% ] [90m[1msavepack[22m | Storing File: res://.godot/imported/body_boss.png-a64b03daf7660356fa2fde05102144ed.ctex[39m[0m
[   6% ] [90m[1msavepack[22m | Storing File: res://assets/art/cast/body_boss.png.import[39m[0m
[   6% ] [90m[1msavepack[22m | Storing File: res://.godot/imported/body_buck.png-e114acf9fb2b7c14d02a7356106b7e3e.ctex[39m[0m
[   6% ] [90m[1msavepack[22m | Storing File: res://assets/art/cast/body_buck.png.import[39m[0m
[   6% ] [90m[1msavepack[22m | Storing File: res://.godot/imported/body_cass.png-cfea99e784b860ea462b7a4a764e4cc1.ctex[39m[0m
[   6% ] [90m[1msavepack[22m | Storing File: res://assets/art/cast/body_cass.png.import[39m[0m
[   6% ] [90m[1msavepack[22m | Storing File: res://.godot/imported/body_civilian.png-d514d45830805e3c0cb46fe528199eb3.ctex[39m[0m
[   6% ] [90m[1msavepack[22m | Storing File: res://assets/art/cast/body_civilian.png.import[39m[0m
[   6% ] [90m[1msavepack[22m | Storing File: res://.godot/imported/body_fireman.png-8188b5304897fdff161d995851dec83d.ctex[39m[0m
[   6% ] [90m[1msavepack[22m | Storing File: res://assets/art/cast/body_fireman.png.import[39m[0m
[   6% ] [90m[1msavepack[22m | Storing File: res://.godot/imported/body_guard.png-3699f021d2b3b85efef31aa01260cc6b.ctex[39m[0m
[   6% ] [90m[1msavepack[22m | Storing File: res://assets/art/cast/body_guard.png.import[39m[0m
[   6% ] [90m[1msavepack[22m | Storing File: res://.godot/imported/body_gunner.png-ad69e561da529c3c9f48aec3439202eb.ctex[39m[0m
[   6% ] [90m[1msavepack[22m | Storing File: res://assets/art/cast/body_gunner.png.import[39m[0m
[   6% ] [90m[1msavepack[22m | Storing File: res://.godot/imported/body_handler.png-e92906becfea4c23d16e6a1bd693ce6e.ctex[39m[0m
[   6% ] [90m[1msavepack[22m | Storing File: res://assets/art/cast/body_handler.png.import[39m[0m
[   6% ] [90m[1msavepack[22m | Storing File: res://.godot/imported/body_heavy.png-d39c4cb552dc5a5a3e0c7a4beec9e133.ctex[39m[0m
[   6% ] [90m[1msavepack[22m | Storing File: res://assets/art/cast/body_heavy.png.import[39m[0m
[   6% ] [90m[1msavepack[22m | Storing File: res://.godot/imported/body_hunter.png-9f69f6798dacadd137332de4447db668.ctex[39m[0m
[   6% ] [90m[1msavepack[22m | Storing File: res://assets/art/cast/body_hunter.png.import[39m[0m
[   6% ] [90m[1msavepack[22m | Storing File: res://.godot/imported/body_riot.png-669885d2d3113c2b7977134f0b54fed9.ctex[39m[0m
[   6% ] [90m[1msavepack[22m | Storing File: res://assets/art/cast/body_riot.png.import[39m[0m
[   6% ] [90m[1msavepack[22m | Storing File: res://.godot/imported/body_scout.png-30cec84f076aa65231ca0babab72a6b9.ctex[39m[0m
[   6% ] [90m[1msavepack[22m | Storing File: res://assets/art/cast/body_scout.png.import[39m[0m
[   7% ] [90m[1msavepack[22m | Storing File: res://.godot/imported/body_scrapper.png-6ed97393563a917dbe66e96e4bf3c878.ctex[39m[0m
[   7% ] [90m[1msavepack[22m | Storing File: res://assets/art/cast/body_scrapper.png.import[39m[0m
[   7% ] [90m[1msavepack[22m | Storing File: res://.godot/imported/body_security.png-f2dbdce567bb5e82d0f9e00aeaffff88.ctex[39m[0m
[   7% ] [90m[1msavepack[22m | Storing File: res://assets/art/cast/body_security.png.import[39m[0m
[   7% ] [90m[1msavepack[22m | Storing File: res://.godot/imported/body_sniper.png-43609185f6471c40f59fcaad0e937a21.ctex[39m[0m
[   7% ] [90m[1msavepack[22m | Storing File: res://assets/art/cast/body_sniper.png.import[39m[0m
[   7% ] [90m[1msavepack[22m | Storing File: res://.godot/imported/body_stagehand.png-edd3d9b24e30c5293c20bf405cbed4b9.ctex[39m[0m
[   7% ] [90m[1msavepack[22m | Storing File: res://assets/art/cast/body_stagehand.png.import[39m[0m
[   7% ] [90m[1msavepack[22m | Storing File: res://.godot/imported/body_welder.png-52c6f456f426050dfe2316ef1ca994a6.ctex[39m[0m
[   7% ] [90m[1msavepack[22m | Storing File: res://assets/art/cast/body_welder.png.import[39m[0m
[   7% ] [90m[1msavepack[22m | Storing File: res://.godot/imported/boss_buck.png-2ecada434733b5a3f658d9e0ee7e07d5.ctex[39m[0m
[   7% ] [90m[1msavepack[22m | Storing File: res://assets/art/cast/boss_buck.png.import[39m[0m
[   7% ] [90m[1msavepack[22m | Storing File: res://.godot/imported/boss_dutch.png-472ea6a47459770641aa3876607779b3.ctex[39m[0m
[   7% ] [90m[1msavepack[22m | Storing File: res://assets/art/cast/boss_dutch.png.import[39m[0m
[   7% ] [90m[1msavepack[22m | Storing File: res://.godot/imported/boss_harcourt.png-03f52c8aeef81db43996acdbe303201c.ctex[39m[0m
[   7% ] [90m[1msavepack[22m | Storing File: res://assets/art/cast/boss_harcourt.png.import[39m[0m
[   7% ] [90m[1msavepack[22m | Storing File: res://.godot/imported/corpse_bellhop.png-bdd60a0a5a2946371277ad467e0a82c6.ctex[39m[0m
[   7% ] [90m[1msavepack[22m | Storing File: res://assets/art/cast/corpse_bellhop.png.import[39m[0m
[   7% ] [90m[1msavepack[22m | Storing File: res://.godot/imported/corpse_biker.png-a23bd7b707abe6701910e794cf2a42ee.ctex[39m[0m
[   7% ] [90m[1msavepack[22m | Storing File: res://assets/art/cast/corpse_biker.png.import[39m[0m
[   7% ] [90m[1msavepack[22m | Storing File: res://.godot/imported/corpse_civilian.png-96e500c1749bc65acd25a3f8c7ff4b34.ctex[39m[0m
[   7% ] [90m[1msavepack[22m | Storing File: res://assets/art/cast/corpse_civilian.png.import[39m[0m
[   7% ] [90m[1msavepack[22m | Storing File: res://.godot/imported/corpse_guard.png-a21b32a8368d0abc9d02deb75b19845e.ctex[39m[0m
[   7% ] [90m[1msavepack[22m | Storing File: res://assets/art/cast/corpse_guard.png.import[39m[0m
[   7% ] [90m[1msavepack[22m | Storing File: res://.godot/imported/corpse_gunner.png-5b5be006209bdc899b96db685cd8830f.ctex[39m[0m
[   7% ] [90m[1msavepack[22m | Storing File: res://assets/art/cast/corpse_gunner.png.import[39m[0m
[   7% ] [90m[1msavepack[22m | Storing File: res://.godot/imported/corpse_handler.png-442b812f69cb20db2fdc69450a423a5b.ctex[39m[0m
[   7% ] [90m[1msavepack[22m | Storing File: res://assets/art/cast/corpse_handler.png.import[39m[0m
[   7% ] [90m[1msavepack[22m | Storing File: res://.godot/imported/corpse_heavy.png-0bfcbab8e31ba259e66b8a5d4859939e.ctex[39m[0m
[   7% ] [90m[1msavepack[22m | Storing File: res://assets/art/cast/corpse_heavy.png.import[39m[0m
[   7% ] [90m[1msavepack[22m | Storing File: res://.godot/imported/corpse_hunter.png-939342278295a32d58c51fcf8406ecb5.ctex[39m[0m
[   7% ] [90m[1msavepack[22m | Storing File: res://assets/art/cast/corpse_hunter.png.import[39m[0m
[   7% ] [90m[1msavepack[22m | Storing File: res://.godot/imported/corpse_riot.png-8a3bff99cacbeece32891e4e83cf4f3c.ctex[39m[0m
[   7% ] [90m[1msavepack[22m | Storing File: res://assets/art/cast/corpse_riot.png.import[39m[0m
[   7% ] [90m[1msavepack[22m | Storing File: res://.godot/imported/corpse_scout.png-2d97fd206c7d1e2da39f90666d77588f.ctex[39m[0m
[   7% ] [90m[1msavepack[22m | Storing File: res://assets/art/cast/corpse_scout.png.import[39m[0m
[   7% ] [90m[1msavepack[22m | Storing File: res://.godot/imported/corpse_scrapper.png-12f37ccf2841c60e71e545cbaf39a859.ctex[39m[0m
[   7% ] [90m[1msavepack[22m | Storing File: res://assets/art/cast/corpse_scrapper.png.import[39m[0m
[   7% ] [90m[1msavepack[22m | Storing File: res://.godot/imported/corpse_security.png-5ae77c5eab11c3fcce969de9e023e01b.ctex[39m[0m
[   7% ] [90m[1msavepack[22m | Storing File: res://assets/art/cast/corpse_security.png.import[39m[0m
[   7% ] [90m[1msavepack[22m | Storing File: res://.godot/imported/corpse_sniper.png-a2e5528c2d43b324bde0fa0be751c2d9.ctex[39m[0m
[   7% ] [90m[1msavepack[22m | Storing File: res://assets/art/cast/corpse_sniper.png.import[39m[0m
[   7% ] [90m[1msavepack[22m | Storing File: res://.godot/imported/corpse_stagehand.png-9287c143ea157c8b04200f2d05357331.ctex[39m[0m
[   7% ] [90m[1msavepack[22m | Storing File: res://assets/art/cast/corpse_stagehand.png.import[39m[0m
[   7% ] [90m[1msavepack[22m | Storing File: res://.godot/imported/corpse_welder.png-7ee6735ec96ac5ee9d466d51e282d6ec.ctex[39m[0m
[   7% ] [90m[1msavepack[22m | Storing File: res://assets/art/cast/corpse_welder.png.import[39m[0m
[   7% ] [90m[1msavepack[22m | Storing File: res://.godot/imported/dog_doberman.png-7418cd17ad308d20fec841eb078090cc.ctex[39m[0m
[   7% ] [90m[1msavepack[22m | Storing File: res://assets/art/cast/dog_doberman.png.import[39m[0m
[   7% ] [90m[1msavepack[22m | Storing File: res://.godot/imported/dog_doberman_down.png-72b71c946c037aa98809bfe3a69669d2.ctex[39m[0m
[   7% ] [90m[1msavepack[22m | Storing File: res://assets/art/cast/dog_doberman_down.png.import[39m[0m
[   7% ] [90m[1msavepack[22m | Storing File: res://.godot/imported/dog_hellhound.png-a4f485944b1bbaa599a70cc32179a971.ctex[39m[0m
[   7% ] [90m[1msavepack[22m | Storing File: res://assets/art/cast/dog_hellhound.png.import[39m[0m
[   7% ] [90m[1msavepack[22m | Storing File: res://.godot/imported/dog_hellhound_down.png-4dcece9fc2863d99c871bbc7d5d35b18.ctex[39m[0m
[   7% ] [90m[1msavepack[22m | Storing File: res://assets/art/cast/dog_hellhound_down.png.import[39m[0m
[   7% ] [90m[1msavepack[22m | Storing File: res://.godot/imported/dog_rottweiler.png-f2bd04cd9819be14cd62fb4de37b6154.ctex[39m[0m
[   7% ] [90m[1msavepack[22m | Storing File: res://assets/art/cast/dog_rottweiler.png.import[39m[0m
[   7% ] [90m[1msavepack[22m | Storing File: res://.godot/imported/dog_rottweiler_down.png-0ff5a90f16a0c692f48c038582078c3f.ctex[39m[0m
[   7% ] [90m[1msavepack[22m | Storing File: res://assets/art/cast/dog_rottweiler_down.png.import[39m[0m
[   7% ] [90m[1msavepack[22m | Storing File: res://.godot/imported/dog_shepherd.png-88aa2b800b0ea0f7c49bc629e0e14961.ctex[39m[0m
[   7% ] [90m[1msavepack[22m | Storing File: res://assets/art/cast/dog_shepherd.png.import[39m[0m
[   7% ] [90m[1msavepack[22m | Storing File: res://.godot/imported/dog_shepherd_down.png-8d686a305a8c20c35c66b166deb08d2a.ctex[39m[0m
[   7% ] [90m[1msavepack[22m | Storing File: res://assets/art/cast/dog_shepherd_down.png.import[39m[0m
[   7% ] [90m[1msavepack[22m | Storing File: res://.godot/imported/fox.png-33e00afafe5f656d9d0663e3b75772fa.ctex[39m[0m
[   7% ] [90m[1msavepack[22m | Storing File: res://assets/art/cast/fox.png.import[39m[0m
[   7% ] [90m[1msavepack[22m | Storing File: res://.godot/imported/aim.png-bf60efe1c389a3646cf07d7e7370125d.ctex[39m[0m
[   7% ] [90m[1msavepack[22m | Storing File: res://assets/art/cast3d/cass/aim.png.import[39m[0m
[   8% ] [90m[1msavepack[22m | Storing File: res://.godot/imported/aim_dual.png-4605364bea4d7f9f720a06b2dd8507bc.ctex[39m[0m
[   8% ] [90m[1msavepack[22m | Storing File: res://assets/art/cast3d/cass/aim_dual.png.import[39m[0m
[   8% ] [90m[1msavepack[22m | Storing File: res://.godot/imported/aim_melee.png-06c9163073186156d79ec1b35676cf74.ctex[39m[0m
[   8% ] [90m[1msavepack[22m | Storing File: res://assets/art/cast3d/cass/aim_melee.png.import[39m[0m
[   8% ] [90m[1msavepack[22m | Storing File: res://.godot/imported/armed_dual_run.png-b6f48341e1d059d2b146851177beed1f.ctex[39m[0m
[   8% ] [90m[1msavepack[22m | Storing File: res://assets/art/cast3d/cass/armed_dual_run.png.import[39m[0m
[   8% ] [90m[1msavepack[22m | Storing File: res://.godot/imported/armed_dual_sneak.png-a68e7aa90efe4faf4e44978388abb0b2.ctex[39m[0m
[   8% ] [90m[1msavepack[22m | Storing File: res://assets/art/cast3d/cass/armed_dual_sneak.png.import[39m[0m
[   8% ] [90m[1msavepack[22m | Storing File: res://.godot/imported/armed_dual_walk.png-aa0f6142011a166822f749e37768a283.ctex[39m[0m
[   8% ] [90m[1msavepack[22m | Storing File: res://assets/art/cast3d/cass/armed_dual_walk.png.import[39m[0m
[   8% ] [90m[1msavepack[22m | Storing File: res://.godot/imported/armed_melee_run.png-7d342fff45aed509197b994c1afedd58.ctex[39m[0m
[   8% ] [90m[1msavepack[22m | Storing File: res://assets/art/cast3d/cass/armed_melee_run.png.import[39m[0m
[   8% ] [90m[1msavepack[22m | Storing File: res://.godot/imported/armed_melee_sneak.png-25b5523b1fc7aef678c56c1afa26412d.ctex[39m[0m
[   8% ] [90m[1msavepack[22m | Storing File: res://assets/art/cast3d/cass/armed_melee_sneak.png.import[39m[0m
[   8% ] [90m[1msavepack[22m | Storing File: res://.godot/imported/armed_melee_walk.png-32cc8d3bcbfd75577a338f9e0356d6de.ctex[39m[0m
[   8% ] [90m[1msavepack[22m | Storing File: res://assets/art/cast3d/cass/armed_melee_walk.png.import[39m[0m
[   8% ] [90m[1msavepack[22m | Storing File: res://.godot/imported/armed_run.png-4d73b01c8ca58ce973c45c2f33c1f9dc.ctex[39m[0m
[   8% ] [90m[1msavepack[22m | Storing File: res://assets/art/cast3d/cass/armed_run.png.import[39m[0m
[   8% ] [90m[1msavepack[22m | Storing File: res://.godot/imported/armed_sneak.png-86a31b47e8d5c949ff1ba79e10af0e05.ctex[39m[0m
[   8% ] [90m[1msavepack[22m | Storing File: res://assets/art/cast3d/cass/armed_sneak.png.import[39m[0m
[   8% ] [90m[1msavepack[22m | Storing File: res://.godot/imported/armed_walk.png-1961db681ba0d4f5eee76cb1f1eec65a.ctex[39m[0m
[   8% ] [90m[1msavepack[22m | Storing File: res://assets/art/cast3d/cass/armed_walk.png.import[39m[0m
[   8% ] [90m[1msavepack[22m | Storing File: res://.godot/imported/death.png-989fd150ceed5714f4735ad34f56e57a.ctex[39m[0m
[   8% ] [90m[1msavepack[22m | Storing File: res://assets/art/cast3d/cass/death.png.import[39m[0m
[   8% ] [90m[1msavepack[22m | Storing File: res://.godot/imported/death_back.png-9e66a3e7d7000e359453b65f18cbe757.ctex[39m[0m
[   8% ] [90m[1msavepack[22m | Storing File: res://assets/art/cast3d/cass/death_back.png.import[39m[0m
[   8% ] [90m[1msavepack[22m | Storing File: res://.godot/imported/doze.png-dbbd28c05d855c07d5d252d9e9552fcd.ctex[39m[0m
[   8% ] [90m[1msavepack[22m | Storing File: res://assets/art/cast3d/cass/doze.png.import[39m[0m
[   8% ] [90m[1msavepack[22m | Storing File: res://.godot/imported/idle.png-a87d22342aac4fa7f8c53e594adbdaef.ctex[39m[0m
[   8% ] [90m[1msavepack[22m | Storing File: res://assets/art/cast3d/cass/idle.png.import[39m[0m
[   8% ] [90m[1msavepack[22m | Storing File: res://.godot/imported/kick.png-4ef3b1dd12ff990c670353c50a216dd5.ctex[39m[0m
[   8% ] [90m[1msavepack[22m | Storing File: res://assets/art/cast3d/cass/kick.png.import[39m[0m
[   8% ] [90m[1msavepack[22m | Storing File: res://.godot/imported/knocked.png-fae8c82718c77a770f188e07be24d327.ctex[39m[0m
[   8% ] [90m[1msavepack[22m | Storing File: res://assets/art/cast3d/cass/knocked.png.import[39m[0m
[   8% ] [90m[1msavepack[22m | Storing File: res://.godot/imported/melee.png-65948c9ee3b62c8968f2e2cee5ea4fa9.ctex[39m[0m
[   8% ] [90m[1msavepack[22m | Storing File: res://assets/art/cast3d/cass/melee.png.import[39m[0m
[   8% ] [90m[1msavepack[22m | Storing File: res://assets/art/cast3d/cass/meta.json[39m[0m
[   8% ] [90m[1msavepack[22m | Storing File: res://.godot/imported/punch.png-97856fa59958a5e8eb8c091451d754c9.ctex[39m[0m
[   8% ] [90m[1msavepack[22m | Storing File: res://assets/art/cast3d/cass/punch.png.import[39m[0m
[   8% ] [90m[1msavepack[22m | Storing File: res://.godot/imported/punch_left.png-8bce8ded363eab88723e161d413e532d.ctex[39m[0m
[   8% ] [90m[1msavepack[22m | Storing File: res://assets/art/cast3d/cass/punch_left.png.import[39m[0m
[   8% ] [90m[1msavepack[22m | Storing File: res://.godot/imported/reload_dual.png-ed1c943654059b9eae516eb38e2c09ae.ctex[39m[0m
[   8% ] [90m[1msavepack[22m | Storing File: res://assets/art/cast3d/cass/reload_dual.png.import[39m[0m
[   8% ] [90m[1msavepack[22m | Storing File: res://.godot/imported/reload_mag.png-f92e5c02e2ddbe8e80aa5a620b567fc4.ctex[39m[0m
[   8% ] [90m[1msavepack[22m | Storing File: res://assets/art/cast3d/cass/reload_mag.png.import[39m[0m
[   8% ] [90m[1msavepack[22m | Storing File: res://.godot/imported/reload_shell.png-5f4b7af2f0ed5e17989e19640c2e6be3.ctex[39m[0m
[   8% ] [90m[1msavepack[22m | Storing File: res://assets/art/cast3d/cass/reload_shell.png.import[39m[0m
[   8% ] [90m[1msavepack[22m | Storing File: res://.godot/imported/roll.png-629b727cb7eda60568952c15c7ba8041.ctex[39m[0m
[   8% ] [90m[1msavepack[22m | Storing File: res://assets/art/cast3d/cass/roll.png.import[39m[0m
[   8% ] [90m[1msavepack[22m | Storing File: res://.godot/imported/run.png-b8b5622a96181c87d89a127a07a5061e.ctex[39m[0m
[   8% ] [90m[1msavepack[22m | Storing File: res://assets/art/cast3d/cass/run.png.import[39m[0m
[   8% ] [90m[1msavepack[22m | Storing File: res://.godot/imported/smoke.png-ecdbc686f96ddb1f0e5267ac2e486173.ctex[39m[0m
[   8% ] [90m[1msavepack[22m | Storing File: res://assets/art/cast3d/cass/smoke.png.import[39m[0m
[   8% ] [90m[1msavepack[22m | Storing File: res://.godot/imported/sneak.png-f49af83052d49857f2c8c7978051fdf6.ctex[39m[0m
[   8% ] [90m[1msavepack[22m | Storing File: res://assets/art/cast3d/cass/sneak.png.import[39m[0m
[   8% ] [90m[1msavepack[22m | Storing File: res://.godot/imported/walk.png-0a2222ad443ca565d3fd4f0628094f26.ctex[39m[0m
[   8% ] [90m[1msavepack[22m | Storing File: res://assets/art/cast3d/cass/walk.png.import[39m[0m
[   8% ] [90m[1msavepack[22m | Storing File: res://.godot/imported/aim.png-1bb79791c889a81c4acaca129062f5a4.ctex[39m[0m
[   8% ] [90m[1msavepack[22m | Storing File: res://assets/art/cast3d/guard/aim.png.import[39m[0m
[   8% ] [90m[1msavepack[22m | Storing File: res://.godot/imported/death.png-2393acdfcaeaf00fa026ddf4dcb96b7c.ctex[39m[0m
[   8% ] [90m[1msavepack[22m | Storing File: res://assets/art/cast3d/guard/death.png.import[39m[0m
[   8% ] [90m[1msavepack[22m | Storing File: res://.godot/imported/death_back.png-f8da8d09046105dc11d94ea360855fcc.ctex[39m[0m
[   8% ] [90m[1msavepack[22m | Storing File: res://assets/art/cast3d/guard/death_back.png.import[39m[0m
[   9% ] [90m[1msavepack[22m | Storing File: res://.godot/imported/idle.png-1e11db5eb240cf556a42c138aeced96f.ctex[39m[0m
[   9% ] [90m[1msavepack[22m | Storing File: res://assets/art/cast3d/guard/idle.png.import[39m[0m
[   9% ] [90m[1msavepack[22m | Storing File: res://assets/art/cast3d/guard/meta.json[39m[0m
[   9% ] [90m[1msavepack[22m | Storing File: res://.godot/imported/bellhop.glb-14b2b6d3567dd88013cb634fc2ef6dff.scn[39m[0m
[   9% ] [90m[1msavepack[22m | Storing File: res://assets/art/cast3d_rt/bellhop/bellhop.glb.import[39m[0m
[   9% ] [90m[1msavepack[22m | Storing File: res://.godot/imported/bellhop_Image_0.jpg-d0f2aa80db9a80790389ad8cf5ba9fce.ctex[39m[0m
[   9% ] [90m[1msavepack[22m | Storing File: res://assets/art/cast3d_rt/bellhop/bellhop_Image_0.jpg.import[39m[0m
[   9% ] [90m[1msavepack[22m | Storing File: res://.godot/imported/biker.glb-a6e3fbaefe9e6495fa416ce737b7b01b.scn[39m[0m
[   9% ] [90m[1msavepack[22m | Storing File: res://assets/art/cast3d_rt/biker/biker.glb.import[39m[0m
[   9% ] [90m[1msavepack[22m | Storing File: res://.godot/imported/biker_Image_0.jpg-d919af836f69548b3677633e4d6466d6.ctex[39m[0m
[   9% ] [90m[1msavepack[22m | Storing File: res://assets/art/cast3d_rt/biker/biker_Image_0.jpg.import[39m[0m
[   9% ] [90m[1msavepack[22m | Storing File: res://.godot/imported/boss.glb-7e6a81abeab3805d8a4f1596e8427497.scn[39m[0m
[   9% ] [90m[1msavepack[22m | Storing File: res://assets/art/cast3d_rt/boss/boss.glb.import[39m[0m
[   9% ] [90m[1msavepack[22m | Storing File: res://.godot/imported/boss_Image_0.jpg-521974d16ffc8c10bafdb2a888bb641f.ctex[39m[0m
[   9% ] [90m[1msavepack[22m | Storing File: res://assets/art/cast3d_rt/boss/boss_Image_0.jpg.import[39m[0m
[   9% ] [90m[1msavepack[22m | Storing File: res://.godot/imported/buck.glb-b3df4186cc7abeb1480b665a908127d7.scn[39m[0m
[   9% ] [90m[1msavepack[22m | Storing File: res://assets/art/cast3d_rt/buck/buck.glb.import[39m[0m
[   9% ] [90m[1msavepack[22m | Storing File: res://.godot/imported/buck_Image_0.jpg-9f3db64d6d7a62aa8c050867a9fa3e32.ctex[39m[0m
[   9% ] [90m[1msavepack[22m | Storing File: res://assets/art/cast3d_rt/buck/buck_Image_0.jpg.import[39m[0m
[   9% ] [90m[1msavepack[22m | Storing File: res://.godot/imported/burnt.glb-b0f16d984ec345d887c71a740e6471a2.scn[39m[0m
[   9% ] [90m[1msavepack[22m | Storing File: res://assets/art/cast3d_rt/burnt/burnt.glb.import[39m[0m
[   9% ] [90m[1msavepack[22m | Storing File: res://.godot/imported/burnt_Image_0.jpg-9856d797325450001708c88a27d5eb9f.ctex[39m[0m
[   9% ] [90m[1msavepack[22m | Storing File: res://assets/art/cast3d_rt/burnt/burnt_Image_0.jpg.import[39m[0m
[   9% ] [90m[1msavepack[22m | Storing File: res://.godot/imported/cass.glb-9bd81c853d161cb0335408ecc49efb18.scn[39m[0m
[   9% ] [90m[1msavepack[22m | Storing File: res://assets/art/cast3d_rt/cass/cass.glb.import[39m[0m
[   9% ] [90m[1msavepack[22m | Storing File: res://.godot/imported/cass_hair_auburn.png-b268aa312ba90699d52835454d2d659e.ctex[39m[0m
[   9% ] [90m[1msavepack[22m | Storing File: res://assets/art/cast3d_rt/cass/cass_hair_auburn.png.import[39m[0m
[   9% ] [90m[1msavepack[22m | Storing File: res://.godot/imported/cass_texture_0.png-f392539553c0e0b7ec21f14bcf7ae376.ctex[39m[0m
[   9% ] [90m[1msavepack[22m | Storing File: res://assets/art/cast3d_rt/cass/cass_texture_0.png.import[39m[0m
[   9% ] [90m[1msavepack[22m | Storing File: res://.godot/imported/civilian.glb-88608bb79b267aa4c0df2015b8598834.scn[39m[0m
[   9% ] [90m[1msavepack[22m | Storing File: res://assets/art/cast3d_rt/civilian/civilian.glb.import[39m[0m
[   9% ] [90m[1msavepack[22m | Storing File: res://.godot/imported/civilian_Image_0.jpg-d8cb77547b0168a1715930aec1ef5696.ctex[39m[0m
[   9% ] [90m[1msavepack[22m | Storing File: res://assets/art/cast3d_rt/civilian/civilian_Image_0.jpg.import[39m[0m
[   9% ] [90m[1msavepack[22m | Storing File: res://.godot/imported/cultist.glb-e1c9b56cfddbe9861b63424b1a1fa8f5.scn[39m[0m
[   9% ] [90m[1msavepack[22m | Storing File: res://assets/art/cast3d_rt/cultist/cultist.glb.import[39m[0m
[   9% ] [90m[1msavepack[22m | Storing File: res://.godot/imported/cultist_Image_0.jpg-6502094d9d82757fa546fa5b44d93be3.ctex[39m[0m
[   9% ] [90m[1msavepack[22m | Storing File: res://assets/art/cast3d_rt/cultist/cultist_Image_0.jpg.import[39m[0m
[   9% ] [90m[1msavepack[22m | Storing File: res://.godot/imported/demon.glb-d76265576d256026e93299e48af8d5f6.scn[39m[0m
[   9% ] [90m[1msavepack[22m | Storing File: res://assets/art/cast3d_rt/demon/demon.glb.import[39m[0m
[   9% ] [90m[1msavepack[22m | Storing File: res://.godot/imported/demon_Image_0.jpg-9da80c3a8421fca38f974547a25136f0.ctex[39m[0m
[   9% ] [90m[1msavepack[22m | Storing File: res://assets/art/cast3d_rt/demon/demon_Image_0.jpg.import[39m[0m
[   9% ] [90m[1msavepack[22m | Storing File: res://.godot/imported/eldorado.glb-8e731245b7cbaf95c618d9043d59bff8.scn[39m[0m
[   9% ] [90m[1msavepack[22m | Storing File: res://assets/art/cast3d_rt/eldorado/eldorado.glb.import[39m[0m
[   9% ] [90m[1msavepack[22m | Storing File: res://.godot/imported/eldorado_Image_0.jpg-c3119c7b4995d3534dc54deb2c1b15fb.ctex[39m[0m
[   9% ] [90m[1msavepack[22m | Storing File: res://assets/art/cast3d_rt/eldorado/eldorado_Image_0.jpg.import[39m[0m
[   9% ] [90m[1msavepack[22m | Storing File: res://.godot/imported/fireman.glb-477e95015094b0b8ce3f0baaab376d8f.scn[39m[0m
[   9% ] [90m[1msavepack[22m | Storing File: res://assets/art/cast3d_rt/fireman/fireman.glb.import[39m[0m
[   9% ] [90m[1msavepack[22m | Storing File: res://.godot/imported/fireman_Image_0.jpg-b4ec507787efee7d1a2eb2b27a82e1cf.ctex[39m[0m
[   9% ] [90m[1msavepack[22m | Storing File: res://assets/art/cast3d_rt/fireman/fireman_Image_0.jpg.import[39m[0m
[   9% ] [90m[1msavepack[22m | Storing File: res://.godot/imported/ghoul.glb-130d6f4e34cf50296f4e5801c1aec2c1.scn[39m[0m
[   9% ] [90m[1msavepack[22m | Storing File: res://assets/art/cast3d_rt/ghoul/ghoul.glb.import[39m[0m
[   9% ] [90m[1msavepack[22m | Storing File: res://.godot/imported/ghoul_Image_0.jpg-252ee2ec5755629d81ce1f3759629bff.ctex[39m[0m
[   9% ] [90m[1msavepack[22m | Storing File: res://assets/art/cast3d_rt/ghoul/ghoul_Image_0.jpg.import[39m[0m
[   9% ] [90m[1msavepack[22m | Storing File: res://.godot/imported/guard.glb-052a42f1cbf90d8929b76dbfa91d531a.scn[39m[0m
[   9% ] [90m[1msavepack[22m | Storing File: res://assets/art/cast3d_rt/guard/guard.glb.import[39m[0m
[   9% ] [90m[1msavepack[22m | Storing File: res://.godot/imported/guard_Image_0.jpg-82e6841c4ba0c52d3e223109a0b5c504.ctex[39m[0m
[   9% ] [90m[1msavepack[22m | Storing File: res://assets/art/cast3d_rt/guard/guard_Image_0.jpg.import[39m[0m
[   9% ] [90m[1msavepack[22m | Storing File: res://.godot/imported/gunner.glb-e594849ae389f801d2b7c927f36f975f.scn[39m[0m
[   9% ] [90m[1msavepack[22m | Storing File: res://assets/art/cast3d_rt/gunner/gunner.glb.import[39m[0m
[   9% ] [90m[1msavepack[22m | Storing File: res://.godot/imported/gunner_Image_0.jpg-b2286ab5219c41d68a509d7469b1dea0.ctex[39m[0m
[   9% ] [90m[1msavepack[22m | Storing File: res://assets/art/cast3d_rt/gunner/gunner_Image_0.jpg.import[39m[0m
[   9% ] [90m[1msavepack[22m | Storing File: res://.godot/imported/handler.glb-0c04ad94f546e43e9b1c8f4f31cb549a.scn[39m[0m
[   9% ] [90m[1msavepack[22m | Storing File: res://assets/art/cast3d_rt/handler/handler.glb.import[39m[0m
[  10% ] [90m[1msavepack[22m | Storing File: res://.godot/imported/handler_Image_0.jpg-cf41adc8aaf462dd3e692f32bb74765a.ctex[39m[0m
[  10% ] [90m[1msavepack[22m | Storing File: res://assets/art/cast3d_rt/handler/handler_Image_0.jpg.import[39m[0m
[  10% ] [90m[1msavepack[22m | Storing File: res://.godot/imported/heavy.glb-3d71a6e3a4d86725fae526315394e27d.scn[39m[0m
[  10% ] [90m[1msavepack[22m | Storing File: res://assets/art/cast3d_rt/heavy/heavy.glb.import[39m[0m
[  10% ] [90m[1msavepack[22m | Storing File: res://.godot/imported/heavy_Image_0.jpg-0d6d44d44ef0b59a19f2169619e3bfef.ctex[39m[0m
[  10% ] [90m[1msavepack[22m | Storing File: res://assets/art/cast3d_rt/heavy/heavy_Image_0.jpg.import[39m[0m
[  10% ] [90m[1msavepack[22m | Storing File: res://.godot/imported/hunter.glb-41f87f9df71de2fe6d656e81609de690.scn[39m[0m
[  10% ] [90m[1msavepack[22m | Storing File: res://assets/art/cast3d_rt/hunter/hunter.glb.import[39m[0m
[  10% ] [90m[1msavepack[22m | Storing File: res://.godot/imported/hunter_Image_0.jpg-d6c769ea4ef75c2b27e77abace3d8ff0.ctex[39m[0m
[  10% ] [90m[1msavepack[22m | Storing File: res://assets/art/cast3d_rt/hunter/hunter_Image_0.jpg.import[39m[0m
[  10% ] [90m[1msavepack[22m | Storing File: res://.godot/imported/riot.glb-a11eb0dc90d8ee15d5ff3b59f808dfc5.scn[39m[0m
[  10% ] [90m[1msavepack[22m | Storing File: res://assets/art/cast3d_rt/riot/riot.glb.import[39m[0m
[  10% ] [90m[1msavepack[22m | Storing File: res://.godot/imported/riot_Image_0.jpg-0feafd54e87f47c94eecc4aaaab91609.ctex[39m[0m
[  10% ] [90m[1msavepack[22m | Storing File: res://assets/art/cast3d_rt/riot/riot_Image_0.jpg.import[39m[0m
[  10% ] [90m[1msavepack[22m | Storing File: res://.godot/imported/scout.glb-0625723fc3fba04256457e229b1d47e9.scn[39m[0m
[  10% ] [90m[1msavepack[22m | Storing File: res://assets/art/cast3d_rt/scout/scout.glb.import[39m[0m
[  10% ] [90m[1msavepack[22m | Storing File: res://.godot/imported/scout_Image_0.jpg-f912a28d483c0a0a88a3fdc70828f80f.ctex[39m[0m
[  10% ] [90m[1msavepack[22m | Storing File: res://assets/art/cast3d_rt/scout/scout_Image_0.jpg.import[39m[0m
[  10% ] [90m[1msavepack[22m | Storing File: res://.godot/imported/scrapper.glb-8f467c17aee61e300b6432205da5b2ee.scn[39m[0m
[  10% ] [90m[1msavepack[22m | Storing File: res://assets/art/cast3d_rt/scrapper/scrapper.glb.import[39m[0m
[  10% ] [90m[1msavepack[22m | Storing File: res://.godot/imported/scrapper_Image_0.jpg-938356c6d37433f3ca142e5a80dfde62.ctex[39m[0m
[  10% ] [90m[1msavepack[22m | Storing File: res://assets/art/cast3d_rt/scrapper/scrapper_Image_0.jpg.import[39m[0m
[  10% ] [90m[1msavepack[22m | Storing File: res://.godot/imported/security.glb-7761f953b22c13c19154ec5cf0920ad2.scn[39m[0m
[  10% ] [90m[1msavepack[22m | Storing File: res://assets/art/cast3d_rt/security/security.glb.import[39m[0m
[  10% ] [90m[1msavepack[22m | Storing File: res://.godot/imported/security_Image_0.jpg-5ced254d42b71c5018d4ca96191cca40.ctex[39m[0m
[  10% ] [90m[1msavepack[22m | Storing File: res://assets/art/cast3d_rt/security/security_Image_0.jpg.import[39m[0m
[  10% ] [90m[1msavepack[22m | Storing File: res://.godot/imported/sniper.glb-37ca57eb629b88e1d345900efd7ccda0.scn[39m[0m
[  10% ] [90m[1msavepack[22m | Storing File: res://assets/art/cast3d_rt/sniper/sniper.glb.import[39m[0m
[  10% ] [90m[1msavepack[22m | Storing File: res://.godot/imported/sniper_Image_0.jpg-f88a25b87e8829f748aeb716295d2401.ctex[39m[0m
[  10% ] [90m[1msavepack[22m | Storing File: res://assets/art/cast3d_rt/sniper/sniper_Image_0.jpg.import[39m[0m
[  10% ] [90m[1msavepack[22m | Storing File: res://.godot/imported/stagehand.glb-cc27a54603c7810072486b48f63e88db.scn[39m[0m
[  10% ] [90m[1msavepack[22m | Storing File: res://assets/art/cast3d_rt/stagehand/stagehand.glb.import[39m[0m
[  10% ] [90m[1msavepack[22m | Storing File: res://.godot/imported/stagehand_texture_0.png-f0e3973217c28724eb4fbff87fa78787.ctex[39m[0m
[  10% ] [90m[1msavepack[22m | Storing File: res://assets/art/cast3d_rt/stagehand/stagehand_texture_0.png.import[39m[0m
[  10% ] [90m[1msavepack[22m | Storing File: res://.godot/imported/welder.glb-b0de12e904118ed5edb1181c6e49a32a.scn[39m[0m
[  10% ] [90m[1msavepack[22m | Storing File: res://assets/art/cast3d_rt/welder/welder.glb.import[39m[0m
[  10% ] [90m[1msavepack[22m | Storing File: res://.godot/imported/welder_Image_0.jpg-e0966c8c2aaf4a0037634a513ace29d9.ctex[39m[0m
[  10% ] [90m[1msavepack[22m | Storing File: res://assets/art/cast3d_rt/welder/welder_Image_0.jpg.import[39m[0m
[  10% ] [90m[1msavepack[22m | Storing File: res://.godot/imported/zombie.glb-eddd79bfd98a63e215af785bf6eb055a.scn[39m[0m
[  10% ] [90m[1msavepack[22m | Storing File: res://assets/art/cast3d_rt/zombie/zombie.glb.import[39m[0m
[  10% ] [90m[1msavepack[22m | Storing File: res://.godot/imported/zombie_Image_0.jpg-a93a31612b788f85f2f58db8a5c9a643.ctex[39m[0m
[  10% ] [90m[1msavepack[22m | Storing File: res://assets/art/cast3d_rt/zombie/zombie_Image_0.jpg.import[39m[0m
[  10% ] [90m[1msavepack[22m | Storing File: res://.godot/imported/cover_m01.webp-312d1e10068cd3f96b5d756740d98a18.ctex[39m[0m
[  10% ] [90m[1msavepack[22m | Storing File: res://assets/art/covers/cover_m01.webp.import[39m[0m
[  10% ] [90m[1msavepack[22m | Storing File: res://.godot/imported/cover_m02.webp-d17fe4d357f7c8d7133f0d7bf8c4f971.ctex[39m[0m
[  10% ] [90m[1msavepack[22m | Storing File: res://assets/art/covers/cover_m02.webp.import[39m[0m
[  10% ] [90m[1msavepack[22m | Storing File: res://.godot/imported/cover_m03.webp-7145bd02d281e0d0cbe5a8b1a2f06910.ctex[39m[0m
[  10% ] [90m[1msavepack[22m | Storing File: res://assets/art/covers/cover_m03.webp.import[39m[0m
[  10% ] [90m[1msavepack[22m | Storing File: res://.godot/imported/cover_m04.webp-dd3f9ac2063a0db67955698b8f03f323.ctex[39m[0m
[  10% ] [90m[1msavepack[22m | Storing File: res://assets/art/covers/cover_m04.webp.import[39m[0m
[  10% ] [90m[1msavepack[22m | Storing File: res://.godot/imported/cover_m05.webp-505206e035bf85386c636f2f949476fc.ctex[39m[0m
[  10% ] [90m[1msavepack[22m | Storing File: res://assets/art/covers/cover_m05.webp.import[39m[0m
[  10% ] [90m[1msavepack[22m | Storing File: res://.godot/imported/cover_m06.webp-802f3f9b8d283cb2f9f1cf83be51e845.ctex[39m[0m
[  10% ] [90m[1msavepack[22m | Storing File: res://assets/art/covers/cover_m06.webp.import[39m[0m
[  10% ] [90m[1msavepack[22m | Storing File: res://.godot/imported/cover_m07.webp-7cba1d5a6cc483b9a6af49e9eec78c69.ctex[39m[0m
[  10% ] [90m[1msavepack[22m | Storing File: res://assets/art/covers/cover_m07.webp.import[39m[0m
[  10% ] [90m[1msavepack[22m | Storing File: res://.godot/imported/apartment_1988.webp-b293acff2cce3e0371d92c90b739c74d.ctex[39m[0m
[  10% ] [90m[1msavepack[22m | Storing File: res://assets/art/cutscenes/apartment_1988.webp.import[39m[0m
[  10% ] [90m[1msavepack[22m | Storing File: res://.godot/imported/news_1988.webp-fee56f9bb13a29a6e5966a261e9bc68e.ctex[39m[0m
[  10% ] [90m[1msavepack[22m | Storing File: res://assets/art/cutscenes/news_1988.webp.import[39m[0m
[  10% ] [90m[1msavepack[22m | Storing File: res://.godot/imported/asphalt.png-cad8a6b2d047b1241bde0d2036e86415.ctex[39m[0m
[  10% ] [90m[1msavepack[22m | Storing File: res://assets/art/floors/asphalt.png.import[39m[0m
[  10% ] [90m[1msavepack[22m | Storing File: res://.godot/imported/carpet.png-2ad766610789d0720fd85b0f3f365391.ctex[39m[0m
[  10% ] [90m[1msavepack[22m | Storing File: res://assets/art/floors/carpet.png.import[39m[0m
[  10% ] [90m[1msavepack[22m | Storing File: res://.godot/imported/concrete.png-e148341e8def937a5a4836d3a2da5484.ctex[39m[0m
[  10% ] [90m[1msavepack[22m | Storing File: res://assets/art/floors/concrete.png.import[39m[0m
[  11% ] [90m[1msavepack[22m | Storing File: res://.godot/imported/dirt.png-82aa02b59955ee4bd00a0fb956f4f6bd.ctex[39m[0m
[  11% ] [90m[1msavepack[22m | Storing File: res://assets/art/floors/dirt.png.import[39m[0m
[  11% ] [90m[1msavepack[22m | Storing File: res://.godot/imported/grass.png-e02d2dd58898376e7cd98d3a31cf76de.ctex[39m[0m
[  11% ] [90m[1msavepack[22m | Storing File: res://assets/art/floors/grass.png.import[39m[0m
[  11% ] [90m[1msavepack[22m | Storing File: res://.godot/imported/marble.png-e7d52af0bd15837f69c181c92d938d48.ctex[39m[0m
[  11% ] [90m[1msavepack[22m | Storing File: res://assets/art/floors/marble.png.import[39m[0m
[  11% ] [90m[1msavepack[22m | Storing File: res://.godot/imported/rug.png-e9c686e3d6ac48bd4cf518c034a8b39b.ctex[39m[0m
[  11% ] [90m[1msavepack[22m | Storing File: res://assets/art/floors/rug.png.import[39m[0m
[  11% ] [90m[1msavepack[22m | Storing File: res://.godot/imported/stage.png-f27e127640cb9721d226ebf1269b6760.ctex[39m[0m
[  11% ] [90m[1msavepack[22m | Storing File: res://assets/art/floors/stage.png.import[39m[0m
[  11% ] [90m[1msavepack[22m | Storing File: res://.godot/imported/steel.png-47dd33e86dd0fb7da9ad19c1632b8eb2.ctex[39m[0m
[  11% ] [90m[1msavepack[22m | Storing File: res://assets/art/floors/steel.png.import[39m[0m
[  11% ] [90m[1msavepack[22m | Storing File: res://.godot/imported/tile.png-56dcfd80b66dc9d48e7ae25cc0d3a8c6.ctex[39m[0m
[  11% ] [90m[1msavepack[22m | Storing File: res://assets/art/floors/tile.png.import[39m[0m
[  11% ] [90m[1msavepack[22m | Storing File: res://.godot/imported/wall_motel.png-dff582d07991d8bff986c1783f70c741.ctex[39m[0m
[  11% ] [90m[1msavepack[22m | Storing File: res://assets/art/floors/wall_motel.png.import[39m[0m
[  11% ] [90m[1msavepack[22m | Storing File: res://.godot/imported/wall_salvage.png-395ddaa87bc87281cd3a62b752146f20.ctex[39m[0m
[  11% ] [90m[1msavepack[22m | Storing File: res://assets/art/floors/wall_salvage.png.import[39m[0m
[  11% ] [90m[1msavepack[22m | Storing File: res://.godot/imported/wall_studio.png-85e5c339990383934b84bf6b2177ef7d.ctex[39m[0m
[  11% ] [90m[1msavepack[22m | Storing File: res://assets/art/floors/wall_studio.png.import[39m[0m
[  11% ] [90m[1msavepack[22m | Storing File: res://.godot/imported/wall_villa.png-ec148b8a810badb16ae09f5a6ddb46c5.ctex[39m[0m
[  11% ] [90m[1msavepack[22m | Storing File: res://assets/art/floors/wall_villa.png.import[39m[0m
[  11% ] [90m[1msavepack[22m | Storing File: res://.godot/imported/wood.png-59ef384413214955b1b0bac05ecf16aa.ctex[39m[0m
[  11% ] [90m[1msavepack[22m | Storing File: res://assets/art/floors/wood.png.import[39m[0m
[  11% ] [90m[1msavepack[22m | Storing File: res://.godot/imported/angel.png-f29240cab79c0cff8db3be44bc3b1f88.ctex[39m[0m
[  11% ] [90m[1msavepack[22m | Storing File: res://assets/art/masks/angel.png.import[39m[0m
[  11% ] [90m[1msavepack[22m | Storing File: res://.godot/imported/cowboy.png-bd1f3d43b7b0340708ed1c93a7239c7b.ctex[39m[0m
[  11% ] [90m[1msavepack[22m | Storing File: res://assets/art/masks/cowboy.png.import[39m[0m
[  11% ] [90m[1msavepack[22m | Storing File: res://.godot/imported/devil.png-1cb693fd3e88d9cd143f5e5ed1d84b99.ctex[39m[0m
[  11% ] [90m[1msavepack[22m | Storing File: res://assets/art/masks/devil.png.import[39m[0m
[  11% ] [90m[1msavepack[22m | Storing File: res://.godot/imported/dog.png-2726499e609650fcc2b81021eab2d767.ctex[39m[0m
[  11% ] [90m[1msavepack[22m | Storing File: res://assets/art/masks/dog.png.import[39m[0m
[  11% ] [90m[1msavepack[22m | Storing File: res://.godot/imported/fool.png-52b0b2bca1ec68282d7e801531cb5756.ctex[39m[0m
[  11% ] [90m[1msavepack[22m | Storing File: res://assets/art/masks/fool.png.import[39m[0m
[  11% ] [90m[1msavepack[22m | Storing File: res://.godot/imported/ghost.png-e939b3c1938e89497552a2ab6ac8b07e.ctex[39m[0m
[  11% ] [90m[1msavepack[22m | Storing File: res://assets/art/masks/ghost.png.import[39m[0m
[  11% ] [90m[1msavepack[22m | Storing File: res://.godot/imported/king.png-e8475644c42319414704b17c4ae0dc6b.ctex[39m[0m
[  11% ] [90m[1msavepack[22m | Storing File: res://assets/art/masks/king.png.import[39m[0m
[  11% ] [90m[1msavepack[22m | Storing File: res://.godot/imported/king_hidden.png-101706f5d2f81a5e1a4a0254f6069474.ctex[39m[0m
[  11% ] [90m[1msavepack[22m | Storing File: res://assets/art/masks/king_hidden.png.import[39m[0m
[  11% ] [90m[1msavepack[22m | Storing File: res://.godot/imported/saint.png-68dd1bf31724d1c8a9f916ae727dd1c6.ctex[39m[0m
[  11% ] [90m[1msavepack[22m | Storing File: res://assets/art/masks/saint.png.import[39m[0m
[  11% ] [90m[1msavepack[22m | Storing File: res://.godot/imported/soldier.png-3379abd7836f9b3401a6c8e98f6a686c.ctex[39m[0m
[  11% ] [90m[1msavepack[22m | Storing File: res://assets/art/masks/soldier.png.import[39m[0m
[  11% ] [90m[1msavepack[22m | Storing File: res://.godot/imported/star.png-86c3bffcd1dd79cf109b0955180646d0.ctex[39m[0m
[  11% ] [90m[1msavepack[22m | Storing File: res://assets/art/masks/star.png.import[39m[0m
[  11% ] [90m[1msavepack[22m | Storing File: res://.godot/imported/canvas.png-d9a3e94eb465ee1fb1f89ede506bcef9.ctex[39m[0m
[  11% ] [90m[1msavepack[22m | Storing File: res://assets/art/materials/canvas.png.import[39m[0m
[  11% ] [90m[1msavepack[22m | Storing File: res://.godot/imported/denim.png-f647660e1c7be87edce0326df8bf8acb.ctex[39m[0m
[  11% ] [90m[1msavepack[22m | Storing File: res://assets/art/materials/denim.png.import[39m[0m
[  11% ] [90m[1msavepack[22m | Storing File: res://.godot/imported/leather.png-c1152479338ca8f199ce0fd0abaf89dc.ctex[39m[0m
[  11% ] [90m[1msavepack[22m | Storing File: res://assets/art/materials/leather.png.import[39m[0m
[  11% ] [90m[1msavepack[22m | Storing File: res://.godot/imported/nylon.png-75b83f698193c9494b3c503a5cfa73f5.ctex[39m[0m
[  11% ] [90m[1msavepack[22m | Storing File: res://assets/art/materials/nylon.png.import[39m[0m
[  11% ] [90m[1msavepack[22m | Storing File: res://.godot/imported/twill.png-08881ae797a2761510d99988c23ca092.ctex[39m[0m
[  11% ] [90m[1msavepack[22m | Storing File: res://assets/art/materials/twill.png.import[39m[0m
[  11% ] [90m[1msavepack[22m | Storing File: res://.godot/imported/wool.png-1d07bd741ea42b4daf8f8a68c8c629a4.ctex[39m[0m
[  11% ] [90m[1msavepack[22m | Storing File: res://assets/art/materials/wool.png.import[39m[0m
[  11% ] [90m[1msavepack[22m | Storing File: res://.godot/imported/apartment.webp-607c516ea134865349a673f7bf7c5836.ctex[39m[0m
[  11% ] [90m[1msavepack[22m | Storing File: res://assets/art/painted/apartment.webp.import[39m[0m
[  11% ] [90m[1msavepack[22m | Storing File: res://.godot/imported/apartment_glow.png-01c53fbb86b19b6cb292e076c634eb71.ctex[39m[0m
[  11% ] [90m[1msavepack[22m | Storing File: res://assets/art/painted/apartment_glow.png.import[39m[0m
[  11% ] [90m[1msavepack[22m | Storing File: res://.godot/imported/arlo_close.webp-cbb331278a1b775a390e08f3b7890b6d.ctex[39m[0m
[  11% ] [90m[1msavepack[22m | Storing File: res://assets/art/painted/arlo_close.webp.import[39m[0m
[  12% ] [90m[1msavepack[22m | Storing File: res://.godot/imported/arlo_close_glow.png-3bad5583584bb7cf82e4dd3a4bb19cf6.ctex[39m[0m
[  12% ] [90m[1msavepack[22m | Storing File: res://assets/art/painted/arlo_close_glow.png.import[39m[0m
[  12% ] [90m[1msavepack[22m | Storing File: res://.godot/imported/arlo_wide.webp-d6478ad66bcc330be27c12f5f1659c42.ctex[39m[0m
[  12% ] [90m[1msavepack[22m | Storing File: res://assets/art/painted/arlo_wide.webp.import[39m[0m
[  12% ] [90m[1msavepack[22m | Storing File: res://.godot/imported/arlo_wide_glow.png-4071e2ca3e566433fb4ad54da0f8ebd1.ctex[39m[0m
[  12% ] [90m[1msavepack[22m | Storing File: res://assets/art/painted/arlo_wide_glow.png.import[39m[0m
[  12% ] [90m[1msavepack[22m | Storing File: res://.godot/imported/barstow_fireworks.webp-30685b99a923d53ce12c9e85df329798.ctex[39m[0m
[  12% ] [90m[1msavepack[22m | Storing File: res://assets/art/painted/barstow_fireworks.webp.import[39m[0m
[  12% ] [90m[1msavepack[22m | Storing File: res://.godot/imported/barstow_fireworks_glow.png-a6620173221094939a8114c93e341ce2.ctex[39m[0m
[  12% ] [90m[1msavepack[22m | Storing File: res://assets/art/painted/barstow_fireworks_glow.png.import[39m[0m
[  12% ] [90m[1msavepack[22m | Storing File: res://.godot/imported/barstow_pd.webp-8b6ac638b44e11e212de43cb5c06d2d4.ctex[39m[0m
[  12% ] [90m[1msavepack[22m | Storing File: res://assets/art/painted/barstow_pd.webp.import[39m[0m
[  12% ] [90m[1msavepack[22m | Storing File: res://.godot/imported/barstow_pd_glow.png-ceb1f8128adf6fa3852d4a119df1d266.ctex[39m[0m
[  12% ] [90m[1msavepack[22m | Storing File: res://assets/art/painted/barstow_pd_glow.png.import[39m[0m
[  12% ] [90m[1msavepack[22m | Storing File: res://.godot/imported/burbank_night.webp-907a9fe4405fc7f0099f9d8f1b7b8441.ctex[39m[0m
[  12% ] [90m[1msavepack[22m | Storing File: res://assets/art/painted/burbank_night.webp.import[39m[0m
[  12% ] [90m[1msavepack[22m | Storing File: res://.godot/imported/burbank_night_glow.png-366bc117aa25da14d203418e5c0d630a.ctex[39m[0m
[  12% ] [90m[1msavepack[22m | Storing File: res://assets/art/painted/burbank_night_glow.png.import[39m[0m
[  12% ] [90m[1msavepack[22m | Storing File: res://.godot/imported/burning_tommy.webp-4455c9f602aa91d223c3632c17a55511.ctex[39m[0m
[  12% ] [90m[1msavepack[22m | Storing File: res://assets/art/painted/burning_tommy.webp.import[39m[0m
[  12% ] [90m[1msavepack[22m | Storing File: res://.godot/imported/burning_tommy_glow.png-c7e8c32fc2d773ccc174a5d7131c80da.ctex[39m[0m
[  12% ] [90m[1msavepack[22m | Storing File: res://assets/art/painted/burning_tommy_glow.png.import[39m[0m
[  12% ] [90m[1msavepack[22m | Storing File: res://.godot/imported/b_credits.webp-4fff335e77183e9a74bf2fe0dc309954.ctex[39m[0m
[  12% ] [90m[1msavepack[22m | Storing File: res://assets/art/painted/b_credits.webp.import[39m[0m
[  12% ] [90m[1msavepack[22m | Storing File: res://.godot/imported/b_credits_glow.png-835b8ac4fed8e082164866709ee7a2e0.ctex[39m[0m
[  12% ] [90m[1msavepack[22m | Storing File: res://assets/art/painted/b_credits_glow.png.import[39m[0m
[  12% ] [90m[1msavepack[22m | Storing File: res://.godot/imported/b_embrace.webp-17f6fbcf6eff61c08d52b30fb490c5b0.ctex[39m[0m
[  12% ] [90m[1msavepack[22m | Storing File: res://assets/art/painted/b_embrace.webp.import[39m[0m
[  12% ] [90m[1msavepack[22m | Storing File: res://.godot/imported/b_embrace_glow.png-1ba9bc63a4841d0be619f836e16c4c9d.ctex[39m[0m
[  12% ] [90m[1msavepack[22m | Storing File: res://assets/art/painted/b_embrace_glow.png.import[39m[0m
[  12% ] [90m[1msavepack[22m | Storing File: res://.godot/imported/b_party.webp-172a7a382558fb4922899fe3c17bce48.ctex[39m[0m
[  12% ] [90m[1msavepack[22m | Storing File: res://assets/art/painted/b_party.webp.import[39m[0m
[  12% ] [90m[1msavepack[22m | Storing File: res://.godot/imported/b_party_glow.png-8852d8b7a17ce02777c852f330cc0ce2.ctex[39m[0m
[  12% ] [90m[1msavepack[22m | Storing File: res://assets/art/painted/b_party_glow.png.import[39m[0m
[  12% ] [90m[1msavepack[22m | Storing File: res://.godot/imported/cameras_shot.webp-2ab259ef29df94fbceaef498b126cea5.ctex[39m[0m
[  12% ] [90m[1msavepack[22m | Storing File: res://assets/art/painted/cameras_shot.webp.import[39m[0m
[  12% ] [90m[1msavepack[22m | Storing File: res://.godot/imported/cameras_shot_glow.png-86422617bc84fd28a4eef9b6b928d0b7.ctex[39m[0m
[  12% ] [90m[1msavepack[22m | Storing File: res://assets/art/painted/cameras_shot_glow.png.import[39m[0m
[  12% ] [90m[1msavepack[22m | Storing File: res://.godot/imported/canned_applause.webp-cdc1232e0f42c54065f6756597b9178d.ctex[39m[0m
[  12% ] [90m[1msavepack[22m | Storing File: res://assets/art/painted/canned_applause.webp.import[39m[0m
[  12% ] [90m[1msavepack[22m | Storing File: res://.godot/imported/canned_applause_glow.png-38be371aee914ece97656fdd489b28df.ctex[39m[0m
[  12% ] [90m[1msavepack[22m | Storing File: res://assets/art/painted/canned_applause_glow.png.import[39m[0m
[  12% ] [90m[1msavepack[22m | Storing File: res://.godot/imported/cass_close.webp-22bb572b27d81dcb0b023c97f2592df7.ctex[39m[0m
[  12% ] [90m[1msavepack[22m | Storing File: res://assets/art/painted/cass_close.webp.import[39m[0m
[  12% ] [90m[1msavepack[22m | Storing File: res://.godot/imported/cass_close_glow.png-0c38335788dfa4b73c56e33ae0ffb7d1.ctex[39m[0m
[  12% ] [90m[1msavepack[22m | Storing File: res://assets/art/painted/cass_close_glow.png.import[39m[0m
[  12% ] [90m[1msavepack[22m | Storing File: res://.godot/imported/cass_listens.webp-7cdf196a58ca70aed74e30228c7da83f.ctex[39m[0m
[  12% ] [90m[1msavepack[22m | Storing File: res://assets/art/painted/cass_listens.webp.import[39m[0m
[  12% ] [90m[1msavepack[22m | Storing File: res://.godot/imported/cass_listens_glow.png-d9cd4300eae67c77475a596b88ad1155.ctex[39m[0m
[  12% ] [90m[1msavepack[22m | Storing File: res://assets/art/painted/cass_listens_glow.png.import[39m[0m
[  12% ] [90m[1msavepack[22m | Storing File: res://.godot/imported/casting_1990.webp-d4b541e7e6ee62f0e1e6d4cbae3b44d4.ctex[39m[0m
[  12% ] [90m[1msavepack[22m | Storing File: res://assets/art/painted/casting_1990.webp.import[39m[0m
[  12% ] [90m[1msavepack[22m | Storing File: res://.godot/imported/casting_1990_glow.png-94451dc153cab6717ee19b83c79a8d3b.ctex[39m[0m
[  12% ] [90m[1msavepack[22m | Storing File: res://assets/art/painted/casting_1990_glow.png.import[39m[0m
[  12% ] [90m[1msavepack[22m | Storing File: res://.godot/imported/clapper.webp-6b8349b4b6a5d142f4e6d6453a3c216d.ctex[39m[0m
[  12% ] [90m[1msavepack[22m | Storing File: res://assets/art/painted/clapper.webp.import[39m[0m
[  12% ] [90m[1msavepack[22m | Storing File: res://.godot/imported/clapper_glow.png-2bfb547860a3b000d9c36681da248665.ctex[39m[0m
[  12% ] [90m[1msavepack[22m | Storing File: res://assets/art/painted/clapper_glow.png.import[39m[0m
[  12% ] [90m[1msavepack[22m | Storing File: res://.godot/imported/control_room.webp-f9e4ccd06ab645c39251deb5b1c804b3.ctex[39m[0m
[  12% ] [90m[1msavepack[22m | Storing File: res://assets/art/painted/control_room.webp.import[39m[0m
[  12% ] [90m[1msavepack[22m | Storing File: res://.godot/imported/control_room_glow.png-9ab530b5290ba31ce8b10485103b1d1c.ctex[39m[0m
[  12% ] [90m[1msavepack[22m | Storing File: res://assets/art/painted/control_room_glow.png.import[39m[0m
[  12% ] [90m[1msavepack[22m | Storing File: res://.godot/imported/corkboard_note.webp-8597d2feb9d661a014c71e4ee7ee09cf.ctex[39m[0m
[  12% ] [90m[1msavepack[22m | Storing File: res://assets/art/painted/corkboard_note.webp.import[39m[0m
[  13% ] [90m[1msavepack[22m | Storing File: res://.godot/imported/corkboard_note_glow.png-7444bc7e0ef668bd4747c58e2d38de94.ctex[39m[0m
[  13% ] [90m[1msavepack[22m | Storing File: res://assets/art/painted/corkboard_note_glow.png.import[39m[0m
[  13% ] [90m[1msavepack[22m | Storing File: res://.godot/imported/credits_tv.webp-dbe48def07d0a803781744223b4126e0.ctex[39m[0m
[  13% ] [90m[1msavepack[22m | Storing File: res://assets/art/painted/credits_tv.webp.import[39m[0m
[  13% ] [90m[1msavepack[22m | Storing File: res://.godot/imported/credits_tv_glow.png-c5eefa94a3f087a95ffb22828b3d540d.ctex[39m[0m
[  13% ] [90m[1msavepack[22m | Storing File: res://assets/art/painted/credits_tv_glow.png.import[39m[0m
[  13% ] [90m[1msavepack[22m | Storing File: res://.godot/imported/dead_applause.webp-beae88d35aeedf8914966a6d773a332b.ctex[39m[0m
[  13% ] [90m[1msavepack[22m | Storing File: res://assets/art/painted/dead_applause.webp.import[39m[0m
[  13% ] [90m[1msavepack[22m | Storing File: res://.godot/imported/dead_applause_glow.png-99ffce02659bb1592b38f0ed275ed0c9.ctex[39m[0m
[  13% ] [90m[1msavepack[22m | Storing File: res://assets/art/painted/dead_applause_glow.png.import[39m[0m
[  13% ] [90m[1msavepack[22m | Storing File: res://.godot/imported/dead_line.webp-d4f0aa6a037ea57438dc4b46d2deab4e.ctex[39m[0m
[  13% ] [90m[1msavepack[22m | Storing File: res://assets/art/painted/dead_line.webp.import[39m[0m
[  13% ] [90m[1msavepack[22m | Storing File: res://.godot/imported/dead_line_glow.png-944db3ec250b258110c6d6391ddee847.ctex[39m[0m
[  13% ] [90m[1msavepack[22m | Storing File: res://assets/art/painted/dead_line_glow.png.import[39m[0m
[  13% ] [90m[1msavepack[22m | Storing File: res://.godot/imported/desert_road.webp-632473d7876346dad6c9b34f847c66d1.ctex[39m[0m
[  13% ] [90m[1msavepack[22m | Storing File: res://assets/art/painted/desert_road.webp.import[39m[0m
[  13% ] [90m[1msavepack[22m | Storing File: res://.godot/imported/desert_road_glow.png-96ff262980eba79a1f23326cfb74d305.ctex[39m[0m
[  13% ] [90m[1msavepack[22m | Storing File: res://assets/art/painted/desert_road_glow.png.import[39m[0m
[  13% ] [90m[1msavepack[22m | Storing File: res://.godot/imported/dogs_silent.webp-b1cd45a95cb246726630125a7f12ad72.ctex[39m[0m
[  13% ] [90m[1msavepack[22m | Storing File: res://assets/art/painted/dogs_silent.webp.import[39m[0m
[  13% ] [90m[1msavepack[22m | Storing File: res://.godot/imported/dogs_silent_glow.png-4d0213331ad7ebb750310afd9226182c.ctex[39m[0m
[  13% ] [90m[1msavepack[22m | Storing File: res://assets/art/painted/dogs_silent_glow.png.import[39m[0m
[  13% ] [90m[1msavepack[22m | Storing File: res://.godot/imported/dutch_3am.webp-663f73f353e34dda1d2ee8cfd4dadb91.ctex[39m[0m
[  13% ] [90m[1msavepack[22m | Storing File: res://assets/art/painted/dutch_3am.webp.import[39m[0m
[  13% ] [90m[1msavepack[22m | Storing File: res://.godot/imported/dutch_3am_glow.png-00106a335a1c0907a2c2812feb91a633.ctex[39m[0m
[  13% ] [90m[1msavepack[22m | Storing File: res://assets/art/painted/dutch_3am_glow.png.import[39m[0m
[  13% ] [90m[1msavepack[22m | Storing File: res://.godot/imported/d_cameras.webp-ccb1f4140a45a81403f8ec737628a5a4.ctex[39m[0m
[  13% ] [90m[1msavepack[22m | Storing File: res://assets/art/painted/d_cameras.webp.import[39m[0m
[  13% ] [90m[1msavepack[22m | Storing File: res://.godot/imported/d_cameras_glow.png-e3f7566d8e1340b21ca3a04f975839cb.ctex[39m[0m
[  13% ] [90m[1msavepack[22m | Storing File: res://assets/art/painted/d_cameras_glow.png.import[39m[0m
[  13% ] [90m[1msavepack[22m | Storing File: res://.godot/imported/d_changeorder.webp-c6bff767533336f61d54698b26ef62f9.ctex[39m[0m
[  13% ] [90m[1msavepack[22m | Storing File: res://assets/art/painted/d_changeorder.webp.import[39m[0m
[  13% ] [90m[1msavepack[22m | Storing File: res://.godot/imported/d_changeorder_glow.png-890b00872b0dda11046a315bc4f6392b.ctex[39m[0m
[  13% ] [90m[1msavepack[22m | Storing File: res://assets/art/painted/d_changeorder_glow.png.import[39m[0m
[  13% ] [90m[1msavepack[22m | Storing File: res://.godot/imported/d_stage.webp-40f5089d7c307b9c08ef9539f1df4fd2.ctex[39m[0m
[  13% ] [90m[1msavepack[22m | Storing File: res://assets/art/painted/d_stage.webp.import[39m[0m
[  13% ] [90m[1msavepack[22m | Storing File: res://.godot/imported/d_stage_glow.png-4a06596a2b8eb8b7e7aa4687a779efe3.ctex[39m[0m
[  13% ] [90m[1msavepack[22m | Storing File: res://assets/art/painted/d_stage_glow.png.import[39m[0m
[  13% ] [90m[1msavepack[22m | Storing File: res://.godot/imported/d_tote.webp-82e2e919b45b09fc25cfb04af2f2e11d.ctex[39m[0m
[  13% ] [90m[1msavepack[22m | Storing File: res://assets/art/painted/d_tote.webp.import[39m[0m
[  13% ] [90m[1msavepack[22m | Storing File: res://.godot/imported/d_tote_glow.png-093552c0e19201ff9accbc675fa3d172.ctex[39m[0m
[  13% ] [90m[1msavepack[22m | Storing File: res://assets/art/painted/d_tote_glow.png.import[39m[0m
[  13% ] [90m[1msavepack[22m | Storing File: res://.godot/imported/earl_tv.webp-90dab74ea7df08e063221f94db64b87b.ctex[39m[0m
[  13% ] [90m[1msavepack[22m | Storing File: res://assets/art/painted/earl_tv.webp.import[39m[0m
[  13% ] [90m[1msavepack[22m | Storing File: res://.godot/imported/earl_tv_glow.png-976711007d5c23baad2d1fe26e8d96f5.ctex[39m[0m
[  13% ] [90m[1msavepack[22m | Storing File: res://assets/art/painted/earl_tv_glow.png.import[39m[0m
[  13% ] [90m[1msavepack[22m | Storing File: res://.godot/imported/ev_photo_casting.webp-d27c1ee8caf7c2ff92c859413fb72acf.ctex[39m[0m
[  13% ] [90m[1msavepack[22m | Storing File: res://assets/art/painted/ev_photo_casting.webp.import[39m[0m
[  13% ] [90m[1msavepack[22m | Storing File: res://.godot/imported/ev_photo_casting_glow.png-1484659f3671dadc85d848c1ce138535.ctex[39m[0m
[  13% ] [90m[1msavepack[22m | Storing File: res://assets/art/painted/ev_photo_casting_glow.png.import[39m[0m
[  13% ] [90m[1msavepack[22m | Storing File: res://.godot/imported/ev_photo_harcourt.webp-c8220b2acedf7d0f548bf386d2118c85.ctex[39m[0m
[  13% ] [90m[1msavepack[22m | Storing File: res://assets/art/painted/ev_photo_harcourt.webp.import[39m[0m
[  13% ] [90m[1msavepack[22m | Storing File: res://.godot/imported/ev_photo_harcourt_glow.png-b20be80c81f6be6a17fe4865b7109b63.ctex[39m[0m
[  13% ] [90m[1msavepack[22m | Storing File: res://assets/art/painted/ev_photo_harcourt_glow.png.import[39m[0m
[  13% ] [90m[1msavepack[22m | Storing File: res://.godot/imported/ev_photo_kennel.webp-1c12f088d0d2b5eceaed0990a31d48a6.ctex[39m[0m
[  13% ] [90m[1msavepack[22m | Storing File: res://assets/art/painted/ev_photo_kennel.webp.import[39m[0m
[  13% ] [90m[1msavepack[22m | Storing File: res://.godot/imported/ev_photo_kennel_glow.png-813e7c7a2d24b41584d6d0b5a3887737.ctex[39m[0m
[  13% ] [90m[1msavepack[22m | Storing File: res://assets/art/painted/ev_photo_kennel_glow.png.import[39m[0m
[  13% ] [90m[1msavepack[22m | Storing File: res://.godot/imported/ev_photo_nursery.webp-644875dce532f40424fd6a109af590b3.ctex[39m[0m
[  13% ] [90m[1msavepack[22m | Storing File: res://assets/art/painted/ev_photo_nursery.webp.import[39m[0m
[  13% ] [90m[1msavepack[22m | Storing File: res://.godot/imported/ev_photo_nursery_glow.png-f0ff74c893271e712501ccd1701f5991.ctex[39m[0m
[  13% ] [90m[1msavepack[22m | Storing File: res://assets/art/painted/ev_photo_nursery_glow.png.import[39m[0m
[  13% ] [90m[1msavepack[22m | Storing File: res://.godot/imported/ev_tape_dream.webp-07f9bc9077d60b63f9fce2194008a642.ctex[39m[0m
[  13% ] [90m[1msavepack[22m | Storing File: res://assets/art/painted/ev_tape_dream.webp.import[39m[0m
[  13% ] [90m[1msavepack[22m | Storing File: res://.godot/imported/ev_tape_dream_glow.png-7276e6672e1452f94e709d01aa0afa49.ctex[39m[0m
[  13% ] [90m[1msavepack[22m | Storing File: res://assets/art/painted/ev_tape_dream_glow.png.import[39m[0m
[  14% ] [90m[1msavepack[22m | Storing File: res://.godot/imported/ev_tape_pilot.webp-166bb011d891ce71167a559508d25d3d.ctex[39m[0m
[  14% ] [90m[1msavepack[22m | Storing File: res://assets/art/painted/ev_tape_pilot.webp.import[39m[0m
[  14% ] [90m[1msavepack[22m | Storing File: res://.godot/imported/ev_tape_pilot_glow.png-56356f48b28f85a85a9fcd53be113657.ctex[39m[0m
[  14% ] [90m[1msavepack[22m | Storing File: res://assets/art/painted/ev_tape_pilot_glow.png.import[39m[0m
[  14% ] [90m[1msavepack[22m | Storing File: res://.godot/imported/ev_tape_roll7.webp-744f2c30054f18c8f70f8d69c28895fa.ctex[39m[0m
[  14% ] [90m[1msavepack[22m | Storing File: res://assets/art/painted/ev_tape_roll7.webp.import[39m[0m
[  14% ] [90m[1msavepack[22m | Storing File: res://.godot/imported/ev_tape_roll7_glow.png-6b40598646a2a00e7b03da189999c49a.ctex[39m[0m
[  14% ] [90m[1msavepack[22m | Storing File: res://assets/art/painted/ev_tape_roll7_glow.png.import[39m[0m
[  14% ] [90m[1msavepack[22m | Storing File: res://.godot/imported/ev_tape_vance.webp-ec90de96cfeae5e7901975a1dc5ea3bb.ctex[39m[0m
[  14% ] [90m[1msavepack[22m | Storing File: res://assets/art/painted/ev_tape_vance.webp.import[39m[0m
[  14% ] [90m[1msavepack[22m | Storing File: res://.godot/imported/ev_tape_vance_glow.png-a667dfd50512a2299917c9292eb0b37c.ctex[39m[0m
[  14% ] [90m[1msavepack[22m | Storing File: res://assets/art/painted/ev_tape_vance_glow.png.import[39m[0m
[  14% ] [90m[1msavepack[22m | Storing File: res://.godot/imported/explosion.webp-0243dc488651da655af683ef241c368c.ctex[39m[0m
[  14% ] [90m[1msavepack[22m | Storing File: res://assets/art/painted/explosion.webp.import[39m[0m
[  14% ] [90m[1msavepack[22m | Storing File: res://.godot/imported/explosion_glow.png-1ab24339b6454201103c7e6fdac09465.ctex[39m[0m
[  14% ] [90m[1msavepack[22m | Storing File: res://assets/art/painted/explosion_glow.png.import[39m[0m
[  14% ] [90m[1msavepack[22m | Storing File: res://.godot/imported/extinguisher.webp-9f3b992c94341eb96bbafaaf5e1e1075.ctex[39m[0m
[  14% ] [90m[1msavepack[22m | Storing File: res://assets/art/painted/extinguisher.webp.import[39m[0m
[  14% ] [90m[1msavepack[22m | Storing File: res://.godot/imported/extinguisher_glow.png-4f85c6dc85e098ad168d4eaf55c96399.ctex[39m[0m
[  14% ] [90m[1msavepack[22m | Storing File: res://assets/art/painted/extinguisher_glow.png.import[39m[0m
[  14% ] [90m[1msavepack[22m | Storing File: res://.godot/imported/fireman.webp-66122869a215586e8664dca040b66ae4.ctex[39m[0m
[  14% ] [90m[1msavepack[22m | Storing File: res://assets/art/painted/fireman.webp.import[39m[0m
[  14% ] [90m[1msavepack[22m | Storing File: res://.godot/imported/fireman_down.webp-c8ac1f721385deafe61912fed8d86def.ctex[39m[0m
[  14% ] [90m[1msavepack[22m | Storing File: res://assets/art/painted/fireman_down.webp.import[39m[0m
[  14% ] [90m[1msavepack[22m | Storing File: res://.godot/imported/fireman_down_glow.png-58d36d5bfbf1bcb28f22c90d851a8615.ctex[39m[0m
[  14% ] [90m[1msavepack[22m | Storing File: res://assets/art/painted/fireman_down_glow.png.import[39m[0m
[  14% ] [90m[1msavepack[22m | Storing File: res://.godot/imported/fireman_glow.png-abaf67ddac8b26fe9b24dec38f80cd2d.ctex[39m[0m
[  14% ] [90m[1msavepack[22m | Storing File: res://assets/art/painted/fireman_glow.png.import[39m[0m
[  14% ] [90m[1msavepack[22m | Storing File: res://.godot/imported/fire_windshield.webp-47fdd72b75b840e582a8719e587e572b.ctex[39m[0m
[  14% ] [90m[1msavepack[22m | Storing File: res://assets/art/painted/fire_windshield.webp.import[39m[0m
[  14% ] [90m[1msavepack[22m | Storing File: res://.godot/imported/fire_windshield_glow.png-82f625b41d69dbc5bd6613dd04ebfcc0.ctex[39m[0m
[  14% ] [90m[1msavepack[22m | Storing File: res://assets/art/painted/fire_windshield_glow.png.import[39m[0m
[  14% ] [90m[1msavepack[22m | Storing File: res://.godot/imported/galaxy_palace.webp-b1b807a4326c4df68a18c5cb591ff0e3.ctex[39m[0m
[  14% ] [90m[1msavepack[22m | Storing File: res://assets/art/painted/galaxy_palace.webp.import[39m[0m
[  14% ] [90m[1msavepack[22m | Storing File: res://.godot/imported/galaxy_palace_glow.png-e4c545207f77036b1b70750b1c21582c.ctex[39m[0m
[  14% ] [90m[1msavepack[22m | Storing File: res://assets/art/painted/galaxy_palace_glow.png.import[39m[0m
[  14% ] [90m[1msavepack[22m | Storing File: res://.godot/imported/harcourt_office.webp-7ed7b6c50ef6f30cd731622be4136c2a.ctex[39m[0m
[  14% ] [90m[1msavepack[22m | Storing File: res://assets/art/painted/harcourt_office.webp.import[39m[0m
[  14% ] [90m[1msavepack[22m | Storing File: res://.godot/imported/harcourt_office_glow.png-e7c1806afe74c7a3218c9ef5ab7c4111.ctex[39m[0m
[  14% ] [90m[1msavepack[22m | Storing File: res://assets/art/painted/harcourt_office_glow.png.import[39m[0m
[  14% ] [90m[1msavepack[22m | Storing File: res://.godot/imported/hills_fire.webp-0d0bcc140059e31ac32e464ed7f78c20.ctex[39m[0m
[  14% ] [90m[1msavepack[22m | Storing File: res://assets/art/painted/hills_fire.webp.import[39m[0m
[  14% ] [90m[1msavepack[22m | Storing File: res://.godot/imported/hills_fire_glow.png-0ee64b1acec7422e07c463177c14aace.ctex[39m[0m
[  14% ] [90m[1msavepack[22m | Storing File: res://assets/art/painted/hills_fire_glow.png.import[39m[0m
[  14% ] [90m[1msavepack[22m | Storing File: res://.godot/imported/holding_tommy.webp-6fbc6ed4fec3e58d158f74c3994af04d.ctex[39m[0m
[  14% ] [90m[1msavepack[22m | Storing File: res://assets/art/painted/holding_tommy.webp.import[39m[0m
[  14% ] [90m[1msavepack[22m | Storing File: res://.godot/imported/holding_tommy_glow.png-87c33f41a7f0e4b44f429bc4368117f1.ctex[39m[0m
[  14% ] [90m[1msavepack[22m | Storing File: res://assets/art/painted/holding_tommy_glow.png.import[39m[0m
[  14% ] [90m[1msavepack[22m | Storing File: res://.godot/imported/h_alarm.webp-3817da11e70da86a84569fe462b3f8f2.ctex[39m[0m
[  14% ] [90m[1msavepack[22m | Storing File: res://assets/art/painted/h_alarm.webp.import[39m[0m
[  14% ] [90m[1msavepack[22m | Storing File: res://.godot/imported/h_alarm_glow.png-ad1dafc84e80a83fc5233c50b688931d.ctex[39m[0m
[  14% ] [90m[1msavepack[22m | Storing File: res://assets/art/painted/h_alarm_glow.png.import[39m[0m
[  14% ] [90m[1msavepack[22m | Storing File: res://.godot/imported/h_door.webp-1efb8b602a2a09b1b218cfde7507821a.ctex[39m[0m
[  14% ] [90m[1msavepack[22m | Storing File: res://assets/art/painted/h_door.webp.import[39m[0m
[  14% ] [90m[1msavepack[22m | Storing File: res://.godot/imported/h_door_glow.png-8f3e63342bfdd12a488a893aac93ee36.ctex[39m[0m
[  14% ] [90m[1msavepack[22m | Storing File: res://assets/art/painted/h_door_glow.png.import[39m[0m
[  14% ] [90m[1msavepack[22m | Storing File: res://.godot/imported/h_down.webp-f3e55056ca597991de200c89d5928082.ctex[39m[0m
[  14% ] [90m[1msavepack[22m | Storing File: res://assets/art/painted/h_down.webp.import[39m[0m
[  14% ] [90m[1msavepack[22m | Storing File: res://.godot/imported/h_down_glow.png-77c7556f61cb14a24e490eed2e79fb5e.ctex[39m[0m
[  14% ] [90m[1msavepack[22m | Storing File: res://assets/art/painted/h_down_glow.png.import[39m[0m
[  14% ] [90m[1msavepack[22m | Storing File: res://.godot/imported/h_polaroid.webp-9a1da99909a707d0f60ba47a2ff052e8.ctex[39m[0m
[  14% ] [90m[1msavepack[22m | Storing File: res://assets/art/painted/h_polaroid.webp.import[39m[0m
[  14% ] [90m[1msavepack[22m | Storing File: res://.godot/imported/h_polaroid_glow.png-e484b9c4ad4e6bc1cee02c0e5393a43d.ctex[39m[0m
[  14% ] [90m[1msavepack[22m | Storing File: res://assets/art/painted/h_polaroid_glow.png.import[39m[0m
[  15% ] [90m[1msavepack[22m | Storing File: res://.godot/imported/h_reveal.webp-3a725495b8c5f03398f11f0ed51672ba.ctex[39m[0m
[  15% ] [90m[1msavepack[22m | Storing File: res://assets/art/painted/h_reveal.webp.import[39m[0m
[  15% ] [90m[1msavepack[22m | Storing File: res://.godot/imported/h_reveal_glow.png-b93d15b65ebc8b1e61e8e07a9e802987.ctex[39m[0m
[  15% ] [90m[1msavepack[22m | Storing File: res://assets/art/painted/h_reveal_glow.png.import[39m[0m
[  15% ] [90m[1msavepack[22m | Storing File: res://.godot/imported/k_buck.webp-4cc7062ec174a5a4efc52188cb884081.ctex[39m[0m
[  15% ] [90m[1msavepack[22m | Storing File: res://assets/art/painted/k_buck.webp.import[39m[0m
[  15% ] [90m[1msavepack[22m | Storing File: res://.godot/imported/k_buck_glow.png-03616b2cbea58d1331a7ba4e82efe02b.ctex[39m[0m
[  15% ] [90m[1msavepack[22m | Storing File: res://assets/art/painted/k_buck_glow.png.import[39m[0m
[  15% ] [90m[1msavepack[22m | Storing File: res://.godot/imported/k_dogs.webp-64b99647cc332ce48d790e698b998eb9.ctex[39m[0m
[  15% ] [90m[1msavepack[22m | Storing File: res://assets/art/painted/k_dogs.webp.import[39m[0m
[  15% ] [90m[1msavepack[22m | Storing File: res://.godot/imported/k_dogs_glow.png-62b830bc8c32406eb84edbe9e7fe3945.ctex[39m[0m
[  15% ] [90m[1msavepack[22m | Storing File: res://assets/art/painted/k_dogs_glow.png.import[39m[0m
[  15% ] [90m[1msavepack[22m | Storing File: res://.godot/imported/k_down.webp-9d06a762b72dbda8178f94b5b4767025.ctex[39m[0m
[  15% ] [90m[1msavepack[22m | Storing File: res://assets/art/painted/k_down.webp.import[39m[0m
[  15% ] [90m[1msavepack[22m | Storing File: res://.godot/imported/k_down_glow.png-5151f08faf5520be13396eefbc32ff7d.ctex[39m[0m
[  15% ] [90m[1msavepack[22m | Storing File: res://assets/art/painted/k_down_glow.png.import[39m[0m
[  15% ] [90m[1msavepack[22m | Storing File: res://.godot/imported/k_lane.webp-636875b14eed3acd37a14b5848716e3d.ctex[39m[0m
[  15% ] [90m[1msavepack[22m | Storing File: res://assets/art/painted/k_lane.webp.import[39m[0m
[  15% ] [90m[1msavepack[22m | Storing File: res://.godot/imported/k_lane_glow.png-32969076bbe63738bb063c6d97aaaf34.ctex[39m[0m
[  15% ] [90m[1msavepack[22m | Storing File: res://assets/art/painted/k_lane_glow.png.import[39m[0m
[  15% ] [90m[1msavepack[22m | Storing File: res://.godot/imported/k_yard.webp-8b2e360f2e2aea1854202ddb50860f07.ctex[39m[0m
[  15% ] [90m[1msavepack[22m | Storing File: res://assets/art/painted/k_yard.webp.import[39m[0m
[  15% ] [90m[1msavepack[22m | Storing File: res://.godot/imported/k_yard_glow.png-a798bcc833f41c35df644f6eedf00abb.ctex[39m[0m
[  15% ] [90m[1msavepack[22m | Storing File: res://assets/art/painted/k_yard_glow.png.import[39m[0m
[  15% ] [90m[1msavepack[22m | Storing File: res://.godot/imported/live_monitors.webp-e40c1e33a21b6ebb4e769cf06418b465.ctex[39m[0m
[  15% ] [90m[1msavepack[22m | Storing File: res://assets/art/painted/live_monitors.webp.import[39m[0m
[  15% ] [90m[1msavepack[22m | Storing File: res://.godot/imported/live_monitors_glow.png-68294c1788763cff8a1651c82110409d.ctex[39m[0m
[  15% ] [90m[1msavepack[22m | Storing File: res://assets/art/painted/live_monitors_glow.png.import[39m[0m
[  15% ] [90m[1msavepack[22m | Storing File: res://.godot/imported/lobby_phone.webp-abdf4e2b531bcf958ff96bb645b89782.ctex[39m[0m
[  15% ] [90m[1msavepack[22m | Storing File: res://assets/art/painted/lobby_phone.webp.import[39m[0m
[  15% ] [90m[1msavepack[22m | Storing File: res://.godot/imported/lobby_phone_glow.png-2c782d8e69fa589311d7bb7cd8f731a0.ctex[39m[0m
[  15% ] [90m[1msavepack[22m | Storing File: res://assets/art/painted/lobby_phone_glow.png.import[39m[0m
[  15% ] [90m[1msavepack[22m | Storing File: res://.godot/imported/machine.webp-0ba6780c47192ed3c8a0fd69c997b7ad.ctex[39m[0m
[  15% ] [90m[1msavepack[22m | Storing File: res://assets/art/painted/machine.webp.import[39m[0m
[  15% ] [90m[1msavepack[22m | Storing File: res://.godot/imported/machine_close.webp-7a96a03a11d927145c231585f1edde9c.ctex[39m[0m
[  15% ] [90m[1msavepack[22m | Storing File: res://assets/art/painted/machine_close.webp.import[39m[0m
[  15% ] [90m[1msavepack[22m | Storing File: res://.godot/imported/machine_close_glow.png-6fe5809245a1bbab6008871f7eede09d.ctex[39m[0m
[  15% ] [90m[1msavepack[22m | Storing File: res://assets/art/painted/machine_close_glow.png.import[39m[0m
[  15% ] [90m[1msavepack[22m | Storing File: res://.godot/imported/machine_glow.png-3ba18c91fe3f3014c392887e269b62b1.ctex[39m[0m
[  15% ] [90m[1msavepack[22m | Storing File: res://assets/art/painted/machine_glow.png.import[39m[0m
[  15% ] [90m[1msavepack[22m | Storing File: res://.godot/imported/marv.webp-8ff866f293a6006d63049bdcdd5d2777.ctex[39m[0m
[  15% ] [90m[1msavepack[22m | Storing File: res://assets/art/painted/marv.webp.import[39m[0m
[  15% ] [90m[1msavepack[22m | Storing File: res://.godot/imported/marv_glow.png-99d29ab0f19b20ce003867f4961ad623.ctex[39m[0m
[  15% ] [90m[1msavepack[22m | Storing File: res://assets/art/painted/marv_glow.png.import[39m[0m
[  15% ] [90m[1msavepack[22m | Storing File: res://.godot/imported/menu_arlo.webp-57dddd48670d4b81168d06f28493f973.ctex[39m[0m
[  15% ] [90m[1msavepack[22m | Storing File: res://assets/art/painted/menu_arlo.webp.import[39m[0m
[  15% ] [90m[1msavepack[22m | Storing File: res://.godot/imported/menu_arlo_glow.png-16d347486a0b7e02fc3bb636b2ee123a.ctex[39m[0m
[  15% ] [90m[1msavepack[22m | Storing File: res://assets/art/painted/menu_arlo_glow.png.import[39m[0m
[  15% ] [90m[1msavepack[22m | Storing File: res://.godot/imported/menu_dutch.webp-485f2bf6e7d02801d10813635cbdf8b3.ctex[39m[0m
[  15% ] [90m[1msavepack[22m | Storing File: res://assets/art/painted/menu_dutch.webp.import[39m[0m
[  15% ] [90m[1msavepack[22m | Storing File: res://.godot/imported/menu_dutch_glow.png-be90922d600235380d3e5e598b92f39c.ctex[39m[0m
[  15% ] [90m[1msavepack[22m | Storing File: res://assets/art/painted/menu_dutch_glow.png.import[39m[0m
[  15% ] [90m[1msavepack[22m | Storing File: res://.godot/imported/menu_marv.webp-c6a122e68146f12d4400b5dcff03074a.ctex[39m[0m
[  15% ] [90m[1msavepack[22m | Storing File: res://assets/art/painted/menu_marv.webp.import[39m[0m
[  15% ] [90m[1msavepack[22m | Storing File: res://.godot/imported/menu_marv_glow.png-f32b9aa5e6d19cb9ee2e1b464ae32ee2.ctex[39m[0m
[  15% ] [90m[1msavepack[22m | Storing File: res://assets/art/painted/menu_marv_glow.png.import[39m[0m
[  15% ] [90m[1msavepack[22m | Storing File: res://.godot/imported/menu_revolver.webp-439ec55ac3d1f72a544967bf77bb0e87.ctex[39m[0m
[  15% ] [90m[1msavepack[22m | Storing File: res://assets/art/painted/menu_revolver.webp.import[39m[0m
[  15% ] [90m[1msavepack[22m | Storing File: res://.godot/imported/menu_revolver_glow.png-1ef3bf4c48a862eb64bbdcb14e747609.ctex[39m[0m
[  15% ] [90m[1msavepack[22m | Storing File: res://assets/art/painted/menu_revolver_glow.png.import[39m[0m
[  15% ] [90m[1msavepack[22m | Storing File: res://.godot/imported/menu_smoke.webp-758ed72f374387c582910a61042f2629.ctex[39m[0m
[  15% ] [90m[1msavepack[22m | Storing File: res://assets/art/painted/menu_smoke.webp.import[39m[0m
[  15% ] [90m[1msavepack[22m | Storing File: res://.godot/imported/menu_smoke_glow.png-94b5fa6cd0ec977ca0a739b48d8a73f9.ctex[39m[0m
[  15% ] [90m[1msavepack[22m | Storing File: res://assets/art/painted/menu_smoke_glow.png.import[39m[0m
[  16% ] [90m[1msavepack[22m | Storing File: res://.godot/imported/menu_tommy.webp-4fb454cd6bcb750fcd0c63ec5a911b89.ctex[39m[0m
[  16% ] [90m[1msavepack[22m | Storing File: res://assets/art/painted/menu_tommy.webp.import[39m[0m
[  16% ] [90m[1msavepack[22m | Storing File: res://.godot/imported/menu_tommy_glow.png-35d5a98d2f4ad275bfec4d885718c9d6.ctex[39m[0m
[  16% ] [90m[1msavepack[22m | Storing File: res://assets/art/painted/menu_tommy_glow.png.import[39m[0m
[  16% ] [90m[1msavepack[22m | Storing File: res://.godot/imported/mirror.webp-ef1a10e2a67b347527c4c0bcffd53da2.ctex[39m[0m
[  16% ] [90m[1msavepack[22m | Storing File: res://assets/art/painted/mirror.webp.import[39m[0m
[  16% ] [90m[1msavepack[22m | Storing File: res://.godot/imported/mirror_dead.webp-1c3149f856b2ae0e0dce76b5193a9952.ctex[39m[0m
[  16% ] [90m[1msavepack[22m | Storing File: res://assets/art/painted/mirror_dead.webp.import[39m[0m
[  16% ] [90m[1msavepack[22m | Storing File: res://.godot/imported/mirror_dead_glow.png-57031e2b2c5b724be1f655ba3b2ba42e.ctex[39m[0m
[  16% ] [90m[1msavepack[22m | Storing File: res://assets/art/painted/mirror_dead_glow.png.import[39m[0m
[  16% ] [90m[1msavepack[22m | Storing File: res://.godot/imported/mirror_glow.png-dd0307cd7d5d966d1a54f4066b5a4960.ctex[39m[0m
[  16% ] [90m[1msavepack[22m | Storing File: res://assets/art/painted/mirror_glow.png.import[39m[0m
[  16% ] [90m[1msavepack[22m | Storing File: res://.godot/imported/mom_kitchen.webp-b9eb757868ab7054152a13bf13340db0.ctex[39m[0m
[  16% ] [90m[1msavepack[22m | Storing File: res://assets/art/painted/mom_kitchen.webp.import[39m[0m
[  16% ] [90m[1msavepack[22m | Storing File: res://.godot/imported/mom_kitchen_glow.png-99d5e5c468944f2ae61aed77d16df9c0.ctex[39m[0m
[  16% ] [90m[1msavepack[22m | Storing File: res://assets/art/painted/mom_kitchen_glow.png.import[39m[0m
[  16% ] [90m[1msavepack[22m | Storing File: res://.godot/imported/motel_crime.webp-35f36de1a611b6ff6a3cf4cf01f1312c.ctex[39m[0m
[  16% ] [90m[1msavepack[22m | Storing File: res://assets/art/painted/motel_crime.webp.import[39m[0m
[  16% ] [90m[1msavepack[22m | Storing File: res://.godot/imported/motel_crime_glow.png-fde990440d8349c2501ae9a5551bb7d1.ctex[39m[0m
[  16% ] [90m[1msavepack[22m | Storing File: res://assets/art/painted/motel_crime_glow.png.import[39m[0m
[  16% ] [90m[1msavepack[22m | Storing File: res://.godot/imported/motel_dream.webp-85d8cbd4ef9432889b2d3393afa29acb.ctex[39m[0m
[  16% ] [90m[1msavepack[22m | Storing File: res://assets/art/painted/motel_dream.webp.import[39m[0m
[  16% ] [90m[1msavepack[22m | Storing File: res://.godot/imported/motel_dream_glow.png-093ae5cc76a515f3acf29cda0ef4d1ac.ctex[39m[0m
[  16% ] [90m[1msavepack[22m | Storing File: res://assets/art/painted/motel_dream_glow.png.import[39m[0m
[  16% ] [90m[1msavepack[22m | Storing File: res://.godot/imported/motel_night.webp-7081b2ee55c0c61f1b3a22734ade343a.ctex[39m[0m
[  16% ] [90m[1msavepack[22m | Storing File: res://assets/art/painted/motel_night.webp.import[39m[0m
[  16% ] [90m[1msavepack[22m | Storing File: res://.godot/imported/motel_night_glow.png-29835a722cae66ee42c9e8361ad80b34.ctex[39m[0m
[  16% ] [90m[1msavepack[22m | Storing File: res://assets/art/painted/motel_night_glow.png.import[39m[0m
[  16% ] [90m[1msavepack[22m | Storing File: res://.godot/imported/news_studio_fire.webp-3878c15bf336824e944672a2890d95fd.ctex[39m[0m
[  16% ] [90m[1msavepack[22m | Storing File: res://assets/art/painted/news_studio_fire.webp.import[39m[0m
[  16% ] [90m[1msavepack[22m | Storing File: res://.godot/imported/news_studio_fire_glow.png-5c93ea4019acf365b9946eab858cf07e.ctex[39m[0m
[  16% ] [90m[1msavepack[22m | Storing File: res://assets/art/painted/news_studio_fire_glow.png.import[39m[0m
[  16% ] [90m[1msavepack[22m | Storing File: res://.godot/imported/package.webp-5ec88f649dc94134485f890c00b776d2.ctex[39m[0m
[  16% ] [90m[1msavepack[22m | Storing File: res://assets/art/painted/package.webp.import[39m[0m
[  16% ] [90m[1msavepack[22m | Storing File: res://.godot/imported/package_glow.png-4be590fe9399d1dadf0447b79156c1ad.ctex[39m[0m
[  16% ] [90m[1msavepack[22m | Storing File: res://assets/art/painted/package_glow.png.import[39m[0m
[  16% ] [90m[1msavepack[22m | Storing File: res://.godot/imported/phone_bank.webp-dd3505543c4ad2447d6ee2fa87642130.ctex[39m[0m
[  16% ] [90m[1msavepack[22m | Storing File: res://assets/art/painted/phone_bank.webp.import[39m[0m
[  16% ] [90m[1msavepack[22m | Storing File: res://.godot/imported/phone_bank_glow.png-e352d495baacf38e50179e9324ae0098.ctex[39m[0m
[  16% ] [90m[1msavepack[22m | Storing File: res://assets/art/painted/phone_bank_glow.png.import[39m[0m
[  16% ] [90m[1msavepack[22m | Storing File: res://.godot/imported/phone_cass.webp-e1be493ddf10f82468153f03c9e44503.ctex[39m[0m
[  16% ] [90m[1msavepack[22m | Storing File: res://assets/art/painted/phone_cass.webp.import[39m[0m
[  16% ] [90m[1msavepack[22m | Storing File: res://.godot/imported/phone_cass_glow.png-7692cba21c21780d8d8ffd4b37c4cb20.ctex[39m[0m
[  16% ] [90m[1msavepack[22m | Storing File: res://assets/art/painted/phone_cass_glow.png.import[39m[0m
[  16% ] [90m[1msavepack[22m | Storing File: res://.godot/imported/phone_ringing.webp-c3d653a32c0a52480c7555fce64e5157.ctex[39m[0m
[  16% ] [90m[1msavepack[22m | Storing File: res://assets/art/painted/phone_ringing.webp.import[39m[0m
[  16% ] [90m[1msavepack[22m | Storing File: res://.godot/imported/phone_ringing_glow.png-349f66a153d57908caa5c67849d074e5.ctex[39m[0m
[  16% ] [90m[1msavepack[22m | Storing File: res://assets/art/painted/phone_ringing_glow.png.import[39m[0m
[  16% ] [90m[1msavepack[22m | Storing File: res://.godot/imported/polaroid.webp-ea57799944cebee5df60f2c1c15c883b.ctex[39m[0m
[  16% ] [90m[1msavepack[22m | Storing File: res://assets/art/painted/polaroid.webp.import[39m[0m
[  16% ] [90m[1msavepack[22m | Storing File: res://.godot/imported/polaroid_glow.png-6b6ba2c60d83e6f98a8ee7edff8d62e6.ctex[39m[0m
[  16% ] [90m[1msavepack[22m | Storing File: res://assets/art/painted/polaroid_glow.png.import[39m[0m
[  16% ] [90m[1msavepack[22m | Storing File: res://.godot/imported/poster_backdrafted.webp-fa27af8884066a3da1a15a014371d6d6.ctex[39m[0m
[  16% ] [90m[1msavepack[22m | Storing File: res://assets/art/painted/poster_backdrafted.webp.import[39m[0m
[  16% ] [90m[1msavepack[22m | Storing File: res://.godot/imported/poster_backdrafted_glow.png-d5d0df8aa3cca868afde9e4656d7ff3d.ctex[39m[0m
[  16% ] [90m[1msavepack[22m | Storing File: res://assets/art/painted/poster_backdrafted_glow.png.import[39m[0m
[  16% ] [90m[1msavepack[22m | Storing File: res://.godot/imported/poster_back_to_the_futon.webp-5c77dc912bc0c8b4cf9659be63e890f5.ctex[39m[0m
[  16% ] [90m[1msavepack[22m | Storing File: res://assets/art/painted/poster_back_to_the_futon.webp.import[39m[0m
[  16% ] [90m[1msavepack[22m | Storing File: res://.godot/imported/poster_back_to_the_futon_glow.png-5e69f5e105c55b3892570dae6b5e8bff.ctex[39m[0m
[  16% ] [90m[1msavepack[22m | Storing File: res://assets/art/painted/poster_back_to_the_futon_glow.png.import[39m[0m
[  16% ] [90m[1msavepack[22m | Storing File: res://.godot/imported/poster_beware_of_dogg.webp-85d3c5384f6224403fc744a371588349.ctex[39m[0m
[  16% ] [90m[1msavepack[22m | Storing File: res://assets/art/painted/poster_beware_of_dogg.webp.import[39m[0m
[  16% ] [90m[1msavepack[22m | Storing File: res://.godot/imported/poster_beware_of_dogg_glow.png-4b42c5b2340ea3cfe349301a2006b39a.ctex[39m[0m
[  16% ] [90m[1msavepack[22m | Storing File: res://assets/art/painted/poster_beware_of_dogg_glow.png.import[39m[0m
[  17% ] [90m[1msavepack[22m | Storing File: res://.godot/imported/poster_die_hardly.webp-f286dc79802e76dc16ed430e61ccbb71.ctex[39m[0m
[  17% ] [90m[1msavepack[22m | Storing File: res://assets/art/painted/poster_die_hardly.webp.import[39m[0m
[  17% ] [90m[1msavepack[22m | Storing File: res://.godot/imported/poster_die_hardly_glow.png-c200ca40001ae88b01e31baeb18aadb6.ctex[39m[0m
[  17% ] [90m[1msavepack[22m | Storing File: res://assets/art/painted/poster_die_hardly_glow.png.import[39m[0m
[  17% ] [90m[1msavepack[22m | Storing File: res://.godot/imported/poster_lost_angeles.webp-b423ee38ad51a3173663703e9a3327cc.ctex[39m[0m
[  17% ] [90m[1msavepack[22m | Storing File: res://assets/art/painted/poster_lost_angeles.webp.import[39m[0m
[  17% ] [90m[1msavepack[22m | Storing File: res://.godot/imported/poster_lost_angeles_glow.png-a236521a8a7064faff13f47c9c26706b.ctex[39m[0m
[  17% ] [90m[1msavepack[22m | Storing File: res://assets/art/painted/poster_lost_angeles_glow.png.import[39m[0m
[  17% ] [90m[1msavepack[22m | Storing File: res://.godot/imported/poster_mad_maxine.webp-3767fa16833aee38f9ed11c36e8ad963.ctex[39m[0m
[  17% ] [90m[1msavepack[22m | Storing File: res://assets/art/painted/poster_mad_maxine.webp.import[39m[0m
[  17% ] [90m[1msavepack[22m | Storing File: res://.godot/imported/poster_mad_maxine_glow.png-1ae2fd6282618c833db5d3d55f274668.ctex[39m[0m
[  17% ] [90m[1msavepack[22m | Storing File: res://assets/art/painted/poster_mad_maxine_glow.png.import[39m[0m
[  17% ] [90m[1msavepack[22m | Storing File: res://.godot/imported/poster_psychoe_motel.webp-ddcb0b995bb0c09413aca527993f2c55.ctex[39m[0m
[  17% ] [90m[1msavepack[22m | Storing File: res://assets/art/painted/poster_psychoe_motel.webp.import[39m[0m
[  17% ] [90m[1msavepack[22m | Storing File: res://.godot/imported/poster_psychoe_motel_glow.png-a9f52e7e1a4faab0efdb36be9b0c8331.ctex[39m[0m
[  17% ] [90m[1msavepack[22m | Storing File: res://assets/art/painted/poster_psychoe_motel_glow.png.import[39m[0m
[  17% ] [90m[1msavepack[22m | Storing File: res://.godot/imported/poster_scarfaced.webp-af6989098ea00075afdec2219d3329a9.ctex[39m[0m
[  17% ] [90m[1msavepack[22m | Storing File: res://assets/art/painted/poster_scarfaced.webp.import[39m[0m
[  17% ] [90m[1msavepack[22m | Storing File: res://.godot/imported/poster_scarfaced_glow.png-f56426cfd1ec4968305c0f87eeb6cff7.ctex[39m[0m
[  17% ] [90m[1msavepack[22m | Storing File: res://assets/art/painted/poster_scarfaced_glow.png.import[39m[0m
[  17% ] [90m[1msavepack[22m | Storing File: res://.godot/imported/poster_top_gum.webp-ae3bdb8483e4b2b1210da0b1f16b08ef.ctex[39m[0m
[  17% ] [90m[1msavepack[22m | Storing File: res://assets/art/painted/poster_top_gum.webp.import[39m[0m
[  17% ] [90m[1msavepack[22m | Storing File: res://.godot/imported/poster_top_gum_glow.png-a52f42afe402e6865d479c15b395a205.ctex[39m[0m
[  17% ] [90m[1msavepack[22m | Storing File: res://assets/art/painted/poster_top_gum_glow.png.import[39m[0m
[  17% ] [90m[1msavepack[22m | Storing File: res://.godot/imported/poster_tron_ish.webp-2fbb6b9bf68981ea637754201a1e3edf.ctex[39m[0m
[  17% ] [90m[1msavepack[22m | Storing File: res://assets/art/painted/poster_tron_ish.webp.import[39m[0m
[  17% ] [90m[1msavepack[22m | Storing File: res://.godot/imported/poster_tron_ish_glow.png-bc77ff560028a4dadbaceaefbe49330d.ctex[39m[0m
[  17% ] [90m[1msavepack[22m | Storing File: res://assets/art/painted/poster_tron_ish_glow.png.import[39m[0m
[  17% ] [90m[1msavepack[22m | Storing File: res://.godot/imported/pov_test_pattern.webp-34e9176ed5b8316b05858f72770d16ee.ctex[39m[0m
[  17% ] [90m[1msavepack[22m | Storing File: res://assets/art/painted/pov_test_pattern.webp.import[39m[0m
[  17% ] [90m[1msavepack[22m | Storing File: res://.godot/imported/pov_test_pattern_glow.png-4661642b4220154397c2a251dbc8ed17.ctex[39m[0m
[  17% ] [90m[1msavepack[22m | Storing File: res://assets/art/painted/pov_test_pattern_glow.png.import[39m[0m
[  17% ] [90m[1msavepack[22m | Storing File: res://.godot/imported/red_dot.webp-97739b3ab98dc50a23fbeeaeccea1827.ctex[39m[0m
[  17% ] [90m[1msavepack[22m | Storing File: res://assets/art/painted/red_dot.webp.import[39m[0m
[  17% ] [90m[1msavepack[22m | Storing File: res://.godot/imported/red_dot_glow.png-33251cc6a89b7756997a68927af69f35.ctex[39m[0m
[  17% ] [90m[1msavepack[22m | Storing File: res://assets/art/painted/red_dot_glow.png.import[39m[0m
[  17% ] [90m[1msavepack[22m | Storing File: res://.godot/imported/room_204.webp-33e718ef8624a06e5de10b00a0ef1c81.ctex[39m[0m
[  17% ] [90m[1msavepack[22m | Storing File: res://assets/art/painted/room_204.webp.import[39m[0m
[  17% ] [90m[1msavepack[22m | Storing File: res://.godot/imported/room_204_glow.png-c189639a553c60419d3dd9958e7c6099.ctex[39m[0m
[  17% ] [90m[1msavepack[22m | Storing File: res://assets/art/painted/room_204_glow.png.import[39m[0m
[  17% ] [90m[1msavepack[22m | Storing File: res://.godot/imported/room_204_set.webp-b91c34759d9e04b609008c178b52cddc.ctex[39m[0m
[  17% ] [90m[1msavepack[22m | Storing File: res://assets/art/painted/room_204_set.webp.import[39m[0m
[  17% ] [90m[1msavepack[22m | Storing File: res://.godot/imported/room_204_set_glow.png-e64c0441e1433a17093013b79014d412.ctex[39m[0m
[  17% ] [90m[1msavepack[22m | Storing File: res://assets/art/painted/room_204_set_glow.png.import[39m[0m
[  17% ] [90m[1msavepack[22m | Storing File: res://.godot/imported/rudy_backstage.webp-a14518ef62ad336b784ffef976ce355b.ctex[39m[0m
[  17% ] [90m[1msavepack[22m | Storing File: res://assets/art/painted/rudy_backstage.webp.import[39m[0m
[  17% ] [90m[1msavepack[22m | Storing File: res://.godot/imported/rudy_backstage_glow.png-478063cc0b341b83f82c7c001be9df5c.ctex[39m[0m
[  17% ] [90m[1msavepack[22m | Storing File: res://assets/art/painted/rudy_backstage_glow.png.import[39m[0m
[  17% ] [90m[1msavepack[22m | Storing File: res://.godot/imported/salvage_yard.webp-89b28a055cec20b1ca8c000582820bfb.ctex[39m[0m
[  17% ] [90m[1msavepack[22m | Storing File: res://assets/art/painted/salvage_yard.webp.import[39m[0m
[  17% ] [90m[1msavepack[22m | Storing File: res://.godot/imported/salvage_yard_glow.png-8d22458452473781821991422d7199d1.ctex[39m[0m
[  17% ] [90m[1msavepack[22m | Storing File: res://assets/art/painted/salvage_yard_glow.png.import[39m[0m
[  17% ] [90m[1msavepack[22m | Storing File: res://.godot/imported/stage_door.webp-e5531531cec907875a4fb2845a2ef615.ctex[39m[0m
[  17% ] [90m[1msavepack[22m | Storing File: res://assets/art/painted/stage_door.webp.import[39m[0m
[  17% ] [90m[1msavepack[22m | Storing File: res://.godot/imported/stage_door_glow.png-bd13b9e602439d4c95a5acf6f889d638.ctex[39m[0m
[  17% ] [90m[1msavepack[22m | Storing File: res://assets/art/painted/stage_door_glow.png.import[39m[0m
[  17% ] [90m[1msavepack[22m | Storing File: res://.godot/imported/star_on_mirror.webp-3899cd0262bb68a16f4531e359e37ee3.ctex[39m[0m
[  17% ] [90m[1msavepack[22m | Storing File: res://assets/art/painted/star_on_mirror.webp.import[39m[0m
[  17% ] [90m[1msavepack[22m | Storing File: res://.godot/imported/star_on_mirror_glow.png-ecaaf1ee11ae098d53f21ba4d8f03dc0.ctex[39m[0m
[  17% ] [90m[1msavepack[22m | Storing File: res://assets/art/painted/star_on_mirror_glow.png.import[39m[0m
[  17% ] [90m[1msavepack[22m | Storing File: res://.godot/imported/tommy_car.webp-38f9f5c1e43b21ce63e45cfe7b25e0c7.ctex[39m[0m
[  17% ] [90m[1msavepack[22m | Storing File: res://assets/art/painted/tommy_car.webp.import[39m[0m
[  17% ] [90m[1msavepack[22m | Storing File: res://.godot/imported/tommy_car_glow.png-4a7058b4cf0e875c04e595caa35a4668.ctex[39m[0m
[  17% ] [90m[1msavepack[22m | Storing File: res://assets/art/painted/tommy_car_glow.png.import[39m[0m
[  17% ] [90m[1msavepack[22m | Storing File: res://.godot/imported/tommy_grin.webp-5bf71d40a4b66c8cd7a17cc2a158382a.ctex[39m[0m
[  17% ] [90m[1msavepack[22m | Storing File: res://assets/art/painted/tommy_grin.webp.import[39m[0m
[  18% ] [90m[1msavepack[22m | Storing File: res://.godot/imported/tommy_grin_glow.png-11b20d0a6b086bbd3a8a8a46acddc02c.ctex[39m[0m
[  18% ] [90m[1msavepack[22m | Storing File: res://assets/art/painted/tommy_grin_glow.png.import[39m[0m
[  18% ] [90m[1msavepack[22m | Storing File: res://.godot/imported/tommy_trapped.webp-7f08a74be54799ffe0e3480b00b8a75f.ctex[39m[0m
[  18% ] [90m[1msavepack[22m | Storing File: res://assets/art/painted/tommy_trapped.webp.import[39m[0m
[  18% ] [90m[1msavepack[22m | Storing File: res://.godot/imported/tommy_trapped_glow.png-742872df7f35c790d5b311c7c6f40fc9.ctex[39m[0m
[  18% ] [90m[1msavepack[22m | Storing File: res://assets/art/painted/tommy_trapped_glow.png.import[39m[0m
[  18% ] [90m[1msavepack[22m | Storing File: res://.godot/imported/tote_board.webp-3b393a294b5b2ca979ef2fb41e01ed8d.ctex[39m[0m
[  18% ] [90m[1msavepack[22m | Storing File: res://assets/art/painted/tote_board.webp.import[39m[0m
[  18% ] [90m[1msavepack[22m | Storing File: res://.godot/imported/tote_board_glow.png-54af4e2cd6fbdcea09c3c987ef6f4e75.ctex[39m[0m
[  18% ] [90m[1msavepack[22m | Storing File: res://assets/art/painted/tote_board_glow.png.import[39m[0m
[  18% ] [90m[1msavepack[22m | Storing File: res://.godot/imported/tv_mansion.webp-abad588f6db854c79b80f434c94dd593.ctex[39m[0m
[  18% ] [90m[1msavepack[22m | Storing File: res://assets/art/painted/tv_mansion.webp.import[39m[0m
[  18% ] [90m[1msavepack[22m | Storing File: res://.godot/imported/tv_mansion_glow.png-1dc15d3ecd7c20279e163e376bba1f81.ctex[39m[0m
[  18% ] [90m[1msavepack[22m | Storing File: res://assets/art/painted/tv_mansion_glow.png.import[39m[0m
[  18% ] [90m[1msavepack[22m | Storing File: res://.godot/imported/tv_news.webp-3b5d2504b630dcc39d2342c47a73d01a.ctex[39m[0m
[  18% ] [90m[1msavepack[22m | Storing File: res://assets/art/painted/tv_news.webp.import[39m[0m
[  18% ] [90m[1msavepack[22m | Storing File: res://.godot/imported/tv_news_glow.png-03a5b7eb23fc0309c35c4f46955b6b9a.ctex[39m[0m
[  18% ] [90m[1msavepack[22m | Storing File: res://assets/art/painted/tv_news_glow.png.import[39m[0m
[  18% ] [90m[1msavepack[22m | Storing File: res://.godot/imported/t_arsenal.webp-0be67f6696c2093e0165605ed434b1e0.ctex[39m[0m
[  18% ] [90m[1msavepack[22m | Storing File: res://assets/art/painted/t_arsenal.webp.import[39m[0m
[  18% ] [90m[1msavepack[22m | Storing File: res://.godot/imported/t_arsenal_glow.png-74884b979e693b39435dd9e2a01719b9.ctex[39m[0m
[  18% ] [90m[1msavepack[22m | Storing File: res://assets/art/painted/t_arsenal_glow.png.import[39m[0m
[  18% ] [90m[1msavepack[22m | Storing File: res://.godot/imported/t_corridor.webp-7ec2a03e5ba6accfd9040165bab9400b.ctex[39m[0m
[  18% ] [90m[1msavepack[22m | Storing File: res://assets/art/painted/t_corridor.webp.import[39m[0m
[  18% ] [90m[1msavepack[22m | Storing File: res://.godot/imported/t_corridor_glow.png-be15445a6896b0442b7076fa42a9b02e.ctex[39m[0m
[  18% ] [90m[1msavepack[22m | Storing File: res://assets/art/painted/t_corridor_glow.png.import[39m[0m
[  18% ] [90m[1msavepack[22m | Storing File: res://.godot/imported/t_dogs.webp-0094d42268f5e9bcf7b12bc4117503d1.ctex[39m[0m
[  18% ] [90m[1msavepack[22m | Storing File: res://assets/art/painted/t_dogs.webp.import[39m[0m
[  18% ] [90m[1msavepack[22m | Storing File: res://.godot/imported/t_dogs_glow.png-acb378671343f49afbe1e47af8758c5b.ctex[39m[0m
[  18% ] [90m[1msavepack[22m | Storing File: res://assets/art/painted/t_dogs_glow.png.import[39m[0m
[  18% ] [90m[1msavepack[22m | Storing File: res://.godot/imported/t_drive.webp-06482c8bf7fb15b310f794e4e5e51896.ctex[39m[0m
[  18% ] [90m[1msavepack[22m | Storing File: res://assets/art/painted/t_drive.webp.import[39m[0m
[  18% ] [90m[1msavepack[22m | Storing File: res://.godot/imported/t_drive_glow.png-bf6343af2d28211fe907ddaf79f63131.ctex[39m[0m
[  18% ] [90m[1msavepack[22m | Storing File: res://assets/art/painted/t_drive_glow.png.import[39m[0m
[  18% ] [90m[1msavepack[22m | Storing File: res://.godot/imported/t_fire.webp-17cc22bea276fda6fe21a08db68c2bff.ctex[39m[0m
[  18% ] [90m[1msavepack[22m | Storing File: res://assets/art/painted/t_fire.webp.import[39m[0m
[  18% ] [90m[1msavepack[22m | Storing File: res://.godot/imported/t_fire_glow.png-d2ac7ae1b1090cf793a17842e84c5130.ctex[39m[0m
[  18% ] [90m[1msavepack[22m | Storing File: res://assets/art/painted/t_fire_glow.png.import[39m[0m
[  18% ] [90m[1msavepack[22m | Storing File: res://.godot/imported/t_mansion.webp-38a005b92fd15a894db7c30b0ab62f1e.ctex[39m[0m
[  18% ] [90m[1msavepack[22m | Storing File: res://assets/art/painted/t_mansion.webp.import[39m[0m
[  18% ] [90m[1msavepack[22m | Storing File: res://.godot/imported/t_mansion_glow.png-6c837d28525f325b7af9df9d34300163.ctex[39m[0m
[  18% ] [90m[1msavepack[22m | Storing File: res://assets/art/painted/t_mansion_glow.png.import[39m[0m
[  18% ] [90m[1msavepack[22m | Storing File: res://.godot/imported/t_marv.webp-4ddcd0544db12efd743e0f2ae6243147.ctex[39m[0m
[  18% ] [90m[1msavepack[22m | Storing File: res://assets/art/painted/t_marv.webp.import[39m[0m
[  18% ] [90m[1msavepack[22m | Storing File: res://.godot/imported/t_marv_glow.png-50f6564a3a5cc6f521dad8570dc9f8f2.ctex[39m[0m
[  18% ] [90m[1msavepack[22m | Storing File: res://assets/art/painted/t_marv_glow.png.import[39m[0m
[  18% ] [90m[1msavepack[22m | Storing File: res://.godot/imported/t_monitors.webp-bfd8444ebdbf5762da339578737c631c.ctex[39m[0m
[  18% ] [90m[1msavepack[22m | Storing File: res://assets/art/painted/t_monitors.webp.import[39m[0m
[  18% ] [90m[1msavepack[22m | Storing File: res://.godot/imported/t_monitors_glow.png-02386a8d2f8bd3b8403e0b00025c92c1.ctex[39m[0m
[  18% ] [90m[1msavepack[22m | Storing File: res://assets/art/painted/t_monitors_glow.png.import[39m[0m
[  18% ] [90m[1msavepack[22m | Storing File: res://.godot/imported/t_phone.webp-dd276a50d8259e24d08eeed3b8994bbc.ctex[39m[0m
[  18% ] [90m[1msavepack[22m | Storing File: res://assets/art/painted/t_phone.webp.import[39m[0m
[  18% ] [90m[1msavepack[22m | Storing File: res://.godot/imported/t_phone_glow.png-11003c56f6f70bbd8d395b28731790d4.ctex[39m[0m
[  18% ] [90m[1msavepack[22m | Storing File: res://assets/art/painted/t_phone_glow.png.import[39m[0m
[  18% ] [90m[1msavepack[22m | Storing File: res://.godot/imported/t_star.webp-0956790a28c9160042fe880a9c1a378a.ctex[39m[0m
[  18% ] [90m[1msavepack[22m | Storing File: res://assets/art/painted/t_star.webp.import[39m[0m
[  18% ] [90m[1msavepack[22m | Storing File: res://.godot/imported/t_star_glow.png-132f27a482f7cd99c4c8d0f2f7f73d91.ctex[39m[0m
[  18% ] [90m[1msavepack[22m | Storing File: res://assets/art/painted/t_star_glow.png.import[39m[0m
[  18% ] [90m[1msavepack[22m | Storing File: res://.godot/imported/t_studio.webp-d9663f53b08ccc9a19d93238b115604c.ctex[39m[0m
[  18% ] [90m[1msavepack[22m | Storing File: res://assets/art/painted/t_studio.webp.import[39m[0m
[  18% ] [90m[1msavepack[22m | Storing File: res://.godot/imported/t_studio_glow.png-a415bf0f67d41d33a8b0329281931f22.ctex[39m[0m
[  18% ] [90m[1msavepack[22m | Storing File: res://assets/art/painted/t_studio_glow.png.import[39m[0m
[  18% ] [90m[1msavepack[22m | Storing File: res://.godot/imported/t_tape.webp-a3c8da45d432826401bdde8941d04c08.ctex[39m[0m
[  18% ] [90m[1msavepack[22m | Storing File: res://assets/art/painted/t_tape.webp.import[39m[0m
[  19% ] [90m[1msavepack[22m | Storing File: res://.godot/imported/t_tape_glow.png-97b41ef40b19ae4ca1fdece657e2fd3a.ctex[39m[0m
[  19% ] [90m[1msavepack[22m | Storing File: res://assets/art/painted/t_tape_glow.png.import[39m[0m
[  19% ] [90m[1msavepack[22m | Storing File: res://.godot/imported/t_walk.webp-b51139ef10efe473bb7cd518b83a63b5.ctex[39m[0m
[  19% ] [90m[1msavepack[22m | Storing File: res://assets/art/painted/t_walk.webp.import[39m[0m
[  19% ] [90m[1msavepack[22m | Storing File: res://.godot/imported/t_walk_glow.png-10d747d4bbbe43b21705f0a056ce393e.ctex[39m[0m
[  19% ] [90m[1msavepack[22m | Storing File: res://assets/art/painted/t_walk_glow.png.import[39m[0m
[  19% ] [90m[1msavepack[22m | Storing File: res://.godot/imported/vance_boys.webp-2e0ebb49a4321a8b7625c6e2fb082f71.ctex[39m[0m
[  19% ] [90m[1msavepack[22m | Storing File: res://assets/art/painted/vance_boys.webp.import[39m[0m
[  19% ] [90m[1msavepack[22m | Storing File: res://.godot/imported/vance_boys_glow.png-f576432e6e6895b847b0a5cb33c0a3bd.ctex[39m[0m
[  19% ] [90m[1msavepack[22m | Storing File: res://assets/art/painted/vance_boys_glow.png.import[39m[0m
[  19% ] [90m[1msavepack[22m | Storing File: res://.godot/imported/vhs_dream_a.webp-bd46d735daad38e261495c83186d8bcd.ctex[39m[0m
[  19% ] [90m[1msavepack[22m | Storing File: res://assets/art/painted/vhs_dream_a.webp.import[39m[0m
[  19% ] [90m[1msavepack[22m | Storing File: res://.godot/imported/vhs_dream_a_glow.png-fb64bf3255590ff6599a3e93644c4ee3.ctex[39m[0m
[  19% ] [90m[1msavepack[22m | Storing File: res://assets/art/painted/vhs_dream_a_glow.png.import[39m[0m
[  19% ] [90m[1msavepack[22m | Storing File: res://.godot/imported/vhs_dream_b.webp-59655a737c7f4eff6255abc005d282a4.ctex[39m[0m
[  19% ] [90m[1msavepack[22m | Storing File: res://assets/art/painted/vhs_dream_b.webp.import[39m[0m
[  19% ] [90m[1msavepack[22m | Storing File: res://.godot/imported/vhs_dream_b_glow.png-d3fc9fa422069109b1159cfb151b12ec.ctex[39m[0m
[  19% ] [90m[1msavepack[22m | Storing File: res://assets/art/painted/vhs_dream_b_glow.png.import[39m[0m
[  19% ] [90m[1msavepack[22m | Storing File: res://.godot/imported/vhs_dream_c.webp-22778323758bb2939e757edb74ba16f2.ctex[39m[0m
[  19% ] [90m[1msavepack[22m | Storing File: res://assets/art/painted/vhs_dream_c.webp.import[39m[0m
[  19% ] [90m[1msavepack[22m | Storing File: res://.godot/imported/vhs_dream_c_glow.png-e86f58fe714e9cbbd1110d4e952a70a0.ctex[39m[0m
[  19% ] [90m[1msavepack[22m | Storing File: res://assets/art/painted/vhs_dream_c_glow.png.import[39m[0m
[  19% ] [90m[1msavepack[22m | Storing File: res://.godot/imported/vhs_pilot_a.webp-a20e836afb987691dd63efe1ab6f5a10.ctex[39m[0m
[  19% ] [90m[1msavepack[22m | Storing File: res://assets/art/painted/vhs_pilot_a.webp.import[39m[0m
[  19% ] [90m[1msavepack[22m | Storing File: res://.godot/imported/vhs_pilot_a_glow.png-4b617712faeb3bfbefcb68033191632a.ctex[39m[0m
[  19% ] [90m[1msavepack[22m | Storing File: res://assets/art/painted/vhs_pilot_a_glow.png.import[39m[0m
[  19% ] [90m[1msavepack[22m | Storing File: res://.godot/imported/vhs_pilot_b.webp-be44a505e28f868ee99904e6bc5eb218.ctex[39m[0m
[  19% ] [90m[1msavepack[22m | Storing File: res://assets/art/painted/vhs_pilot_b.webp.import[39m[0m
[  19% ] [90m[1msavepack[22m | Storing File: res://.godot/imported/vhs_pilot_b_glow.png-8e48036d6a489aeb89f2caac2df81200.ctex[39m[0m
[  19% ] [90m[1msavepack[22m | Storing File: res://assets/art/painted/vhs_pilot_b_glow.png.import[39m[0m
[  19% ] [90m[1msavepack[22m | Storing File: res://.godot/imported/vhs_pilot_c.webp-6c01f534bdf041ab7957399c09f1df5b.ctex[39m[0m
[  19% ] [90m[1msavepack[22m | Storing File: res://assets/art/painted/vhs_pilot_c.webp.import[39m[0m
[  19% ] [90m[1msavepack[22m | Storing File: res://.godot/imported/vhs_pilot_c_glow.png-9d23dc7cc6fd3c45bf56ccc0f74c3406.ctex[39m[0m
[  19% ] [90m[1msavepack[22m | Storing File: res://assets/art/painted/vhs_pilot_c_glow.png.import[39m[0m
[  19% ] [90m[1msavepack[22m | Storing File: res://.godot/imported/vhs_roll7_a.webp-b251ddccc5c14680b3027ee85a3ddcbf.ctex[39m[0m
[  19% ] [90m[1msavepack[22m | Storing File: res://assets/art/painted/vhs_roll7_a.webp.import[39m[0m
[  19% ] [90m[1msavepack[22m | Storing File: res://.godot/imported/vhs_roll7_a_glow.png-eff119c2a6df8ab40e67da11583052f1.ctex[39m[0m
[  19% ] [90m[1msavepack[22m | Storing File: res://assets/art/painted/vhs_roll7_a_glow.png.import[39m[0m
[  19% ] [90m[1msavepack[22m | Storing File: res://.godot/imported/vhs_roll7_b.webp-662fb0a59cb5398e705dae8258610583.ctex[39m[0m
[  19% ] [90m[1msavepack[22m | Storing File: res://assets/art/painted/vhs_roll7_b.webp.import[39m[0m
[  19% ] [90m[1msavepack[22m | Storing File: res://.godot/imported/vhs_roll7_b_glow.png-a3a1d233e5b5e8c6f4cc1720522a5f70.ctex[39m[0m
[  19% ] [90m[1msavepack[22m | Storing File: res://assets/art/painted/vhs_roll7_b_glow.png.import[39m[0m
[  19% ] [90m[1msavepack[22m | Storing File: res://.godot/imported/vhs_roll7_c.webp-87d49cad78740ecdf9e6b1e2724d7662.ctex[39m[0m
[  19% ] [90m[1msavepack[22m | Storing File: res://assets/art/painted/vhs_roll7_c.webp.import[39m[0m
[  19% ] [90m[1msavepack[22m | Storing File: res://.godot/imported/vhs_roll7_c_glow.png-ccad004e645f48139767e21d8828005a.ctex[39m[0m
[  19% ] [90m[1msavepack[22m | Storing File: res://assets/art/painted/vhs_roll7_c_glow.png.import[39m[0m
[  19% ] [90m[1msavepack[22m | Storing File: res://.godot/imported/vhs_vance_a.webp-3832bc6ba2d5ef6012f19ab1eb1227a5.ctex[39m[0m
[  19% ] [90m[1msavepack[22m | Storing File: res://assets/art/painted/vhs_vance_a.webp.import[39m[0m
[  19% ] [90m[1msavepack[22m | Storing File: res://.godot/imported/vhs_vance_a_glow.png-ce5c1e6d2c23a2987b35bfd23c5e8c97.ctex[39m[0m
[  19% ] [90m[1msavepack[22m | Storing File: res://assets/art/painted/vhs_vance_a_glow.png.import[39m[0m
[  19% ] [90m[1msavepack[22m | Storing File: res://.godot/imported/vhs_vance_b.webp-d99dfd7b1eed0799ab50648c09ba8023.ctex[39m[0m
[  19% ] [90m[1msavepack[22m | Storing File: res://assets/art/painted/vhs_vance_b.webp.import[39m[0m
[  19% ] [90m[1msavepack[22m | Storing File: res://.godot/imported/vhs_vance_b_glow.png-38abe626e52fbb37cf4549bffdb5d031.ctex[39m[0m
[  19% ] [90m[1msavepack[22m | Storing File: res://assets/art/painted/vhs_vance_b_glow.png.import[39m[0m
[  19% ] [90m[1msavepack[22m | Storing File: res://.godot/imported/vhs_vance_c.webp-c43890c91243eb9929222487c705e0bf.ctex[39m[0m
[  19% ] [90m[1msavepack[22m | Storing File: res://assets/art/painted/vhs_vance_c.webp.import[39m[0m
[  19% ] [90m[1msavepack[22m | Storing File: res://.godot/imported/vhs_vance_c_glow.png-45f0a6953209d6012429287b1e3bfbed.ctex[39m[0m
[  19% ] [90m[1msavepack[22m | Storing File: res://assets/art/painted/vhs_vance_c_glow.png.import[39m[0m
[  19% ] [90m[1msavepack[22m | Storing File: res://.godot/imported/villa_gate.webp-5bbed890500ec4bba53acf7cf6e82469.ctex[39m[0m
[  19% ] [90m[1msavepack[22m | Storing File: res://assets/art/painted/villa_gate.webp.import[39m[0m
[  19% ] [90m[1msavepack[22m | Storing File: res://.godot/imported/villa_gate_glow.png-9ae5136980c9355282fadd88b8d84d47.ctex[39m[0m
[  19% ] [90m[1msavepack[22m | Storing File: res://assets/art/painted/villa_gate_glow.png.import[39m[0m
[  19% ] [90m[1msavepack[22m | Storing File: res://.godot/imported/wake_motel.webp-f5b0faf60128343bdf8af0b9d39b1d55.ctex[39m[0m
[  19% ] [90m[1msavepack[22m | Storing File: res://assets/art/painted/wake_motel.webp.import[39m[0m
[  20% ] [90m[1msavepack[22m | Storing File: res://.godot/imported/wake_motel_glow.png-875cda29678d9d224dc5565516827e2c.ctex[39m[0m
[  20% ] [90m[1msavepack[22m | Storing File: res://assets/art/painted/wake_motel_glow.png.import[39m[0m
[  20% ] [90m[1msavepack[22m | Storing File: res://.godot/imported/wrap_party.webp-8869ff797cb162719ac8982a106263e4.ctex[39m[0m
[  20% ] [90m[1msavepack[22m | Storing File: res://assets/art/painted/wrap_party.webp.import[39m[0m
[  20% ] [90m[1msavepack[22m | Storing File: res://.godot/imported/wrap_party_glow.png-a9a26ade97cf376ca0a16307efc70147.ctex[39m[0m
[  20% ] [90m[1msavepack[22m | Storing File: res://assets/art/painted/wrap_party_glow.png.import[39m[0m
[  20% ] [90m[1msavepack[22m | Storing File: res://.godot/imported/wreck.webp-1029d5e0b8ce5295e46ff0802a6c2525.ctex[39m[0m
[  20% ] [90m[1msavepack[22m | Storing File: res://assets/art/painted/wreck.webp.import[39m[0m
[  20% ] [90m[1msavepack[22m | Storing File: res://.godot/imported/wreck_glow.png-c9e620bde9fba9acc2ca9912594da408.ctex[39m[0m
[  20% ] [90m[1msavepack[22m | Storing File: res://assets/art/painted/wreck_glow.png.import[39m[0m
[  20% ] [90m[1msavepack[22m | Storing File: res://.godot/imported/yermo_office.webp-90a51165e24819a49749d0beb1da586b.ctex[39m[0m
[  20% ] [90m[1msavepack[22m | Storing File: res://assets/art/painted/yermo_office.webp.import[39m[0m
[  20% ] [90m[1msavepack[22m | Storing File: res://.godot/imported/yermo_office_glow.png-8c9a7b75e8fc30d569116a2d6bd6e376.ctex[39m[0m
[  20% ] [90m[1msavepack[22m | Storing File: res://assets/art/painted/yermo_office_glow.png.import[39m[0m
[  20% ] [90m[1msavepack[22m | Storing File: res://.godot/imported/body_bellhop.png-83005b03a8903f00db365e706d147839.ctex[39m[0m
[  20% ] [90m[1msavepack[22m | Storing File: res://assets/art/pixellab_cast_v3/body_bellhop.png.import[39m[0m
[  20% ] [90m[1msavepack[22m | Storing File: res://.godot/imported/body_biker.png-bb10cd8472739a24be5aafbd0c201d71.ctex[39m[0m
[  20% ] [90m[1msavepack[22m | Storing File: res://assets/art/pixellab_cast_v3/body_biker.png.import[39m[0m
[  20% ] [90m[1msavepack[22m | Storing File: res://.godot/imported/body_boss.png-fc46c8dabeb48a07e7cdddb8901f739f.ctex[39m[0m
[  20% ] [90m[1msavepack[22m | Storing File: res://assets/art/pixellab_cast_v3/body_boss.png.import[39m[0m
[  20% ] [90m[1msavepack[22m | Storing File: res://.godot/imported/body_buck.png-176b538b558393924e88d4adcd986fdc.ctex[39m[0m
[  20% ] [90m[1msavepack[22m | Storing File: res://assets/art/pixellab_cast_v3/body_buck.png.import[39m[0m
[  20% ] [90m[1msavepack[22m | Storing File: res://.godot/imported/body_cass.png-67ff70a77822a8d74911aa42afee874d.ctex[39m[0m
[  20% ] [90m[1msavepack[22m | Storing File: res://assets/art/pixellab_cast_v3/body_cass.png.import[39m[0m
[  20% ] [90m[1msavepack[22m | Storing File: res://.godot/imported/body_civilian.png-7f59f583605e4854dcd00d6ae2a2bf86.ctex[39m[0m
[  20% ] [90m[1msavepack[22m | Storing File: res://assets/art/pixellab_cast_v3/body_civilian.png.import[39m[0m
[  20% ] [90m[1msavepack[22m | Storing File: res://.godot/imported/body_fireman.png-c61fc767a18900f1e975c78a2838b764.ctex[39m[0m
[  20% ] [90m[1msavepack[22m | Storing File: res://assets/art/pixellab_cast_v3/body_fireman.png.import[39m[0m
[  20% ] [90m[1msavepack[22m | Storing File: res://.godot/imported/body_guard.png-eedb38d198091df53f34373bc9aa3ae4.ctex[39m[0m
[  20% ] [90m[1msavepack[22m | Storing File: res://assets/art/pixellab_cast_v3/body_guard.png.import[39m[0m
[  20% ] [90m[1msavepack[22m | Storing File: res://.godot/imported/body_gunner.png-0159b3146fb81bbd27c831bd5a4c8f53.ctex[39m[0m
[  20% ] [90m[1msavepack[22m | Storing File: res://assets/art/pixellab_cast_v3/body_gunner.png.import[39m[0m
[  20% ] [90m[1msavepack[22m | Storing File: res://.godot/imported/body_handler.png-0a1c025a0c717906c8b1d07dad6ab0e1.ctex[39m[0m
[  20% ] [90m[1msavepack[22m | Storing File: res://assets/art/pixellab_cast_v3/body_handler.png.import[39m[0m
[  20% ] [90m[1msavepack[22m | Storing File: res://.godot/imported/body_heavy.png-bd35e754d775fc496f5d7b648f0405ac.ctex[39m[0m
[  20% ] [90m[1msavepack[22m | Storing File: res://assets/art/pixellab_cast_v3/body_heavy.png.import[39m[0m
[  20% ] [90m[1msavepack[22m | Storing File: res://.godot/imported/body_hunter.png-5e6288d10035233765f6ddbc3e8fe715.ctex[39m[0m
[  20% ] [90m[1msavepack[22m | Storing File: res://assets/art/pixellab_cast_v3/body_hunter.png.import[39m[0m
[  20% ] [90m[1msavepack[22m | Storing File: res://.godot/imported/body_riot.png-7366b92242c3720cbb0757445914d3c3.ctex[39m[0m
[  20% ] [90m[1msavepack[22m | Storing File: res://assets/art/pixellab_cast_v3/body_riot.png.import[39m[0m
[  20% ] [90m[1msavepack[22m | Storing File: res://.godot/imported/body_scout.png-6277f805c1e0e2584794a5d6399c38ae.ctex[39m[0m
[  20% ] [90m[1msavepack[22m | Storing File: res://assets/art/pixellab_cast_v3/body_scout.png.import[39m[0m
[  20% ] [90m[1msavepack[22m | Storing File: res://.godot/imported/body_scrapper.png-63ca8dc2a10739edd50e31f0b2802a89.ctex[39m[0m
[  20% ] [90m[1msavepack[22m | Storing File: res://assets/art/pixellab_cast_v3/body_scrapper.png.import[39m[0m
[  20% ] [90m[1msavepack[22m | Storing File: res://.godot/imported/body_security.png-60ef656c871f3ad70b580232e1d22593.ctex[39m[0m
[  20% ] [90m[1msavepack[22m | Storing File: res://assets/art/pixellab_cast_v3/body_security.png.import[39m[0m
[  20% ] [90m[1msavepack[22m | Storing File: res://.godot/imported/body_sniper.png-38aac9e588e9dd20066f0bab4b244451.ctex[39m[0m
[  20% ] [90m[1msavepack[22m | Storing File: res://assets/art/pixellab_cast_v3/body_sniper.png.import[39m[0m
[  20% ] [90m[1msavepack[22m | Storing File: res://.godot/imported/body_stagehand.png-37f4d82ab6fa667f34761c323f31f731.ctex[39m[0m
[  20% ] [90m[1msavepack[22m | Storing File: res://assets/art/pixellab_cast_v3/body_stagehand.png.import[39m[0m
[  20% ] [90m[1msavepack[22m | Storing File: res://.godot/imported/body_welder.png-0ebdc77f17b29e8d12ee6d401b72e681.ctex[39m[0m
[  20% ] [90m[1msavepack[22m | Storing File: res://assets/art/pixellab_cast_v3/body_welder.png.import[39m[0m
[  20% ] [90m[1msavepack[22m | Storing File: res://.godot/imported/boss_buck.png-0f4fc141db9368ab68f784a8a5a5f2a5.ctex[39m[0m
[  20% ] [90m[1msavepack[22m | Storing File: res://assets/art/pixellab_cast_v3/boss_buck.png.import[39m[0m
[  20% ] [90m[1msavepack[22m | Storing File: res://.godot/imported/boss_dutch.png-be1041b458115a74c5a6fff3a0921ac6.ctex[39m[0m
[  20% ] [90m[1msavepack[22m | Storing File: res://assets/art/pixellab_cast_v3/boss_dutch.png.import[39m[0m
[  20% ] [90m[1msavepack[22m | Storing File: res://.godot/imported/boss_harcourt.png-b2db5991ddd85f8408ff395ad415831d.ctex[39m[0m
[  20% ] [90m[1msavepack[22m | Storing File: res://assets/art/pixellab_cast_v3/boss_harcourt.png.import[39m[0m
[  20% ] [90m[1msavepack[22m | Storing File: res://.godot/imported/corpse_bellhop.png-a648e9f7ff6ae15399bd0af09b630993.ctex[39m[0m
[  20% ] [90m[1msavepack[22m | Storing File: res://assets/art/pixellab_cast_v3/corpse_bellhop.png.import[39m[0m
[  20% ] [90m[1msavepack[22m | Storing File: res://.godot/imported/corpse_biker.png-2e9f13ca8eab834d8eec9e2807bfc95f.ctex[39m[0m
[  20% ] [90m[1msavepack[22m | Storing File: res://assets/art/pixellab_cast_v3/corpse_biker.png.import[39m[0m
[  20% ] [90m[1msavepack[22m | Storing File: res://.godot/imported/corpse_civilian.png-3bd95004b6208a05ba8726dfef2e16db.ctex[39m[0m
[  20% ] [90m[1msavepack[22m | Storing File: res://assets/art/pixellab_cast_v3/corpse_civilian.png.import[39m[0m
[  20% ] [90m[1msavepack[22m | Storing File: res://.godot/imported/corpse_guard.png-2f66b114b07c0c6c7138ecc3ae7a9541.ctex[39m[0m
[  20% ] [90m[1msavepack[22m | Storing File: res://assets/art/pixellab_cast_v3/corpse_guard.png.import[39m[0m
[  21% ] [90m[1msavepack[22m | Storing File: res://.godot/imported/corpse_gunner.png-fe41a6aa03fab262ae96abd1fed0fb06.ctex[39m[0m
[  21% ] [90m[1msavepack[22m | Storing File: res://assets/art/pixellab_cast_v3/corpse_gunner.png.import[39m[0m
[  21% ] [90m[1msavepack[22m | Storing File: res://.godot/imported/corpse_handler.png-055004ea3df8adf9d9e123a47021cb96.ctex[39m[0m
[  21% ] [90m[1msavepack[22m | Storing File: res://assets/art/pixellab_cast_v3/corpse_handler.png.import[39m[0m
[  21% ] [90m[1msavepack[22m | Storing File: res://.godot/imported/corpse_heavy.png-08943d064405afdeb35bf0ff8d752425.ctex[39m[0m
[  21% ] [90m[1msavepack[22m | Storing File: res://assets/art/pixellab_cast_v3/corpse_heavy.png.import[39m[0m
[  21% ] [90m[1msavepack[22m | Storing File: res://.godot/imported/corpse_hunter.png-26e3040e9167d716766d2b5a9c3796dc.ctex[39m[0m
[  21% ] [90m[1msavepack[22m | Storing File: res://assets/art/pixellab_cast_v3/corpse_hunter.png.import[39m[0m
[  21% ] [90m[1msavepack[22m | Storing File: res://.godot/imported/corpse_riot.png-3dd36e1f34a69210a19061fed131466c.ctex[39m[0m
[  21% ] [90m[1msavepack[22m | Storing File: res://assets/art/pixellab_cast_v3/corpse_riot.png.import[39m[0m
[  21% ] [90m[1msavepack[22m | Storing File: res://.godot/imported/corpse_scout.png-478c2f600f3b60d8bcd0d4f588fa538e.ctex[39m[0m
[  21% ] [90m[1msavepack[22m | Storing File: res://assets/art/pixellab_cast_v3/corpse_scout.png.import[39m[0m
[  21% ] [90m[1msavepack[22m | Storing File: res://.godot/imported/corpse_scrapper.png-857425d66303e40ad0fd03084fb0058a.ctex[39m[0m
[  21% ] [90m[1msavepack[22m | Storing File: res://assets/art/pixellab_cast_v3/corpse_scrapper.png.import[39m[0m
[  21% ] [90m[1msavepack[22m | Storing File: res://.godot/imported/corpse_security.png-d3e4adf5442ebb7c09e9e93f7dee4c62.ctex[39m[0m
[  21% ] [90m[1msavepack[22m | Storing File: res://assets/art/pixellab_cast_v3/corpse_security.png.import[39m[0m
[  21% ] [90m[1msavepack[22m | Storing File: res://.godot/imported/corpse_sniper.png-b67a29e7837f57654763fdb2b6874d9e.ctex[39m[0m
[  21% ] [90m[1msavepack[22m | Storing File: res://assets/art/pixellab_cast_v3/corpse_sniper.png.import[39m[0m
[  21% ] [90m[1msavepack[22m | Storing File: res://.godot/imported/corpse_stagehand.png-e314cb10eaf0a8f9b49f8cacfd4cc962.ctex[39m[0m
[  21% ] [90m[1msavepack[22m | Storing File: res://assets/art/pixellab_cast_v3/corpse_stagehand.png.import[39m[0m
[  21% ] [90m[1msavepack[22m | Storing File: res://.godot/imported/corpse_welder.png-0b4a3f919ece359d1e49dba76c9c487e.ctex[39m[0m
[  21% ] [90m[1msavepack[22m | Storing File: res://assets/art/pixellab_cast_v3/corpse_welder.png.import[39m[0m
[  21% ] [90m[1msavepack[22m | Storing File: res://.godot/imported/dog_doberman.png-28788f0690193d646aa1d4684943cd8d.ctex[39m[0m
[  21% ] [90m[1msavepack[22m | Storing File: res://assets/art/pixellab_cast_v3/dog_doberman.png.import[39m[0m
[  21% ] [90m[1msavepack[22m | Storing File: res://.godot/imported/dog_doberman_down.png-94d459473e3409475df51077cdb9e758.ctex[39m[0m
[  21% ] [90m[1msavepack[22m | Storing File: res://assets/art/pixellab_cast_v3/dog_doberman_down.png.import[39m[0m
[  21% ] [90m[1msavepack[22m | Storing File: res://.godot/imported/dog_rottweiler.png-37a8b4551e58eab706a7a83d9fdaf5c7.ctex[39m[0m
[  21% ] [90m[1msavepack[22m | Storing File: res://assets/art/pixellab_cast_v3/dog_rottweiler.png.import[39m[0m
[  21% ] [90m[1msavepack[22m | Storing File: res://.godot/imported/dog_rottweiler_down.png-638eb744d33e59efce1dec202bc48443.ctex[39m[0m
[  21% ] [90m[1msavepack[22m | Storing File: res://assets/art/pixellab_cast_v3/dog_rottweiler_down.png.import[39m[0m
[  21% ] [90m[1msavepack[22m | Storing File: res://.godot/imported/dog_shepherd.png-9f1fb6b052f0cde05c4e4e74c441b99e.ctex[39m[0m
[  21% ] [90m[1msavepack[22m | Storing File: res://assets/art/pixellab_cast_v3/dog_shepherd.png.import[39m[0m
[  21% ] [90m[1msavepack[22m | Storing File: res://.godot/imported/dog_shepherd_down.png-a16f79b71ab5638b70542a8fac850216.ctex[39m[0m
[  21% ] [90m[1msavepack[22m | Storing File: res://assets/art/pixellab_cast_v3/dog_shepherd_down.png.import[39m[0m
[  21% ] [90m[1msavepack[22m | Storing File: res://.godot/imported/fox.png-c163994375d2213f350c0a02cde34cee.ctex[39m[0m
[  21% ] [90m[1msavepack[22m | Storing File: res://assets/art/pixellab_cast_v3/fox.png.import[39m[0m
[  21% ] [90m[1msavepack[22m | Storing File: res://.godot/imported/corpse_heavy.png-7987da3a4ffbce7ea97e039451c08185.ctex[39m[0m
[  21% ] [90m[1msavepack[22m | Storing File: res://assets/art/pixellab_cast_v3_approved/corpse_heavy.png.import[39m[0m
[  21% ] [90m[1msavepack[22m | Storing File: res://.godot/imported/dog_doberman.png-ab287b7a412cdd6b83972663c1709ffb.ctex[39m[0m
[  21% ] [90m[1msavepack[22m | Storing File: res://assets/art/pixellab_cast_v3_approved/dog_doberman.png.import[39m[0m
[  21% ] [90m[1msavepack[22m | Storing File: res://.godot/imported/dog_doberman_down.png-dccf9d82f10e4f7589c2412556193199.ctex[39m[0m
[  21% ] [90m[1msavepack[22m | Storing File: res://assets/art/pixellab_cast_v3_approved/dog_doberman_down.png.import[39m[0m
[  21% ] [90m[1msavepack[22m | Storing File: res://.godot/imported/dog_hellhound.png-a557fc45193050a173ebc574fb2903e2.ctex[39m[0m
[  21% ] [90m[1msavepack[22m | Storing File: res://assets/art/pixellab_cast_v3_approved/dog_hellhound.png.import[39m[0m
[  21% ] [90m[1msavepack[22m | Storing File: res://.godot/imported/dog_hellhound_down.png-5bb3351f6f78bb3c1f4168840a05c50b.ctex[39m[0m
[  21% ] [90m[1msavepack[22m | Storing File: res://assets/art/pixellab_cast_v3_approved/dog_hellhound_down.png.import[39m[0m
[  21% ] [90m[1msavepack[22m | Storing File: res://.godot/imported/dog_rottweiler.png-7e99f14cc2f563ff3715b2f10e581f96.ctex[39m[0m
[  21% ] [90m[1msavepack[22m | Storing File: res://assets/art/pixellab_cast_v3_approved/dog_rottweiler.png.import[39m[0m
[  21% ] [90m[1msavepack[22m | Storing File: res://.godot/imported/dog_rottweiler_down.png-6960eed88234357de3d042e88a5ac617.ctex[39m[0m
[  21% ] [90m[1msavepack[22m | Storing File: res://assets/art/pixellab_cast_v3_approved/dog_rottweiler_down.png.import[39m[0m
[  21% ] [90m[1msavepack[22m | Storing File: res://.godot/imported/dog_shepherd.png-9ee19128e4a6862835271125efc16e9a.ctex[39m[0m
[  21% ] [90m[1msavepack[22m | Storing File: res://assets/art/pixellab_cast_v3_approved/dog_shepherd.png.import[39m[0m
[  21% ] [90m[1msavepack[22m | Storing File: res://.godot/imported/dog_shepherd_down.png-e0d4c9f8034c9d8a5cd163942610ec63.ctex[39m[0m
[  21% ] [90m[1msavepack[22m | Storing File: res://assets/art/pixellab_cast_v3_approved/dog_shepherd_down.png.import[39m[0m
[  21% ] [90m[1msavepack[22m | Storing File: res://.godot/imported/bellhop_aim_one.png-2b294ef28fa0f9adf466e9209b7d7deb.ctex[39m[0m
[  21% ] [90m[1msavepack[22m | Storing File: res://assets/art/pixellab_cast_v4/bellhop_aim_one.png.import[39m[0m
[  21% ] [90m[1msavepack[22m | Storing File: res://.godot/imported/bellhop_aim_two.png-474f8bc40f5dc42f52d6cdec4bd26fca.ctex[39m[0m
[  21% ] [90m[1msavepack[22m | Storing File: res://assets/art/pixellab_cast_v4/bellhop_aim_two.png.import[39m[0m
[  21% ] [90m[1msavepack[22m | Storing File: res://.godot/imported/bellhop_melee.png-c8c7004f04c6c9bae53890c00a849c1a.ctex[39m[0m
[  21% ] [90m[1msavepack[22m | Storing File: res://assets/art/pixellab_cast_v4/bellhop_melee.png.import[39m[0m
[  21% ] [90m[1msavepack[22m | Storing File: res://.godot/imported/bellhop_unarmed.png-ebe86f37e2d3e1b165acbf9fcffa0170.ctex[39m[0m
[  21% ] [90m[1msavepack[22m | Storing File: res://assets/art/pixellab_cast_v4/bellhop_unarmed.png.import[39m[0m
[  21% ] [90m[1msavepack[22m | Storing File: res://.godot/imported/biker_aim_one.png-dec43f5f26f516e6d55bd54c8274a228.ctex[39m[0m
[  21% ] [90m[1msavepack[22m | Storing File: res://assets/art/pixellab_cast_v4/biker_aim_one.png.import[39m[0m
[  22% ] [90m[1msavepack[22m | Storing File: res://.godot/imported/biker_aim_two.png-9dd87169ddf9c6ff11c6d13de4002dda.ctex[39m[0m
[  22% ] [90m[1msavepack[22m | Storing File: res://assets/art/pixellab_cast_v4/biker_aim_two.png.import[39m[0m
[  22% ] [90m[1msavepack[22m | Storing File: res://.godot/imported/biker_melee.png-29a3d7f4f97a8af595787b9078a7895c.ctex[39m[0m
[  22% ] [90m[1msavepack[22m | Storing File: res://assets/art/pixellab_cast_v4/biker_melee.png.import[39m[0m
[  22% ] [90m[1msavepack[22m | Storing File: res://.godot/imported/biker_unarmed.png-4119e0852a81f8751cfa8fde98c050d8.ctex[39m[0m
[  22% ] [90m[1msavepack[22m | Storing File: res://assets/art/pixellab_cast_v4/biker_unarmed.png.import[39m[0m
[  22% ] [90m[1msavepack[22m | Storing File: res://.godot/imported/cass_aim_dual.png-63e80e551273010075b852370fa1dec2.ctex[39m[0m
[  22% ] [90m[1msavepack[22m | Storing File: res://assets/art/pixellab_cast_v4/cass_aim_dual.png.import[39m[0m
[  22% ] [90m[1msavepack[22m | Storing File: res://.godot/imported/cass_aim_one.png-7ebbe25f0c72a7abdfaeeebd777b9b89.ctex[39m[0m
[  22% ] [90m[1msavepack[22m | Storing File: res://assets/art/pixellab_cast_v4/cass_aim_one.png.import[39m[0m
[  22% ] [90m[1msavepack[22m | Storing File: res://.godot/imported/cass_aim_two.png-3e09648e1ce7f0cbc6f84e3e239f5c72.ctex[39m[0m
[  22% ] [90m[1msavepack[22m | Storing File: res://assets/art/pixellab_cast_v4/cass_aim_two.png.import[39m[0m
[  22% ] [90m[1msavepack[22m | Storing File: res://.godot/imported/cass_legs0.png-e265b98d6330f7cf52c45ef551a614c4.ctex[39m[0m
[  22% ] [90m[1msavepack[22m | Storing File: res://assets/art/pixellab_cast_v4/cass_legs0.png.import[39m[0m
[  22% ] [90m[1msavepack[22m | Storing File: res://.godot/imported/cass_legs1.png-cf288dcf518c7af03800b90176a72a43.ctex[39m[0m
[  22% ] [90m[1msavepack[22m | Storing File: res://assets/art/pixellab_cast_v4/cass_legs1.png.import[39m[0m
[  22% ] [90m[1msavepack[22m | Storing File: res://.godot/imported/cass_melee.png-054583a7b6290d6ca8b40ca688f01717.ctex[39m[0m
[  22% ] [90m[1msavepack[22m | Storing File: res://assets/art/pixellab_cast_v4/cass_melee.png.import[39m[0m
[  22% ] [90m[1msavepack[22m | Storing File: res://.godot/imported/cass_punch_l.png-d99c8ef7dccb6a4fb23943810a753954.ctex[39m[0m
[  22% ] [90m[1msavepack[22m | Storing File: res://assets/art/pixellab_cast_v4/cass_punch_l.png.import[39m[0m
[  22% ] [90m[1msavepack[22m | Storing File: res://.godot/imported/cass_unarmed.png-6d83cb8153c944b187a0182d33b5fd8f.ctex[39m[0m
[  22% ] [90m[1msavepack[22m | Storing File: res://assets/art/pixellab_cast_v4/cass_unarmed.png.import[39m[0m
[  22% ] [90m[1msavepack[22m | Storing File: res://.godot/imported/civilian_unarmed.png-d1f8d42c4d4f84cc6eb10ecf36458d30.ctex[39m[0m
[  22% ] [90m[1msavepack[22m | Storing File: res://assets/art/pixellab_cast_v4/civilian_unarmed.png.import[39m[0m
[  22% ] [90m[1msavepack[22m | Storing File: res://.godot/imported/guard_unarmed.png-875ef3e3b7bf38df108b9a991a440d59.ctex[39m[0m
[  22% ] [90m[1msavepack[22m | Storing File: res://assets/art/pixellab_cast_v4/guard_unarmed.png.import[39m[0m
[  22% ] [90m[1msavepack[22m | Storing File: res://.godot/imported/gunner_aim_one.png-01023ffcb7bfde07dc6509758231366c.ctex[39m[0m
[  22% ] [90m[1msavepack[22m | Storing File: res://assets/art/pixellab_cast_v4/gunner_aim_one.png.import[39m[0m
[  22% ] [90m[1msavepack[22m | Storing File: res://.godot/imported/gunner_aim_two.png-a8de649471cb5158f8b6c6d0d245c581.ctex[39m[0m
[  22% ] [90m[1msavepack[22m | Storing File: res://assets/art/pixellab_cast_v4/gunner_aim_two.png.import[39m[0m
[  22% ] [90m[1msavepack[22m | Storing File: res://.godot/imported/gunner_melee.png-50d054204fb9e1bdca10451ef20fd0b2.ctex[39m[0m
[  22% ] [90m[1msavepack[22m | Storing File: res://assets/art/pixellab_cast_v4/gunner_melee.png.import[39m[0m
[  22% ] [90m[1msavepack[22m | Storing File: res://.godot/imported/gunner_unarmed.png-e38235850818f4d1e1bf75baba8e4648.ctex[39m[0m
[  22% ] [90m[1msavepack[22m | Storing File: res://assets/art/pixellab_cast_v4/gunner_unarmed.png.import[39m[0m
[  22% ] [90m[1msavepack[22m | Storing File: res://.godot/imported/handler_aim_one.png-3540e76f4a21eb4b5d219f8186610f37.ctex[39m[0m
[  22% ] [90m[1msavepack[22m | Storing File: res://assets/art/pixellab_cast_v4/handler_aim_one.png.import[39m[0m
[  22% ] [90m[1msavepack[22m | Storing File: res://.godot/imported/handler_aim_two.png-1f2c9934d78cdf27a1cfed489b7050ba.ctex[39m[0m
[  22% ] [90m[1msavepack[22m | Storing File: res://assets/art/pixellab_cast_v4/handler_aim_two.png.import[39m[0m
[  22% ] [90m[1msavepack[22m | Storing File: res://.godot/imported/handler_melee.png-9a253108faf9badce39d0ff6ed26bc2e.ctex[39m[0m
[  22% ] [90m[1msavepack[22m | Storing File: res://assets/art/pixellab_cast_v4/handler_melee.png.import[39m[0m
[  22% ] [90m[1msavepack[22m | Storing File: res://.godot/imported/handler_unarmed.png-62427b9f9b9f735d3be0127b85964188.ctex[39m[0m
[  22% ] [90m[1msavepack[22m | Storing File: res://assets/art/pixellab_cast_v4/handler_unarmed.png.import[39m[0m
[  22% ] [90m[1msavepack[22m | Storing File: res://.godot/imported/heavy_aim_one.png-a9a511d2181e4932323b69e6c32b6160.ctex[39m[0m
[  22% ] [90m[1msavepack[22m | Storing File: res://assets/art/pixellab_cast_v4/heavy_aim_one.png.import[39m[0m
[  22% ] [90m[1msavepack[22m | Storing File: res://.godot/imported/heavy_aim_two.png-42c9da5aa6b4fd7bd719d3f9d0a9776b.ctex[39m[0m
[  22% ] [90m[1msavepack[22m | Storing File: res://assets/art/pixellab_cast_v4/heavy_aim_two.png.import[39m[0m
[  22% ] [90m[1msavepack[22m | Storing File: res://.godot/imported/heavy_melee.png-45f9c1e358726e59797d5ec1715c0476.ctex[39m[0m
[  22% ] [90m[1msavepack[22m | Storing File: res://assets/art/pixellab_cast_v4/heavy_melee.png.import[39m[0m
[  22% ] [90m[1msavepack[22m | Storing File: res://.godot/imported/heavy_unarmed.png-cf987ee904ebc7c433a4dc23e94dd77a.ctex[39m[0m
[  22% ] [90m[1msavepack[22m | Storing File: res://assets/art/pixellab_cast_v4/heavy_unarmed.png.import[39m[0m
[  22% ] [90m[1msavepack[22m | Storing File: res://.godot/imported/hunter_aim_one.png-1f0d47c5848b11d0132e007f745e2087.ctex[39m[0m
[  22% ] [90m[1msavepack[22m | Storing File: res://assets/art/pixellab_cast_v4/hunter_aim_one.png.import[39m[0m
[  22% ] [90m[1msavepack[22m | Storing File: res://.godot/imported/hunter_aim_two.png-36fb2f1e5a9602d69917908e76b11a74.ctex[39m[0m
[  22% ] [90m[1msavepack[22m | Storing File: res://assets/art/pixellab_cast_v4/hunter_aim_two.png.import[39m[0m
[  22% ] [90m[1msavepack[22m | Storing File: res://.godot/imported/hunter_melee.png-7438fc89228bdcf3395c3b7d24d51b62.ctex[39m[0m
[  22% ] [90m[1msavepack[22m | Storing File: res://assets/art/pixellab_cast_v4/hunter_melee.png.import[39m[0m
[  22% ] [90m[1msavepack[22m | Storing File: res://.godot/imported/hunter_unarmed.png-bbbdee9bc49882bea2825121b2fabb4e.ctex[39m[0m
[  22% ] [90m[1msavepack[22m | Storing File: res://assets/art/pixellab_cast_v4/hunter_unarmed.png.import[39m[0m
[  22% ] [90m[1msavepack[22m | Storing File: res://.godot/imported/riot_aim_one.png-3c58850c4e2ea5c68418da1753c17f26.ctex[39m[0m
[  22% ] [90m[1msavepack[22m | Storing File: res://assets/art/pixellab_cast_v4/riot_aim_one.png.import[39m[0m
[  22% ] [90m[1msavepack[22m | Storing File: res://.godot/imported/riot_aim_two.png-8e08fecfbd2390e7c50b312508599a41.ctex[39m[0m
[  22% ] [90m[1msavepack[22m | Storing File: res://assets/art/pixellab_cast_v4/riot_aim_two.png.import[39m[0m
[  22% ] [90m[1msavepack[22m | Storing File: res://.godot/imported/riot_melee.png-93d043079d6748f7b899684c978bf2ef.ctex[39m[0m
[  22% ] [90m[1msavepack[22m | Storing File: res://assets/art/pixellab_cast_v4/riot_melee.png.import[39m[0m
[  23% ] [90m[1msavepack[22m | Storing File: res://.godot/imported/riot_unarmed.png-c906784e55b05b53f7b8792b97a20414.ctex[39m[0m
[  23% ] [90m[1msavepack[22m | Storing File: res://assets/art/pixellab_cast_v4/riot_unarmed.png.import[39m[0m
[  23% ] [90m[1msavepack[22m | Storing File: res://.godot/imported/scout_aim_one.png-b5fe774f77980bd6bf5d2881acce10f6.ctex[39m[0m
[  23% ] [90m[1msavepack[22m | Storing File: res://assets/art/pixellab_cast_v4/scout_aim_one.png.import[39m[0m
[  23% ] [90m[1msavepack[22m | Storing File: res://.godot/imported/scout_aim_two.png-0f08f5d8ee2da93cee0e5e8e5cb0403a.ctex[39m[0m
[  23% ] [90m[1msavepack[22m | Storing File: res://assets/art/pixellab_cast_v4/scout_aim_two.png.import[39m[0m
[  23% ] [90m[1msavepack[22m | Storing File: res://.godot/imported/scout_melee.png-9f0adfa9e6e128c67aa90941a969d9cb.ctex[39m[0m
[  23% ] [90m[1msavepack[22m | Storing File: res://assets/art/pixellab_cast_v4/scout_melee.png.import[39m[0m
[  23% ] [90m[1msavepack[22m | Storing File: res://.godot/imported/scout_unarmed.png-a90a36162fd90d7fe767338d85f88617.ctex[39m[0m
[  23% ] [90m[1msavepack[22m | Storing File: res://assets/art/pixellab_cast_v4/scout_unarmed.png.import[39m[0m
[  23% ] [90m[1msavepack[22m | Storing File: res://.godot/imported/scrapper_aim_one.png-537deebbcee45119329071b78dc270e3.ctex[39m[0m
[  23% ] [90m[1msavepack[22m | Storing File: res://assets/art/pixellab_cast_v4/scrapper_aim_one.png.import[39m[0m
[  23% ] [90m[1msavepack[22m | Storing File: res://.godot/imported/scrapper_aim_two.png-ef5e21fbccef9e111e9ad87e69986fa6.ctex[39m[0m
[  23% ] [90m[1msavepack[22m | Storing File: res://assets/art/pixellab_cast_v4/scrapper_aim_two.png.import[39m[0m
[  23% ] [90m[1msavepack[22m | Storing File: res://.godot/imported/scrapper_melee.png-5c96ec5451b777f89f1461b3875c3f94.ctex[39m[0m
[  23% ] [90m[1msavepack[22m | Storing File: res://assets/art/pixellab_cast_v4/scrapper_melee.png.import[39m[0m
[  23% ] [90m[1msavepack[22m | Storing File: res://.godot/imported/scrapper_unarmed.png-dde801489518cf42a5ab4b0b4d258824.ctex[39m[0m
[  23% ] [90m[1msavepack[22m | Storing File: res://assets/art/pixellab_cast_v4/scrapper_unarmed.png.import[39m[0m
[  23% ] [90m[1msavepack[22m | Storing File: res://.godot/imported/security_aim_one.png-08fe3752eebd335784ef592b2a9d23a1.ctex[39m[0m
[  23% ] [90m[1msavepack[22m | Storing File: res://assets/art/pixellab_cast_v4/security_aim_one.png.import[39m[0m
[  23% ] [90m[1msavepack[22m | Storing File: res://.godot/imported/security_aim_two.png-bd4109c9c6fbc7fc852609ef7ebc5a2d.ctex[39m[0m
[  23% ] [90m[1msavepack[22m | Storing File: res://assets/art/pixellab_cast_v4/security_aim_two.png.import[39m[0m
[  23% ] [90m[1msavepack[22m | Storing File: res://.godot/imported/security_melee.png-337e8ac6dde1815a8ebd95ca46c052d9.ctex[39m[0m
[  23% ] [90m[1msavepack[22m | Storing File: res://assets/art/pixellab_cast_v4/security_melee.png.import[39m[0m
[  23% ] [90m[1msavepack[22m | Storing File: res://.godot/imported/security_unarmed.png-b6fc421808f18bc503bb421512b0ded6.ctex[39m[0m
[  23% ] [90m[1msavepack[22m | Storing File: res://assets/art/pixellab_cast_v4/security_unarmed.png.import[39m[0m
[  23% ] [90m[1msavepack[22m | Storing File: res://.godot/imported/sniper_aim_one.png-f3338cc1fd4ca0341d569a2593e0004d.ctex[39m[0m
[  23% ] [90m[1msavepack[22m | Storing File: res://assets/art/pixellab_cast_v4/sniper_aim_one.png.import[39m[0m
[  23% ] [90m[1msavepack[22m | Storing File: res://.godot/imported/sniper_aim_two.png-832e348b91c7938177f8e076be446fca.ctex[39m[0m
[  23% ] [90m[1msavepack[22m | Storing File: res://assets/art/pixellab_cast_v4/sniper_aim_two.png.import[39m[0m
[  23% ] [90m[1msavepack[22m | Storing File: res://.godot/imported/sniper_melee.png-0ecf6ed4e53ec04f64bc3a08733109ca.ctex[39m[0m
[  23% ] [90m[1msavepack[22m | Storing File: res://assets/art/pixellab_cast_v4/sniper_melee.png.import[39m[0m
[  23% ] [90m[1msavepack[22m | Storing File: res://.godot/imported/sniper_unarmed.png-b9ae76bf33b5880b06732e519e7cd65b.ctex[39m[0m
[  23% ] [90m[1msavepack[22m | Storing File: res://assets/art/pixellab_cast_v4/sniper_unarmed.png.import[39m[0m
[  23% ] [90m[1msavepack[22m | Storing File: res://.godot/imported/stagehand_aim_one.png-26189caf39c823077ecd6a96cae1a2df.ctex[39m[0m
[  23% ] [90m[1msavepack[22m | Storing File: res://assets/art/pixellab_cast_v4/stagehand_aim_one.png.import[39m[0m
[  23% ] [90m[1msavepack[22m | Storing File: res://.godot/imported/stagehand_aim_two.png-51fc6f926ba315176fab27e3f9e8416b.ctex[39m[0m
[  23% ] [90m[1msavepack[22m | Storing File: res://assets/art/pixellab_cast_v4/stagehand_aim_two.png.import[39m[0m
[  23% ] [90m[1msavepack[22m | Storing File: res://.godot/imported/stagehand_melee.png-4d05b63ebc2b79e5f4f51e64f859cb62.ctex[39m[0m
[  23% ] [90m[1msavepack[22m | Storing File: res://assets/art/pixellab_cast_v4/stagehand_melee.png.import[39m[0m
[  23% ] [90m[1msavepack[22m | Storing File: res://.godot/imported/stagehand_unarmed.png-61ff88afa4ed49743a612b8db45352c6.ctex[39m[0m
[  23% ] [90m[1msavepack[22m | Storing File: res://assets/art/pixellab_cast_v4/stagehand_unarmed.png.import[39m[0m
[  23% ] [90m[1msavepack[22m | Storing File: res://.godot/imported/welder_aim_one.png-08c3d1f6e4d1defce493e261f855d44a.ctex[39m[0m
[  23% ] [90m[1msavepack[22m | Storing File: res://assets/art/pixellab_cast_v4/welder_aim_one.png.import[39m[0m
[  23% ] [90m[1msavepack[22m | Storing File: res://.godot/imported/welder_melee.png-cb3a1101664be106b127882a4ca2a4ae.ctex[39m[0m
[  23% ] [90m[1msavepack[22m | Storing File: res://assets/art/pixellab_cast_v4/welder_melee.png.import[39m[0m
[  23% ] [90m[1msavepack[22m | Storing File: res://.godot/imported/welder_unarmed.png-872ba90486a2c7713d6aad5d2a9af0f9.ctex[39m[0m
[  23% ] [90m[1msavepack[22m | Storing File: res://assets/art/pixellab_cast_v4/welder_unarmed.png.import[39m[0m
[  23% ] [90m[1msavepack[22m | Storing File: res://.godot/imported/clutter_ashtray.png-f29a2c7f17348305b7e313f04f577e3f.ctex[39m[0m
[  23% ] [90m[1msavepack[22m | Storing File: res://assets/art/pixellab_level_density_review/clutter_ashtray.png.import[39m[0m
[  23% ] [90m[1msavepack[22m | Storing File: res://.godot/imported/clutter_bottles.png-c62cc35f92defaa09b457b5de1dece44.ctex[39m[0m
[  23% ] [90m[1msavepack[22m | Storing File: res://assets/art/pixellab_level_density_review/clutter_bottles.png.import[39m[0m
[  23% ] [90m[1msavepack[22m | Storing File: res://.godot/imported/clutter_cans.png-3d6bad8e686f1cf08ae6dbe0973224e3.ctex[39m[0m
[  23% ] [90m[1msavepack[22m | Storing File: res://assets/art/pixellab_level_density_review/clutter_cans.png.import[39m[0m
[  23% ] [90m[1msavepack[22m | Storing File: res://.godot/imported/clutter_chain.png-cf98954bab66d098eae3b91865e3c8e1.ctex[39m[0m
[  23% ] [90m[1msavepack[22m | Storing File: res://assets/art/pixellab_level_density_review/clutter_chain.png.import[39m[0m
[  23% ] [90m[1msavepack[22m | Storing File: res://.godot/imported/clutter_dog_bowl.png-8b8276925df60562d69a90ebdcaf242d.ctex[39m[0m
[  23% ] [90m[1msavepack[22m | Storing File: res://assets/art/pixellab_level_density_review/clutter_dog_bowl.png.import[39m[0m
[  23% ] [90m[1msavepack[22m | Storing File: res://.godot/imported/clutter_floor_stains.png-a2798f8187e2ad17c816257f4fc60920.ctex[39m[0m
[  23% ] [90m[1msavepack[22m | Storing File: res://assets/art/pixellab_level_density_review/clutter_floor_stains.png.import[39m[0m
[  23% ] [90m[1msavepack[22m | Storing File: res://.godot/imported/clutter_hubcap.png-cb59acd87aeb0a8621347668a2d53987.ctex[39m[0m
[  23% ] [90m[1msavepack[22m | Storing File: res://assets/art/pixellab_level_density_review/clutter_hubcap.png.import[39m[0m
[  23% ] [90m[1msavepack[22m | Storing File: res://.godot/imported/clutter_tools.png-8571e9c10f2bb185d3800c23f0dc0113.ctex[39m[0m
[  23% ] [90m[1msavepack[22m | Storing File: res://assets/art/pixellab_level_density_review/clutter_tools.png.import[39m[0m
[  23% ] [90m[1msavepack[22m | Storing File: res://.godot/imported/coffee_table.png-20a2c8dce6c25c0c5a57c6e55d4c1e65.ctex[39m[0m
[  23% ] [90m[1msavepack[22m | Storing File: res://assets/art/pixellab_level_density_review/coffee_table.png.import[39m[0m
[  24% ] [90m[1msavepack[22m | Storing File: res://.godot/imported/combat_blood_shells.png-cf8883eae3087c7dc82c758e39c1f84d.ctex[39m[0m
[  24% ] [90m[1msavepack[22m | Storing File: res://assets/art/pixellab_level_density_review/combat_blood_shells.png.import[39m[0m
[  24% ] [90m[1msavepack[22m | Storing File: res://.godot/imported/combat_glass_partition.png-3470ac231c5642c9702532ec30539123.ctex[39m[0m
[  24% ] [90m[1msavepack[22m | Storing File: res://assets/art/pixellab_level_density_review/combat_glass_partition.png.import[39m[0m
[  24% ] [90m[1msavepack[22m | Storing File: res://.godot/imported/combat_kicked_door.png-d915666f6cbeb6b7afa7ba38efda3589.ctex[39m[0m
[  24% ] [90m[1msavepack[22m | Storing File: res://assets/art/pixellab_level_density_review/combat_kicked_door.png.import[39m[0m
[  24% ] [90m[1msavepack[22m | Storing File: res://.godot/imported/combat_poker_table.png-e6bf7ca72366dc338a398e339d0e5d66.ctex[39m[0m
[  24% ] [90m[1msavepack[22m | Storing File: res://assets/art/pixellab_level_density_review/combat_poker_table.png.import[39m[0m
[  24% ] [90m[1msavepack[22m | Storing File: res://.godot/imported/common_clutter_contact_sheet.png-38e23502d63e6970e32c3892e9fbcb6b.ctex[39m[0m
[  24% ] [90m[1msavepack[22m | Storing File: res://assets/art/pixellab_level_density_review/common_clutter_contact_sheet.png.import[39m[0m
[  24% ] [90m[1msavepack[22m | Storing File: res://.godot/imported/motel_hasty_checkout.png-bf0e9b2477210696fd872b2679b9bcb3.ctex[39m[0m
[  24% ] [90m[1msavepack[22m | Storing File: res://assets/art/pixellab_level_density_review/motel_hasty_checkout.png.import[39m[0m
[  24% ] [90m[1msavepack[22m | Storing File: res://.godot/imported/motel_pool_party_ruin.png-712bcbaa412e03e9b0a028d01b759124.ctex[39m[0m
[  24% ] [90m[1msavepack[22m | Storing File: res://assets/art/pixellab_level_density_review/motel_pool_party_ruin.png.import[39m[0m
[  24% ] [90m[1msavepack[22m | Storing File: res://.godot/imported/motel_power_siphon.png-c34a56ccaf16cc3ce436af952dd1c4c5.ctex[39m[0m
[  24% ] [90m[1msavepack[22m | Storing File: res://assets/art/pixellab_level_density_review/motel_power_siphon.png.import[39m[0m
[  24% ] [90m[1msavepack[22m | Storing File: res://.godot/imported/motel_power_siphon_v2.png-70de2fdab730be4ec353ef8d2f6528aa.ctex[39m[0m
[  24% ] [90m[1msavepack[22m | Storing File: res://assets/art/pixellab_level_density_review/motel_power_siphon_v2.png.import[39m[0m
[  24% ] [90m[1msavepack[22m | Storing File: res://.godot/imported/motel_room_key_spill.png-ceed6a0831cc3273b12b14b635e2e2ac.ctex[39m[0m
[  24% ] [90m[1msavepack[22m | Storing File: res://assets/art/pixellab_level_density_review/motel_room_key_spill.png.import[39m[0m
[  24% ] [90m[1msavepack[22m | Storing File: res://.godot/imported/motel_stucco_cap.png-f33bc006d4a276e80c4a26d1d961ba87.ctex[39m[0m
[  24% ] [90m[1msavepack[22m | Storing File: res://assets/art/pixellab_level_density_review/motel_stucco_cap.png.import[39m[0m
[  24% ] [90m[1msavepack[22m | Storing File: res://.godot/imported/motel_stucco_cap_v2.png-884d6a26a89b1221958c7b2fb5f7a3c0.ctex[39m[0m
[  24% ] [90m[1msavepack[22m | Storing File: res://assets/art/pixellab_level_density_review/motel_stucco_cap_v2.png.import[39m[0m
[  24% ] [90m[1msavepack[22m | Storing File: res://.godot/imported/studio_bootleg_vcr.png-ac4cd9a20a58d29161bdda6e468df23a.ctex[39m[0m
[  24% ] [90m[1msavepack[22m | Storing File: res://assets/art/pixellab_level_density_review/studio_bootleg_vcr.png.import[39m[0m
[  24% ] [90m[1msavepack[22m | Storing File: res://.godot/imported/studio_bootleg_vcr_v2.png-fc13171849650ae524ae884101c21f57.ctex[39m[0m
[  24% ] [90m[1msavepack[22m | Storing File: res://assets/art/pixellab_level_density_review/studio_bootleg_vcr_v2.png.import[39m[0m
[  24% ] [90m[1msavepack[22m | Storing File: res://.godot/imported/studio_dust_beam.png-12345ee357109ce58708751afe56f07c.ctex[39m[0m
[  24% ] [90m[1msavepack[22m | Storing File: res://assets/art/pixellab_level_density_review/studio_dust_beam.png.import[39m[0m
[  24% ] [90m[1msavepack[22m | Storing File: res://.godot/imported/studio_dust_beam_v2.png-2bfea0b3c055c9d414c6858af724fdee.ctex[39m[0m
[  24% ] [90m[1msavepack[22m | Storing File: res://assets/art/pixellab_level_density_review/studio_dust_beam_v2.png.import[39m[0m
[  24% ] [90m[1msavepack[22m | Storing File: res://.godot/imported/studio_gaffer_scraps.png-6b04f71a327f4f766ba7beb4da0d9518.ctex[39m[0m
[  24% ] [90m[1msavepack[22m | Storing File: res://assets/art/pixellab_level_density_review/studio_gaffer_scraps.png.import[39m[0m
[  24% ] [90m[1msavepack[22m | Storing File: res://.godot/imported/studio_makeup_spill.png-62b397e576ddf14d421f21a972f9973c.ctex[39m[0m
[  24% ] [90m[1msavepack[22m | Storing File: res://assets/art/pixellab_level_density_review/studio_makeup_spill.png.import[39m[0m
[  24% ] [90m[1msavepack[22m | Storing File: res://.godot/imported/studio_script_trail.png-ebf0d82214e0249a93c6a3b721c4968a.ctex[39m[0m
[  24% ] [90m[1msavepack[22m | Storing File: res://assets/art/pixellab_level_density_review/studio_script_trail.png.import[39m[0m
[  24% ] [90m[1msavepack[22m | Storing File: res://.godot/imported/villa_gardener_alcove.png-43000556c5ae42774e1b968b09883e2f.ctex[39m[0m
[  24% ] [90m[1msavepack[22m | Storing File: res://assets/art/pixellab_level_density_review/villa_gardener_alcove.png.import[39m[0m
[  24% ] [90m[1msavepack[22m | Storing File: res://.godot/imported/villa_memorial_curtain.png-2878bed419531257fa352f3b151b1960.ctex[39m[0m
[  24% ] [90m[1msavepack[22m | Storing File: res://assets/art/pixellab_level_density_review/villa_memorial_curtain.png.import[39m[0m
[  24% ] [90m[1msavepack[22m | Storing File: res://.godot/imported/villa_orange_peel.png-3d9091a323fa296fdf243010ccd6d91a.ctex[39m[0m
[  24% ] [90m[1msavepack[22m | Storing File: res://assets/art/pixellab_level_density_review/villa_orange_peel.png.import[39m[0m
[  24% ] [90m[1msavepack[22m | Storing File: res://.godot/imported/villa_seating_card.png-c1a1ff34a3b044adb9e93a60ad6ef38b.ctex[39m[0m
[  24% ] [90m[1msavepack[22m | Storing File: res://assets/art/pixellab_level_density_review/villa_seating_card.png.import[39m[0m
[  24% ] [90m[1msavepack[22m | Storing File: res://.godot/imported/villa_wax_and_petals.png-9c341859395f593b8998c559e0078ce4.ctex[39m[0m
[  24% ] [90m[1msavepack[22m | Storing File: res://assets/art/pixellab_level_density_review/villa_wax_and_petals.png.import[39m[0m
[  24% ] [90m[1msavepack[22m | Storing File: res://.godot/imported/yard_chain_cable_spill.png-66872c3161228a80bd46cc227f1e77e3.ctex[39m[0m
[  24% ] [90m[1msavepack[22m | Storing File: res://assets/art/pixellab_level_density_review/yard_chain_cable_spill.png.import[39m[0m
[  24% ] [90m[1msavepack[22m | Storing File: res://.godot/imported/yard_chopshop_ledger.png-3f36d76c015a6372c6d2a0984e303889.ctex[39m[0m
[  24% ] [90m[1msavepack[22m | Storing File: res://assets/art/pixellab_level_density_review/yard_chopshop_ledger.png.import[39m[0m
[  24% ] [90m[1msavepack[22m | Storing File: res://.godot/imported/yard_copper_scraps.png-d1d2477e1333e239af7d36016afe0d69.ctex[39m[0m
[  24% ] [90m[1msavepack[22m | Storing File: res://assets/art/pixellab_level_density_review/yard_copper_scraps.png.import[39m[0m
[  24% ] [90m[1msavepack[22m | Storing File: res://.godot/imported/yard_dog_station.png-ffab95ce8e3bf6a8d43c0d831f08dcce.ctex[39m[0m
[  24% ] [90m[1msavepack[22m | Storing File: res://assets/art/pixellab_level_density_review/yard_dog_station.png.import[39m[0m
[  24% ] [90m[1msavepack[22m | Storing File: res://.godot/imported/yard_oil_rags.png-3698217c4a61cec17498ee68a7c0019d.ctex[39m[0m
[  24% ] [90m[1msavepack[22m | Storing File: res://assets/art/pixellab_level_density_review/yard_oil_rags.png.import[39m[0m
[  24% ] [90m[1msavepack[22m | Storing File: res://.godot/imported/yard_parts_tags.png-11de02f3de7bd3a2d749583ad31a5447.ctex[39m[0m
[  24% ] [90m[1msavepack[22m | Storing File: res://assets/art/pixellab_level_density_review/yard_parts_tags.png.import[39m[0m
[  24% ] [90m[1msavepack[22m | Storing File: res://.godot/imported/yard_refresh_contact_sheet.png-0fcdae032aba9d3bc3c3a122d7a2aba4.ctex[39m[0m
[  24% ] [90m[1msavepack[22m | Storing File: res://assets/art/pixellab_level_density_review/yard_refresh_contact_sheet.png.import[39m[0m
[  24% ] [90m[1msavepack[22m | Storing File: res://.godot/imported/yard_refresh_topdown_sheet.png-f4f9cb92a50d4e653f1aa16903c433ed.ctex[39m[0m
[  24% ] [90m[1msavepack[22m | Storing File: res://assets/art/pixellab_level_density_review/yard_refresh_topdown_sheet.png.import[39m[0m
[  25% ] [90m[1msavepack[22m | Storing File: res://.godot/imported/yard_steam_vent_overlay.png-eda1bf7e0621886856c0260f8bd9438c.ctex[39m[0m
[  25% ] [90m[1msavepack[22m | Storing File: res://assets/art/pixellab_level_density_review/yard_steam_vent_overlay.png.import[39m[0m
[  25% ] [90m[1msavepack[22m | Storing File: res://.godot/imported/yard_tail_light_debris.png-4ef5e3a6d56c46ed269c62d9304efe1d.ctex[39m[0m
[  25% ] [90m[1msavepack[22m | Storing File: res://assets/art/pixellab_level_density_review/yard_tail_light_debris.png.import[39m[0m
[  25% ] [90m[1msavepack[22m | Storing File: res://.godot/imported/yard_tarps_tools.png-78da54f9c077d98ea1a1e2ad68749049.ctex[39m[0m
[  25% ] [90m[1msavepack[22m | Storing File: res://assets/art/pixellab_level_density_review/yard_tarps_tools.png.import[39m[0m
[  25% ] [90m[1msavepack[22m | Storing File: res://.godot/imported/yard_weld_sparks.png-3e53a3e9c1b05ef6ff0dac61bfe43e3b.ctex[39m[0m
[  25% ] [90m[1msavepack[22m | Storing File: res://assets/art/pixellab_level_density_review/yard_weld_sparks.png.import[39m[0m
[  25% ] [90m[1msavepack[22m | Storing File: res://.godot/imported/yard_workbench_cluster.png-58e9d0ba2823a98d8e4150babbc65712.ctex[39m[0m
[  25% ] [90m[1msavepack[22m | Storing File: res://assets/art/pixellab_level_density_review/yard_workbench_cluster.png.import[39m[0m
[  25% ] [90m[1msavepack[22m | Storing File: res://.godot/imported/yard_wreck_pickup_stripped.png-3bfe0b1ac0cc2bc9805ce7ada8d7c04b.ctex[39m[0m
[  25% ] [90m[1msavepack[22m | Storing File: res://assets/art/pixellab_level_density_review/yard_wreck_pickup_stripped.png.import[39m[0m
[  25% ] [90m[1msavepack[22m | Storing File: res://.godot/imported/yard_wreck_sedan_rusted.png-912fdef2f1ba1f02f328dec89d21cd7c.ctex[39m[0m
[  25% ] [90m[1msavepack[22m | Storing File: res://assets/art/pixellab_level_density_review/yard_wreck_sedan_rusted.png.import[39m[0m
[  25% ] [90m[1msavepack[22m | Storing File: res://.godot/imported/apartment.png-631cf8587f0bed76fb17e9230b1cd543.ctex[39m[0m
[  25% ] [90m[1msavepack[22m | Storing File: res://assets/art/pixellab_ui/painted/apartment.png.import[39m[0m
[  25% ] [90m[1msavepack[22m | Storing File: res://.godot/imported/arlo_close.png-7ed0708d0bed5935869c2ca12cb31b19.ctex[39m[0m
[  25% ] [90m[1msavepack[22m | Storing File: res://assets/art/pixellab_ui/painted/arlo_close.png.import[39m[0m
[  25% ] [90m[1msavepack[22m | Storing File: res://.godot/imported/arlo_wide.png-3f1cc6075312de8110f3e0ea4e85729f.ctex[39m[0m
[  25% ] [90m[1msavepack[22m | Storing File: res://assets/art/pixellab_ui/painted/arlo_wide.png.import[39m[0m
[  25% ] [90m[1msavepack[22m | Storing File: res://.godot/imported/barstow_fireworks.png-e0d9153dadd8561f7bc20569316c1ac8.ctex[39m[0m
[  25% ] [90m[1msavepack[22m | Storing File: res://assets/art/pixellab_ui/painted/barstow_fireworks.png.import[39m[0m
[  25% ] [90m[1msavepack[22m | Storing File: res://.godot/imported/b_credits.png-8faa7bfbe8ecd41a506b2855949dbbde.ctex[39m[0m
[  25% ] [90m[1msavepack[22m | Storing File: res://assets/art/pixellab_ui/painted/b_credits.png.import[39m[0m
[  25% ] [90m[1msavepack[22m | Storing File: res://.godot/imported/b_embrace.png-5ed7bee3e9ddcc61d2c74d745b63092d.ctex[39m[0m
[  25% ] [90m[1msavepack[22m | Storing File: res://assets/art/pixellab_ui/painted/b_embrace.png.import[39m[0m
[  25% ] [90m[1msavepack[22m | Storing File: res://.godot/imported/b_party.png-39f81410286c6b6e68673757cea23b22.ctex[39m[0m
[  25% ] [90m[1msavepack[22m | Storing File: res://assets/art/pixellab_ui/painted/b_party.png.import[39m[0m
[  25% ] [90m[1msavepack[22m | Storing File: res://.godot/imported/anchor.png-46c1a3027884fdc4672688941dec924b.ctex[39m[0m
[  25% ] [90m[1msavepack[22m | Storing File: res://assets/art/pixellab_ui/portraits/anchor.png.import[39m[0m
[  25% ] [90m[1msavepack[22m | Storing File: res://.godot/imported/arlo.png-16b670e1808fd945d9e8a15df356726d.ctex[39m[0m
[  25% ] [90m[1msavepack[22m | Storing File: res://assets/art/pixellab_ui/portraits/arlo.png.import[39m[0m
[  25% ] [90m[1msavepack[22m | Storing File: res://.godot/imported/buck.png-8e7c5c77a699195e1af43f4f7c5ecae3.ctex[39m[0m
[  25% ] [90m[1msavepack[22m | Storing File: res://assets/art/pixellab_ui/portraits/buck.png.import[39m[0m
[  25% ] [90m[1msavepack[22m | Storing File: res://.godot/imported/cass.png-90873b57782e25278d5930a1aa237947.ctex[39m[0m
[  25% ] [90m[1msavepack[22m | Storing File: res://assets/art/pixellab_ui/portraits/cass.png.import[39m[0m
[  25% ] [90m[1msavepack[22m | Storing File: res://.godot/imported/cass_star.png-91e67768a76795645ed173ce3d453f5b.ctex[39m[0m
[  25% ] [90m[1msavepack[22m | Storing File: res://assets/art/pixellab_ui/portraits/cass_star.png.import[39m[0m
[  25% ] [90m[1msavepack[22m | Storing File: res://.godot/imported/dana.png-852a8805fc0a79537ede909ab0130193.ctex[39m[0m
[  25% ] [90m[1msavepack[22m | Storing File: res://assets/art/pixellab_ui/portraits/dana.png.import[39m[0m
[  25% ] [90m[1msavepack[22m | Storing File: res://.godot/imported/dead.png-b8df31d94590901e9d303d3e9fcd5a0c.ctex[39m[0m
[  25% ] [90m[1msavepack[22m | Storing File: res://assets/art/pixellab_ui/portraits/dead.png.import[39m[0m
[  25% ] [90m[1msavepack[22m | Storing File: res://.godot/imported/director.png-3a56e8e39d39ef8583699f8afa4d8eba.ctex[39m[0m
[  25% ] [90m[1msavepack[22m | Storing File: res://assets/art/pixellab_ui/portraits/director.png.import[39m[0m
[  25% ] [90m[1msavepack[22m | Storing File: res://.godot/imported/dutch.png-bf313f1ca35e040e813e9e8d32d9f8fe.ctex[39m[0m
[  25% ] [90m[1msavepack[22m | Storing File: res://assets/art/pixellab_ui/portraits/dutch.png.import[39m[0m
[  25% ] [90m[1msavepack[22m | Storing File: res://.godot/imported/earl.png-1812ab9ee7bd93a01eef95d6d5262564.ctex[39m[0m
[  25% ] [90m[1msavepack[22m | Storing File: res://assets/art/pixellab_ui/portraits/earl.png.import[39m[0m
[  25% ] [90m[1msavepack[22m | Storing File: res://.godot/imported/enemy_bellhop.png-bdaf61857830fa86a6644e3b74d8778a.ctex[39m[0m
[  25% ] [90m[1msavepack[22m | Storing File: res://assets/art/pixellab_ui/portraits/enemy_bellhop.png.import[39m[0m
[  25% ] [90m[1msavepack[22m | Storing File: res://.godot/imported/enemy_biker.png-89b38f76886bd6757e91652e8b1df27f.ctex[39m[0m
[  25% ] [90m[1msavepack[22m | Storing File: res://assets/art/pixellab_ui/portraits/enemy_biker.png.import[39m[0m
[  25% ] [90m[1msavepack[22m | Storing File: res://.godot/imported/enemy_civilian.png-8ad53d29edafefd92c879de748aa860c.ctex[39m[0m
[  25% ] [90m[1msavepack[22m | Storing File: res://assets/art/pixellab_ui/portraits/enemy_civilian.png.import[39m[0m
[  25% ] [90m[1msavepack[22m | Storing File: res://.godot/imported/enemy_cultist.png-f49cb837460604e080d78dcf0630de95.ctex[39m[0m
[  25% ] [90m[1msavepack[22m | Storing File: res://assets/art/pixellab_ui/portraits/enemy_cultist.png.import[39m[0m
[  25% ] [90m[1msavepack[22m | Storing File: res://.godot/imported/enemy_demon.png-9aad1d3af861f62083a222d3815d0b7f.ctex[39m[0m
[  25% ] [90m[1msavepack[22m | Storing File: res://assets/art/pixellab_ui/portraits/enemy_demon.png.import[39m[0m
[  25% ] [90m[1msavepack[22m | Storing File: res://.godot/imported/enemy_ghoul.png-6379e27b464b2066da95a51fbd222d31.ctex[39m[0m
[  25% ] [90m[1msavepack[22m | Storing File: res://assets/art/pixellab_ui/portraits/enemy_ghoul.png.import[39m[0m
[  25% ] [90m[1msavepack[22m | Storing File: res://.godot/imported/enemy_guard.png-00967a34a5b5e7f4793d611504c49bde.ctex[39m[0m
[  25% ] [90m[1msavepack[22m | Storing File: res://assets/art/pixellab_ui/portraits/enemy_guard.png.import[39m[0m
[  25% ] [90m[1msavepack[22m | Storing File: res://.godot/imported/enemy_gunner.png-343be0d6372af71893ab3e9f9bdcb84e.ctex[39m[0m
[  25% ] [90m[1msavepack[22m | Storing File: res://assets/art/pixellab_ui/portraits/enemy_gunner.png.import[39m[0m
[  26% ] [90m[1msavepack[22m | Storing File: res://.godot/imported/bat.png-cae59ba48583c866de54602170006cef.ctex[39m[0m
[  26% ] [90m[1msavepack[22m | Storing File: res://assets/art/pixellab_ui/weapons/bat.png.import[39m[0m
[  26% ] [90m[1msavepack[22m | Storing File: res://.godot/imported/boomstick.png-2befe8375cc8a185fe9d78482295d832.ctex[39m[0m
[  26% ] [90m[1msavepack[22m | Storing File: res://assets/art/pixellab_ui/weapons/boomstick.png.import[39m[0m
[  26% ] [90m[1msavepack[22m | Storing File: res://.godot/imported/bottle.png-5fb70f3869b593c0c7cf04015fb03134.ctex[39m[0m
[  26% ] [90m[1msavepack[22m | Storing File: res://assets/art/pixellab_ui/weapons/bottle.png.import[39m[0m
[  26% ] [90m[1msavepack[22m | Storing File: res://.godot/imported/brick.png-0486cfd455ee4309059386af03a86e33.ctex[39m[0m
[  26% ] [90m[1msavepack[22m | Storing File: res://assets/art/pixellab_ui/weapons/brick.png.import[39m[0m
[  26% ] [90m[1msavepack[22m | Storing File: res://.godot/imported/broken_bottle.png-5e6cdb1b8546e8de9a169d4759d0812b.ctex[39m[0m
[  26% ] [90m[1msavepack[22m | Storing File: res://assets/art/pixellab_ui/weapons/broken_bottle.png.import[39m[0m
[  26% ] [90m[1msavepack[22m | Storing File: res://.godot/imported/fists.png-d7063e7bc08a68d5ab0d92ebc504cfc6.ctex[39m[0m
[  26% ] [90m[1msavepack[22m | Storing File: res://assets/art/pixellab_ui/weapons/fists.png.import[39m[0m
[  26% ] [90m[1msavepack[22m | Storing File: res://.godot/imported/flamethrower.png-c1d7fbd919248812d520e3c5aaad8c82.ctex[39m[0m
[  26% ] [90m[1msavepack[22m | Storing File: res://assets/art/pixellab_ui/weapons/flamethrower.png.import[39m[0m
[  26% ] [90m[1msavepack[22m | Storing File: res://.godot/imported/glass_shard.png-96de7e780309b6f65a707831b41a9acd.ctex[39m[0m
[  26% ] [90m[1msavepack[22m | Storing File: res://assets/art/pixellab_ui/weapons/glass_shard.png.import[39m[0m
[  26% ] [90m[1msavepack[22m | Storing File: res://.godot/imported/hotshot.png-0d837f0175d1dddc9848b865fb6e0697.ctex[39m[0m
[  26% ] [90m[1msavepack[22m | Storing File: res://assets/art/pixellab_ui/weapons/hotshot.png.import[39m[0m
[  26% ] [90m[1msavepack[22m | Storing File: res://.godot/imported/knife.png-386a2f288b143b370d098bc6f4dd52ac.ctex[39m[0m
[  26% ] [90m[1msavepack[22m | Storing File: res://assets/art/pixellab_ui/weapons/knife.png.import[39m[0m
[  26% ] [90m[1msavepack[22m | Storing File: res://.godot/imported/arlo_close.png-133d42c923ac5b35588893f172b669e7.ctex[39m[0m
[  26% ] [90m[1msavepack[22m | Storing File: res://assets/art/pixellab_ui_v2/painted/arlo_close.png.import[39m[0m
[  26% ] [90m[1msavepack[22m | Storing File: res://.godot/imported/cover_m01.png-0ba5f9a67cb7ad209435c7eb693bc3cd.ctex[39m[0m
[  26% ] [90m[1msavepack[22m | Storing File: res://assets/art/pixellab_ui_v3/covers/cover_m01.png.import[39m[0m
[  26% ] [90m[1msavepack[22m | Storing File: res://.godot/imported/cover_m02.png-599ebfda099d38142b2d91788273153b.ctex[39m[0m
[  26% ] [90m[1msavepack[22m | Storing File: res://assets/art/pixellab_ui_v3/covers/cover_m02.png.import[39m[0m
[  26% ] [90m[1msavepack[22m | Storing File: res://.godot/imported/cover_m03.png-9ffb629fd6547fce964291d063b51d80.ctex[39m[0m
[  26% ] [90m[1msavepack[22m | Storing File: res://assets/art/pixellab_ui_v3/covers/cover_m03.png.import[39m[0m
[  26% ] [90m[1msavepack[22m | Storing File: res://.godot/imported/cover_m04.png-398e4ed724956b797ba3c2dd70e1b690.ctex[39m[0m
[  26% ] [90m[1msavepack[22m | Storing File: res://assets/art/pixellab_ui_v3/covers/cover_m04.png.import[39m[0m
[  26% ] [90m[1msavepack[22m | Storing File: res://.godot/imported/cover_m05.png-705fb4d6752690f53418be08aa35a48d.ctex[39m[0m
[  26% ] [90m[1msavepack[22m | Storing File: res://assets/art/pixellab_ui_v3/covers/cover_m05.png.import[39m[0m
[  26% ] [90m[1msavepack[22m | Storing File: res://.godot/imported/cover_m06.png-2cf2721a68ad248a332cd31ef750bc31.ctex[39m[0m
[  26% ] [90m[1msavepack[22m | Storing File: res://assets/art/pixellab_ui_v3/covers/cover_m06.png.import[39m[0m
[  26% ] [90m[1msavepack[22m | Storing File: res://.godot/imported/cover_m07.png-679ae3d1dbf52669b6351860265efd0b.ctex[39m[0m
[  26% ] [90m[1msavepack[22m | Storing File: res://assets/art/pixellab_ui_v3/covers/cover_m07.png.import[39m[0m
[  26% ] [90m[1msavepack[22m | Storing File: res://.godot/imported/apartment_1988.png-043658e7dc5b5b7c29884ef5d7956a5e.ctex[39m[0m
[  26% ] [90m[1msavepack[22m | Storing File: res://assets/art/pixellab_ui_v3/cutscenes/apartment_1988.png.import[39m[0m
[  26% ] [90m[1msavepack[22m | Storing File: res://.godot/imported/news_1988.png-20c399f011cd00fc139861f7980d489e.ctex[39m[0m
[  26% ] [90m[1msavepack[22m | Storing File: res://assets/art/pixellab_ui_v3/cutscenes/news_1988.png.import[39m[0m
[  26% ] [90m[1msavepack[22m | Storing File: res://.godot/imported/apartment.png-5cb78555a3b872321818e0a383423b08.ctex[39m[0m
[  26% ] [90m[1msavepack[22m | Storing File: res://assets/art/pixellab_ui_v3/painted/apartment.png.import[39m[0m
[  26% ] [90m[1msavepack[22m | Storing File: res://.godot/imported/arlo_close.png-bee3d974b18dd5dbb1de0a078a53c3c7.ctex[39m[0m
[  26% ] [90m[1msavepack[22m | Storing File: res://assets/art/pixellab_ui_v3/painted/arlo_close.png.import[39m[0m
[  26% ] [90m[1msavepack[22m | Storing File: res://.godot/imported/arlo_wide.png-37ede939a36dfac14fc2d538af2fc543.ctex[39m[0m
[  26% ] [90m[1msavepack[22m | Storing File: res://assets/art/pixellab_ui_v3/painted/arlo_wide.png.import[39m[0m
[  26% ] [90m[1msavepack[22m | Storing File: res://.godot/imported/barstow_fireworks.png-79d56241c6fa8597dc16caf3a0434688.ctex[39m[0m
[  26% ] [90m[1msavepack[22m | Storing File: res://assets/art/pixellab_ui_v3/painted/barstow_fireworks.png.import[39m[0m
[  26% ] [90m[1msavepack[22m | Storing File: res://.godot/imported/barstow_pd.png-c4fcb12fef3e3e4638294f8582d40484.ctex[39m[0m
[  26% ] [90m[1msavepack[22m | Storing File: res://assets/art/pixellab_ui_v3/painted/barstow_pd.png.import[39m[0m
[  26% ] [90m[1msavepack[22m | Storing File: res://.godot/imported/burbank_night.png-1f6a38c71e7d2182eb0ee8a7686dd85c.ctex[39m[0m
[  26% ] [90m[1msavepack[22m | Storing File: res://assets/art/pixellab_ui_v3/painted/burbank_night.png.import[39m[0m
[  26% ] [90m[1msavepack[22m | Storing File: res://.godot/imported/burning_tommy.png-0e6fd311a5e497bc31617847fb345a83.ctex[39m[0m
[  26% ] [90m[1msavepack[22m | Storing File: res://assets/art/pixellab_ui_v3/painted/burning_tommy.png.import[39m[0m
[  26% ] [90m[1msavepack[22m | Storing File: res://.godot/imported/b_credits.png-9e999da0873a90da92f29d0d7478d692.ctex[39m[0m
[  26% ] [90m[1msavepack[22m | Storing File: res://assets/art/pixellab_ui_v3/painted/b_credits.png.import[39m[0m
[  26% ] [90m[1msavepack[22m | Storing File: res://.godot/imported/b_embrace.png-49d509e580fcf04a89b93522b26705c7.ctex[39m[0m
[  26% ] [90m[1msavepack[22m | Storing File: res://assets/art/pixellab_ui_v3/painted/b_embrace.png.import[39m[0m
[  26% ] [90m[1msavepack[22m | Storing File: res://.godot/imported/b_party.png-85dbe5ef2353889c1d29fe49c4db728a.ctex[39m[0m
[  26% ] [90m[1msavepack[22m | Storing File: res://assets/art/pixellab_ui_v3/painted/b_party.png.import[39m[0m
[  26% ] [90m[1msavepack[22m | Storing File: res://.godot/imported/cameras_shot.png-688027fa6c95049262e1519c89ebefd1.ctex[39m[0m
[  26% ] [90m[1msavepack[22m | Storing File: res://assets/art/pixellab_ui_v3/painted/cameras_shot.png.import[39m[0m
[  26% ] [90m[1msavepack[22m | Storing File: res://.godot/imported/canned_applause.png-a22d07bc551282389a73ee15a7200f55.ctex[39m[0m
[  26% ] [90m[1msavepack[22m | Storing File: res://assets/art/pixellab_ui_v3/painted/canned_applause.png.import[39m[0m
[  26% ] [90m[1msavepack[22m | Storing File: res://.godot/imported/cass_close.png-6d158b513ba1f30cbb94d53843733804.ctex[39m[0m
[  26% ] [90m[1msavepack[22m | Storing File: res://assets/art/pixellab_ui_v3/painted/cass_close.png.import[39m[0m
[  27% ] [90m[1msavepack[22m | Storing File: res://.godot/imported/cass_listens.png-b267accac4464e2ac08b3dd3c4d6840f.ctex[39m[0m
[  27% ] [90m[1msavepack[22m | Storing File: res://assets/art/pixellab_ui_v3/painted/cass_listens.png.import[39m[0m
[  27% ] [90m[1msavepack[22m | Storing File: res://.godot/imported/casting_1990.png-7c5c143e010fd49757890c62ea1a9a05.ctex[39m[0m
[  27% ] [90m[1msavepack[22m | Storing File: res://assets/art/pixellab_ui_v3/painted/casting_1990.png.import[39m[0m
[  27% ] [90m[1msavepack[22m | Storing File: res://.godot/imported/clapper.png-6c5cd91fb786ecb56267594d43b345a7.ctex[39m[0m
[  27% ] [90m[1msavepack[22m | Storing File: res://assets/art/pixellab_ui_v3/painted/clapper.png.import[39m[0m
[  27% ] [90m[1msavepack[22m | Storing File: res://.godot/imported/control_room.png-56591ce3179761400f67fee101b9ea58.ctex[39m[0m
[  27% ] [90m[1msavepack[22m | Storing File: res://assets/art/pixellab_ui_v3/painted/control_room.png.import[39m[0m
[  27% ] [90m[1msavepack[22m | Storing File: res://.godot/imported/corkboard_note.png-5483245d253825955c3f234670306af9.ctex[39m[0m
[  27% ] [90m[1msavepack[22m | Storing File: res://assets/art/pixellab_ui_v3/painted/corkboard_note.png.import[39m[0m
[  27% ] [90m[1msavepack[22m | Storing File: res://.godot/imported/credits_tv.png-e480e0392e179df42368201e36a528c8.ctex[39m[0m
[  27% ] [90m[1msavepack[22m | Storing File: res://assets/art/pixellab_ui_v3/painted/credits_tv.png.import[39m[0m
[  27% ] [90m[1msavepack[22m | Storing File: res://.godot/imported/dead_applause.png-66eba0ddaaeed40794c652b0c4845da1.ctex[39m[0m
[  27% ] [90m[1msavepack[22m | Storing File: res://assets/art/pixellab_ui_v3/painted/dead_applause.png.import[39m[0m
[  27% ] [90m[1msavepack[22m | Storing File: res://.godot/imported/dead_line.png-c60c57fd3f95f39389b6b79888f79c89.ctex[39m[0m
[  27% ] [90m[1msavepack[22m | Storing File: res://assets/art/pixellab_ui_v3/painted/dead_line.png.import[39m[0m
[  27% ] [90m[1msavepack[22m | Storing File: res://.godot/imported/desert_road.png-8942a6d393b089ddc463fb5172d50817.ctex[39m[0m
[  27% ] [90m[1msavepack[22m | Storing File: res://assets/art/pixellab_ui_v3/painted/desert_road.png.import[39m[0m
[  27% ] [90m[1msavepack[22m | Storing File: res://.godot/imported/dogs_silent.png-84c69edc6ba98a64b301bc302df04b76.ctex[39m[0m
[  27% ] [90m[1msavepack[22m | Storing File: res://assets/art/pixellab_ui_v3/painted/dogs_silent.png.import[39m[0m
[  27% ] [90m[1msavepack[22m | Storing File: res://.godot/imported/dutch_3am.png-56e2932afc6dbb825b8874793e7b5854.ctex[39m[0m
[  27% ] [90m[1msavepack[22m | Storing File: res://assets/art/pixellab_ui_v3/painted/dutch_3am.png.import[39m[0m
[  27% ] [90m[1msavepack[22m | Storing File: res://.godot/imported/d_cameras.png-ce651057d19ec49778b29831c09c0ba5.ctex[39m[0m
[  27% ] [90m[1msavepack[22m | Storing File: res://assets/art/pixellab_ui_v3/painted/d_cameras.png.import[39m[0m
[  27% ] [90m[1msavepack[22m | Storing File: res://.godot/imported/d_changeorder.png-f0816abe85fc4cc1e94a06619c2a5937.ctex[39m[0m
[  27% ] [90m[1msavepack[22m | Storing File: res://assets/art/pixellab_ui_v3/painted/d_changeorder.png.import[39m[0m
[  27% ] [90m[1msavepack[22m | Storing File: res://.godot/imported/d_stage.png-0740f9611ff89cf4b3cf0db422be3c2e.ctex[39m[0m
[  27% ] [90m[1msavepack[22m | Storing File: res://assets/art/pixellab_ui_v3/painted/d_stage.png.import[39m[0m
[  27% ] [90m[1msavepack[22m | Storing File: res://.godot/imported/d_tote.png-8cfc23fa2330077649b9d6a9a332835d.ctex[39m[0m
[  27% ] [90m[1msavepack[22m | Storing File: res://assets/art/pixellab_ui_v3/painted/d_tote.png.import[39m[0m
[  27% ] [90m[1msavepack[22m | Storing File: res://.godot/imported/earl_tv.png-a0fe83da902962a9f56fd2891f9d5935.ctex[39m[0m
[  27% ] [90m[1msavepack[22m | Storing File: res://assets/art/pixellab_ui_v3/painted/earl_tv.png.import[39m[0m
[  27% ] [90m[1msavepack[22m | Storing File: res://.godot/imported/ev_photo_casting.png-8873165ad8366cdee858205286aa2862.ctex[39m[0m
[  27% ] [90m[1msavepack[22m | Storing File: res://assets/art/pixellab_ui_v3/painted/ev_photo_casting.png.import[39m[0m
[  27% ] [90m[1msavepack[22m | Storing File: res://.godot/imported/ev_photo_harcourt.png-adda83060c18c8ff0a836398802af1f3.ctex[39m[0m
[  27% ] [90m[1msavepack[22m | Storing File: res://assets/art/pixellab_ui_v3/painted/ev_photo_harcourt.png.import[39m[0m
[  27% ] [90m[1msavepack[22m | Storing File: res://.godot/imported/ev_photo_kennel.png-38acd7b05a3673c996f08838105b60cb.ctex[39m[0m
[  27% ] [90m[1msavepack[22m | Storing File: res://assets/art/pixellab_ui_v3/painted/ev_photo_kennel.png.import[39m[0m
[  27% ] [90m[1msavepack[22m | Storing File: res://.godot/imported/ev_photo_nursery.png-e8e9232ed328338107c031e5a6c61730.ctex[39m[0m
[  27% ] [90m[1msavepack[22m | Storing File: res://assets/art/pixellab_ui_v3/painted/ev_photo_nursery.png.import[39m[0m
[  27% ] [90m[1msavepack[22m | Storing File: res://.godot/imported/ev_tape_dream.png-dd5a00952ffc1eb559abb6031312e877.ctex[39m[0m
[  27% ] [90m[1msavepack[22m | Storing File: res://assets/art/pixellab_ui_v3/painted/ev_tape_dream.png.import[39m[0m
[  27% ] [90m[1msavepack[22m | Storing File: res://.godot/imported/ev_tape_pilot.png-092559a35f67d527741c6629503bf4b9.ctex[39m[0m
[  27% ] [90m[1msavepack[22m | Storing File: res://assets/art/pixellab_ui_v3/painted/ev_tape_pilot.png.import[39m[0m
[  27% ] [90m[1msavepack[22m | Storing File: res://.godot/imported/ev_tape_roll7.png-da4b487b8ef41b985fa9b0505eca55ec.ctex[39m[0m
[  27% ] [90m[1msavepack[22m | Storing File: res://assets/art/pixellab_ui_v3/painted/ev_tape_roll7.png.import[39m[0m
[  27% ] [90m[1msavepack[22m | Storing File: res://.godot/imported/ev_tape_vance.png-ec4c4eff3d898619eab4b2edc3ceb287.ctex[39m[0m
[  27% ] [90m[1msavepack[22m | Storing File: res://assets/art/pixellab_ui_v3/painted/ev_tape_vance.png.import[39m[0m
[  27% ] [90m[1msavepack[22m | Storing File: res://.godot/imported/explosion.png-435d9950321156fa764590d1c9b85e38.ctex[39m[0m
[  27% ] [90m[1msavepack[22m | Storing File: res://assets/art/pixellab_ui_v3/painted/explosion.png.import[39m[0m
[  27% ] [90m[1msavepack[22m | Storing File: res://.godot/imported/extinguisher.png-c2e0978e807cf4002693e1bc31f956ad.ctex[39m[0m
[  27% ] [90m[1msavepack[22m | Storing File: res://assets/art/pixellab_ui_v3/painted/extinguisher.png.import[39m[0m
[  27% ] [90m[1msavepack[22m | Storing File: res://.godot/imported/fireman.png-88f75850a3c46a4c427c18bbc50e4ad2.ctex[39m[0m
[  27% ] [90m[1msavepack[22m | Storing File: res://assets/art/pixellab_ui_v3/painted/fireman.png.import[39m[0m
[  27% ] [90m[1msavepack[22m | Storing File: res://.godot/imported/fireman_down.png-9bd084d1e233502e13a4c317579907f1.ctex[39m[0m
[  27% ] [90m[1msavepack[22m | Storing File: res://assets/art/pixellab_ui_v3/painted/fireman_down.png.import[39m[0m
[  27% ] [90m[1msavepack[22m | Storing File: res://.godot/imported/fire_windshield.png-1f582491b75bfc9017d5597d6e909ece.ctex[39m[0m
[  27% ] [90m[1msavepack[22m | Storing File: res://assets/art/pixellab_ui_v3/painted/fire_windshield.png.import[39m[0m
[  27% ] [90m[1msavepack[22m | Storing File: res://.godot/imported/galaxy_palace.png-bf8821740fbfc860892921d32aa4075b.ctex[39m[0m
[  27% ] [90m[1msavepack[22m | Storing File: res://assets/art/pixellab_ui_v3/painted/galaxy_palace.png.import[39m[0m
[  27% ] [90m[1msavepack[22m | Storing File: res://.godot/imported/harcourt_office.png-d9cb68886a6d6d311067914b6564c5fb.ctex[39m[0m
[  27% ] [90m[1msavepack[22m | Storing File: res://assets/art/pixellab_ui_v3/painted/harcourt_office.png.import[39m[0m
[  27% ] [90m[1msavepack[22m | Storing File: res://.godot/imported/hills_fire.png-5ae283bfd352e04d4f070d02f334e9b4.ctex[39m[0m
[  27% ] [90m[1msavepack[22m | Storing File: res://assets/art/pixellab_ui_v3/painted/hills_fire.png.import[39m[0m
[  28% ] [90m[1msavepack[22m | Storing File: res://.godot/imported/holding_tommy.png-fa495232cd159fa9b3d7bb3b9f4bfcae.ctex[39m[0m
[  28% ] [90m[1msavepack[22m | Storing File: res://assets/art/pixellab_ui_v3/painted/holding_tommy.png.import[39m[0m
[  28% ] [90m[1msavepack[22m | Storing File: res://.godot/imported/h_alarm.png-0a883260457d768b31435aa11fce2b2a.ctex[39m[0m
[  28% ] [90m[1msavepack[22m | Storing File: res://assets/art/pixellab_ui_v3/painted/h_alarm.png.import[39m[0m
[  28% ] [90m[1msavepack[22m | Storing File: res://.godot/imported/h_door.png-b990424395667c90d1981cd3554df2b6.ctex[39m[0m
[  28% ] [90m[1msavepack[22m | Storing File: res://assets/art/pixellab_ui_v3/painted/h_door.png.import[39m[0m
[  28% ] [90m[1msavepack[22m | Storing File: res://.godot/imported/h_down.png-8a5436f1e1c851c41d21ad1ed69cf86c.ctex[39m[0m
[  28% ] [90m[1msavepack[22m | Storing File: res://assets/art/pixellab_ui_v3/painted/h_down.png.import[39m[0m
[  28% ] [90m[1msavepack[22m | Storing File: res://.godot/imported/h_polaroid.png-482518dda1048f2074433ac94dfbafa9.ctex[39m[0m
[  28% ] [90m[1msavepack[22m | Storing File: res://assets/art/pixellab_ui_v3/painted/h_polaroid.png.import[39m[0m
[  28% ] [90m[1msavepack[22m | Storing File: res://.godot/imported/h_reveal.png-1c910ee471f4d4f0b6ff49bd7e8a52ce.ctex[39m[0m
[  28% ] [90m[1msavepack[22m | Storing File: res://assets/art/pixellab_ui_v3/painted/h_reveal.png.import[39m[0m
[  28% ] [90m[1msavepack[22m | Storing File: res://.godot/imported/k_buck.png-83beea61d7cf2a528472c80ea1bc46c3.ctex[39m[0m
[  28% ] [90m[1msavepack[22m | Storing File: res://assets/art/pixellab_ui_v3/painted/k_buck.png.import[39m[0m
[  28% ] [90m[1msavepack[22m | Storing File: res://.godot/imported/k_dogs.png-421ecb9ef3ecee4919eb64c84df37258.ctex[39m[0m
[  28% ] [90m[1msavepack[22m | Storing File: res://assets/art/pixellab_ui_v3/painted/k_dogs.png.import[39m[0m
[  28% ] [90m[1msavepack[22m | Storing File: res://.godot/imported/k_down.png-2c6ac695b444f23cd09666a1f23142eb.ctex[39m[0m
[  28% ] [90m[1msavepack[22m | Storing File: res://assets/art/pixellab_ui_v3/painted/k_down.png.import[39m[0m
[  28% ] [90m[1msavepack[22m | Storing File: res://.godot/imported/k_lane.png-0fc2e03cf911d9d7bd64b5fa8d94c81b.ctex[39m[0m
[  28% ] [90m[1msavepack[22m | Storing File: res://assets/art/pixellab_ui_v3/painted/k_lane.png.import[39m[0m
[  28% ] [90m[1msavepack[22m | Storing File: res://.godot/imported/k_yard.png-efd7118481e0e079465e40b1330d83ee.ctex[39m[0m
[  28% ] [90m[1msavepack[22m | Storing File: res://assets/art/pixellab_ui_v3/painted/k_yard.png.import[39m[0m
[  28% ] [90m[1msavepack[22m | Storing File: res://.godot/imported/live_monitors.png-0a32fd96e983eb870021715eca597d3d.ctex[39m[0m
[  28% ] [90m[1msavepack[22m | Storing File: res://assets/art/pixellab_ui_v3/painted/live_monitors.png.import[39m[0m
[  28% ] [90m[1msavepack[22m | Storing File: res://.godot/imported/lobby_phone.png-6aad70f7a64431784c88ca9827b5294a.ctex[39m[0m
[  28% ] [90m[1msavepack[22m | Storing File: res://assets/art/pixellab_ui_v3/painted/lobby_phone.png.import[39m[0m
[  28% ] [90m[1msavepack[22m | Storing File: res://.godot/imported/machine.png-118f6edc7000ca15d837ddb783a6c9f9.ctex[39m[0m
[  28% ] [90m[1msavepack[22m | Storing File: res://assets/art/pixellab_ui_v3/painted/machine.png.import[39m[0m
[  28% ] [90m[1msavepack[22m | Storing File: res://.godot/imported/machine_close.png-7bfc6d9b2b53e406dc0ecc0c3e0ffdab.ctex[39m[0m
[  28% ] [90m[1msavepack[22m | Storing File: res://assets/art/pixellab_ui_v3/painted/machine_close.png.import[39m[0m
[  28% ] [90m[1msavepack[22m | Storing File: res://.godot/imported/marv.png-64ebb6cdd5e49358d240077bdb8f5f77.ctex[39m[0m
[  28% ] [90m[1msavepack[22m | Storing File: res://assets/art/pixellab_ui_v3/painted/marv.png.import[39m[0m
[  28% ] [90m[1msavepack[22m | Storing File: res://.godot/imported/menu_arlo.png-da1daae3652642f08fd29a6c6d4dba45.ctex[39m[0m
[  28% ] [90m[1msavepack[22m | Storing File: res://assets/art/pixellab_ui_v3/painted/menu_arlo.png.import[39m[0m
[  28% ] [90m[1msavepack[22m | Storing File: res://.godot/imported/menu_dutch.png-fd4a443e880f672c655e4febc96558c8.ctex[39m[0m
[  28% ] [90m[1msavepack[22m | Storing File: res://assets/art/pixellab_ui_v3/painted/menu_dutch.png.import[39m[0m
[  28% ] [90m[1msavepack[22m | Storing File: res://.godot/imported/menu_marv.png-3c1eb57f7a93051eda98af72e12a4dbe.ctex[39m[0m
[  28% ] [90m[1msavepack[22m | Storing File: res://assets/art/pixellab_ui_v3/painted/menu_marv.png.import[39m[0m
[  28% ] [90m[1msavepack[22m | Storing File: res://.godot/imported/menu_revolver.png-f989cf83fd2da386a509b2e46be0ffde.ctex[39m[0m
[  28% ] [90m[1msavepack[22m | Storing File: res://assets/art/pixellab_ui_v3/painted/menu_revolver.png.import[39m[0m
[  28% ] [90m[1msavepack[22m | Storing File: res://.godot/imported/menu_smoke.png-34642d81407261777dd033fdf4d57924.ctex[39m[0m
[  28% ] [90m[1msavepack[22m | Storing File: res://assets/art/pixellab_ui_v3/painted/menu_smoke.png.import[39m[0m
[  28% ] [90m[1msavepack[22m | Storing File: res://.godot/imported/menu_tommy.png-54c0bbe3b809dc7346324e227fde8bb9.ctex[39m[0m
[  28% ] [90m[1msavepack[22m | Storing File: res://assets/art/pixellab_ui_v3/painted/menu_tommy.png.import[39m[0m
[  28% ] [90m[1msavepack[22m | Storing File: res://.godot/imported/mirror.png-6a97b55fad25c15c8d4ffdd7d84a88ac.ctex[39m[0m
[  28% ] [90m[1msavepack[22m | Storing File: res://assets/art/pixellab_ui_v3/painted/mirror.png.import[39m[0m
[  28% ] [90m[1msavepack[22m | Storing File: res://.godot/imported/mirror_dead.png-fbd494fc56022b04867c2c91f2b6a7ba.ctex[39m[0m
[  28% ] [90m[1msavepack[22m | Storing File: res://assets/art/pixellab_ui_v3/painted/mirror_dead.png.import[39m[0m
[  28% ] [90m[1msavepack[22m | Storing File: res://.godot/imported/mom_kitchen.png-f032bffe9617a3ae214effc0510a3473.ctex[39m[0m
[  28% ] [90m[1msavepack[22m | Storing File: res://assets/art/pixellab_ui_v3/painted/mom_kitchen.png.import[39m[0m
[  28% ] [90m[1msavepack[22m | Storing File: res://.godot/imported/motel_crime.png-cf76ff92207d4fcb69d9f34decd0f1a8.ctex[39m[0m
[  28% ] [90m[1msavepack[22m | Storing File: res://assets/art/pixellab_ui_v3/painted/motel_crime.png.import[39m[0m
[  28% ] [90m[1msavepack[22m | Storing File: res://.godot/imported/motel_dream.png-96b3eb21ab30197f51b12120c1bf672f.ctex[39m[0m
[  28% ] [90m[1msavepack[22m | Storing File: res://assets/art/pixellab_ui_v3/painted/motel_dream.png.import[39m[0m
[  28% ] [90m[1msavepack[22m | Storing File: res://.godot/imported/motel_night.png-6e4f5afb72948fc9c54b7d1e45d0c8fd.ctex[39m[0m
[  28% ] [90m[1msavepack[22m | Storing File: res://assets/art/pixellab_ui_v3/painted/motel_night.png.import[39m[0m
[  28% ] [90m[1msavepack[22m | Storing File: res://.godot/imported/news_studio_fire.png-f4513079ac41d129cc9b94976a1b987c.ctex[39m[0m
[  28% ] [90m[1msavepack[22m | Storing File: res://assets/art/pixellab_ui_v3/painted/news_studio_fire.png.import[39m[0m
[  28% ] [90m[1msavepack[22m | Storing File: res://.godot/imported/package.png-5b76ecabc711c8119a9f11ca249cfeba.ctex[39m[0m
[  28% ] [90m[1msavepack[22m | Storing File: res://assets/art/pixellab_ui_v3/painted/package.png.import[39m[0m
[  28% ] [90m[1msavepack[22m | Storing File: res://.godot/imported/phone_bank.png-590e607f021941d67f244fb56bc34b72.ctex[39m[0m
[  28% ] [90m[1msavepack[22m | Storing File: res://assets/art/pixellab_ui_v3/painted/phone_bank.png.import[39m[0m
[  28% ] [90m[1msavepack[22m | Storing File: res://.godot/imported/phone_cass.png-ffbfd8fb260fa0943f7af077c0f32a2f.ctex[39m[0m
[  28% ] [90m[1msavepack[22m | Storing File: res://assets/art/pixellab_ui_v3/painted/phone_cass.png.import[39m[0m
[  29% ] [90m[1msavepack[22m | Storing File: res://.godot/imported/phone_ringing.png-c9563ccab2e908a3c16afdd92c66c429.ctex[39m[0m
[  29% ] [90m[1msavepack[22m | Storing File: res://assets/art/pixellab_ui_v3/painted/phone_ringing.png.import[39m[0m
[  29% ] [90m[1msavepack[22m | Storing File: res://.godot/imported/polaroid.png-2d167a2a4141e5b488ccd6df91f6f856.ctex[39m[0m
[  29% ] [90m[1msavepack[22m | Storing File: res://assets/art/pixellab_ui_v3/painted/polaroid.png.import[39m[0m
[  29% ] [90m[1msavepack[22m | Storing File: res://.godot/imported/poster_backdrafted.png-5c0beec66f14a0ba5e88756a96047c00.ctex[39m[0m
[  29% ] [90m[1msavepack[22m | Storing File: res://assets/art/pixellab_ui_v3/painted/poster_backdrafted.png.import[39m[0m
[  29% ] [90m[1msavepack[22m | Storing File: res://.godot/imported/poster_back_to_the_futon.png-29dd5708d9000eb261f6f0820fd2115c.ctex[39m[0m
[  29% ] [90m[1msavepack[22m | Storing File: res://assets/art/pixellab_ui_v3/painted/poster_back_to_the_futon.png.import[39m[0m
[  29% ] [90m[1msavepack[22m | Storing File: res://.godot/imported/poster_beware_of_dogg.png-64fb9b229eb7965eec9d00a21de07f05.ctex[39m[0m
[  29% ] [90m[1msavepack[22m | Storing File: res://assets/art/pixellab_ui_v3/painted/poster_beware_of_dogg.png.import[39m[0m
[  29% ] [90m[1msavepack[22m | Storing File: res://.godot/imported/poster_die_hardly.png-064746d17a34cc3a35ade3f7bdd9c9e5.ctex[39m[0m
[  29% ] [90m[1msavepack[22m | Storing File: res://assets/art/pixellab_ui_v3/painted/poster_die_hardly.png.import[39m[0m
[  29% ] [90m[1msavepack[22m | Storing File: res://.godot/imported/poster_lost_angeles.png-990c5e7d94d323d8e7eb6f0f0c6f4405.ctex[39m[0m
[  29% ] [90m[1msavepack[22m | Storing File: res://assets/art/pixellab_ui_v3/painted/poster_lost_angeles.png.import[39m[0m
[  29% ] [90m[1msavepack[22m | Storing File: res://.godot/imported/poster_mad_maxine.png-8193729789f873c275a02634c3498e75.ctex[39m[0m
[  29% ] [90m[1msavepack[22m | Storing File: res://assets/art/pixellab_ui_v3/painted/poster_mad_maxine.png.import[39m[0m
[  29% ] [90m[1msavepack[22m | Storing File: res://.godot/imported/poster_psychoe_motel.png-7f4314c424eb6122231cd4e4bf4c1912.ctex[39m[0m
[  29% ] [90m[1msavepack[22m | Storing File: res://assets/art/pixellab_ui_v3/painted/poster_psychoe_motel.png.import[39m[0m
[  29% ] [90m[1msavepack[22m | Storing File: res://.godot/imported/poster_scarfaced.png-58bc7ddab64411761549f70b579dd558.ctex[39m[0m
[  29% ] [90m[1msavepack[22m | Storing File: res://assets/art/pixellab_ui_v3/painted/poster_scarfaced.png.import[39m[0m
[  29% ] [90m[1msavepack[22m | Storing File: res://.godot/imported/poster_top_gum.png-6c3e19e8ea72639ae0df37ef14ea2543.ctex[39m[0m
[  29% ] [90m[1msavepack[22m | Storing File: res://assets/art/pixellab_ui_v3/painted/poster_top_gum.png.import[39m[0m
[  29% ] [90m[1msavepack[22m | Storing File: res://.godot/imported/poster_tron_ish.png-2208b95149e25d14c596e4c734c4d04e.ctex[39m[0m
[  29% ] [90m[1msavepack[22m | Storing File: res://assets/art/pixellab_ui_v3/painted/poster_tron_ish.png.import[39m[0m
[  29% ] [90m[1msavepack[22m | Storing File: res://.godot/imported/pov_test_pattern.png-91f27bcd92fb3bab57bb0de7833402d5.ctex[39m[0m
[  29% ] [90m[1msavepack[22m | Storing File: res://assets/art/pixellab_ui_v3/painted/pov_test_pattern.png.import[39m[0m
[  29% ] [90m[1msavepack[22m | Storing File: res://.godot/imported/red_dot.png-c233a96a565eddc224926176d3b36b07.ctex[39m[0m
[  29% ] [90m[1msavepack[22m | Storing File: res://assets/art/pixellab_ui_v3/painted/red_dot.png.import[39m[0m
[  29% ] [90m[1msavepack[22m | Storing File: res://.godot/imported/room_204.png-f3c03caa176804497e3014380032e2c1.ctex[39m[0m
[  29% ] [90m[1msavepack[22m | Storing File: res://assets/art/pixellab_ui_v3/painted/room_204.png.import[39m[0m
[  29% ] [90m[1msavepack[22m | Storing File: res://.godot/imported/room_204_set.png-32153556a85b89657eb378475813a8ac.ctex[39m[0m
[  29% ] [90m[1msavepack[22m | Storing File: res://assets/art/pixellab_ui_v3/painted/room_204_set.png.import[39m[0m
[  29% ] [90m[1msavepack[22m | Storing File: res://.godot/imported/rudy_backstage.png-4c2599656909574b2b5df31fc5197171.ctex[39m[0m
[  29% ] [90m[1msavepack[22m | Storing File: res://assets/art/pixellab_ui_v3/painted/rudy_backstage.png.import[39m[0m
[  29% ] [90m[1msavepack[22m | Storing File: res://.godot/imported/salvage_yard.png-adc14e1a1efaed71ed47d5f8f65f149f.ctex[39m[0m
[  29% ] [90m[1msavepack[22m | Storing File: res://assets/art/pixellab_ui_v3/painted/salvage_yard.png.import[39m[0m
[  29% ] [90m[1msavepack[22m | Storing File: res://.godot/imported/stage_door.png-c0c193a701bbd6ea20e7ea82fcd1fb8d.ctex[39m[0m
[  29% ] [90m[1msavepack[22m | Storing File: res://assets/art/pixellab_ui_v3/painted/stage_door.png.import[39m[0m
[  29% ] [90m[1msavepack[22m | Storing File: res://.godot/imported/star_on_mirror.png-2b73a1fbe59fdd188c5ae7636390b2bb.ctex[39m[0m
[  29% ] [90m[1msavepack[22m | Storing File: res://assets/art/pixellab_ui_v3/painted/star_on_mirror.png.import[39m[0m
[  29% ] [90m[1msavepack[22m | Storing File: res://.godot/imported/tommy_car.png-2bd141a74f908ba78f24f365f19ad4ca.ctex[39m[0m
[  29% ] [90m[1msavepack[22m | Storing File: res://assets/art/pixellab_ui_v3/painted/tommy_car.png.import[39m[0m
[  29% ] [90m[1msavepack[22m | Storing File: res://.godot/imported/tommy_grin.png-54d035f279801d0c8afd63dcf8bb136d.ctex[39m[0m
[  29% ] [90m[1msavepack[22m | Storing File: res://assets/art/pixellab_ui_v3/painted/tommy_grin.png.import[39m[0m
[  29% ] [90m[1msavepack[22m | Storing File: res://.godot/imported/tommy_trapped.png-27a9678cf79c48c387c9a97922b22729.ctex[39m[0m
[  29% ] [90m[1msavepack[22m | Storing File: res://assets/art/pixellab_ui_v3/painted/tommy_trapped.png.import[39m[0m
[  29% ] [90m[1msavepack[22m | Storing File: res://.godot/imported/tote_board.png-c347123bc6429092ba5ca33bca8670fd.ctex[39m[0m
[  29% ] [90m[1msavepack[22m | Storing File: res://assets/art/pixellab_ui_v3/painted/tote_board.png.import[39m[0m
[  29% ] [90m[1msavepack[22m | Storing File: res://.godot/imported/tv_mansion.png-e05011556bbf5bea935c006dd49b0818.ctex[39m[0m
[  29% ] [90m[1msavepack[22m | Storing File: res://assets/art/pixellab_ui_v3/painted/tv_mansion.png.import[39m[0m
[  29% ] [90m[1msavepack[22m | Storing File: res://.godot/imported/tv_news.png-3da09a8f5a9eb1d1ad8286dcfda18b48.ctex[39m[0m
[  29% ] [90m[1msavepack[22m | Storing File: res://assets/art/pixellab_ui_v3/painted/tv_news.png.import[39m[0m
[  29% ] [90m[1msavepack[22m | Storing File: res://.godot/imported/t_arsenal.png-9367266231da82843a49f1c4b524521c.ctex[39m[0m
[  29% ] [90m[1msavepack[22m | Storing File: res://assets/art/pixellab_ui_v3/painted/t_arsenal.png.import[39m[0m
[  29% ] [90m[1msavepack[22m | Storing File: res://.godot/imported/t_corridor.png-4dfd5a22dd6f67de890a1bb7fefb412a.ctex[39m[0m
[  29% ] [90m[1msavepack[22m | Storing File: res://assets/art/pixellab_ui_v3/painted/t_corridor.png.import[39m[0m
[  29% ] [90m[1msavepack[22m | Storing File: res://.godot/imported/t_dogs.png-4e640a1c6992526bf35cc659901843e0.ctex[39m[0m
[  29% ] [90m[1msavepack[22m | Storing File: res://assets/art/pixellab_ui_v3/painted/t_dogs.png.import[39m[0m
[  29% ] [90m[1msavepack[22m | Storing File: res://.godot/imported/t_drive.png-f7a86f304d5463c32f220ff5b6c6f988.ctex[39m[0m
[  29% ] [90m[1msavepack[22m | Storing File: res://assets/art/pixellab_ui_v3/painted/t_drive.png.import[39m[0m
[  29% ] [90m[1msavepack[22m | Storing File: res://.godot/imported/t_fire.png-47de942f87ed110b7bece8071de981e6.ctex[39m[0m
[  29% ] [90m[1msavepack[22m | Storing File: res://assets/art/pixellab_ui_v3/painted/t_fire.png.import[39m[0m
[  29% ] [90m[1msavepack[22m | Storing File: res://.godot/imported/t_mansion.png-ac218ded5a0bdd12d6789ae81e81b36a.ctex[39m[0m
[  29% ] [90m[1msavepack[22m | Storing File: res://assets/art/pixellab_ui_v3/painted/t_mansion.png.import[39m[0m
[  30% ] [90m[1msavepack[22m | Storing File: res://.godot/imported/t_marv.png-d906b56f3125b19359795fb35e5a5d04.ctex[39m[0m
[  30% ] [90m[1msavepack[22m | Storing File: res://assets/art/pixellab_ui_v3/painted/t_marv.png.import[39m[0m
[  30% ] [90m[1msavepack[22m | Storing File: res://.godot/imported/t_monitors.png-3f105f85f4949625be35af67303c781b.ctex[39m[0m
[  30% ] [90m[1msavepack[22m | Storing File: res://assets/art/pixellab_ui_v3/painted/t_monitors.png.import[39m[0m
[  30% ] [90m[1msavepack[22m | Storing File: res://.godot/imported/t_phone.png-1af0a57b013a04a1432923c57e5e40fb.ctex[39m[0m
[  30% ] [90m[1msavepack[22m | Storing File: res://assets/art/pixellab_ui_v3/painted/t_phone.png.import[39m[0m
[  30% ] [90m[1msavepack[22m | Storing File: res://.godot/imported/t_star.png-661cd7736b48efe5c06532536fa91b8e.ctex[39m[0m
[  30% ] [90m[1msavepack[22m | Storing File: res://assets/art/pixellab_ui_v3/painted/t_star.png.import[39m[0m
[  30% ] [90m[1msavepack[22m | Storing File: res://.godot/imported/t_studio.png-d5c1bf9b12d4d1adc7dddeeee9661569.ctex[39m[0m
[  30% ] [90m[1msavepack[22m | Storing File: res://assets/art/pixellab_ui_v3/painted/t_studio.png.import[39m[0m
[  30% ] [90m[1msavepack[22m | Storing File: res://.godot/imported/t_tape.png-e9db9be948105bb7259d0dac9db415ec.ctex[39m[0m
[  30% ] [90m[1msavepack[22m | Storing File: res://assets/art/pixellab_ui_v3/painted/t_tape.png.import[39m[0m
[  30% ] [90m[1msavepack[22m | Storing File: res://.godot/imported/t_walk.png-bc23e9b34cf7598fe8525976e967221b.ctex[39m[0m
[  30% ] [90m[1msavepack[22m | Storing File: res://assets/art/pixellab_ui_v3/painted/t_walk.png.import[39m[0m
[  30% ] [90m[1msavepack[22m | Storing File: res://.godot/imported/vance_boys.png-0cf164ad55e72e24fc680678c2474d2b.ctex[39m[0m
[  30% ] [90m[1msavepack[22m | Storing File: res://assets/art/pixellab_ui_v3/painted/vance_boys.png.import[39m[0m
[  30% ] [90m[1msavepack[22m | Storing File: res://.godot/imported/vhs_dream_a.png-ab6e4a71168457925b0978b4b4fb764f.ctex[39m[0m
[  30% ] [90m[1msavepack[22m | Storing File: res://assets/art/pixellab_ui_v3/painted/vhs_dream_a.png.import[39m[0m
[  30% ] [90m[1msavepack[22m | Storing File: res://.godot/imported/vhs_dream_b.png-29778dc03051b379838716336ab59bd3.ctex[39m[0m
[  30% ] [90m[1msavepack[22m | Storing File: res://assets/art/pixellab_ui_v3/painted/vhs_dream_b.png.import[39m[0m
[  30% ] [90m[1msavepack[22m | Storing File: res://.godot/imported/vhs_dream_c.png-a8fff53392d172fc67573ec71bce97a4.ctex[39m[0m
[  30% ] [90m[1msavepack[22m | Storing File: res://assets/art/pixellab_ui_v3/painted/vhs_dream_c.png.import[39m[0m
[  30% ] [90m[1msavepack[22m | Storing File: res://.godot/imported/vhs_pilot_a.png-0cffc052a547b9cc054f3386d89f22ac.ctex[39m[0m
[  30% ] [90m[1msavepack[22m | Storing File: res://assets/art/pixellab_ui_v3/painted/vhs_pilot_a.png.import[39m[0m
[  30% ] [90m[1msavepack[22m | Storing File: res://.godot/imported/vhs_pilot_b.png-467c390ac6e3fc048453d44b40f57b0c.ctex[39m[0m
[  30% ] [90m[1msavepack[22m | Storing File: res://assets/art/pixellab_ui_v3/painted/vhs_pilot_b.png.import[39m[0m
[  30% ] [90m[1msavepack[22m | Storing File: res://.godot/imported/vhs_pilot_c.png-d933643f9c89ca24543aeb9bb0ff5635.ctex[39m[0m
[  30% ] [90m[1msavepack[22m | Storing File: res://assets/art/pixellab_ui_v3/painted/vhs_pilot_c.png.import[39m[0m
[  30% ] [90m[1msavepack[22m | Storing File: res://.godot/imported/vhs_roll7_a.png-f8d23e759178c9d11aa43621ad151db3.ctex[39m[0m
[  30% ] [90m[1msavepack[22m | Storing File: res://assets/art/pixellab_ui_v3/painted/vhs_roll7_a.png.import[39m[0m
[  30% ] [90m[1msavepack[22m | Storing File: res://.godot/imported/vhs_roll7_b.png-6456990eb2f56e5042b58d52c99b1752.ctex[39m[0m
[  30% ] [90m[1msavepack[22m | Storing File: res://assets/art/pixellab_ui_v3/painted/vhs_roll7_b.png.import[39m[0m
[  30% ] [90m[1msavepack[22m | Storing File: res://.godot/imported/vhs_roll7_c.png-5024f6b2bc8b61fca53347e87cc00f45.ctex[39m[0m
[  30% ] [90m[1msavepack[22m | Storing File: res://assets/art/pixellab_ui_v3/painted/vhs_roll7_c.png.import[39m[0m
[  30% ] [90m[1msavepack[22m | Storing File: res://.godot/imported/vhs_vance_a.png-152b1931f3e3bacb1cfb8635e1e87612.ctex[39m[0m
[  30% ] [90m[1msavepack[22m | Storing File: res://assets/art/pixellab_ui_v3/painted/vhs_vance_a.png.import[39m[0m
[  30% ] [90m[1msavepack[22m | Storing File: res://.godot/imported/vhs_vance_b.png-c8042dc3be963a93b81d94565ded8acf.ctex[39m[0m
[  30% ] [90m[1msavepack[22m | Storing File: res://assets/art/pixellab_ui_v3/painted/vhs_vance_b.png.import[39m[0m
[  30% ] [90m[1msavepack[22m | Storing File: res://.godot/imported/vhs_vance_c.png-f679fb433a5ce71771c0faf336048913.ctex[39m[0m
[  30% ] [90m[1msavepack[22m | Storing File: res://assets/art/pixellab_ui_v3/painted/vhs_vance_c.png.import[39m[0m
[  30% ] [90m[1msavepack[22m | Storing File: res://.godot/imported/villa_gate.png-e9180e4edaba4b1e8df1c5c67aebee1f.ctex[39m[0m
[  30% ] [90m[1msavepack[22m | Storing File: res://assets/art/pixellab_ui_v3/painted/villa_gate.png.import[39m[0m
[  30% ] [90m[1msavepack[22m | Storing File: res://.godot/imported/wake_motel.png-5b81656a9607f030c050d1fb003a4139.ctex[39m[0m
[  30% ] [90m[1msavepack[22m | Storing File: res://assets/art/pixellab_ui_v3/painted/wake_motel.png.import[39m[0m
[  30% ] [90m[1msavepack[22m | Storing File: res://.godot/imported/wrap_party.png-d1ee9f8e364559f184efc324a4e440a4.ctex[39m[0m
[  30% ] [90m[1msavepack[22m | Storing File: res://assets/art/pixellab_ui_v3/painted/wrap_party.png.import[39m[0m
[  30% ] [90m[1msavepack[22m | Storing File: res://.godot/imported/wreck.png-580af17074265c1379870624db2d0b82.ctex[39m[0m
[  30% ] [90m[1msavepack[22m | Storing File: res://assets/art/pixellab_ui_v3/painted/wreck.png.import[39m[0m
[  30% ] [90m[1msavepack[22m | Storing File: res://.godot/imported/yermo_office.png-f0f1a01c37baa4b1cce79e67ba098b42.ctex[39m[0m
[  30% ] [90m[1msavepack[22m | Storing File: res://assets/art/pixellab_ui_v3/painted/yermo_office.png.import[39m[0m
[  30% ] [90m[1msavepack[22m | Storing File: res://.godot/imported/anchor.png-a234c42c676d351b5274d2da0332376b.ctex[39m[0m
[  30% ] [90m[1msavepack[22m | Storing File: res://assets/art/pixellab_ui_v3/portraits/anchor.png.import[39m[0m
[  30% ] [90m[1msavepack[22m | Storing File: res://.godot/imported/anchor_directed_v2.png-adaa1786b9423f6a19896029393fc2d2.ctex[39m[0m
[  30% ] [90m[1msavepack[22m | Storing File: res://assets/art/pixellab_ui_v3/portraits/anchor_directed_v2.png.import[39m[0m
[  30% ] [90m[1msavepack[22m | Storing File: res://.godot/imported/arlo.png-55f6e67873729326ab71e5b2ec383d7c.ctex[39m[0m
[  30% ] [90m[1msavepack[22m | Storing File: res://assets/art/pixellab_ui_v3/portraits/arlo.png.import[39m[0m
[  30% ] [90m[1msavepack[22m | Storing File: res://.godot/imported/arlo_directed_v2.png-b725d9fe7e166a91a6566c1ec4879147.ctex[39m[0m
[  30% ] [90m[1msavepack[22m | Storing File: res://assets/art/pixellab_ui_v3/portraits/arlo_directed_v2.png.import[39m[0m
[  30% ] [90m[1msavepack[22m | Storing File: res://.godot/imported/buck.png-bc273a5565d9126cad7db16eacda6d16.ctex[39m[0m
[  30% ] [90m[1msavepack[22m | Storing File: res://assets/art/pixellab_ui_v3/portraits/buck.png.import[39m[0m
[  30% ] [90m[1msavepack[22m | Storing File: res://.godot/imported/buck_directed_v2.png-30fcc3244f88ed8549963dca2bf1c44e.ctex[39m[0m
[  30% ] [90m[1msavepack[22m | Storing File: res://assets/art/pixellab_ui_v3/portraits/buck_directed_v2.png.import[39m[0m
[  30% ] [90m[1msavepack[22m | Storing File: res://.godot/imported/buck_directed_v3.png-d46d98079fc5e4212eb14ee16832d5bf.ctex[39m[0m
[  30% ] [90m[1msavepack[22m | Storing File: res://assets/art/pixellab_ui_v3/portraits/buck_directed_v3.png.import[39m[0m
[  30% ] [90m[1msavepack[22m | Storing File: res://.godot/imported/buck_directed_v4.png-c8f0827ccf74f2ecb49695d78791ce07.ctex[39m[0m
[  30% ] [90m[1msavepack[22m | Storing File: res://assets/art/pixellab_ui_v3/portraits/buck_directed_v4.png.import[39m[0m
[  31% ] [90m[1msavepack[22m | Storing File: res://.godot/imported/cass.png-450dfe4eb45c56d4de8fab9a1fef553c.ctex[39m[0m
[  31% ] [90m[1msavepack[22m | Storing File: res://assets/art/pixellab_ui_v3/portraits/cass.png.import[39m[0m
[  31% ] [90m[1msavepack[22m | Storing File: res://.godot/imported/cass_directed_v2.png-fe5ea0bfb06ed7b9bbffdbff11af3245.ctex[39m[0m
[  31% ] [90m[1msavepack[22m | Storing File: res://assets/art/pixellab_ui_v3/portraits/cass_directed_v2.png.import[39m[0m
[  31% ] [90m[1msavepack[22m | Storing File: res://.godot/imported/cass_directed_v3.png-84b47c94a6a473c459203e19d5ff443f.ctex[39m[0m
[  31% ] [90m[1msavepack[22m | Storing File: res://assets/art/pixellab_ui_v3/portraits/cass_directed_v3.png.import[39m[0m
[  31% ] [90m[1msavepack[22m | Storing File: res://.godot/imported/cass_directed_v4.png-97e3d291aa50b74ee73b156a8396531a.ctex[39m[0m
[  31% ] [90m[1msavepack[22m | Storing File: res://assets/art/pixellab_ui_v3/portraits/cass_directed_v4.png.import[39m[0m
[  31% ] [90m[1msavepack[22m | Storing File: res://.godot/imported/cass_directed_v5.png-f37a66c657f7ad85d36b6bd4b2306a18.ctex[39m[0m
[  31% ] [90m[1msavepack[22m | Storing File: res://assets/art/pixellab_ui_v3/portraits/cass_directed_v5.png.import[39m[0m
[  31% ] [90m[1msavepack[22m | Storing File: res://.godot/imported/cass_directed_v6.png-0a7e2b056da6d3b60c8124f78ad8828d.ctex[39m[0m
[  31% ] [90m[1msavepack[22m | Storing File: res://assets/art/pixellab_ui_v3/portraits/cass_directed_v6.png.import[39m[0m
[  31% ] [90m[1msavepack[22m | Storing File: res://.godot/imported/cass_directed_v7.png-3566f7c16ce007bda3fad691202b373b.ctex[39m[0m
[  31% ] [90m[1msavepack[22m | Storing File: res://assets/art/pixellab_ui_v3/portraits/cass_directed_v7.png.import[39m[0m
[  31% ] [90m[1msavepack[22m | Storing File: res://.godot/imported/cass_reference_v6.png-58851c154923fefef30859dc9198d840.ctex[39m[0m
[  31% ] [90m[1msavepack[22m | Storing File: res://assets/art/pixellab_ui_v3/portraits/cass_reference_v6.png.import[39m[0m
[  31% ] [90m[1msavepack[22m | Storing File: res://.godot/imported/cass_shoulder_reference.png-ffafde4e042a474366089d7a38457787.ctex[39m[0m
[  31% ] [90m[1msavepack[22m | Storing File: res://assets/art/pixellab_ui_v3/portraits/cass_shoulder_reference.png.import[39m[0m
[  31% ] [90m[1msavepack[22m | Storing File: res://.godot/imported/cass_star.png-8bda03800298034ea27f9098e0cbc7cc.ctex[39m[0m
[  31% ] [90m[1msavepack[22m | Storing File: res://assets/art/pixellab_ui_v3/portraits/cass_star.png.import[39m[0m
[  31% ] [90m[1msavepack[22m | Storing File: res://.godot/imported/cass_star_directed_v2.png-9701b92d243e60c46275b76c615d6d04.ctex[39m[0m
[  31% ] [90m[1msavepack[22m | Storing File: res://assets/art/pixellab_ui_v3/portraits/cass_star_directed_v2.png.import[39m[0m
[  31% ] [90m[1msavepack[22m | Storing File: res://.godot/imported/dana.png-fa2abedc581ac7a446644f4b1acc4e1b.ctex[39m[0m
[  31% ] [90m[1msavepack[22m | Storing File: res://assets/art/pixellab_ui_v3/portraits/dana.png.import[39m[0m
[  31% ] [90m[1msavepack[22m | Storing File: res://.godot/imported/dana_directed_v2.png-062d78baf8b885e7958d94f54e576857.ctex[39m[0m
[  31% ] [90m[1msavepack[22m | Storing File: res://assets/art/pixellab_ui_v3/portraits/dana_directed_v2.png.import[39m[0m
[  31% ] [90m[1msavepack[22m | Storing File: res://.godot/imported/dana_directed_v3.png-5ebd34b9133965b18196bb8ffaf74732.ctex[39m[0m
[  31% ] [90m[1msavepack[22m | Storing File: res://assets/art/pixellab_ui_v3/portraits/dana_directed_v3.png.import[39m[0m
[  31% ] [90m[1msavepack[22m | Storing File: res://.godot/imported/dana_directed_v3.rejected-green.png-0e9b3366b2cf28c15c15062576342231.ctex[39m[0m
[  31% ] [90m[1msavepack[22m | Storing File: res://assets/art/pixellab_ui_v3/portraits/dana_directed_v3.rejected-green.png.import[39m[0m
[  31% ] [90m[1msavepack[22m | Storing File: res://.godot/imported/dana_directed_v4.png-27050274a0dce1e3dd8421bbe5ee3e52.ctex[39m[0m
[  31% ] [90m[1msavepack[22m | Storing File: res://assets/art/pixellab_ui_v3/portraits/dana_directed_v4.png.import[39m[0m
[  31% ] [90m[1msavepack[22m | Storing File: res://.godot/imported/dana_directed_v5.png-2c9b415bf2f298fb40b812d751b8b185.ctex[39m[0m
[  31% ] [90m[1msavepack[22m | Storing File: res://assets/art/pixellab_ui_v3/portraits/dana_directed_v5.png.import[39m[0m
[  31% ] [90m[1msavepack[22m | Storing File: res://.godot/imported/dead.png-a138bfc8bd13164e86550f8c476e5223.ctex[39m[0m
[  31% ] [90m[1msavepack[22m | Storing File: res://assets/art/pixellab_ui_v3/portraits/dead.png.import[39m[0m
[  31% ] [90m[1msavepack[22m | Storing File: res://.godot/imported/dead_directed_v2.png-0bdd2455fd0c92edbc7835a3ae8bbb35.ctex[39m[0m
[  31% ] [90m[1msavepack[22m | Storing File: res://assets/art/pixellab_ui_v3/portraits/dead_directed_v2.png.import[39m[0m
[  31% ] [90m[1msavepack[22m | Storing File: res://.godot/imported/director.png-ecdd8f014de41b512df06afb9daae2c1.ctex[39m[0m
[  31% ] [90m[1msavepack[22m | Storing File: res://assets/art/pixellab_ui_v3/portraits/director.png.import[39m[0m
[  31% ] [90m[1msavepack[22m | Storing File: res://.godot/imported/director_directed_v2.png-155504dacfc8df7822104db2e1b05e72.ctex[39m[0m
[  31% ] [90m[1msavepack[22m | Storing File: res://assets/art/pixellab_ui_v3/portraits/director_directed_v2.png.import[39m[0m
[  31% ] [90m[1msavepack[22m | Storing File: res://.godot/imported/dutch.png-7dd50c0521c65d66c71ef9c22b02d7aa.ctex[39m[0m
[  31% ] [90m[1msavepack[22m | Storing File: res://assets/art/pixellab_ui_v3/portraits/dutch.png.import[39m[0m
[  31% ] [90m[1msavepack[22m | Storing File: res://.godot/imported/dutch_directed_v2.png-f27575abf87111d86b3e9830755078f6.ctex[39m[0m
[  31% ] [90m[1msavepack[22m | Storing File: res://assets/art/pixellab_ui_v3/portraits/dutch_directed_v2.png.import[39m[0m
[  31% ] [90m[1msavepack[22m | Storing File: res://.godot/imported/earl.png-1e5d553e8bd41a037fd6867b8b936dc1.ctex[39m[0m
[  31% ] [90m[1msavepack[22m | Storing File: res://assets/art/pixellab_ui_v3/portraits/earl.png.import[39m[0m
[  31% ] [90m[1msavepack[22m | Storing File: res://.godot/imported/earl_directed_v2.png-06ad062fadaacd55792110257ea17661.ctex[39m[0m
[  31% ] [90m[1msavepack[22m | Storing File: res://assets/art/pixellab_ui_v3/portraits/earl_directed_v2.png.import[39m[0m
[  31% ] [90m[1msavepack[22m | Storing File: res://.godot/imported/enemy_bellhop.png-ac478a10ae73d5962fd07ae79df35d94.ctex[39m[0m
[  31% ] [90m[1msavepack[22m | Storing File: res://assets/art/pixellab_ui_v3/portraits/enemy_bellhop.png.import[39m[0m
[  31% ] [90m[1msavepack[22m | Storing File: res://.godot/imported/enemy_bellhop_directed_v2.png-4ed65a0c7a3c1e25ffe7d16ec54cb02e.ctex[39m[0m
[  31% ] [90m[1msavepack[22m | Storing File: res://assets/art/pixellab_ui_v3/portraits/enemy_bellhop_directed_v2.png.import[39m[0m
[  31% ] [90m[1msavepack[22m | Storing File: res://.godot/imported/enemy_biker.png-6cd4ccc9da36f5b3b413ff66a66f19f6.ctex[39m[0m
[  31% ] [90m[1msavepack[22m | Storing File: res://assets/art/pixellab_ui_v3/portraits/enemy_biker.png.import[39m[0m
[  31% ] [90m[1msavepack[22m | Storing File: res://.godot/imported/enemy_biker_directed_v2.png-f92c1529d9df2b2e237e0e302c957174.ctex[39m[0m
[  31% ] [90m[1msavepack[22m | Storing File: res://assets/art/pixellab_ui_v3/portraits/enemy_biker_directed_v2.png.import[39m[0m
[  31% ] [90m[1msavepack[22m | Storing File: res://.godot/imported/enemy_civilian.png-8bc533fb3952816439ba8dd7946c750d.ctex[39m[0m
[  31% ] [90m[1msavepack[22m | Storing File: res://assets/art/pixellab_ui_v3/portraits/enemy_civilian.png.import[39m[0m
[  31% ] [90m[1msavepack[22m | Storing File: res://.godot/imported/enemy_civilian_directed_v2.png-03e9d5ba2bdcc62cf8c90cb0e2a5ea99.ctex[39m[0m
[  31% ] [90m[1msavepack[22m | Storing File: res://assets/art/pixellab_ui_v3/portraits/enemy_civilian_directed_v2.png.import[39m[0m
[  31% ] [90m[1msavepack[22m | Storing File: res://.godot/imported/enemy_cultist.png-1346b4fd2ab7210697583f495956cf98.ctex[39m[0m
[  31% ] [90m[1msavepack[22m | Storing File: res://assets/art/pixellab_ui_v3/portraits/enemy_cultist.png.import[39m[0m
[  32% ] [90m[1msavepack[22m | Storing File: res://.godot/imported/enemy_cultist_directed_v2.png-6c7739cf8886e5380c981b4f59896396.ctex[39m[0m
[  32% ] [90m[1msavepack[22m | Storing File: res://assets/art/pixellab_ui_v3/portraits/enemy_cultist_directed_v2.png.import[39m[0m
[  32% ] [90m[1msavepack[22m | Storing File: res://.godot/imported/enemy_demon.png-ac3daa2562c773730251d65af9d54cb8.ctex[39m[0m
[  32% ] [90m[1msavepack[22m | Storing File: res://assets/art/pixellab_ui_v3/portraits/enemy_demon.png.import[39m[0m
[  32% ] [90m[1msavepack[22m | Storing File: res://.godot/imported/enemy_demon_directed_v2.png-7dbe9423605d336f42f6ea6de3e2f9a5.ctex[39m[0m
[  32% ] [90m[1msavepack[22m | Storing File: res://assets/art/pixellab_ui_v3/portraits/enemy_demon_directed_v2.png.import[39m[0m
[  32% ] [90m[1msavepack[22m | Storing File: res://.godot/imported/enemy_ghoul.png-be37492f0759afbb7383bdb734715f87.ctex[39m[0m
[  32% ] [90m[1msavepack[22m | Storing File: res://assets/art/pixellab_ui_v3/portraits/enemy_ghoul.png.import[39m[0m
[  32% ] [90m[1msavepack[22m | Storing File: res://.godot/imported/enemy_ghoul_directed_v2.png-50c211b86362225a739c94a35c1ddef8.ctex[39m[0m
[  32% ] [90m[1msavepack[22m | Storing File: res://assets/art/pixellab_ui_v3/portraits/enemy_ghoul_directed_v2.png.import[39m[0m
[  32% ] [90m[1msavepack[22m | Storing File: res://.godot/imported/enemy_guard.png-893e90cf28e8dc6834c814a287070df6.ctex[39m[0m
[  32% ] [90m[1msavepack[22m | Storing File: res://assets/art/pixellab_ui_v3/portraits/enemy_guard.png.import[39m[0m
[  32% ] [90m[1msavepack[22m | Storing File: res://.godot/imported/enemy_guard_directed_v2.png-4198b8cc2e780c8be0a8dfb1e552e6c9.ctex[39m[0m
[  32% ] [90m[1msavepack[22m | Storing File: res://assets/art/pixellab_ui_v3/portraits/enemy_guard_directed_v2.png.import[39m[0m
[  32% ] [90m[1msavepack[22m | Storing File: res://.godot/imported/enemy_gunner.png-620a3ce023d59a538fa0a1e774dbc413.ctex[39m[0m
[  32% ] [90m[1msavepack[22m | Storing File: res://assets/art/pixellab_ui_v3/portraits/enemy_gunner.png.import[39m[0m
[  32% ] [90m[1msavepack[22m | Storing File: res://.godot/imported/enemy_gunner_directed_v2.png-8966b15bab4c5df81aa240de97026e13.ctex[39m[0m
[  32% ] [90m[1msavepack[22m | Storing File: res://assets/art/pixellab_ui_v3/portraits/enemy_gunner_directed_v2.png.import[39m[0m
[  32% ] [90m[1msavepack[22m | Storing File: res://.godot/imported/enemy_handler.png-60e14456ef5679ed119982980afc439d.ctex[39m[0m
[  32% ] [90m[1msavepack[22m | Storing File: res://assets/art/pixellab_ui_v3/portraits/enemy_handler.png.import[39m[0m
[  32% ] [90m[1msavepack[22m | Storing File: res://.godot/imported/enemy_handler_directed_v2.png-b5b974abdeafe24aeb0b30fcb6bc97e5.ctex[39m[0m
[  32% ] [90m[1msavepack[22m | Storing File: res://assets/art/pixellab_ui_v3/portraits/enemy_handler_directed_v2.png.import[39m[0m
[  32% ] [90m[1msavepack[22m | Storing File: res://.godot/imported/enemy_heavy.png-44d4e2101be36f14e82b83050f5cdce6.ctex[39m[0m
[  32% ] [90m[1msavepack[22m | Storing File: res://assets/art/pixellab_ui_v3/portraits/enemy_heavy.png.import[39m[0m
[  32% ] [90m[1msavepack[22m | Storing File: res://.godot/imported/enemy_heavy_directed_v2.png-6919ad1f71b24c048be7d4f0dc6abed4.ctex[39m[0m
[  32% ] [90m[1msavepack[22m | Storing File: res://assets/art/pixellab_ui_v3/portraits/enemy_heavy_directed_v2.png.import[39m[0m
[  32% ] [90m[1msavepack[22m | Storing File: res://.godot/imported/enemy_hunter.png-ea8e36c597c824b6eee6494694decc32.ctex[39m[0m
[  32% ] [90m[1msavepack[22m | Storing File: res://assets/art/pixellab_ui_v3/portraits/enemy_hunter.png.import[39m[0m
[  32% ] [90m[1msavepack[22m | Storing File: res://.godot/imported/enemy_hunter_directed_v2.png-cdeb82f324254b987853aab92189c296.ctex[39m[0m
[  32% ] [90m[1msavepack[22m | Storing File: res://assets/art/pixellab_ui_v3/portraits/enemy_hunter_directed_v2.png.import[39m[0m
[  32% ] [90m[1msavepack[22m | Storing File: res://.godot/imported/enemy_riot.png-1546b94a319fb1be3f9cb5b907c8ea18.ctex[39m[0m
[  32% ] [90m[1msavepack[22m | Storing File: res://assets/art/pixellab_ui_v3/portraits/enemy_riot.png.import[39m[0m
[  32% ] [90m[1msavepack[22m | Storing File: res://.godot/imported/enemy_riot_directed_v2.png-7004d31fb6f6db2d638cd389163ce5bc.ctex[39m[0m
[  32% ] [90m[1msavepack[22m | Storing File: res://assets/art/pixellab_ui_v3/portraits/enemy_riot_directed_v2.png.import[39m[0m
[  32% ] [90m[1msavepack[22m | Storing File: res://.godot/imported/enemy_scout.png-0f31673099bea6dcb3b83279b18655c2.ctex[39m[0m
[  32% ] [90m[1msavepack[22m | Storing File: res://assets/art/pixellab_ui_v3/portraits/enemy_scout.png.import[39m[0m
[  32% ] [90m[1msavepack[22m | Storing File: res://.godot/imported/enemy_scout_directed_v2.png-d566836eb813269c89bb22cfbd70da96.ctex[39m[0m
[  32% ] [90m[1msavepack[22m | Storing File: res://assets/art/pixellab_ui_v3/portraits/enemy_scout_directed_v2.png.import[39m[0m
[  32% ] [90m[1msavepack[22m | Storing File: res://.godot/imported/enemy_scrapper.png-689db6fed41a1cb6a519799647b6e4d7.ctex[39m[0m
[  32% ] [90m[1msavepack[22m | Storing File: res://assets/art/pixellab_ui_v3/portraits/enemy_scrapper.png.import[39m[0m
[  32% ] [90m[1msavepack[22m | Storing File: res://.godot/imported/enemy_scrapper_directed_v2.png-8f6aae048a3d4973fb67afbfc18906a0.ctex[39m[0m
[  32% ] [90m[1msavepack[22m | Storing File: res://assets/art/pixellab_ui_v3/portraits/enemy_scrapper_directed_v2.png.import[39m[0m
[  32% ] [90m[1msavepack[22m | Storing File: res://.godot/imported/enemy_security.png-9669274113c0b4347af5c7280742c445.ctex[39m[0m
[  32% ] [90m[1msavepack[22m | Storing File: res://assets/art/pixellab_ui_v3/portraits/enemy_security.png.import[39m[0m
[  32% ] [90m[1msavepack[22m | Storing File: res://.godot/imported/enemy_security_directed_v2.png-08233882394ab1b8878fa33b35a15ef4.ctex[39m[0m
[  32% ] [90m[1msavepack[22m | Storing File: res://assets/art/pixellab_ui_v3/portraits/enemy_security_directed_v2.png.import[39m[0m
[  32% ] [90m[1msavepack[22m | Storing File: res://.godot/imported/enemy_sniper.png-9526a1147ca0ee3f7cfc1a6b171b9c20.ctex[39m[0m
[  32% ] [90m[1msavepack[22m | Storing File: res://assets/art/pixellab_ui_v3/portraits/enemy_sniper.png.import[39m[0m
[  32% ] [90m[1msavepack[22m | Storing File: res://.godot/imported/enemy_sniper_directed_v2.png-8fc2a1cfbea2a747287204f9b25dd2f2.ctex[39m[0m
[  32% ] [90m[1msavepack[22m | Storing File: res://assets/art/pixellab_ui_v3/portraits/enemy_sniper_directed_v2.png.import[39m[0m
[  32% ] [90m[1msavepack[22m | Storing File: res://.godot/imported/enemy_stagehand.png-0717231b0777fe206d3fee6bec02246a.ctex[39m[0m
[  32% ] [90m[1msavepack[22m | Storing File: res://assets/art/pixellab_ui_v3/portraits/enemy_stagehand.png.import[39m[0m
[  32% ] [90m[1msavepack[22m | Storing File: res://.godot/imported/enemy_stagehand_directed_v2.png-009ec3be002f163fe0653d5a0563a525.ctex[39m[0m
[  32% ] [90m[1msavepack[22m | Storing File: res://assets/art/pixellab_ui_v3/portraits/enemy_stagehand_directed_v2.png.import[39m[0m
[  32% ] [90m[1msavepack[22m | Storing File: res://.godot/imported/enemy_welder.png-2a0ecc5a2ddd7669b50ded8d2322234a.ctex[39m[0m
[  32% ] [90m[1msavepack[22m | Storing File: res://assets/art/pixellab_ui_v3/portraits/enemy_welder.png.import[39m[0m
[  32% ] [90m[1msavepack[22m | Storing File: res://.godot/imported/enemy_welder_directed_v2.png-8c00f5df7792a7f8d46ee8b6f219e278.ctex[39m[0m
[  32% ] [90m[1msavepack[22m | Storing File: res://assets/art/pixellab_ui_v3/portraits/enemy_welder_directed_v2.png.import[39m[0m
[  32% ] [90m[1msavepack[22m | Storing File: res://.godot/imported/enemy_zombie.png-e4b8599cd09f0bb26a0bd3c3dc2dfc6b.ctex[39m[0m
[  32% ] [90m[1msavepack[22m | Storing File: res://assets/art/pixellab_ui_v3/portraits/enemy_zombie.png.import[39m[0m
[  32% ] [90m[1msavepack[22m | Storing File: res://.godot/imported/enemy_zombie_directed_v2.png-5f19919e3c5f99fd3de898978bcf2c86.ctex[39m[0m
[  32% ] [90m[1msavepack[22m | Storing File: res://assets/art/pixellab_ui_v3/portraits/enemy_zombie_directed_v2.png.import[39m[0m
[  32% ] [90m[1msavepack[22m | Storing File: res://.godot/imported/fireman.png-f8fb1ae9ce6a46d05a5e4822cef48c2b.ctex[39m[0m
[  32% ] [90m[1msavepack[22m | Storing File: res://assets/art/pixellab_ui_v3/portraits/fireman.png.import[39m[0m
[  33% ] [90m[1msavepack[22m | Storing File: res://.godot/imported/guard.png-43fe8b769b4f26eae40625dd7af0dac2.ctex[39m[0m
[  33% ] [90m[1msavepack[22m | Storing File: res://assets/art/pixellab_ui_v3/portraits/guard.png.import[39m[0m
[  33% ] [90m[1msavepack[22m | Storing File: res://.godot/imported/guard_directed_v2.png-c2b450f599c10169a3a6a8e257e35818.ctex[39m[0m
[  33% ] [90m[1msavepack[22m | Storing File: res://assets/art/pixellab_ui_v3/portraits/guard_directed_v2.png.import[39m[0m
[  33% ] [90m[1msavepack[22m | Storing File: res://.godot/imported/harcourt.png-f4565cdb58d01e8fb6ad297e01fdcfa5.ctex[39m[0m
[  33% ] [90m[1msavepack[22m | Storing File: res://assets/art/pixellab_ui_v3/portraits/harcourt.png.import[39m[0m
[  33% ] [90m[1msavepack[22m | Storing File: res://.godot/imported/harcourt_directed_v2.png-e29262735a5a9d783ebb16513848a84e.ctex[39m[0m
[  33% ] [90m[1msavepack[22m | Storing File: res://assets/art/pixellab_ui_v3/portraits/harcourt_directed_v2.png.import[39m[0m
[  33% ] [90m[1msavepack[22m | Storing File: res://.godot/imported/machine.png-5c622ebc4df9dea546784fd6f13eee39.ctex[39m[0m
[  33% ] [90m[1msavepack[22m | Storing File: res://assets/art/pixellab_ui_v3/portraits/machine.png.import[39m[0m
[  33% ] [90m[1msavepack[22m | Storing File: res://.godot/imported/machine_directed_v2.png-6c8d8311ad08938d245186f51dec1059.ctex[39m[0m
[  33% ] [90m[1msavepack[22m | Storing File: res://assets/art/pixellab_ui_v3/portraits/machine_directed_v2.png.import[39m[0m
[  33% ] [90m[1msavepack[22m | Storing File: res://.godot/imported/marv.png-a92f068e30cf13b12459e5efac9bea7a.ctex[39m[0m
[  33% ] [90m[1msavepack[22m | Storing File: res://assets/art/pixellab_ui_v3/portraits/marv.png.import[39m[0m
[  33% ] [90m[1msavepack[22m | Storing File: res://.godot/imported/marv_directed_v2.png-31d532939e888ae5040424bac428332f.ctex[39m[0m
[  33% ] [90m[1msavepack[22m | Storing File: res://assets/art/pixellab_ui_v3/portraits/marv_directed_v2.png.import[39m[0m
[  33% ] [90m[1msavepack[22m | Storing File: res://.godot/imported/mom.png-6af2e8247a6bed49c63d95a4e91a13dc.ctex[39m[0m
[  33% ] [90m[1msavepack[22m | Storing File: res://assets/art/pixellab_ui_v3/portraits/mom.png.import[39m[0m
[  33% ] [90m[1msavepack[22m | Storing File: res://.godot/imported/mom_directed_v2.png-56c44a0cb62fe0a74a24bab5f165610d.ctex[39m[0m
[  33% ] [90m[1msavepack[22m | Storing File: res://assets/art/pixellab_ui_v3/portraits/mom_directed_v2.png.import[39m[0m
[  33% ] [90m[1msavepack[22m | Storing File: res://.godot/imported/pa.png-17ea7102aa581c6156ec8df1d18c692f.ctex[39m[0m
[  33% ] [90m[1msavepack[22m | Storing File: res://assets/art/pixellab_ui_v3/portraits/pa.png.import[39m[0m
[  33% ] [90m[1msavepack[22m | Storing File: res://.godot/imported/pa_directed_v2.png-e6452b9e03c9e69d81b206c3c703d92f.ctex[39m[0m
[  33% ] [90m[1msavepack[22m | Storing File: res://assets/art/pixellab_ui_v3/portraits/pa_directed_v2.png.import[39m[0m
[  33% ] [90m[1msavepack[22m | Storing File: res://.godot/imported/pa_directed_v3.png-7c8612862620be5ca7d3bc26740910be.ctex[39m[0m
[  33% ] [90m[1msavepack[22m | Storing File: res://assets/art/pixellab_ui_v3/portraits/pa_directed_v3.png.import[39m[0m
[  33% ] [90m[1msavepack[22m | Storing File: res://.godot/imported/rudy.png-8efdb2e9d98ae352ef3d4616d2e098a0.ctex[39m[0m
[  33% ] [90m[1msavepack[22m | Storing File: res://assets/art/pixellab_ui_v3/portraits/rudy.png.import[39m[0m
[  33% ] [90m[1msavepack[22m | Storing File: res://.godot/imported/rudy_directed_v2.png-8a2a20215f65cb7ae11bb6b72c77e733.ctex[39m[0m
[  33% ] [90m[1msavepack[22m | Storing File: res://assets/art/pixellab_ui_v3/portraits/rudy_directed_v2.png.import[39m[0m
[  33% ] [90m[1msavepack[22m | Storing File: res://.godot/imported/tommy.png-e5fc1f42e20dd4e8a8c02638d8d9e86e.ctex[39m[0m
[  33% ] [90m[1msavepack[22m | Storing File: res://assets/art/pixellab_ui_v3/portraits/tommy.png.import[39m[0m
[  33% ] [90m[1msavepack[22m | Storing File: res://.godot/imported/tommy_burnt.png-481d55627a91d0d196fcd8c65e461ab2.ctex[39m[0m
[  33% ] [90m[1msavepack[22m | Storing File: res://assets/art/pixellab_ui_v3/portraits/tommy_burnt.png.import[39m[0m
[  33% ] [90m[1msavepack[22m | Storing File: res://.godot/imported/tommy_burnt_directed_v2.png-a185579fa1dd02c011cddd88837f243d.ctex[39m[0m
[  33% ] [90m[1msavepack[22m | Storing File: res://assets/art/pixellab_ui_v3/portraits/tommy_burnt_directed_v2.png.import[39m[0m
[  33% ] [90m[1msavepack[22m | Storing File: res://.godot/imported/tommy_directed_v2.png-6ab87e17119197dd1ca777b9d770c80d.ctex[39m[0m
[  33% ] [90m[1msavepack[22m | Storing File: res://assets/art/pixellab_ui_v3/portraits/tommy_directed_v2.png.import[39m[0m
[  33% ] [90m[1msavepack[22m | Storing File: res://.godot/imported/voice.png-246fe2f390d8ac6c1c3390a672bbc8f2.ctex[39m[0m
[  33% ] [90m[1msavepack[22m | Storing File: res://assets/art/pixellab_ui_v3/portraits/voice.png.import[39m[0m
[  33% ] [90m[1msavepack[22m | Storing File: res://.godot/imported/voice_directed_v2.png-5a2929560259d8ca07497f0ba2a77953.ctex[39m[0m
[  33% ] [90m[1msavepack[22m | Storing File: res://assets/art/pixellab_ui_v3/portraits/voice_directed_v2.png.import[39m[0m
[  33% ] [90m[1msavepack[22m | Storing File: res://.godot/imported/voice_directed_v3.png-664ec9f96b9abb30f9c5189522d3a457.ctex[39m[0m
[  33% ] [90m[1msavepack[22m | Storing File: res://assets/art/pixellab_ui_v3/portraits/voice_directed_v3.png.import[39m[0m
[  33% ] [90m[1msavepack[22m | Storing File: res://.godot/imported/cover_m01.png-e1ee27a36154bdbd90e612723a0d6474.ctex[39m[0m
[  33% ] [90m[1msavepack[22m | Storing File: res://assets/art/pixellab_ui_v3_approved/covers/cover_m01.png.import[39m[0m
[  33% ] [90m[1msavepack[22m | Storing File: res://.godot/imported/cover_m02.png-358aa27104a214d16731a9db856cf7f7.ctex[39m[0m
[  33% ] [90m[1msavepack[22m | Storing File: res://assets/art/pixellab_ui_v3_approved/covers/cover_m02.png.import[39m[0m
[  33% ] [90m[1msavepack[22m | Storing File: res://.godot/imported/cover_m03.png-3d62ddba2033f7bbf78f4ca005e49f5e.ctex[39m[0m
[  33% ] [90m[1msavepack[22m | Storing File: res://assets/art/pixellab_ui_v3_approved/covers/cover_m03.png.import[39m[0m
[  33% ] [90m[1msavepack[22m | Storing File: res://.godot/imported/cover_m04.png-ee72795b23eb4f436903cadeb86da6c7.ctex[39m[0m
[  33% ] [90m[1msavepack[22m | Storing File: res://assets/art/pixellab_ui_v3_approved/covers/cover_m04.png.import[39m[0m
[  33% ] [90m[1msavepack[22m | Storing File: res://.godot/imported/cover_m05.png-0e6f998639d172357d30b677f7ba6722.ctex[39m[0m
[  33% ] [90m[1msavepack[22m | Storing File: res://assets/art/pixellab_ui_v3_approved/covers/cover_m05.png.import[39m[0m
[  33% ] [90m[1msavepack[22m | Storing File: res://.godot/imported/cover_m06.png-5990797073f42f255dee72cca7de9325.ctex[39m[0m
[  33% ] [90m[1msavepack[22m | Storing File: res://assets/art/pixellab_ui_v3_approved/covers/cover_m06.png.import[39m[0m
[  33% ] [90m[1msavepack[22m | Storing File: res://.godot/imported/cover_m07.png-695795f71094ccaa5357e60263b58a91.ctex[39m[0m
[  33% ] [90m[1msavepack[22m | Storing File: res://assets/art/pixellab_ui_v3_approved/covers/cover_m07.png.import[39m[0m
[  33% ] [90m[1msavepack[22m | Storing File: res://.godot/imported/apartment_1988.png-97635925daa087c93dae101c8231ce90.ctex[39m[0m
[  33% ] [90m[1msavepack[22m | Storing File: res://assets/art/pixellab_ui_v3_approved/cutscenes/apartment_1988.png.import[39m[0m
[  33% ] [90m[1msavepack[22m | Storing File: res://.godot/imported/news_1988.png-55d15dd9a00510c41cdc5d41536925ae.ctex[39m[0m
[  33% ] [90m[1msavepack[22m | Storing File: res://assets/art/pixellab_ui_v3_approved/cutscenes/news_1988.png.import[39m[0m
[  33% ] [90m[1msavepack[22m | Storing File: res://.godot/imported/apartment.png-f00628caf068e375e159c4866e9c1528.ctex[39m[0m
[  33% ] [90m[1msavepack[22m | Storing File: res://assets/art/pixellab_ui_v3_approved/painted/apartment.png.import[39m[0m
[  33% ] [90m[1msavepack[22m | Storing File: res://.godot/imported/arlo_close.png-6ae7323e1c0b573d8b0ffefe7d2b7ddc.ctex[39m[0m
[  33% ] [90m[1msavepack[22m | Storing File: res://assets/art/pixellab_ui_v3_approved/painted/arlo_close.png.import[39m[0m
[  33% ] [90m[1msavepack[22m | Storing File: res://.godot/imported/arlo_wide.png-230fb52cd26e3b396b8421150e61d35b.ctex[39m[0m
[  33% ] [90m[1msavepack[22m | Storing File: res://assets/art/pixellab_ui_v3_approved/painted/arlo_wide.png.import[39m[0m
[  33% ] [90m[1msavepack[22m | Storing File: res://.godot/imported/barstow_fireworks.png-c6edbbd87c8d35fcfe17c8d83c78d9fc.ctex[39m[0m
[  33% ] [90m[1msavepack[22m | Storing File: res://assets/art/pixellab_ui_v3_approved/painted/barstow_fireworks.png.import[39m[0m
[  33% ] [90m[1msavepack[22m | Storing File: res://.godot/imported/barstow_pd.png-f63582817175a08e8d73489a1a661cc3.ctex[39m[0m
[  33% ] [90m[1msavepack[22m | Storing File: res://assets/art/pixellab_ui_v3_approved/painted/barstow_pd.png.import[39m[0m
[  33% ] [90m[1msavepack[22m | Storing File: res://.godot/imported/burbank_night.png-f4f296d890c4f5a7299ee739d123e880.ctex[39m[0m
[  33% ] [90m[1msavepack[22m | Storing File: res://assets/art/pixellab_ui_v3_approved/painted/burbank_night.png.import[39m[0m
[  33% ] [90m[1msavepack[22m | Storing File: res://.godot/imported/burning_tommy.png-f06f6ed8f369fe0c6d8aae32864179e7.ctex[39m[0m
[  33% ] [90m[1msavepack[22m | Storing File: res://assets/art/pixellab_ui_v3_approved/painted/burning_tommy.png.import[39m[0m
[  33% ] [90m[1msavepack[22m | Storing File: res://.godot/imported/b_credits.png-ab8f9e3dba4ca3029db6ea25ad1be01c.ctex[39m[0m
[  33% ] [90m[1msavepack[22m | Storing File: res://assets/art/pixellab_ui_v3_approved/painted/b_credits.png.import[39m[0m
[  33% ] [90m[1msavepack[22m | Storing File: res://.godot/imported/b_embrace.png-258ad301f2ee6d2c046d0678db8bb27d.ctex[39m[0m
[  33% ] [90m[1msavepack[22m | Storing File: res://assets/art/pixellab_ui_v3_approved/painted/b_embrace.png.import[39m[0m
[  33% ] [90m[1msavepack[22m | Storing File: res://.godot/imported/b_party.png-895cb471f9f12d1fa14e7349848e5ade.ctex[39m[0m
[  33% ] [90m[1msavepack[22m | Storing File: res://assets/art/pixellab_ui_v3_approved/painted/b_party.png.import[39m[0m
[  33% ] [90m[1msavepack[22m | Storing File: res://.godot/imported/cameras_shot.png-c5421beef2fb8a650bec26f4c83fb7a8.ctex[39m[0m
[  33% ] [90m[1msavepack[22m | Storing File: res://assets/art/pixellab_ui_v3_approved/painted/cameras_shot.png.import[39m[0m
[  33% ] [90m[1msavepack[22m | Storing File: res://.godot/imported/canned_applause.png-2f856400c50893745833905dbf880585.ctex[39m[0m
[  33% ] [90m[1msavepack[22m | Storing File: res://assets/art/pixellab_ui_v3_approved/painted/canned_applause.png.import[39m[0m
[  33% ] [90m[1msavepack[22m | Storing File: res://.godot/imported/cass_close.png-17b9efdce691b57278c2e5c23a35908e.ctex[39m[0m
[  33% ] [90m[1msavepack[22m | Storing File: res://assets/art/pixellab_ui_v3_approved/painted/cass_close.png.import[39m[0m
[  33% ] [90m[1msavepack[22m | Storing File: res://.godot/imported/cass_listens.png-d4c347e828c63dcff313a6e48c4d00e8.ctex[39m[0m
[  33% ] [90m[1msavepack[22m | Storing File: res://assets/art/pixellab_ui_v3_approved/painted/cass_listens.png.import[39m[0m
[  33% ] [90m[1msavepack[22m | Storing File: res://.godot/imported/casting_1990.png-39c3519d16d48aac173453d60856b0ec.ctex[39m[0m
[  33% ] [90m[1msavepack[22m | Storing File: res://assets/art/pixellab_ui_v3_approved/painted/casting_1990.png.import[39m[0m
[  33% ] [90m[1msavepack[22m | Storing File: res://.godot/imported/clapper.png-92b3b07d8b1b28b275f6ce16ca75cd04.ctex[39m[0m
[  33% ] [90m[1msavepack[22m | Storing File: res://assets/art/pixellab_ui_v3_approved/painted/clapper.png.import[39m[0m
[  33% ] [90m[1msavepack[22m | Storing File: res://.godot/imported/control_room.png-8a6691c703237e4628fa6aa6eb03fe47.ctex[39m[0m
[  33% ] [90m[1msavepack[22m | Storing File: res://assets/art/pixellab_ui_v3_approved/painted/control_room.png.import[39m[0m
[  33% ] [90m[1msavepack[22m | Storing File: res://.godot/imported/corkboard_note.png-d59a641f33b63d866504c723cbb6b7b6.ctex[39m[0m
[  33% ] [90m[1msavepack[22m | Storing File: res://assets/art/pixellab_ui_v3_approved/painted/corkboard_note.png.import[39m[0m
[  33% ] [90m[1msavepack[22m | Storing File: res://.godot/imported/credits_tv.png-638aef72a92eb64d53204f8418652a1a.ctex[39m[0m
[  33% ] [90m[1msavepack[22m | Storing File: res://assets/art/pixellab_ui_v3_approved/painted/credits_tv.png.import[39m[0m
[  33% ] [90m[1msavepack[22m | Storing File: res://.godot/imported/dead_applause.png-eb47318064b773d9a23271289fe39f15.ctex[39m[0m
[  33% ] [90m[1msavepack[22m | Storing File: res://assets/art/pixellab_ui_v3_approved/painted/dead_applause.png.import[39m[0m
[  33% ] [90m[1msavepack[22m | Storing File: res://.godot/imported/dead_line.png-f6fe762fe71263f343cfe69fcc02ebf1.ctex[39m[0m
[  33% ] [90m[1msavepack[22m | Storing File: res://assets/art/pixellab_ui_v3_approved/painted/dead_line.png.import[39m[0m
[  33% ] [90m[1msavepack[22m | Storing File: res://.godot/imported/desert_road.png-c17427e2771d60a7c5c3885f5e07b44e.ctex[39m[0m
[  33% ] [90m[1msavepack[22m | Storing File: res://assets/art/pixellab_ui_v3_approved/painted/desert_road.png.import[39m[0m
[  33% ] [90m[1msavepack[22m | Storing File: res://.godot/imported/dogs_silent.png-a933f8080dcc241c2b64d6b58b193cc0.ctex[39m[0m
[  33% ] [90m[1msavepack[22m | Storing File: res://assets/art/pixellab_ui_v3_approved/painted/dogs_silent.png.import[39m[0m
[  33% ] [90m[1msavepack[22m | Storing File: res://.godot/imported/dutch_3am.png-822a5cae361e32ed1b0a846d03cd2383.ctex[39m[0m
[  33% ] [90m[1msavepack[22m | Storing File: res://assets/art/pixellab_ui_v3_approved/painted/dutch_3am.png.import[39m[0m
[  33% ] [90m[1msavepack[22m | Storing File: res://.godot/imported/d_cameras.png-e98ff3f8c7927d3fa85c7809f3827bb0.ctex[39m[0m
[  33% ] [90m[1msavepack[22m | Storing File: res://assets/art/pixellab_ui_v3_approved/painted/d_cameras.png.import[39m[0m
[  33% ] [90m[1msavepack[22m | Storing File: res://.godot/imported/d_changeorder.png-64e7be83f635c15ae36876db92af214e.ctex[39m[0m
[  33% ] [90m[1msavepack[22m | Storing File: res://assets/art/pixellab_ui_v3_approved/painted/d_changeorder.png.import[39m[0m
[  33% ] [90m[1msavepack[22m | Storing File: res://.godot/imported/d_stage.png-d362c472427d400e1c61dba45415b59e.ctex[39m[0m
[  33% ] [90m[1msavepack[22m | Storing File: res://assets/art/pixellab_ui_v3_approved/painted/d_stage.png.import[39m[0m
[  33% ] [90m[1msavepack[22m | Storing File: res://.godot/imported/d_tote.png-05424e93da321fbd44926c65695e4398.ctex[39m[0m
[  33% ] [90m[1msavepack[22m | Storing File: res://assets/art/pixellab_ui_v3_approved/painted/d_tote.png.import[39m[0m
[  33% ] [90m[1msavepack[22m | Storing File: res://.godot/imported/earl_tv.png-0b394bf306ffd5838796fe8449b42788.ctex[39m[0m
[  33% ] [90m[1msavepack[22m | Storing File: res://assets/art/pixellab_ui_v3_approved/painted/earl_tv.png.import[39m[0m
[  33% ] [90m[1msavepack[22m | Storing File: res://.godot/imported/ev_photo_casting.png-d3950b41217db80c4e50afa20f2cd244.ctex[39m[0m
[  33% ] [90m[1msavepack[22m | Storing File: res://assets/art/pixellab_ui_v3_approved/painted/ev_photo_casting.png.import[39m[0m
[  33% ] [90m[1msavepack[22m | Storing File: res://.godot/imported/ev_photo_harcourt.png-de024c9a3c6003c3c1d33e0614bff53b.ctex[39m[0m
[  33% ] [90m[1msavepack[22m | Storing File: res://assets/art/pixellab_ui_v3_approved/painted/ev_photo_harcourt.png.import[39m[0m
[  33% ] [90m[1msavepack[22m | Storing File: res://.godot/imported/ev_photo_kennel.png-141657e7bf3125c001ea7d9aab6c96d6.ctex[39m[0m
[  33% ] [90m[1msavepack[22m | Storing File: res://assets/art/pixellab_ui_v3_approved/painted/ev_photo_kennel.png.import[39m[0m
[  33% ] [90m[1msavepack[22m | Storing File: res://.godot/imported/ev_photo_nursery.png-c5b48917ca07bd60a0e02d0631d1ae1d.ctex[39m[0m
[  33% ] [90m[1msavepack[22m | Storing File: res://assets/art/pixellab_ui_v3_approved/painted/ev_photo_nursery.png.import[39m[0m
[  33% ] [90m[1msavepack[22m | Storing File: res://.godot/imported/ev_tape_dream.png-8f9a3a3e9dfb4f5150ddc2fb4c1b41bd.ctex[39m[0m
[  33% ] [90m[1msavepack[22m | Storing File: res://assets/art/pixellab_ui_v3_approved/painted/ev_tape_dream.png.import[39m[0m
[  34% ] [90m[1msavepack[22m | Storing File: res://.godot/imported/ev_tape_pilot.png-d412907dae301d313905ea38fb57eeb9.ctex[39m[0m
[  34% ] [90m[1msavepack[22m | Storing File: res://assets/art/pixellab_ui_v3_approved/painted/ev_tape_pilot.png.import[39m[0m
[  34% ] [90m[1msavepack[22m | Storing File: res://.godot/imported/ev_tape_roll7.png-75c4ad58bc5eb26dbdb29654c1a7ce60.ctex[39m[0m
[  34% ] [90m[1msavepack[22m | Storing File: res://assets/art/pixellab_ui_v3_approved/painted/ev_tape_roll7.png.import[39m[0m
[  34% ] [90m[1msavepack[22m | Storing File: res://.godot/imported/ev_tape_vance.png-9da37f4dea94943846257d34895fbe97.ctex[39m[0m
[  34% ] [90m[1msavepack[22m | Storing File: res://assets/art/pixellab_ui_v3_approved/painted/ev_tape_vance.png.import[39m[0m
[  34% ] [90m[1msavepack[22m | Storing File: res://.godot/imported/explosion.png-0214832819064a40617af42bf4b862ef.ctex[39m[0m
[  34% ] [90m[1msavepack[22m | Storing File: res://assets/art/pixellab_ui_v3_approved/painted/explosion.png.import[39m[0m
[  34% ] [90m[1msavepack[22m | Storing File: res://.godot/imported/extinguisher.png-92d567d08d8dd8dc868f395b96f1e196.ctex[39m[0m
[  34% ] [90m[1msavepack[22m | Storing File: res://assets/art/pixellab_ui_v3_approved/painted/extinguisher.png.import[39m[0m
[  34% ] [90m[1msavepack[22m | Storing File: res://.godot/imported/fireman.png-00002efa669cea96c4da11dd6ec6ec19.ctex[39m[0m
[  34% ] [90m[1msavepack[22m | Storing File: res://assets/art/pixellab_ui_v3_approved/painted/fireman.png.import[39m[0m
[  34% ] [90m[1msavepack[22m | Storing File: res://.godot/imported/fireman_down.png-48695f4cf9a6563aa3c498bdf24b1365.ctex[39m[0m
[  34% ] [90m[1msavepack[22m | Storing File: res://assets/art/pixellab_ui_v3_approved/painted/fireman_down.png.import[39m[0m
[  34% ] [90m[1msavepack[22m | Storing File: res://.godot/imported/fire_windshield.png-dacee26e5159cced26b648abe7101c53.ctex[39m[0m
[  34% ] [90m[1msavepack[22m | Storing File: res://assets/art/pixellab_ui_v3_approved/painted/fire_windshield.png.import[39m[0m
[  34% ] [90m[1msavepack[22m | Storing File: res://.godot/imported/galaxy_palace.png-f900e5e1f3b7e0756bd1e137e958c3dd.ctex[39m[0m
[  34% ] [90m[1msavepack[22m | Storing File: res://assets/art/pixellab_ui_v3_approved/painted/galaxy_palace.png.import[39m[0m
[  34% ] [90m[1msavepack[22m | Storing File: res://.godot/imported/harcourt_office.png-ebebb2a5ba20b72508bdd32fac2390d5.ctex[39m[0m
[  34% ] [90m[1msavepack[22m | Storing File: res://assets/art/pixellab_ui_v3_approved/painted/harcourt_office.png.import[39m[0m
[  34% ] [90m[1msavepack[22m | Storing File: res://.godot/imported/hills_fire.png-b23c611139dbb2190ee6eccddc24cb62.ctex[39m[0m
[  34% ] [90m[1msavepack[22m | Storing File: res://assets/art/pixellab_ui_v3_approved/painted/hills_fire.png.import[39m[0m
[  34% ] [90m[1msavepack[22m | Storing File: res://.godot/imported/holding_tommy.png-c5280f475805f8ef42a76be22d20d1c3.ctex[39m[0m
[  34% ] [90m[1msavepack[22m | Storing File: res://assets/art/pixellab_ui_v3_approved/painted/holding_tommy.png.import[39m[0m
[  34% ] [90m[1msavepack[22m | Storing File: res://.godot/imported/h_alarm.png-4b02ba32c2ca5b1aea36ed99ff76ca7a.ctex[39m[0m
[  34% ] [90m[1msavepack[22m | Storing File: res://assets/art/pixellab_ui_v3_approved/painted/h_alarm.png.import[39m[0m
[  34% ] [90m[1msavepack[22m | Storing File: res://.godot/imported/h_door.png-02d370ae021fc5140466800fdc95e097.ctex[39m[0m
[  34% ] [90m[1msavepack[22m | Storing File: res://assets/art/pixellab_ui_v3_approved/painted/h_door.png.import[39m[0m
[  34% ] [90m[1msavepack[22m | Storing File: res://.godot/imported/h_down.png-f92d0bc376318075725cbd309ee4b105.ctex[39m[0m
[  34% ] [90m[1msavepack[22m | Storing File: res://assets/art/pixellab_ui_v3_approved/painted/h_down.png.import[39m[0m
[  34% ] [90m[1msavepack[22m | Storing File: res://.godot/imported/h_polaroid.png-836504285614d75213a46786725a507b.ctex[39m[0m
[  34% ] [90m[1msavepack[22m | Storing File: res://assets/art/pixellab_ui_v3_approved/painted/h_polaroid.png.import[39m[0m
[  34% ] [90m[1msavepack[22m | Storing File: res://.godot/imported/h_reveal.png-39cb25acdaa8c19173e98b118e9d138a.ctex[39m[0m
[  34% ] [90m[1msavepack[22m | Storing File: res://assets/art/pixellab_ui_v3_approved/painted/h_reveal.png.import[39m[0m
[  34% ] [90m[1msavepack[22m | Storing File: res://.godot/imported/k_buck.png-211bf82259978336222b7bd24181d8e0.ctex[39m[0m
[  34% ] [90m[1msavepack[22m | Storing File: res://assets/art/pixellab_ui_v3_approved/painted/k_buck.png.import[39m[0m
[  34% ] [90m[1msavepack[22m | Storing File: res://.godot/imported/k_dogs.png-ed1200f47717b0f4e91452eff4a65592.ctex[39m[0m
[  34% ] [90m[1msavepack[22m | Storing File: res://assets/art/pixellab_ui_v3_approved/painted/k_dogs.png.import[39m[0m
[  34% ] [90m[1msavepack[22m | Storing File: res://.godot/imported/k_down.png-09caa2d07d0a863a7db40ef923acb935.ctex[39m[0m
[  34% ] [90m[1msavepack[22m | Storing File: res://assets/art/pixellab_ui_v3_approved/painted/k_down.png.import[39m[0m
[  34% ] [90m[1msavepack[22m | Storing File: res://.godot/imported/k_lane.png-d6728c5ea9eca22552698e081ca00a01.ctex[39m[0m
[  34% ] [90m[1msavepack[22m | Storing File: res://assets/art/pixellab_ui_v3_approved/painted/k_lane.png.import[39m[0m
[  34% ] [90m[1msavepack[22m | Storing File: res://.godot/imported/k_yard.png-2b7418e443cda89356fe31a15f269066.ctex[39m[0m
[  34% ] [90m[1msavepack[22m | Storing File: res://assets/art/pixellab_ui_v3_approved/painted/k_yard.png.import[39m[0m
[  34% ] [90m[1msavepack[22m | Storing File: res://.godot/imported/live_monitors.png-39e5f401225aa21880a68b5e2b68ce5f.ctex[39m[0m
[  34% ] [90m[1msavepack[22m | Storing File: res://assets/art/pixellab_ui_v3_approved/painted/live_monitors.png.import[39m[0m
[  34% ] [90m[1msavepack[22m | Storing File: res://.godot/imported/lobby_phone.png-936cb53893ab3ef5533b752610ca1157.ctex[39m[0m
[  34% ] [90m[1msavepack[22m | Storing File: res://assets/art/pixellab_ui_v3_approved/painted/lobby_phone.png.import[39m[0m
[  34% ] [90m[1msavepack[22m | Storing File: res://.godot/imported/machine.png-04fe9b3091e28349d3114f21beb988d5.ctex[39m[0m
[  34% ] [90m[1msavepack[22m | Storing File: res://assets/art/pixellab_ui_v3_approved/painted/machine.png.import[39m[0m
[  34% ] [90m[1msavepack[22m | Storing File: res://.godot/imported/machine_close.png-a270aeb81059051c95742f6881aa593e.ctex[39m[0m
[  34% ] [90m[1msavepack[22m | Storing File: res://assets/art/pixellab_ui_v3_approved/painted/machine_close.png.import[39m[0m
[  34% ] [90m[1msavepack[22m | Storing File: res://.godot/imported/marv.png-1a244388ef0d64f638dba4784f53b29b.ctex[39m[0m
[  34% ] [90m[1msavepack[22m | Storing File: res://assets/art/pixellab_ui_v3_approved/painted/marv.png.import[39m[0m
[  34% ] [90m[1msavepack[22m | Storing File: res://.godot/imported/menu_arlo.png-1b4f99adfe0e83688e5c3dcbc7a1aa06.ctex[39m[0m
[  34% ] [90m[1msavepack[22m | Storing File: res://assets/art/pixellab_ui_v3_approved/painted/menu_arlo.png.import[39m[0m
[  34% ] [90m[1msavepack[22m | Storing File: res://.godot/imported/menu_dutch.png-c52cba81e93f70408132f29a8b0ff732.ctex[39m[0m
[  34% ] [90m[1msavepack[22m | Storing File: res://assets/art/pixellab_ui_v3_approved/painted/menu_dutch.png.import[39m[0m
[  34% ] [90m[1msavepack[22m | Storing File: res://.godot/imported/menu_marv.png-0504ae9d912b2bffb6fdef081ae4a305.ctex[39m[0m
[  34% ] [90m[1msavepack[22m | Storing File: res://assets/art/pixellab_ui_v3_approved/painted/menu_marv.png.import[39m[0m
[  34% ] [90m[1msavepack[22m | Storing File: res://.godot/imported/menu_revolver.png-c0c390de456f19b611f06c19ad62043e.ctex[39m[0m
[  34% ] [90m[1msavepack[22m | Storing File: res://assets/art/pixellab_ui_v3_approved/painted/menu_revolver.png.import[39m[0m
[  34% ] [90m[1msavepack[22m | Storing File: res://.godot/imported/menu_smoke.png-2a75b38fda2103b7e75b7d0a5c8f7958.ctex[39m[0m
[  34% ] [90m[1msavepack[22m | Storing File: res://assets/art/pixellab_ui_v3_approved/painted/menu_smoke.png.import[39m[0m
[  35% ] [90m[1msavepack[22m | Storing File: res://.godot/imported/menu_tommy.png-dfe23239ddf61c36647604f0afe4433b.ctex[39m[0m
[  35% ] [90m[1msavepack[22m | Storing File: res://assets/art/pixellab_ui_v3_approved/painted/menu_tommy.png.import[39m[0m
[  35% ] [90m[1msavepack[22m | Storing File: res://.godot/imported/mirror.png-bd60fd18be9d6d713214ff55a691afaa.ctex[39m[0m
[  35% ] [90m[1msavepack[22m | Storing File: res://assets/art/pixellab_ui_v3_approved/painted/mirror.png.import[39m[0m
[  35% ] [90m[1msavepack[22m | Storing File: res://.godot/imported/mirror_dead.png-6de2007b1e1635e98d6f647d030f4405.ctex[39m[0m
[  35% ] [90m[1msavepack[22m | Storing File: res://assets/art/pixellab_ui_v3_approved/painted/mirror_dead.png.import[39m[0m
[  35% ] [90m[1msavepack[22m | Storing File: res://.godot/imported/mom_kitchen.png-d512d3ad127c237163fb79fb9f04a2d8.ctex[39m[0m
[  35% ] [90m[1msavepack[22m | Storing File: res://assets/art/pixellab_ui_v3_approved/painted/mom_kitchen.png.import[39m[0m
[  35% ] [90m[1msavepack[22m | Storing File: res://.godot/imported/motel_crime.png-d1cd22e5b19af7070fffda0f2c282f1e.ctex[39m[0m
[  35% ] [90m[1msavepack[22m | Storing File: res://assets/art/pixellab_ui_v3_approved/painted/motel_crime.png.import[39m[0m
[  35% ] [90m[1msavepack[22m | Storing File: res://.godot/imported/motel_dream.png-7db302b6e80f1d9a2ff5e4c0a737b0d9.ctex[39m[0m
[  35% ] [90m[1msavepack[22m | Storing File: res://assets/art/pixellab_ui_v3_approved/painted/motel_dream.png.import[39m[0m
[  35% ] [90m[1msavepack[22m | Storing File: res://.godot/imported/motel_night.png-2d5c01962e746a2e517d0a4638abcd89.ctex[39m[0m
[  35% ] [90m[1msavepack[22m | Storing File: res://assets/art/pixellab_ui_v3_approved/painted/motel_night.png.import[39m[0m
[  35% ] [90m[1msavepack[22m | Storing File: res://.godot/imported/news_studio_fire.png-8127031f842f4dd450716bdc4a133465.ctex[39m[0m
[  35% ] [90m[1msavepack[22m | Storing File: res://assets/art/pixellab_ui_v3_approved/painted/news_studio_fire.png.import[39m[0m
[  35% ] [90m[1msavepack[22m | Storing File: res://.godot/imported/package.png-720eb57afaf8721025c9025f68ddfdd9.ctex[39m[0m
[  35% ] [90m[1msavepack[22m | Storing File: res://assets/art/pixellab_ui_v3_approved/painted/package.png.import[39m[0m
[  35% ] [90m[1msavepack[22m | Storing File: res://.godot/imported/phone_bank.png-357e35e8cbd7d603b5cec700de88517f.ctex[39m[0m
[  35% ] [90m[1msavepack[22m | Storing File: res://assets/art/pixellab_ui_v3_approved/painted/phone_bank.png.import[39m[0m
[  35% ] [90m[1msavepack[22m | Storing File: res://.godot/imported/phone_cass.png-9ecfca6c15c8a2473406eae6068b1148.ctex[39m[0m
[  35% ] [90m[1msavepack[22m | Storing File: res://assets/art/pixellab_ui_v3_approved/painted/phone_cass.png.import[39m[0m
[  35% ] [90m[1msavepack[22m | Storing File: res://.godot/imported/phone_ringing.png-5f05efda249e64e4819059dd58c59b8a.ctex[39m[0m
[  35% ] [90m[1msavepack[22m | Storing File: res://assets/art/pixellab_ui_v3_approved/painted/phone_ringing.png.import[39m[0m
[  35% ] [90m[1msavepack[22m | Storing File: res://.godot/imported/polaroid.png-28998742bcbda2ecc0c4ef3b7a9897ae.ctex[39m[0m
[  35% ] [90m[1msavepack[22m | Storing File: res://assets/art/pixellab_ui_v3_approved/painted/polaroid.png.import[39m[0m
[  35% ] [90m[1msavepack[22m | Storing File: res://.godot/imported/poster_backdrafted.png-367449d48d3a784b6c446d1045ba3f96.ctex[39m[0m
[  35% ] [90m[1msavepack[22m | Storing File: res://assets/art/pixellab_ui_v3_approved/painted/poster_backdrafted.png.import[39m[0m
[  35% ] [90m[1msavepack[22m | Storing File: res://.godot/imported/poster_back_to_the_futon.png-fd7f247d7613063cc2648f3e38abe228.ctex[39m[0m
[  35% ] [90m[1msavepack[22m | Storing File: res://assets/art/pixellab_ui_v3_approved/painted/poster_back_to_the_futon.png.import[39m[0m
[  35% ] [90m[1msavepack[22m | Storing File: res://.godot/imported/poster_beware_of_dogg.png-c5c04fd6bbebf14d3c6840a5fb048191.ctex[39m[0m
[  35% ] [90m[1msavepack[22m | Storing File: res://assets/art/pixellab_ui_v3_approved/painted/poster_beware_of_dogg.png.import[39m[0m
[  35% ] [90m[1msavepack[22m | Storing File: res://.godot/imported/poster_die_hardly.png-250aa77509a2fb54513d84c573aaa5f3.ctex[39m[0m
[  35% ] [90m[1msavepack[22m | Storing File: res://assets/art/pixellab_ui_v3_approved/painted/poster_die_hardly.png.import[39m[0m
[  35% ] [90m[1msavepack[22m | Storing File: res://.godot/imported/poster_lost_angeles.png-e67067bbd9c1fea869f8b288cd7bb098.ctex[39m[0m
[  35% ] [90m[1msavepack[22m | Storing File: res://assets/art/pixellab_ui_v3_approved/painted/poster_lost_angeles.png.import[39m[0m
[  35% ] [90m[1msavepack[22m | Storing File: res://.godot/imported/poster_mad_maxine.png-28f05196f5956dc7c11b2e0bfa27c3a9.ctex[39m[0m
[  35% ] [90m[1msavepack[22m | Storing File: res://assets/art/pixellab_ui_v3_approved/painted/poster_mad_maxine.png.import[39m[0m
[  35% ] [90m[1msavepack[22m | Storing File: res://.godot/imported/poster_psychoe_motel.png-20b65185acc3c2e3fbe07155faaf28e7.ctex[39m[0m
[  35% ] [90m[1msavepack[22m | Storing File: res://assets/art/pixellab_ui_v3_approved/painted/poster_psychoe_motel.png.import[39m[0m
[  35% ] [90m[1msavepack[22m | Storing File: res://.godot/imported/poster_scarfaced.png-714906762647e2cfb07953e31d35cd58.ctex[39m[0m
[  35% ] [90m[1msavepack[22m | Storing File: res://assets/art/pixellab_ui_v3_approved/painted/poster_scarfaced.png.import[39m[0m
[  35% ] [90m[1msavepack[22m | Storing File: res://.godot/imported/poster_top_gum.png-c6198c60bbb74cde8fcfdd7325a9af48.ctex[39m[0m
[  35% ] [90m[1msavepack[22m | Storing File: res://assets/art/pixellab_ui_v3_approved/painted/poster_top_gum.png.import[39m[0m
[  35% ] [90m[1msavepack[22m | Storing File: res://.godot/imported/poster_tron_ish.png-d87439fec532fa4638f2627f0335446c.ctex[39m[0m
[  35% ] [90m[1msavepack[22m | Storing File: res://assets/art/pixellab_ui_v3_approved/painted/poster_tron_ish.png.import[39m[0m
[  35% ] [90m[1msavepack[22m | Storing File: res://.godot/imported/pov_test_pattern.png-ecc89776380922530c9e1925d00d80a6.ctex[39m[0m
[  35% ] [90m[1msavepack[22m | Storing File: res://assets/art/pixellab_ui_v3_approved/painted/pov_test_pattern.png.import[39m[0m
[  35% ] [90m[1msavepack[22m | Storing File: res://.godot/imported/red_dot.png-6e9c04e8060891751e9e45e47b3e6bcf.ctex[39m[0m
[  35% ] [90m[1msavepack[22m | Storing File: res://assets/art/pixellab_ui_v3_approved/painted/red_dot.png.import[39m[0m
[  35% ] [90m[1msavepack[22m | Storing File: res://.godot/imported/room_204.png-1e737e26d860292d0b25d24db599bb78.ctex[39m[0m
[  35% ] [90m[1msavepack[22m | Storing File: res://assets/art/pixellab_ui_v3_approved/painted/room_204.png.import[39m[0m
[  35% ] [90m[1msavepack[22m | Storing File: res://.godot/imported/room_204_set.png-f3713aa7b585dac6a8f21458d94f8305.ctex[39m[0m
[  35% ] [90m[1msavepack[22m | Storing File: res://assets/art/pixellab_ui_v3_approved/painted/room_204_set.png.import[39m[0m
[  35% ] [90m[1msavepack[22m | Storing File: res://.godot/imported/rudy_backstage.png-49349e8a696bf0d58249eeb1dbd8ea7c.ctex[39m[0m
[  35% ] [90m[1msavepack[22m | Storing File: res://assets/art/pixellab_ui_v3_approved/painted/rudy_backstage.png.import[39m[0m
[  35% ] [90m[1msavepack[22m | Storing File: res://.godot/imported/salvage_yard.png-660f66cb54b21c387d87b7d885cc73ea.ctex[39m[0m
[  35% ] [90m[1msavepack[22m | Storing File: res://assets/art/pixellab_ui_v3_approved/painted/salvage_yard.png.import[39m[0m
[  35% ] [90m[1msavepack[22m | Storing File: res://.godot/imported/stage_door.png-643d01cf3cb2d6d6d1421b3651687ad2.ctex[39m[0m
[  35% ] [90m[1msavepack[22m | Storing File: res://assets/art/pixellab_ui_v3_approved/painted/stage_door.png.import[39m[0m
[  35% ] [90m[1msavepack[22m | Storing File: res://.godot/imported/star_on_mirror.png-347fd0ccb1677619d210eba5ae12b568.ctex[39m[0m
[  35% ] [90m[1msavepack[22m | Storing File: res://assets/art/pixellab_ui_v3_approved/painted/star_on_mirror.png.import[39m[0m
[  35% ] [90m[1msavepack[22m | Storing File: res://.godot/imported/tommy_car.png-2daa8b010c8879a283f6fbca039cd718.ctex[39m[0m
[  35% ] [90m[1msavepack[22m | Storing File: res://assets/art/pixellab_ui_v3_approved/painted/tommy_car.png.import[39m[0m
[  35% ] [90m[1msavepack[22m | Storing File: res://.godot/imported/tommy_grin.png-2607d1761a7532c8185afe2a627b18ad.ctex[39m[0m
[  35% ] [90m[1msavepack[22m | Storing File: res://assets/art/pixellab_ui_v3_approved/painted/tommy_grin.png.import[39m[0m
[  36% ] [90m[1msavepack[22m | Storing File: res://.godot/imported/tommy_trapped.png-3d618a03a505dbbd54dbe3b632dba539.ctex[39m[0m
[  36% ] [90m[1msavepack[22m | Storing File: res://assets/art/pixellab_ui_v3_approved/painted/tommy_trapped.png.import[39m[0m
[  36% ] [90m[1msavepack[22m | Storing File: res://.godot/imported/tote_board.png-49370ed839f7a02182f05d95c80fd7bf.ctex[39m[0m
[  36% ] [90m[1msavepack[22m | Storing File: res://assets/art/pixellab_ui_v3_approved/painted/tote_board.png.import[39m[0m
[  36% ] [90m[1msavepack[22m | Storing File: res://.godot/imported/tv_mansion.png-4eef14af94c3bd4f3aed4f9cea233128.ctex[39m[0m
[  36% ] [90m[1msavepack[22m | Storing File: res://assets/art/pixellab_ui_v3_approved/painted/tv_mansion.png.import[39m[0m
[  36% ] [90m[1msavepack[22m | Storing File: res://.godot/imported/tv_news.png-9b0f298e62581213f707e025944db26a.ctex[39m[0m
[  36% ] [90m[1msavepack[22m | Storing File: res://assets/art/pixellab_ui_v3_approved/painted/tv_news.png.import[39m[0m
[  36% ] [90m[1msavepack[22m | Storing File: res://.godot/imported/t_arsenal.png-7f7431daa5fea0b11d47acb6d6ad9d0d.ctex[39m[0m
[  36% ] [90m[1msavepack[22m | Storing File: res://assets/art/pixellab_ui_v3_approved/painted/t_arsenal.png.import[39m[0m
[  36% ] [90m[1msavepack[22m | Storing File: res://.godot/imported/t_corridor.png-949502e0f55f5242edc2d9aeccbf6bde.ctex[39m[0m
[  36% ] [90m[1msavepack[22m | Storing File: res://assets/art/pixellab_ui_v3_approved/painted/t_corridor.png.import[39m[0m
[  36% ] [90m[1msavepack[22m | Storing File: res://.godot/imported/t_dogs.png-789c23383645ea60c570f180698aa511.ctex[39m[0m
[  36% ] [90m[1msavepack[22m | Storing File: res://assets/art/pixellab_ui_v3_approved/painted/t_dogs.png.import[39m[0m
[  36% ] [90m[1msavepack[22m | Storing File: res://.godot/imported/t_drive.png-ad8da25e8defce3cfe400172c5672883.ctex[39m[0m
[  36% ] [90m[1msavepack[22m | Storing File: res://assets/art/pixellab_ui_v3_approved/painted/t_drive.png.import[39m[0m
[  36% ] [90m[1msavepack[22m | Storing File: res://.godot/imported/t_fire.png-38058073fb410bdd8a9d0493eb06b30d.ctex[39m[0m
[  36% ] [90m[1msavepack[22m | Storing File: res://assets/art/pixellab_ui_v3_approved/painted/t_fire.png.import[39m[0m
[  36% ] [90m[1msavepack[22m | Storing File: res://.godot/imported/t_mansion.png-61880386d16a4256f9376d0ee72c5e2f.ctex[39m[0m
[  36% ] [90m[1msavepack[22m | Storing File: res://assets/art/pixellab_ui_v3_approved/painted/t_mansion.png.import[39m[0m
[  36% ] [90m[1msavepack[22m | Storing File: res://.godot/imported/t_marv.png-e6a316a23621e7a4c3317f38a2d06f5e.ctex[39m[0m
[  36% ] [90m[1msavepack[22m | Storing File: res://assets/art/pixellab_ui_v3_approved/painted/t_marv.png.import[39m[0m
[  36% ] [90m[1msavepack[22m | Storing File: res://.godot/imported/t_monitors.png-c21d4f97e4e0d194bfa0dacb92bd1390.ctex[39m[0m
[  36% ] [90m[1msavepack[22m | Storing File: res://assets/art/pixellab_ui_v3_approved/painted/t_monitors.png.import[39m[0m
[  36% ] [90m[1msavepack[22m | Storing File: res://.godot/imported/t_phone.png-00b7d7e7a0b20a6378e0968c4a5c3285.ctex[39m[0m
[  36% ] [90m[1msavepack[22m | Storing File: res://assets/art/pixellab_ui_v3_approved/painted/t_phone.png.import[39m[0m
[  36% ] [90m[1msavepack[22m | Storing File: res://.godot/imported/t_star.png-c07e1b5177d8a62493bd4465fd5ba078.ctex[39m[0m
[  36% ] [90m[1msavepack[22m | Storing File: res://assets/art/pixellab_ui_v3_approved/painted/t_star.png.import[39m[0m
[  36% ] [90m[1msavepack[22m | Storing File: res://.godot/imported/t_studio.png-4e721997c01f69765dbabb5b28fb9b1e.ctex[39m[0m
[  36% ] [90m[1msavepack[22m | Storing File: res://assets/art/pixellab_ui_v3_approved/painted/t_studio.png.import[39m[0m
[  36% ] [90m[1msavepack[22m | Storing File: res://.godot/imported/t_tape.png-ae7f63e6fcd1c7fb92b8c32f8a8ccbd1.ctex[39m[0m
[  36% ] [90m[1msavepack[22m | Storing File: res://assets/art/pixellab_ui_v3_approved/painted/t_tape.png.import[39m[0m
[  36% ] [90m[1msavepack[22m | Storing File: res://.godot/imported/t_walk.png-60647c0cc73e59e2079ee85e6905edfb.ctex[39m[0m
[  36% ] [90m[1msavepack[22m | Storing File: res://assets/art/pixellab_ui_v3_approved/painted/t_walk.png.import[39m[0m
[  36% ] [90m[1msavepack[22m | Storing File: res://.godot/imported/vance_boys.png-7e8d87b42e4fdf76fc55874473a0c554.ctex[39m[0m
[  36% ] [90m[1msavepack[22m | Storing File: res://assets/art/pixellab_ui_v3_approved/painted/vance_boys.png.import[39m[0m
[  36% ] [90m[1msavepack[22m | Storing File: res://.godot/imported/vhs_dream_a.png-dc47c9d64f599d6fb25897768786002f.ctex[39m[0m
[  36% ] [90m[1msavepack[22m | Storing File: res://assets/art/pixellab_ui_v3_approved/painted/vhs_dream_a.png.import[39m[0m
[  36% ] [90m[1msavepack[22m | Storing File: res://.godot/imported/vhs_dream_b.png-b8686b11f4a1a63a24835542456df572.ctex[39m[0m
[  36% ] [90m[1msavepack[22m | Storing File: res://assets/art/pixellab_ui_v3_approved/painted/vhs_dream_b.png.import[39m[0m
[  36% ] [90m[1msavepack[22m | Storing File: res://.godot/imported/vhs_dream_c.png-f883f86ad05e105a24f7b4bd5e92aa4b.ctex[39m[0m
[  36% ] [90m[1msavepack[22m | Storing File: res://assets/art/pixellab_ui_v3_approved/painted/vhs_dream_c.png.import[39m[0m
[  36% ] [90m[1msavepack[22m | Storing File: res://.godot/imported/vhs_pilot_a.png-7c8d588ab399fa306697e4f9aa6e2557.ctex[39m[0m
[  36% ] [90m[1msavepack[22m | Storing File: res://assets/art/pixellab_ui_v3_approved/painted/vhs_pilot_a.png.import[39m[0m
[  36% ] [90m[1msavepack[22m | Storing File: res://.godot/imported/vhs_pilot_b.png-b9d8a0f725c551a614e50d9224d68bef.ctex[39m[0m
[  36% ] [90m[1msavepack[22m | Storing File: res://assets/art/pixellab_ui_v3_approved/painted/vhs_pilot_b.png.import[39m[0m
[  36% ] [90m[1msavepack[22m | Storing File: res://.godot/imported/vhs_pilot_c.png-4f7f9a23024ed8fde570c2be234c5a6c.ctex[39m[0m
[  36% ] [90m[1msavepack[22m | Storing File: res://assets/art/pixellab_ui_v3_approved/painted/vhs_pilot_c.png.import[39m[0m
[  36% ] [90m[1msavepack[22m | Storing File: res://.godot/imported/vhs_roll7_a.png-11b369dd076aff54651b16d302b61105.ctex[39m[0m
[  36% ] [90m[1msavepack[22m | Storing File: res://assets/art/pixellab_ui_v3_approved/painted/vhs_roll7_a.png.import[39m[0m
[  36% ] [90m[1msavepack[22m | Storing File: res://.godot/imported/vhs_roll7_b.png-4846217820ed4db99d0b71facb52829d.ctex[39m[0m
[  36% ] [90m[1msavepack[22m | Storing File: res://assets/art/pixellab_ui_v3_approved/painted/vhs_roll7_b.png.import[39m[0m
[  36% ] [90m[1msavepack[22m | Storing File: res://.godot/imported/vhs_roll7_c.png-514be712980b89358c273b8eefd19044.ctex[39m[0m
[  36% ] [90m[1msavepack[22m | Storing File: res://assets/art/pixellab_ui_v3_approved/painted/vhs_roll7_c.png.import[39m[0m
[  36% ] [90m[1msavepack[22m | Storing File: res://.godot/imported/vhs_vance_a.png-cfd854c3602386207846bc534a11ecc9.ctex[39m[0m
[  36% ] [90m[1msavepack[22m | Storing File: res://assets/art/pixellab_ui_v3_approved/painted/vhs_vance_a.png.import[39m[0m
[  36% ] [90m[1msavepack[22m | Storing File: res://.godot/imported/vhs_vance_b.png-59e95aec90f5887955a993847c8a41f9.ctex[39m[0m
[  36% ] [90m[1msavepack[22m | Storing File: res://assets/art/pixellab_ui_v3_approved/painted/vhs_vance_b.png.import[39m[0m
[  36% ] [90m[1msavepack[22m | Storing File: res://.godot/imported/vhs_vance_c.png-9707472c66fde7a938dcb5fec4c6f956.ctex[39m[0m
[  36% ] [90m[1msavepack[22m | Storing File: res://assets/art/pixellab_ui_v3_approved/painted/vhs_vance_c.png.import[39m[0m
[  36% ] [90m[1msavepack[22m | Storing File: res://.godot/imported/villa_gate.png-b59da1e742b8bb756bb35fef6029a12d.ctex[39m[0m
[  36% ] [90m[1msavepack[22m | Storing File: res://assets/art/pixellab_ui_v3_approved/painted/villa_gate.png.import[39m[0m
[  36% ] [90m[1msavepack[22m | Storing File: res://.godot/imported/wake_motel.png-994b22952460f0a397d0d51fb6ab924b.ctex[39m[0m
[  36% ] [90m[1msavepack[22m | Storing File: res://assets/art/pixellab_ui_v3_approved/painted/wake_motel.png.import[39m[0m
[  37% ] [90m[1msavepack[22m | Storing File: res://.godot/imported/wrap_party.png-296c02a50febcea7635320115c147880.ctex[39m[0m
[  37% ] [90m[1msavepack[22m | Storing File: res://assets/art/pixellab_ui_v3_approved/painted/wrap_party.png.import[39m[0m
[  37% ] [90m[1msavepack[22m | Storing File: res://.godot/imported/wreck.png-554eb259db4bad04ce42a7879e4e2165.ctex[39m[0m
[  37% ] [90m[1msavepack[22m | Storing File: res://assets/art/pixellab_ui_v3_approved/painted/wreck.png.import[39m[0m
[  37% ] [90m[1msavepack[22m | Storing File: res://.godot/imported/yermo_office.png-b8ce63db4bed685c37cdcb65ce209bee.ctex[39m[0m
[  37% ] [90m[1msavepack[22m | Storing File: res://assets/art/pixellab_ui_v3_approved/painted/yermo_office.png.import[39m[0m
[  37% ] [90m[1msavepack[22m | Storing File: res://.godot/imported/anchor.png-5442c90ea8fbc5c3545148a834803065.ctex[39m[0m
[  37% ] [90m[1msavepack[22m | Storing File: res://assets/art/pixellab_ui_v3_approved/portraits/anchor.png.import[39m[0m
[  37% ] [90m[1msavepack[22m | Storing File: res://.godot/imported/arlo.png-ec9f7584aadba0ec2da59cfc1df3dfa6.ctex[39m[0m
[  37% ] [90m[1msavepack[22m | Storing File: res://assets/art/pixellab_ui_v3_approved/portraits/arlo.png.import[39m[0m
[  37% ] [90m[1msavepack[22m | Storing File: res://.godot/imported/buck.png-5f94b4f4c6df2da17bdffd74cdd9ecd7.ctex[39m[0m
[  37% ] [90m[1msavepack[22m | Storing File: res://assets/art/pixellab_ui_v3_approved/portraits/buck.png.import[39m[0m
[  37% ] [90m[1msavepack[22m | Storing File: res://.godot/imported/cass_star.rejected.png-007f2da1604f848d4f93e14890b676eb.ctex[39m[0m
[  37% ] [90m[1msavepack[22m | Storing File: res://assets/art/pixellab_ui_v3_approved/portraits/cass_star.rejected.png.import[39m[0m
[  37% ] [90m[1msavepack[22m | Storing File: res://.godot/imported/dana.png-073dbe81d619e152025aeedc3fb7a8b6.ctex[39m[0m
[  37% ] [90m[1msavepack[22m | Storing File: res://assets/art/pixellab_ui_v3_approved/portraits/dana.png.import[39m[0m
[  37% ] [90m[1msavepack[22m | Storing File: res://.godot/imported/dead.png-782b076a6f7d0e7a0a1858442cb57d3c.ctex[39m[0m
[  37% ] [90m[1msavepack[22m | Storing File: res://assets/art/pixellab_ui_v3_approved/portraits/dead.png.import[39m[0m
[  37% ] [90m[1msavepack[22m | Storing File: res://.godot/imported/director.png-e4fdd64eda71a49764cb60afdbf4852a.ctex[39m[0m
[  37% ] [90m[1msavepack[22m | Storing File: res://assets/art/pixellab_ui_v3_approved/portraits/director.png.import[39m[0m
[  37% ] [90m[1msavepack[22m | Storing File: res://.godot/imported/dutch.png-f7a9b22eb5e119101c83e25b24f26d56.ctex[39m[0m
[  37% ] [90m[1msavepack[22m | Storing File: res://assets/art/pixellab_ui_v3_approved/portraits/dutch.png.import[39m[0m
[  37% ] [90m[1msavepack[22m | Storing File: res://.godot/imported/earl.png-f8fa60539b963bd50599119fae74ec50.ctex[39m[0m
[  37% ] [90m[1msavepack[22m | Storing File: res://assets/art/pixellab_ui_v3_approved/portraits/earl.png.import[39m[0m
[  37% ] [90m[1msavepack[22m | Storing File: res://.godot/imported/enemy_bellhop.png-fab46e6832e8018d19911b25319b459f.ctex[39m[0m
[  37% ] [90m[1msavepack[22m | Storing File: res://assets/art/pixellab_ui_v3_approved/portraits/enemy_bellhop.png.import[39m[0m
[  37% ] [90m[1msavepack[22m | Storing File: res://.godot/imported/enemy_biker.png-19e4b1d39a33c10479530388f3c5d788.ctex[39m[0m
[  37% ] [90m[1msavepack[22m | Storing File: res://assets/art/pixellab_ui_v3_approved/portraits/enemy_biker.png.import[39m[0m
[  37% ] [90m[1msavepack[22m | Storing File: res://.godot/imported/enemy_civilian.png-dd42b804cc0e8073a5dfdbf19d25b354.ctex[39m[0m
[  37% ] [90m[1msavepack[22m | Storing File: res://assets/art/pixellab_ui_v3_approved/portraits/enemy_civilian.png.import[39m[0m
[  37% ] [90m[1msavepack[22m | Storing File: res://.godot/imported/enemy_cultist.png-dd6b82af555aaeef24fc81da1613f596.ctex[39m[0m
[  37% ] [90m[1msavepack[22m | Storing File: res://assets/art/pixellab_ui_v3_approved/portraits/enemy_cultist.png.import[39m[0m
[  37% ] [90m[1msavepack[22m | Storing File: res://.godot/imported/enemy_demon.png-c3507fa4489f14e305b7ffe8dfe3b4b9.ctex[39m[0m
[  37% ] [90m[1msavepack[22m | Storing File: res://assets/art/pixellab_ui_v3_approved/portraits/enemy_demon.png.import[39m[0m
[  37% ] [90m[1msavepack[22m | Storing File: res://.godot/imported/enemy_ghoul.png-4b37c24287b62d521de8c4f528d9bb55.ctex[39m[0m
[  37% ] [90m[1msavepack[22m | Storing File: res://assets/art/pixellab_ui_v3_approved/portraits/enemy_ghoul.png.import[39m[0m
[  37% ] [90m[1msavepack[22m | Storing File: res://.godot/imported/enemy_guard.png-cf6f409bbbf7570a8d8451ca05960316.ctex[39m[0m
[  37% ] [90m[1msavepack[22m | Storing File: res://assets/art/pixellab_ui_v3_approved/portraits/enemy_guard.png.import[39m[0m
[  37% ] [90m[1msavepack[22m | Storing File: res://.godot/imported/enemy_gunner.png-1db2962786366b8cb45cac60e2c0670e.ctex[39m[0m
[  37% ] [90m[1msavepack[22m | Storing File: res://assets/art/pixellab_ui_v3_approved/portraits/enemy_gunner.png.import[39m[0m
[  37% ] [90m[1msavepack[22m | Storing File: res://.godot/imported/enemy_handler.png-2cad058706f963912ab671a2d6903048.ctex[39m[0m
[  37% ] [90m[1msavepack[22m | Storing File: res://assets/art/pixellab_ui_v3_approved/portraits/enemy_handler.png.import[39m[0m
[  37% ] [90m[1msavepack[22m | Storing File: res://.godot/imported/enemy_heavy.png-534c8a3820587d7b4f7962405c98a53f.ctex[39m[0m
[  37% ] [90m[1msavepack[22m | Storing File: res://assets/art/pixellab_ui_v3_approved/portraits/enemy_heavy.png.import[39m[0m
[  37% ] [90m[1msavepack[22m | Storing File: res://.godot/imported/enemy_hunter.png-3056f1be964a402918043e879e298d53.ctex[39m[0m
[  37% ] [90m[1msavepack[22m | Storing File: res://assets/art/pixellab_ui_v3_approved/portraits/enemy_hunter.png.import[39m[0m
[  37% ] [90m[1msavepack[22m | Storing File: res://.godot/imported/enemy_riot.png-b299fc37f8e8a4d77349e15b6d073c8a.ctex[39m[0m
[  37% ] [90m[1msavepack[22m | Storing File: res://assets/art/pixellab_ui_v3_approved/portraits/enemy_riot.png.import[39m[0m
[  37% ] [90m[1msavepack[22m | Storing File: res://.godot/imported/enemy_scout.png-4d7b1765405275c49565f9ac41760f5d.ctex[39m[0m
[  37% ] [90m[1msavepack[22m | Storing File: res://assets/art/pixellab_ui_v3_approved/portraits/enemy_scout.png.import[39m[0m
[  37% ] [90m[1msavepack[22m | Storing File: res://.godot/imported/enemy_scrapper.png-e61713440ad949bf73fd3285d68210d4.ctex[39m[0m
[  37% ] [90m[1msavepack[22m | Storing File: res://assets/art/pixellab_ui_v3_approved/portraits/enemy_scrapper.png.import[39m[0m
[  37% ] [90m[1msavepack[22m | Storing File: res://.godot/imported/enemy_security.png-15efe4c38f9c439e362e000d55e32940.ctex[39m[0m
[  37% ] [90m[1msavepack[22m | Storing File: res://assets/art/pixellab_ui_v3_approved/portraits/enemy_security.png.import[39m[0m
[  37% ] [90m[1msavepack[22m | Storing File: res://.godot/imported/enemy_sniper.png-3c18ac3c8f0e25c1500054fb13701315.ctex[39m[0m
[  37% ] [90m[1msavepack[22m | Storing File: res://assets/art/pixellab_ui_v3_approved/portraits/enemy_sniper.png.import[39m[0m
[  37% ] [90m[1msavepack[22m | Storing File: res://.godot/imported/enemy_stagehand.png-4bd5e15f8e6f016188fd46c37643ee13.ctex[39m[0m
[  37% ] [90m[1msavepack[22m | Storing File: res://assets/art/pixellab_ui_v3_approved/portraits/enemy_stagehand.png.import[39m[0m
[  37% ] [90m[1msavepack[22m | Storing File: res://.godot/imported/enemy_welder.png-75d6110063160480adbdfe9e27f9096a.ctex[39m[0m
[  37% ] [90m[1msavepack[22m | Storing File: res://assets/art/pixellab_ui_v3_approved/portraits/enemy_welder.png.import[39m[0m
[  37% ] [90m[1msavepack[22m | Storing File: res://.godot/imported/enemy_zombie.png-497c1e14305509b6efc20768b56d86e0.ctex[39m[0m
[  37% ] [90m[1msavepack[22m | Storing File: res://assets/art/pixellab_ui_v3_approved/portraits/enemy_zombie.png.import[39m[0m
[  37% ] [90m[1msavepack[22m | Storing File: res://.godot/imported/guard.png-001d5ad900242b8e2a3c140d0a5226b4.ctex[39m[0m
[  37% ] [90m[1msavepack[22m | Storing File: res://assets/art/pixellab_ui_v3_approved/portraits/guard.png.import[39m[0m
[  38% ] [90m[1msavepack[22m | Storing File: res://.godot/imported/harcourt.png-97d5c0d782bd8860f74cd55c9a8a9185.ctex[39m[0m
[  38% ] [90m[1msavepack[22m | Storing File: res://assets/art/pixellab_ui_v3_approved/portraits/harcourt.png.import[39m[0m
[  38% ] [90m[1msavepack[22m | Storing File: res://.godot/imported/machine.png-34d8b7af28f025a33589b251afea1901.ctex[39m[0m
[  38% ] [90m[1msavepack[22m | Storing File: res://assets/art/pixellab_ui_v3_approved/portraits/machine.png.import[39m[0m
[  38% ] [90m[1msavepack[22m | Storing File: res://.godot/imported/marv.png-d6b3755c235d6e44a396127ecfc7b676.ctex[39m[0m
[  38% ] [90m[1msavepack[22m | Storing File: res://assets/art/pixellab_ui_v3_approved/portraits/marv.png.import[39m[0m
[  38% ] [90m[1msavepack[22m | Storing File: res://.godot/imported/mom.png-ca4b72942207cc9c67b6149634a0355c.ctex[39m[0m
[  38% ] [90m[1msavepack[22m | Storing File: res://assets/art/pixellab_ui_v3_approved/portraits/mom.png.import[39m[0m
[  38% ] [90m[1msavepack[22m | Storing File: res://.godot/imported/pa.png-d7de7b73008828658038392681d81eca.ctex[39m[0m
[  38% ] [90m[1msavepack[22m | Storing File: res://assets/art/pixellab_ui_v3_approved/portraits/pa.png.import[39m[0m
[  38% ] [90m[1msavepack[22m | Storing File: res://.godot/imported/rudy.png-33b970ac4eb5e3d028f99de4eb230735.ctex[39m[0m
[  38% ] [90m[1msavepack[22m | Storing File: res://assets/art/pixellab_ui_v3_approved/portraits/rudy.png.import[39m[0m
[  38% ] [90m[1msavepack[22m | Storing File: res://.godot/imported/tommy.png-685472716ef1d02559bf564c551bcac5.ctex[39m[0m
[  38% ] [90m[1msavepack[22m | Storing File: res://assets/art/pixellab_ui_v3_approved/portraits/tommy.png.import[39m[0m
[  38% ] [90m[1msavepack[22m | Storing File: res://.godot/imported/tommy_burnt.png-de6cf8cfd57f0567668d3b0815b88552.ctex[39m[0m
[  38% ] [90m[1msavepack[22m | Storing File: res://assets/art/pixellab_ui_v3_approved/portraits/tommy_burnt.png.import[39m[0m
[  38% ] [90m[1msavepack[22m | Storing File: res://.godot/imported/voice.png-fd5de1a46b0e087290fa4e42aa756716.ctex[39m[0m
[  38% ] [90m[1msavepack[22m | Storing File: res://assets/art/pixellab_ui_v3_approved/portraits/voice.png.import[39m[0m
[  38% ] [90m[1msavepack[22m | Storing File: res://.godot/imported/jukebox_checkout_time.png-f4303b2c62ffbcfe5dc3b266b1aeadb7.ctex[39m[0m
[  38% ] [90m[1msavepack[22m | Storing File: res://assets/art/pixellab_ui_v3_approved/jukebox_checkout_time.png.import[39m[0m
[  38% ] [90m[1msavepack[22m | Storing File: res://.godot/imported/jukebox_dog_days.png-e843610d2dd4fcd93968e135202630e4.ctex[39m[0m
[  38% ] [90m[1msavepack[22m | Storing File: res://assets/art/pixellab_ui_v3_approved/jukebox_dog_days.png.import[39m[0m
[  38% ] [90m[1msavepack[22m | Storing File: res://.godot/imported/jukebox_menu_openai.png-01b5b3f3ae0f740b6ecfddba45d06358.ctex[39m[0m
[  38% ] [90m[1msavepack[22m | Storing File: res://assets/art/pixellab_ui_v3_approved/jukebox_menu_openai.png.import[39m[0m
[  38% ] [90m[1msavepack[22m | Storing File: res://.godot/imported/jukebox_prime_time.png-204ba6cb5c4033282bef299ecaf3e841.ctex[39m[0m
[  38% ] [90m[1msavepack[22m | Storing File: res://assets/art/pixellab_ui_v3_approved/jukebox_prime_time.png.import[39m[0m
[  38% ] [90m[1msavepack[22m | Storing File: res://.godot/imported/jukebox_vcr_rewind.png-43735499a645baa7801e46304a112a13.ctex[39m[0m
[  38% ] [90m[1msavepack[22m | Storing File: res://assets/art/pixellab_ui_v3_approved/jukebox_vcr_rewind.png.import[39m[0m
[  38% ] [90m[1msavepack[22m | Storing File: res://.godot/imported/jukebox_vengeance_served_cold.png-9f300c6d72880d62787e2edccde5de9d.ctex[39m[0m
[  38% ] [90m[1msavepack[22m | Storing File: res://assets/art/pixellab_ui_v3_approved/jukebox_vengeance_served_cold.png.import[39m[0m
[  38% ] [90m[1msavepack[22m | Storing File: res://.godot/imported/jukebox_villa_estrella.png-c74274aa25d6c2eb1d4a8a42f5073505.ctex[39m[0m
[  38% ] [90m[1msavepack[22m | Storing File: res://assets/art/pixellab_ui_v3_approved/jukebox_villa_estrella.png.import[39m[0m
[  38% ] [90m[1msavepack[22m | Storing File: res://.godot/imported/splash_background_openai.png-e337a061e58ffa788f353bd165ff189d.ctex[39m[0m
[  38% ] [90m[1msavepack[22m | Storing File: res://assets/art/pixellab_ui_v3_approved/splash_background_openai.png.import[39m[0m
[  38% ] [90m[1msavepack[22m | Storing File: res://.godot/imported/studio_logo_openai.png-a3629575b5a97a3b08087c5403ae1ab5.ctex[39m[0m
[  38% ] [90m[1msavepack[22m | Storing File: res://assets/art/pixellab_ui_v3_approved/studio_logo_openai.png.import[39m[0m
[  38% ] [90m[1msavepack[22m | Storing File: res://.godot/imported/asphalt.png-919b1325c33c8b43daccd62db53d873b.ctex[39m[0m
[  38% ] [90m[1msavepack[22m | Storing File: res://assets/art/pixellab_world/floors/asphalt.png.import[39m[0m
[  38% ] [90m[1msavepack[22m | Storing File: res://.godot/imported/carpet.png-9361e95b05f715ca50b39d03f0a55ade.ctex[39m[0m
[  38% ] [90m[1msavepack[22m | Storing File: res://assets/art/pixellab_world/floors/carpet.png.import[39m[0m
[  38% ] [90m[1msavepack[22m | Storing File: res://.godot/imported/concrete.png-ee65cac545d5ca6c6a8862a1c20e7952.ctex[39m[0m
[  38% ] [90m[1msavepack[22m | Storing File: res://assets/art/pixellab_world/floors/concrete.png.import[39m[0m
[  38% ] [90m[1msavepack[22m | Storing File: res://.godot/imported/dirt.png-1a04ea1d0fa46d023a074b50b5335f46.ctex[39m[0m
[  38% ] [90m[1msavepack[22m | Storing File: res://assets/art/pixellab_world/floors/dirt.png.import[39m[0m
[  38% ] [90m[1msavepack[22m | Storing File: res://.godot/imported/grass.png-cbc21f283d9d83a9b792bec399fcd667.ctex[39m[0m
[  38% ] [90m[1msavepack[22m | Storing File: res://assets/art/pixellab_world/floors/grass.png.import[39m[0m
[  38% ] [90m[1msavepack[22m | Storing File: res://.godot/imported/marble.png-45cf632f7e7746f107cb5fbcec73d914.ctex[39m[0m
[  38% ] [90m[1msavepack[22m | Storing File: res://assets/art/pixellab_world/floors/marble.png.import[39m[0m
[  38% ] [90m[1msavepack[22m | Storing File: res://.godot/imported/pool_water.png-3fc8838297776d2b24bdcc2119a7b0a8.ctex[39m[0m
[  38% ] [90m[1msavepack[22m | Storing File: res://assets/art/pixellab_world/floors/pool_water.png.import[39m[0m
[  38% ] [90m[1msavepack[22m | Storing File: res://.godot/imported/rug.png-7b7208f4932b78d9d28e83324cc9b3b9.ctex[39m[0m
[  38% ] [90m[1msavepack[22m | Storing File: res://assets/art/pixellab_world/floors/rug.png.import[39m[0m
[  38% ] [90m[1msavepack[22m | Storing File: res://.godot/imported/stage.png-84590d2e352ea339169164191d194656.ctex[39m[0m
[  38% ] [90m[1msavepack[22m | Storing File: res://assets/art/pixellab_world/floors/stage.png.import[39m[0m
[  38% ] [90m[1msavepack[22m | Storing File: res://.godot/imported/steel.png-2e4a59bc11c160e66c38bf9157be9a85.ctex[39m[0m
[  38% ] [90m[1msavepack[22m | Storing File: res://assets/art/pixellab_world/floors/steel.png.import[39m[0m
[  38% ] [90m[1msavepack[22m | Storing File: res://.godot/imported/tile.png-8486413c2837e9e873f178f353134dee.ctex[39m[0m
[  38% ] [90m[1msavepack[22m | Storing File: res://assets/art/pixellab_world/floors/tile.png.import[39m[0m
[  38% ] [90m[1msavepack[22m | Storing File: res://.godot/imported/wall_motel.png-fd46dca314a947cc4c229720d9a503d7.ctex[39m[0m
[  38% ] [90m[1msavepack[22m | Storing File: res://assets/art/pixellab_world/floors/wall_motel.png.import[39m[0m
[  38% ] [90m[1msavepack[22m | Storing File: res://.godot/imported/wall_salvage.png-38f54790397dcea0b5152551f8e5513f.ctex[39m[0m
[  38% ] [90m[1msavepack[22m | Storing File: res://assets/art/pixellab_world/floors/wall_salvage.png.import[39m[0m
[  38% ] [90m[1msavepack[22m | Storing File: res://.godot/imported/wall_studio.png-428f849474a82bc72e641cf816ab38f7.ctex[39m[0m
[  38% ] [90m[1msavepack[22m | Storing File: res://assets/art/pixellab_world/floors/wall_studio.png.import[39m[0m
[  38% ] [90m[1msavepack[22m | Storing File: res://.godot/imported/wall_villa.png-d633e775fbfeea4909fb0283867b6ff5.ctex[39m[0m
[  38% ] [90m[1msavepack[22m | Storing File: res://assets/art/pixellab_world/floors/wall_villa.png.import[39m[0m
[  39% ] [90m[1msavepack[22m | Storing File: res://.godot/imported/wood.png-fcbc662e01276682143260f92f1749c9.ctex[39m[0m
[  39% ] [90m[1msavepack[22m | Storing File: res://assets/art/pixellab_world/floors/wood.png.import[39m[0m
[  39% ] [90m[1msavepack[22m | Storing File: res://.godot/imported/arcade.png-8e7a89c5a84a1882eafbadd47dd6a176.ctex[39m[0m
[  39% ] [90m[1msavepack[22m | Storing File: res://assets/art/pixellab_world/sprites/arcade.png.import[39m[0m
[  39% ] [90m[1msavepack[22m | Storing File: res://.godot/imported/armchair.png-5457fa06948750ecb522e44e069602ba.ctex[39m[0m
[  39% ] [90m[1msavepack[22m | Storing File: res://assets/art/pixellab_world/sprites/armchair.png.import[39m[0m
[  39% ] [90m[1msavepack[22m | Storing File: res://.godot/imported/bar_cart.png-19d54f7ab7e78b7ef24b05a8cd58e07e.ctex[39m[0m
[  39% ] [90m[1msavepack[22m | Storing File: res://assets/art/pixellab_world/sprites/bar_cart.png.import[39m[0m
[  39% ] [90m[1msavepack[22m | Storing File: res://.godot/imported/bed.png-8234a370d57e4058617e14f1fa62471b.ctex[39m[0m
[  39% ] [90m[1msavepack[22m | Storing File: res://assets/art/pixellab_world/sprites/bed.png.import[39m[0m
[  39% ] [90m[1msavepack[22m | Storing File: res://.godot/imported/bookshelf.png-30dd605b9f2d2f95977d04f2d36facd9.ctex[39m[0m
[  39% ] [90m[1msavepack[22m | Storing File: res://assets/art/pixellab_world/sprites/bookshelf.png.import[39m[0m
[  39% ] [90m[1msavepack[22m | Storing File: res://.godot/imported/buffet_table.png-9adae5765311c07fdc25f08976699445.ctex[39m[0m
[  39% ] [90m[1msavepack[22m | Storing File: res://assets/art/pixellab_world/sprites/buffet_table.png.import[39m[0m
[  39% ] [90m[1msavepack[22m | Storing File: res://.godot/imported/cage.png-921a85a297921ef7082d44d1930d9f52.ctex[39m[0m
[  39% ] [90m[1msavepack[22m | Storing File: res://assets/art/pixellab_world/sprites/cage.png.import[39m[0m
[  39% ] [90m[1msavepack[22m | Storing File: res://.godot/imported/camera_dolly.png-a15c4b220785e86cb996793cfb7f1b31.ctex[39m[0m
[  39% ] [90m[1msavepack[22m | Storing File: res://assets/art/pixellab_world/sprites/camera_dolly.png.import[39m[0m
[  39% ] [90m[1msavepack[22m | Storing File: res://.godot/imported/camera_rig.png-27f29b9a788695ef5e5a2143c7cbfe79.ctex[39m[0m
[  39% ] [90m[1msavepack[22m | Storing File: res://assets/art/pixellab_world/sprites/camera_rig.png.import[39m[0m
[  39% ] [90m[1msavepack[22m | Storing File: res://.godot/imported/candelabra.png-4e6baf7be1d91bd225a7bf47760582a0.ctex[39m[0m
[  39% ] [90m[1msavepack[22m | Storing File: res://assets/art/pixellab_world/sprites/candelabra.png.import[39m[0m
[  39% ] [90m[1msavepack[22m | Storing File: res://.godot/imported/cardboard_box.png-9b076948efee2c01f06ba4f762d55367.ctex[39m[0m
[  39% ] [90m[1msavepack[22m | Storing File: res://assets/art/pixellab_world/sprites/cardboard_box.png.import[39m[0m
[  39% ] [90m[1msavepack[22m | Storing File: res://.godot/imported/car_black.png-8bae3fc078b071faa107d4837d8ae4bb.ctex[39m[0m
[  39% ] [90m[1msavepack[22m | Storing File: res://assets/art/pixellab_world/sprites/car_black.png.import[39m[0m
[  39% ] [90m[1msavepack[22m | Storing File: res://.godot/imported/car_blue.png-4e51c84436db1739bf9b45dca607e56b.ctex[39m[0m
[  39% ] [90m[1msavepack[22m | Storing File: res://assets/art/pixellab_world/sprites/car_blue.png.import[39m[0m
[  39% ] [90m[1msavepack[22m | Storing File: res://.godot/imported/car_hero.png-123ec4ec7fd1608e26e0b71604c8cf74.ctex[39m[0m
[  39% ] [90m[1msavepack[22m | Storing File: res://assets/art/pixellab_world/sprites/car_hero.png.import[39m[0m
[  39% ] [90m[1msavepack[22m | Storing File: res://.godot/imported/car_police.png-08900e810bbad75aebb1d76903fcd36d.ctex[39m[0m
[  39% ] [90m[1msavepack[22m | Storing File: res://assets/art/pixellab_world/sprites/car_police.png.import[39m[0m
[  39% ] [90m[1msavepack[22m | Storing File: res://.godot/imported/car_red.png-a6fd9faf72b3460071d6a5461f43cdbf.ctex[39m[0m
[  39% ] [90m[1msavepack[22m | Storing File: res://assets/art/pixellab_world/sprites/car_red.png.import[39m[0m
[  39% ] [90m[1msavepack[22m | Storing File: res://.godot/imported/car_white.png-d2793577aefcb6b5524962ad542f4501.ctex[39m[0m
[  39% ] [90m[1msavepack[22m | Storing File: res://assets/art/pixellab_world/sprites/car_white.png.import[39m[0m
[  39% ] [90m[1msavepack[22m | Storing File: res://.godot/imported/champagne_tower.png-024757c5d1abdea7d452d75eb228b254.ctex[39m[0m
[  39% ] [90m[1msavepack[22m | Storing File: res://assets/art/pixellab_world/sprites/champagne_tower.png.import[39m[0m
[  39% ] [90m[1msavepack[22m | Storing File: res://.godot/imported/chandelier.png-b305c50cfa63f7dcf81c8613463b2e80.ctex[39m[0m
[  39% ] [90m[1msavepack[22m | Storing File: res://assets/art/pixellab_world/sprites/chandelier.png.import[39m[0m
[  39% ] [90m[1msavepack[22m | Storing File: res://.godot/imported/cigarette.png-f6ea39014240c2077b944c8325029a8b.ctex[39m[0m
[  39% ] [90m[1msavepack[22m | Storing File: res://assets/art/pixellab_world/sprites/cigarette.png.import[39m[0m
[  39% ] [90m[1msavepack[22m | Storing File: res://.godot/imported/clothes_rack.png-0edea1d0c58ced61728629424fec2335.ctex[39m[0m
[  39% ] [90m[1msavepack[22m | Storing File: res://assets/art/pixellab_world/sprites/clothes_rack.png.import[39m[0m
[  39% ] [90m[1msavepack[22m | Storing File: res://.godot/imported/clutter_ashtray.png-d38ed82c179e601ca17887d328c54576.ctex[39m[0m
[  39% ] [90m[1msavepack[22m | Storing File: res://assets/art/pixellab_world/sprites/clutter_ashtray.png.import[39m[0m
[  39% ] [90m[1msavepack[22m | Storing File: res://.godot/imported/clutter_bottles.png-bc6b9bf7c8f1ed00372ce7e94dec22d6.ctex[39m[0m
[  39% ] [90m[1msavepack[22m | Storing File: res://assets/art/pixellab_world/sprites/clutter_bottles.png.import[39m[0m
[  39% ] [90m[1msavepack[22m | Storing File: res://.godot/imported/clutter_cans.png-b362fbc30d180b4d713309a971673608.ctex[39m[0m
[  39% ] [90m[1msavepack[22m | Storing File: res://assets/art/pixellab_world/sprites/clutter_cans.png.import[39m[0m
[  39% ] [90m[1msavepack[22m | Storing File: res://.godot/imported/clutter_chain.png-730156b533cee4b0f1589eacdd04f149.ctex[39m[0m
[  39% ] [90m[1msavepack[22m | Storing File: res://assets/art/pixellab_world/sprites/clutter_chain.png.import[39m[0m
[  39% ] [90m[1msavepack[22m | Storing File: res://.godot/imported/clutter_dog_bowl.png-a00322bf5858366dbebebab5423c1a01.ctex[39m[0m
[  39% ] [90m[1msavepack[22m | Storing File: res://assets/art/pixellab_world/sprites/clutter_dog_bowl.png.import[39m[0m
[  39% ] [90m[1msavepack[22m | Storing File: res://.godot/imported/clutter_floor_stains.png-393a6b4a0df3ad1036b182da09448e88.ctex[39m[0m
[  39% ] [90m[1msavepack[22m | Storing File: res://assets/art/pixellab_world/sprites/clutter_floor_stains.png.import[39m[0m
[  39% ] [90m[1msavepack[22m | Storing File: res://.godot/imported/clutter_hubcap.png-fa7dc8aa889186e33fe5cc87363b4766.ctex[39m[0m
[  39% ] [90m[1msavepack[22m | Storing File: res://assets/art/pixellab_world/sprites/clutter_hubcap.png.import[39m[0m
[  39% ] [90m[1msavepack[22m | Storing File: res://.godot/imported/clutter_tools.png-c293b61c01b7c9b108622c2d004d6766.ctex[39m[0m
[  39% ] [90m[1msavepack[22m | Storing File: res://assets/art/pixellab_world/sprites/clutter_tools.png.import[39m[0m
[  39% ] [90m[1msavepack[22m | Storing File: res://.godot/imported/cocktail_table.png-5a4ecd043db006514369c623381c199c.ctex[39m[0m
[  39% ] [90m[1msavepack[22m | Storing File: res://assets/art/pixellab_world/sprites/cocktail_table.png.import[39m[0m
[  39% ] [90m[1msavepack[22m | Storing File: res://.godot/imported/coffee_table.png-4452b0036e63bfc063fb657d70509464.ctex[39m[0m
[  39% ] [90m[1msavepack[22m | Storing File: res://assets/art/pixellab_world/sprites/coffee_table.png.import[39m[0m
[  40% ] [90m[1msavepack[22m | Storing File: res://.godot/imported/coffin.png-de138add8bf3bf9bb4cb9b99e41738bb.ctex[39m[0m
[  40% ] [90m[1msavepack[22m | Storing File: res://assets/art/pixellab_world/sprites/coffin.png.import[39m[0m
[  40% ] [90m[1msavepack[22m | Storing File: res://.godot/imported/combat_blood_shells.png-ff306c285b7c8ff726566573ee5618d8.ctex[39m[0m
[  40% ] [90m[1msavepack[22m | Storing File: res://assets/art/pixellab_world/sprites/combat_blood_shells.png.import[39m[0m
[  40% ] [90m[1msavepack[22m | Storing File: res://.godot/imported/combat_poker_table.png-c322743ea97fce8ec7d167f4b5eeef74.ctex[39m[0m
[  40% ] [90m[1msavepack[22m | Storing File: res://assets/art/pixellab_world/sprites/combat_poker_table.png.import[39m[0m
[  40% ] [90m[1msavepack[22m | Storing File: res://.godot/imported/crate.png-03228d8c5f02431b28fd588d339d96c3.ctex[39m[0m
[  40% ] [90m[1msavepack[22m | Storing File: res://assets/art/pixellab_world/sprites/crate.png.import[39m[0m
[  40% ] [90m[1msavepack[22m | Storing File: res://.godot/imported/cutscene_motel_concept.png-33fa922d58692273c23ed18fd1b5e75c.ctex[39m[0m
[  40% ] [90m[1msavepack[22m | Storing File: res://assets/art/pixellab_world/sprites/cutscene_motel_concept.png.import[39m[0m
[  40% ] [90m[1msavepack[22m | Storing File: res://.godot/imported/decal_blood.png-cbeb4f8a9437e9b9f6f575a76265e960.ctex[39m[0m
[  40% ] [90m[1msavepack[22m | Storing File: res://assets/art/pixellab_world/sprites/decal_blood.png.import[39m[0m
[  40% ] [90m[1msavepack[22m | Storing File: res://.godot/imported/decal_scorch.png-de23f95738790b2ca4cb7b26aed71ee4.ctex[39m[0m
[  40% ] [90m[1msavepack[22m | Storing File: res://assets/art/pixellab_world/sprites/decal_scorch.png.import[39m[0m
[  40% ] [90m[1msavepack[22m | Storing File: res://.godot/imported/desk.png-4c82ade23d2cfacbaee45300a44e7dbd.ctex[39m[0m
[  40% ] [90m[1msavepack[22m | Storing File: res://assets/art/pixellab_world/sprites/desk.png.import[39m[0m
[  40% ] [90m[1msavepack[22m | Storing File: res://.godot/imported/director_chair.png-456ca03c5b898eec8f17e77d1d5d99db.ctex[39m[0m
[  40% ] [90m[1msavepack[22m | Storing File: res://assets/art/pixellab_world/sprites/director_chair.png.import[39m[0m
[  40% ] [90m[1msavepack[22m | Storing File: res://.godot/imported/dj_booth.png-af227d3183dc8fac38398275346f360c.ctex[39m[0m
[  40% ] [90m[1msavepack[22m | Storing File: res://assets/art/pixellab_world/sprites/dj_booth.png.import[39m[0m
[  40% ] [90m[1msavepack[22m | Storing File: res://.godot/imported/door_steel.png-77d534e60481c5c501ff81d0a003594a.ctex[39m[0m
[  40% ] [90m[1msavepack[22m | Storing File: res://assets/art/pixellab_world/sprites/door_steel.png.import[39m[0m
[  40% ] [90m[1msavepack[22m | Storing File: res://.godot/imported/door_wood.png-aa6a22dd40a09813ae9d9e20e6fec096.ctex[39m[0m
[  40% ] [90m[1msavepack[22m | Storing File: res://assets/art/pixellab_world/sprites/door_wood.png.import[39m[0m
[  40% ] [90m[1msavepack[22m | Storing File: res://.godot/imported/dressing_table.png-3bbc4624cd13da8d0a7a47e17e28f8c0.ctex[39m[0m
[  40% ] [90m[1msavepack[22m | Storing File: res://assets/art/pixellab_world/sprites/dressing_table.png.import[39m[0m
[  40% ] [90m[1msavepack[22m | Storing File: res://.godot/imported/dumpster.png-e55be6c04251f2d01ddca6025384e369.ctex[39m[0m
[  40% ] [90m[1msavepack[22m | Storing File: res://assets/art/pixellab_world/sprites/dumpster.png.import[39m[0m
[  40% ] [90m[1msavepack[22m | Storing File: res://.godot/imported/engine_block.png-45fd4eefb7d10936961715a7c7d086ec.ctex[39m[0m
[  40% ] [90m[1msavepack[22m | Storing File: res://assets/art/pixellab_world/sprites/engine_block.png.import[39m[0m
[  40% ] [90m[1msavepack[22m | Storing File: res://.godot/imported/filing_cabinet.png-2fe8df36507b265593ec263b2daf8eb5.ctex[39m[0m
[  40% ] [90m[1msavepack[22m | Storing File: res://assets/art/pixellab_world/sprites/filing_cabinet.png.import[39m[0m
[  40% ] [90m[1msavepack[22m | Storing File: res://.godot/imported/film_camera.png-37cb1ad5bddda8e4e7560e7ba874ac13.ctex[39m[0m
[  40% ] [90m[1msavepack[22m | Storing File: res://assets/art/pixellab_world/sprites/film_camera.png.import[39m[0m
[  40% ] [90m[1msavepack[22m | Storing File: res://.godot/imported/fireplace.png-4e73a2f3b2b51839702b01842f46ebd3.ctex[39m[0m
[  40% ] [90m[1msavepack[22m | Storing File: res://assets/art/pixellab_world/sprites/fireplace.png.import[39m[0m
[  40% ] [90m[1msavepack[22m | Storing File: res://.godot/imported/flight_case.png-e3e1af856601da075fa44c5dda84819f.ctex[39m[0m
[  40% ] [90m[1msavepack[22m | Storing File: res://assets/art/pixellab_world/sprites/flight_case.png.import[39m[0m
[  40% ] [90m[1msavepack[22m | Storing File: res://.godot/imported/floor_lamp.png-137085a351532c076783279c02120262.ctex[39m[0m
[  40% ] [90m[1msavepack[22m | Storing File: res://assets/art/pixellab_world/sprites/floor_lamp.png.import[39m[0m
[  40% ] [90m[1msavepack[22m | Storing File: res://.godot/imported/folding_chair.png-df42cc4eb6fd49fff18efaad3a9bb989.ctex[39m[0m
[  40% ] [90m[1msavepack[22m | Storing File: res://assets/art/pixellab_world/sprites/folding_chair.png.import[39m[0m
[  40% ] [90m[1msavepack[22m | Storing File: res://.godot/imported/frond.png-da467b7d54131fb9027945246e078bd8.ctex[39m[0m
[  40% ] [90m[1msavepack[22m | Storing File: res://assets/art/pixellab_world/sprites/frond.png.import[39m[0m
[  40% ] [90m[1msavepack[22m | Storing File: res://.godot/imported/grandfather_clock.png-2e47ac9233c4fe27937d79bcddaa5ff4.ctex[39m[0m
[  40% ] [90m[1msavepack[22m | Storing File: res://assets/art/pixellab_world/sprites/grandfather_clock.png.import[39m[0m
[  40% ] [90m[1msavepack[22m | Storing File: res://.godot/imported/grave.png-342d6b08e925cb46252d57a69379488c.ctex[39m[0m
[  40% ] [90m[1msavepack[22m | Storing File: res://assets/art/pixellab_world/sprites/grave.png.import[39m[0m
[  40% ] [90m[1msavepack[22m | Storing File: res://.godot/imported/ice_machine.png-0c76b33b64277e9cd726c622487a5f23.ctex[39m[0m
[  40% ] [90m[1msavepack[22m | Storing File: res://assets/art/pixellab_world/sprites/ice_machine.png.import[39m[0m
[  40% ] [90m[1msavepack[22m | Storing File: res://.godot/imported/jukebox.png-2ac20c5fc1ce12052d2ffbba48625928.ctex[39m[0m
[  40% ] [90m[1msavepack[22m | Storing File: res://assets/art/pixellab_world/sprites/jukebox.png.import[39m[0m
[  40% ] [90m[1msavepack[22m | Storing File: res://.godot/imported/kennel_hay_bundle.png-efec5fb99f4f194fece33fb3ffc3a05e.ctex[39m[0m
[  40% ] [90m[1msavepack[22m | Storing File: res://assets/art/pixellab_world/sprites/kennel_hay_bundle.png.import[39m[0m
[  40% ] [90m[1msavepack[22m | Storing File: res://.godot/imported/laundry_basket_clothes.png-8546908cc081f9950bcb16b4f7d23af4.ctex[39m[0m
[  40% ] [90m[1msavepack[22m | Storing File: res://assets/art/pixellab_world/sprites/laundry_basket_clothes.png.import[39m[0m
[  40% ] [90m[1msavepack[22m | Storing File: res://.godot/imported/laundry_detergent_bottle.png-ad911bd225bee675d255bd67be8acd08.ctex[39m[0m
[  40% ] [90m[1msavepack[22m | Storing File: res://assets/art/pixellab_world/sprites/laundry_detergent_bottle.png.import[39m[0m
[  40% ] [90m[1msavepack[22m | Storing File: res://.godot/imported/leaf.png-5b3b617a63b78c1d6d84439bb62751c8.ctex[39m[0m
[  40% ] [90m[1msavepack[22m | Storing File: res://assets/art/pixellab_world/sprites/leaf.png.import[39m[0m
[  40% ] [90m[1msavepack[22m | Storing File: res://.godot/imported/light_stand.png-53cc32f33928edd9725c38a2bb148798.ctex[39m[0m
[  40% ] [90m[1msavepack[22m | Storing File: res://assets/art/pixellab_world/sprites/light_stand.png.import[39m[0m
[  40% ] [90m[1msavepack[22m | Storing File: res://.godot/imported/lounger.png-655792222781d8d8b9ce76fdf644fdd9.ctex[39m[0m
[  40% ] [90m[1msavepack[22m | Storing File: res://assets/art/pixellab_world/sprites/lounger.png.import[39m[0m
[  41% ] [90m[1msavepack[22m | Storing File: res://.godot/imported/luggage_cart.png-f33f8f97b77de645a019550003027e3c.ctex[39m[0m
[  41% ] [90m[1msavepack[22m | Storing File: res://assets/art/pixellab_world/sprites/luggage_cart.png.import[39m[0m
[  41% ] [90m[1msavepack[22m | Storing File: res://.godot/imported/motel_bedside_lamp.png-cd68afc5cc5cc0510df892a913f0727e.ctex[39m[0m
[  41% ] [90m[1msavepack[22m | Storing File: res://assets/art/pixellab_world/sprites/motel_bedside_lamp.png.import[39m[0m
[  41% ] [90m[1msavepack[22m | Storing File: res://.godot/imported/motel_bougainvillea.png-129c25d9c9b2407d48456671194ed1aa.ctex[39m[0m
[  41% ] [90m[1msavepack[22m | Storing File: res://assets/art/pixellab_world/sprites/motel_bougainvillea.png.import[39m[0m
[  41% ] [90m[1msavepack[22m | Storing File: res://.godot/imported/motel_exit_arrow.png-6c79afd3b8d420ef33b2c46ec319f067.ctex[39m[0m
[  41% ] [90m[1msavepack[22m | Storing File: res://assets/art/pixellab_world/sprites/motel_exit_arrow.png.import[39m[0m
[  41% ] [90m[1msavepack[22m | Storing File: res://.godot/imported/motel_gecko.png-67946ca1893a080b7522f853ae9cb70e.ctex[39m[0m
[  41% ] [90m[1msavepack[22m | Storing File: res://assets/art/pixellab_world/sprites/motel_gecko.png.import[39m[0m
[  41% ] [90m[1msavepack[22m | Storing File: res://.godot/imported/motel_hasty_checkout.png-11ae8bd9e27a225c85578926a9f0a79d.ctex[39m[0m
[  41% ] [90m[1msavepack[22m | Storing File: res://assets/art/pixellab_world/sprites/motel_hasty_checkout.png.import[39m[0m
[  41% ] [90m[1msavepack[22m | Storing File: res://.godot/imported/motel_housekeeping_cart.png-2b645a819e66231283b3add93be1ac87.ctex[39m[0m
[  41% ] [90m[1msavepack[22m | Storing File: res://assets/art/pixellab_world/sprites/motel_housekeeping_cart.png.import[39m[0m
[  41% ] [90m[1msavepack[22m | Storing File: res://.godot/imported/motel_ice_bucket.png-5950df8ad9d75b610189279adfab7d4f.ctex[39m[0m
[  41% ] [90m[1msavepack[22m | Storing File: res://assets/art/pixellab_world/sprites/motel_ice_bucket.png.import[39m[0m
[  41% ] [90m[1msavepack[22m | Storing File: res://.godot/imported/motel_ice_bucket_full.png-f26c91b1192aeccc6466ed045188499e.ctex[39m[0m
[  41% ] [90m[1msavepack[22m | Storing File: res://assets/art/pixellab_world/sprites/motel_ice_bucket_full.png.import[39m[0m
[  41% ] [90m[1msavepack[22m | Storing File: res://.godot/imported/motel_ice_machine.png-099161020fe5d228b8760271d3111cca.ctex[39m[0m
[  41% ] [90m[1msavepack[22m | Storing File: res://assets/art/pixellab_world/sprites/motel_ice_machine.png.import[39m[0m
[  41% ] [90m[1msavepack[22m | Storing File: res://.godot/imported/motel_neon_vacancy_sign.png-9a69b22b4d6e61f07edaf85348ab459a.ctex[39m[0m
[  41% ] [90m[1msavepack[22m | Storing File: res://assets/art/pixellab_world/sprites/motel_neon_vacancy_sign.png.import[39m[0m
[  41% ] [90m[1msavepack[22m | Storing File: res://.godot/imported/motel_palm_planter.png-c42c939bd29c037440444b6c037dfb5f.ctex[39m[0m
[  41% ] [90m[1msavepack[22m | Storing File: res://assets/art/pixellab_world/sprites/motel_palm_planter.png.import[39m[0m
[  41% ] [90m[1msavepack[22m | Storing File: res://.godot/imported/motel_pizza_box.png-41810f9aa69a3b92503cc39ac9eb4c8f.ctex[39m[0m
[  41% ] [90m[1msavepack[22m | Storing File: res://assets/art/pixellab_world/sprites/motel_pizza_box.png.import[39m[0m
[  41% ] [90m[1msavepack[22m | Storing File: res://.godot/imported/motel_pool_flamingo.png-ac8a5d9aa6609089d626e100dca5a672.ctex[39m[0m
[  41% ] [90m[1msavepack[22m | Storing File: res://assets/art/pixellab_world/sprites/motel_pool_flamingo.png.import[39m[0m
[  41% ] [90m[1msavepack[22m | Storing File: res://.godot/imported/motel_pool_float.png-14ba7a3578c383b4209f40e05670852d.ctex[39m[0m
[  41% ] [90m[1msavepack[22m | Storing File: res://assets/art/pixellab_world/sprites/motel_pool_float.png.import[39m[0m
[  41% ] [90m[1msavepack[22m | Storing File: res://.godot/imported/motel_pool_float_flamingo.png-c0948a5620ef4fa3c32e10bc805964c4.ctex[39m[0m
[  41% ] [90m[1msavepack[22m | Storing File: res://assets/art/pixellab_world/sprites/motel_pool_float_flamingo.png.import[39m[0m
[  41% ] [90m[1msavepack[22m | Storing File: res://.godot/imported/motel_pool_lounger.png-143ad849680550cb2e5ae7d8227583bc.ctex[39m[0m
[  41% ] [90m[1msavepack[22m | Storing File: res://assets/art/pixellab_world/sprites/motel_pool_lounger.png.import[39m[0m
[  41% ] [90m[1msavepack[22m | Storing File: res://.godot/imported/motel_pool_party_ruin.png-dab574c893fcbdf723bad5c7c984f9e8.ctex[39m[0m
[  41% ] [90m[1msavepack[22m | Storing File: res://assets/art/pixellab_world/sprites/motel_pool_party_ruin.png.import[39m[0m
[  41% ] [90m[1msavepack[22m | Storing File: res://.godot/imported/motel_pool_umbrella.png-ea2d3742dcce22d647df2fce92f3c5f6.ctex[39m[0m
[  41% ] [90m[1msavepack[22m | Storing File: res://assets/art/pixellab_world/sprites/motel_pool_umbrella.png.import[39m[0m
[  41% ] [90m[1msavepack[22m | Storing File: res://.godot/imported/motel_room_key_spill.png-e09159b13724c02a129b1f33bd8528ab.ctex[39m[0m
[  41% ] [90m[1msavepack[22m | Storing File: res://assets/art/pixellab_world/sprites/motel_room_key_spill.png.import[39m[0m
[  41% ] [90m[1msavepack[22m | Storing File: res://.godot/imported/motel_room_service_tray.png-5f2e92e492db5c29b5ca1bcfa9a90260.ctex[39m[0m
[  41% ] [90m[1msavepack[22m | Storing File: res://assets/art/pixellab_world/sprites/motel_room_service_tray.png.import[39m[0m
[  41% ] [90m[1msavepack[22m | Storing File: res://.godot/imported/motel_shoes_pair.png-c3ed8cb9272e53b0acb69d295938e41e.ctex[39m[0m
[  41% ] [90m[1msavepack[22m | Storing File: res://assets/art/pixellab_world/sprites/motel_shoes_pair.png.import[39m[0m
[  41% ] [90m[1msavepack[22m | Storing File: res://.godot/imported/motel_suitcase_open.png-c30149d652674aff9fb3567600d412dc.ctex[39m[0m
[  41% ] [90m[1msavepack[22m | Storing File: res://assets/art/pixellab_world/sprites/motel_suitcase_open.png.import[39m[0m
[  41% ] [90m[1msavepack[22m | Storing File: res://.godot/imported/motel_telephone.png-72a7c127bf15e07ed43d5e81968f2033.ctex[39m[0m
[  41% ] [90m[1msavepack[22m | Storing File: res://assets/art/pixellab_world/sprites/motel_telephone.png.import[39m[0m
[  41% ] [90m[1msavepack[22m | Storing File: res://.godot/imported/motel_towel_cart.png-f4eb166e828b7b40961644cd2b2504c4.ctex[39m[0m
[  41% ] [90m[1msavepack[22m | Storing File: res://assets/art/pixellab_world/sprites/motel_towel_cart.png.import[39m[0m
[  41% ] [90m[1msavepack[22m | Storing File: res://.godot/imported/motel_towel_folded.png-97c3daca6a9d933f63685d94fecff2cc.ctex[39m[0m
[  41% ] [90m[1msavepack[22m | Storing File: res://assets/art/pixellab_world/sprites/motel_towel_folded.png.import[39m[0m
[  41% ] [90m[1msavepack[22m | Storing File: res://.godot/imported/motel_tv_crt.png-947c2d36b17759a4782bd165222146f9.ctex[39m[0m
[  41% ] [90m[1msavepack[22m | Storing File: res://assets/art/pixellab_world/sprites/motel_tv_crt.png.import[39m[0m
[  41% ] [90m[1msavepack[22m | Storing File: res://.godot/imported/motel_vacancy_sign.png-dca727f11a52aec645beaefda1cdd470.ctex[39m[0m
[  41% ] [90m[1msavepack[22m | Storing File: res://assets/art/pixellab_world/sprites/motel_vacancy_sign.png.import[39m[0m
[  41% ] [90m[1msavepack[22m | Storing File: res://.godot/imported/motel_water_ring.png-bd52278df636cfa275d83349bfac7328.ctex[39m[0m
[  41% ] [90m[1msavepack[22m | Storing File: res://assets/art/pixellab_world/sprites/motel_water_ring.png.import[39m[0m
[  41% ] [90m[1msavepack[22m | Storing File: res://.godot/imported/office_chair.png-a5fb94af877cd4c3cca6c213ccb095d1.ctex[39m[0m
[  41% ] [90m[1msavepack[22m | Storing File: res://assets/art/pixellab_world/sprites/office_chair.png.import[39m[0m
[  41% ] [90m[1msavepack[22m | Storing File: res://.godot/imported/oil_drum.png-233768fc9199751e747eda6f56e47a5e.ctex[39m[0m
[  41% ] [90m[1msavepack[22m | Storing File: res://assets/art/pixellab_world/sprites/oil_drum.png.import[39m[0m
[  41% ] [90m[1msavepack[22m | Storing File: res://.godot/imported/pallet.png-2afa0f99f07452ce44da8f797a83de00.ctex[39m[0m
[  41% ] [90m[1msavepack[22m | Storing File: res://assets/art/pixellab_world/sprites/pallet.png.import[39m[0m
[  41% ] [90m[1msavepack[22m | Storing File: res://.godot/imported/palm.png-fd18d8ec4c71da99a77f40c08a35e9a9.ctex[39m[0m
[  41% ] [90m[1msavepack[22m | Storing File: res://assets/art/pixellab_world/sprites/palm.png.import[39m[0m
[  42% ] [90m[1msavepack[22m | Storing File: res://.godot/imported/paper.png-8526eba4a59a99197f2488d2e3ad6d6f.ctex[39m[0m
[  42% ] [90m[1msavepack[22m | Storing File: res://assets/art/pixellab_world/sprites/paper.png.import[39m[0m
[  42% ] [90m[1msavepack[22m | Storing File: res://.godot/imported/piano.png-e1f468e6574a5d648bb70526ebc4b894.ctex[39m[0m
[  42% ] [90m[1msavepack[22m | Storing File: res://assets/art/pixellab_world/sprites/piano.png.import[39m[0m
[  42% ] [90m[1msavepack[22m | Storing File: res://.godot/imported/pickup_ammo.png-d73417f6258436925c5db35faca917ac.ctex[39m[0m
[  42% ] [90m[1msavepack[22m | Storing File: res://assets/art/pixellab_world/sprites/pickup_ammo.png.import[39m[0m
[  42% ] [90m[1msavepack[22m | Storing File: res://.godot/imported/pickup_cash.png-fc6fe559722ad5628f137b9dc712f85f.ctex[39m[0m
[  42% ] [90m[1msavepack[22m | Storing File: res://assets/art/pixellab_world/sprites/pickup_cash.png.import[39m[0m
[  42% ] [90m[1msavepack[22m | Storing File: res://.godot/imported/pickup_cassette.png-50bf25a3b836aebba68659416de3f95e.ctex[39m[0m
[  42% ] [90m[1msavepack[22m | Storing File: res://assets/art/pixellab_world/sprites/pickup_cassette.png.import[39m[0m
[  42% ] [90m[1msavepack[22m | Storing File: res://.godot/imported/pickup_flare.png-db153958a08fbafb4a525496144ba669.ctex[39m[0m
[  42% ] [90m[1msavepack[22m | Storing File: res://assets/art/pixellab_world/sprites/pickup_flare.png.import[39m[0m
[  42% ] [90m[1msavepack[22m | Storing File: res://.godot/imported/pickup_truck.png-2a3e329e484f4a88dc4baa28540c7d40.ctex[39m[0m
[  42% ] [90m[1msavepack[22m | Storing File: res://assets/art/pixellab_world/sprites/pickup_truck.png.import[39m[0m
[  42% ] [90m[1msavepack[22m | Storing File: res://.godot/imported/pickup_vest.png-47dfda28bfd9286b7a0fda796d43cc4c.ctex[39m[0m
[  42% ] [90m[1msavepack[22m | Storing File: res://assets/art/pixellab_world/sprites/pickup_vest.png.import[39m[0m
[  42% ] [90m[1msavepack[22m | Storing File: res://.godot/imported/pinball.png-94b9c218271c628731a6d58a2ab2c380.ctex[39m[0m
[  42% ] [90m[1msavepack[22m | Storing File: res://assets/art/pixellab_world/sprites/pinball.png.import[39m[0m
[  42% ] [90m[1msavepack[22m | Storing File: res://.godot/imported/plant.png-6e9932090b14673036ce097b8784a5cb.ctex[39m[0m
[  42% ] [90m[1msavepack[22m | Storing File: res://assets/art/pixellab_world/sprites/plant.png.import[39m[0m
[  42% ] [90m[1msavepack[22m | Storing File: res://.godot/imported/plant_pot.png-0d57709cddc71bc59f8c5ebf8f7dfa28.ctex[39m[0m
[  42% ] [90m[1msavepack[22m | Storing File: res://assets/art/pixellab_world/sprites/plant_pot.png.import[39m[0m
[  42% ] [90m[1msavepack[22m | Storing File: res://.godot/imported/pool_table.png-1522a0c739457ed30a1a4c23462d85c1.ctex[39m[0m
[  42% ] [90m[1msavepack[22m | Storing File: res://assets/art/pixellab_world/sprites/pool_table.png.import[39m[0m
[  42% ] [90m[1msavepack[22m | Storing File: res://.godot/imported/potted_palm.png-eff0d6a5fab025e97ec218dc088e8d74.ctex[39m[0m
[  42% ] [90m[1msavepack[22m | Storing File: res://assets/art/pixellab_world/sprites/potted_palm.png.import[39m[0m
[  42% ] [90m[1msavepack[22m | Storing File: res://.godot/imported/prop_calendar.png-20acdba63a477e4120122cf51da2d78b.ctex[39m[0m
[  42% ] [90m[1msavepack[22m | Storing File: res://assets/art/pixellab_world/sprites/prop_calendar.png.import[39m[0m
[  42% ] [90m[1msavepack[22m | Storing File: res://.godot/imported/prop_extinguisher.png-203b43e6e18fb330cd51b0004221ae01.ctex[39m[0m
[  42% ] [90m[1msavepack[22m | Storing File: res://assets/art/pixellab_world/sprites/prop_extinguisher.png.import[39m[0m
[  42% ] [90m[1msavepack[22m | Storing File: res://.godot/imported/prop_key_rack.png-d2a3018c16edf83979c58508d0743113.ctex[39m[0m
[  42% ] [90m[1msavepack[22m | Storing File: res://assets/art/pixellab_world/sprites/prop_key_rack.png.import[39m[0m
[  42% ] [90m[1msavepack[22m | Storing File: res://.godot/imported/prop_room_plate.png-f094c8d771dcbe56af6b80c6a806f585.ctex[39m[0m
[  42% ] [90m[1msavepack[22m | Storing File: res://assets/art/pixellab_world/sprites/prop_room_plate.png.import[39m[0m
[  42% ] [90m[1msavepack[22m | Storing File: res://.godot/imported/prop_suitcase.png-a1a9dfbc728944d4d8654170fc7f0699.ctex[39m[0m
[  42% ] [90m[1msavepack[22m | Storing File: res://assets/art/pixellab_world/sprites/prop_suitcase.png.import[39m[0m
[  42% ] [90m[1msavepack[22m | Storing File: res://.godot/imported/prop_trash_bag.png-bffb3c93ff88f3ec0c2c1339397cbe59.ctex[39m[0m
[  42% ] [90m[1msavepack[22m | Storing File: res://assets/art/pixellab_world/sprites/prop_trash_bag.png.import[39m[0m
[  42% ] [90m[1msavepack[22m | Storing File: res://.godot/imported/pyro_charge.png-2ecb882dec42723b3e4a35ab9bf0d540.ctex[39m[0m
[  42% ] [90m[1msavepack[22m | Storing File: res://assets/art/pixellab_world/sprites/pyro_charge.png.import[39m[0m
[  42% ] [90m[1msavepack[22m | Storing File: res://.godot/imported/round_rug.png-3be7d2efd486e5cfcf703899a4484a3e.ctex[39m[0m
[  42% ] [90m[1msavepack[22m | Storing File: res://assets/art/pixellab_world/sprites/round_rug.png.import[39m[0m
[  42% ] [90m[1msavepack[22m | Storing File: res://.godot/imported/scrap_pile.png-380777e1d192645b9c635c433e882b99.ctex[39m[0m
[  42% ] [90m[1msavepack[22m | Storing File: res://assets/art/pixellab_world/sprites/scrap_pile.png.import[39m[0m
[  42% ] [90m[1msavepack[22m | Storing File: res://.godot/imported/security_camera.png-53e7fb48d67d44c1bcd2cf3d5bcf78b7.ctex[39m[0m
[  42% ] [90m[1msavepack[22m | Storing File: res://assets/art/pixellab_world/sprites/security_camera.png.import[39m[0m
[  42% ] [90m[1msavepack[22m | Storing File: res://.godot/imported/sideboard.png-657d69ef4b6e40ee31ce258a36ec9252.ctex[39m[0m
[  42% ] [90m[1msavepack[22m | Storing File: res://assets/art/pixellab_world/sprites/sideboard.png.import[39m[0m
[  42% ] [90m[1msavepack[22m | Storing File: res://.godot/imported/sofa.png-91665a9bd1fa332195ab0bb801bf2961.ctex[39m[0m
[  42% ] [90m[1msavepack[22m | Storing File: res://assets/art/pixellab_world/sprites/sofa.png.import[39m[0m
[  42% ] [90m[1msavepack[22m | Storing File: res://.godot/imported/speaker_stack.png-753b6054183f5f1701f7e86fb1e9a1bc.ctex[39m[0m
[  42% ] [90m[1msavepack[22m | Storing File: res://assets/art/pixellab_world/sprites/speaker_stack.png.import[39m[0m
[  42% ] [90m[1msavepack[22m | Storing File: res://.godot/imported/statue.png-10bcf7823ab4d778d327da0c386f0024.ctex[39m[0m
[  42% ] [90m[1msavepack[22m | Storing File: res://assets/art/pixellab_world/sprites/statue.png.import[39m[0m
[  42% ] [90m[1msavepack[22m | Storing File: res://.godot/imported/studio_acoustic_wall_panel.png-77d4445f226c4ae8c0c67a20e67d60e1.ctex[39m[0m
[  42% ] [90m[1msavepack[22m | Storing File: res://assets/art/pixellab_world/sprites/studio_acoustic_wall_panel.png.import[39m[0m
[  42% ] [90m[1msavepack[22m | Storing File: res://.godot/imported/studio_apple_box.png-ca3fa7ecabc558424f17f53da47d54f6.ctex[39m[0m
[  42% ] [90m[1msavepack[22m | Storing File: res://assets/art/pixellab_world/sprites/studio_apple_box.png.import[39m[0m
[  42% ] [90m[1msavepack[22m | Storing File: res://.godot/imported/studio_block_x.png-0964b6150fc15d64500137241c0ba83b.ctex[39m[0m
[  42% ] [90m[1msavepack[22m | Storing File: res://assets/art/pixellab_world/sprites/studio_block_x.png.import[39m[0m
[  42% ] [90m[1msavepack[22m | Storing File: res://.godot/imported/studio_boom_mic.png-9f52d1dd5bf33f91385eb271d63b30e4.ctex[39m[0m
[  42% ] [90m[1msavepack[22m | Storing File: res://assets/art/pixellab_world/sprites/studio_boom_mic.png.import[39m[0m
[  42% ] [90m[1msavepack[22m | Storing File: res://.godot/imported/studio_cable_spool.png-2450719b788a352ce3905eedf8177b23.ctex[39m[0m
[  42% ] [90m[1msavepack[22m | Storing File: res://assets/art/pixellab_world/sprites/studio_cable_spool.png.import[39m[0m
[  43% ] [90m[1msavepack[22m | Storing File: res://.godot/imported/studio_camera_crane.png-f1b0dcc7ba335ad0d2904637b0fcaab6.ctex[39m[0m
[  43% ] [90m[1msavepack[22m | Storing File: res://assets/art/pixellab_world/sprites/studio_camera_crane.png.import[39m[0m
[  43% ] [90m[1msavepack[22m | Storing File: res://.godot/imported/studio_clapperboard.png-1c8d681d2d7813c404714ffcbc940408.ctex[39m[0m
[  43% ] [90m[1msavepack[22m | Storing File: res://assets/art/pixellab_world/sprites/studio_clapperboard.png.import[39m[0m
[  43% ] [90m[1msavepack[22m | Storing File: res://.godot/imported/studio_coffee_cup.png-58a59917d90763726214542664c3c082.ctex[39m[0m
[  43% ] [90m[1msavepack[22m | Storing File: res://assets/art/pixellab_world/sprites/studio_coffee_cup.png.import[39m[0m
[  43% ] [90m[1msavepack[22m | Storing File: res://.godot/imported/studio_costume_pile.png-b612398034cbaf74c5bef4cd5ec043a2.ctex[39m[0m
[  43% ] [90m[1msavepack[22m | Storing File: res://assets/art/pixellab_world/sprites/studio_costume_pile.png.import[39m[0m
[  43% ] [90m[1msavepack[22m | Storing File: res://.godot/imported/studio_costume_rack.png-df4a1975329ac9dc838960db4dcdf99a.ctex[39m[0m
[  43% ] [90m[1msavepack[22m | Storing File: res://assets/art/pixellab_world/sprites/studio_costume_rack.png.import[39m[0m
[  43% ] [90m[1msavepack[22m | Storing File: res://.godot/imported/studio_craft_table.png-702020813d6f34ed9e1ba7911fcb8ee0.ctex[39m[0m
[  43% ] [90m[1msavepack[22m | Storing File: res://assets/art/pixellab_world/sprites/studio_craft_table.png.import[39m[0m
[  43% ] [90m[1msavepack[22m | Storing File: res://.godot/imported/studio_fern.png-b6dfeee8ad41fc9ef16d19e6ca87d95c.ctex[39m[0m
[  43% ] [90m[1msavepack[22m | Storing File: res://assets/art/pixellab_world/sprites/studio_fern.png.import[39m[0m
[  43% ] [90m[1msavepack[22m | Storing File: res://.godot/imported/studio_film_reel_pair.png-c869bcc30d434c1e9cfbcefdd6bed64d.ctex[39m[0m
[  43% ] [90m[1msavepack[22m | Storing File: res://assets/art/pixellab_world/sprites/studio_film_reel_pair.png.import[39m[0m
[  43% ] [90m[1msavepack[22m | Storing File: res://.godot/imported/studio_flower_arrangement.png-36c1ae5ee6754de49a733b47669127a4.ctex[39m[0m
[  43% ] [90m[1msavepack[22m | Storing File: res://assets/art/pixellab_world/sprites/studio_flower_arrangement.png.import[39m[0m
[  43% ] [90m[1msavepack[22m | Storing File: res://.godot/imported/studio_gaffer_scraps.png-e16bee938f1bfb3974e54a5e888d4138.ctex[39m[0m
[  43% ] [90m[1msavepack[22m | Storing File: res://assets/art/pixellab_world/sprites/studio_gaffer_scraps.png.import[39m[0m
[  43% ] [90m[1msavepack[22m | Storing File: res://.godot/imported/studio_green_screen.png-9be8f667316b0b808261af9b7de6f9e9.ctex[39m[0m
[  43% ] [90m[1msavepack[22m | Storing File: res://assets/art/pixellab_world/sprites/studio_green_screen.png.import[39m[0m
[  43% ] [90m[1msavepack[22m | Storing File: res://.godot/imported/studio_light.png-7b75065f66bc4b6c08186e499b4b7cd7.ctex[39m[0m
[  43% ] [90m[1msavepack[22m | Storing File: res://assets/art/pixellab_world/sprites/studio_light.png.import[39m[0m
[  43% ] [90m[1msavepack[22m | Storing File: res://.godot/imported/studio_makeup_spill.png-1545becc40d0ef1e66f5d558c9150831.ctex[39m[0m
[  43% ] [90m[1msavepack[22m | Storing File: res://assets/art/pixellab_world/sprites/studio_makeup_spill.png.import[39m[0m
[  43% ] [90m[1msavepack[22m | Storing File: res://.godot/imported/studio_makeup_station.png-502dd1172e2235fa753e39943e1949f6.ctex[39m[0m
[  43% ] [90m[1msavepack[22m | Storing File: res://assets/art/pixellab_world/sprites/studio_makeup_station.png.import[39m[0m
[  43% ] [90m[1msavepack[22m | Storing File: res://.godot/imported/studio_moth.png-bbd907ddadb9a36193bfb3bbd87588e9.ctex[39m[0m
[  43% ] [90m[1msavepack[22m | Storing File: res://assets/art/pixellab_world/sprites/studio_moth.png.import[39m[0m
[  43% ] [90m[1msavepack[22m | Storing File: res://.godot/imported/studio_overhead_light_rig.png-6f153bce4ea02b2679a6d7d342937c45.ctex[39m[0m
[  43% ] [90m[1msavepack[22m | Storing File: res://assets/art/pixellab_world/sprites/studio_overhead_light_rig.png.import[39m[0m
[  43% ] [90m[1msavepack[22m | Storing File: res://.godot/imported/studio_reel.png-aba3ed35874cfc65b11cc9a4c33aef84.ctex[39m[0m
[  43% ] [90m[1msavepack[22m | Storing File: res://assets/art/pixellab_world/sprites/studio_reel.png.import[39m[0m
[  43% ] [90m[1msavepack[22m | Storing File: res://.godot/imported/studio_script_trail.png-2ea8f45aaec01c56bbcaa60062f7dca1.ctex[39m[0m
[  43% ] [90m[1msavepack[22m | Storing File: res://assets/art/pixellab_world/sprites/studio_script_trail.png.import[39m[0m
[  43% ] [90m[1msavepack[22m | Storing File: res://.godot/imported/studio_spotlight_beam.png-abaa5799fb44c5d3a47279704e72cc3d.ctex[39m[0m
[  43% ] [90m[1msavepack[22m | Storing File: res://assets/art/pixellab_world/sprites/studio_spotlight_beam.png.import[39m[0m
[  43% ] [90m[1msavepack[22m | Storing File: res://.godot/imported/studio_sprinkler_valve.png-832dd072a42865a12fb2c88e9887113f.ctex[39m[0m
[  43% ] [90m[1msavepack[22m | Storing File: res://assets/art/pixellab_world/sprites/studio_sprinkler_valve.png.import[39m[0m
[  43% ] [90m[1msavepack[22m | Storing File: res://.godot/imported/studio_tape_marks.png-03ae28db1f5a21582ecbc3a239980668.ctex[39m[0m
[  43% ] [90m[1msavepack[22m | Storing File: res://assets/art/pixellab_world/sprites/studio_tape_marks.png.import[39m[0m
[  43% ] [90m[1msavepack[22m | Storing File: res://.godot/imported/studio_teleprompter.png-561f1722323c6f2ad476d5af77376efb.ctex[39m[0m
[  43% ] [90m[1msavepack[22m | Storing File: res://assets/art/pixellab_world/sprites/studio_teleprompter.png.import[39m[0m
[  43% ] [90m[1msavepack[22m | Storing File: res://.godot/imported/table.png-7fbd3e771d1229cbdc8a686ce24bce7c.ctex[39m[0m
[  43% ] [90m[1msavepack[22m | Storing File: res://assets/art/pixellab_world/sprites/table.png.import[39m[0m
[  43% ] [90m[1msavepack[22m | Storing File: res://.godot/imported/toolbox_chest.png-e756f039b40b3fa6069eff7c542630c8.ctex[39m[0m
[  43% ] [90m[1msavepack[22m | Storing File: res://assets/art/pixellab_world/sprites/toolbox_chest.png.import[39m[0m
[  43% ] [90m[1msavepack[22m | Storing File: res://.godot/imported/tv_crt.png-87e7071611b7d7a16892e61d883c1878.ctex[39m[0m
[  43% ] [90m[1msavepack[22m | Storing File: res://assets/art/pixellab_world/sprites/tv_crt.png.import[39m[0m
[  43% ] [90m[1msavepack[22m | Storing File: res://.godot/imported/tyre_stack.png-fb5542cfe06b55f839eef7e758c1764c.ctex[39m[0m
[  43% ] [90m[1msavepack[22m | Storing File: res://assets/art/pixellab_world/sprites/tyre_stack.png.import[39m[0m
[  43% ] [90m[1msavepack[22m | Storing File: res://.godot/imported/ui_title_concept.png-8515ee47c6f3f3eff46d1269c2703e31.ctex[39m[0m
[  43% ] [90m[1msavepack[22m | Storing File: res://assets/art/pixellab_world/sprites/ui_title_concept.png.import[39m[0m
[  43% ] [90m[1msavepack[22m | Storing File: res://.godot/imported/vase_flowers.png-f355364e32f4deec9fb0b45ba4d6a726.ctex[39m[0m
[  43% ] [90m[1msavepack[22m | Storing File: res://assets/art/pixellab_world/sprites/vase_flowers.png.import[39m[0m
[  43% ] [90m[1msavepack[22m | Storing File: res://.godot/imported/vending.png-acc3112265e9d3585e48a5b0315bf114.ctex[39m[0m
[  43% ] [90m[1msavepack[22m | Storing File: res://assets/art/pixellab_world/sprites/vending.png.import[39m[0m
[  43% ] [90m[1msavepack[22m | Storing File: res://.godot/imported/villa_candle_ring.png-d7ee7248e38b5d99e524000ddedd96c4.ctex[39m[0m
[  43% ] [90m[1msavepack[22m | Storing File: res://assets/art/pixellab_world/sprites/villa_candle_ring.png.import[39m[0m
[  43% ] [90m[1msavepack[22m | Storing File: res://.godot/imported/villa_champagne_bucket.png-e442b895ff048e7722ba14d38821cc57.ctex[39m[0m
[  43% ] [90m[1msavepack[22m | Storing File: res://assets/art/pixellab_world/sprites/villa_champagne_bucket.png.import[39m[0m
[  43% ] [90m[1msavepack[22m | Storing File: res://.godot/imported/villa_coat_check.png-012ee9e51b134a526681d9c965b77cee.ctex[39m[0m
[  43% ] [90m[1msavepack[22m | Storing File: res://assets/art/pixellab_world/sprites/villa_coat_check.png.import[39m[0m
[  44% ] [90m[1msavepack[22m | Storing File: res://.godot/imported/villa_flower_bed.png-40bf42c5f5336c92326766a80376c3ae.ctex[39m[0m
[  44% ] [90m[1msavepack[22m | Storing File: res://assets/art/pixellab_world/sprites/villa_flower_bed.png.import[39m[0m
[  44% ] [90m[1msavepack[22m | Storing File: res://.godot/imported/villa_fountain.png-c29cdb4009357e6b8ef497829ea07044.ctex[39m[0m
[  44% ] [90m[1msavepack[22m | Storing File: res://assets/art/pixellab_world/sprites/villa_fountain.png.import[39m[0m
[  44% ] [90m[1msavepack[22m | Storing File: res://.godot/imported/villa_garden_statue.png-a624f0dd7aef83bf3920ea6e4cc7e4a9.ctex[39m[0m
[  44% ] [90m[1msavepack[22m | Storing File: res://assets/art/pixellab_world/sprites/villa_garden_statue.png.import[39m[0m
[  44% ] [90m[1msavepack[22m | Storing File: res://.godot/imported/villa_grand_piano.png-7b5c0a9a3a7cf0d6e524ff42e8a561cb.ctex[39m[0m
[  44% ] [90m[1msavepack[22m | Storing File: res://assets/art/pixellab_world/sprites/villa_grand_piano.png.import[39m[0m
[  44% ] [90m[1msavepack[22m | Storing File: res://.godot/imported/villa_ivy_planter.png-346eecb104b9786138b4e520d165ceb0.ctex[39m[0m
[  44% ] [90m[1msavepack[22m | Storing File: res://assets/art/pixellab_world/sprites/villa_ivy_planter.png.import[39m[0m
[  44% ] [90m[1msavepack[22m | Storing File: res://.godot/imported/villa_ivy_wall_cluster.png-70e6f29ef1e44505863cb5f4feae5f0e.ctex[39m[0m
[  44% ] [90m[1msavepack[22m | Storing File: res://assets/art/pixellab_world/sprites/villa_ivy_wall_cluster.png.import[39m[0m
[  44% ] [90m[1msavepack[22m | Storing File: res://.godot/imported/villa_marble_bust.png-96ab48a63a18a5d4a014a53beb7db948.ctex[39m[0m
[  44% ] [90m[1msavepack[22m | Storing File: res://assets/art/pixellab_world/sprites/villa_marble_bust.png.import[39m[0m
[  44% ] [90m[1msavepack[22m | Storing File: res://.godot/imported/villa_orange_peel.png-46343b05a74fd41b0dea9584c044dc49.ctex[39m[0m
[  44% ] [90m[1msavepack[22m | Storing File: res://assets/art/pixellab_world/sprites/villa_orange_peel.png.import[39m[0m
[  44% ] [90m[1msavepack[22m | Storing File: res://.godot/imported/villa_orange_tree.png-f50ec7918fddbfb12e3c99699c1b98c4.ctex[39m[0m
[  44% ] [90m[1msavepack[22m | Storing File: res://assets/art/pixellab_world/sprites/villa_orange_tree.png.import[39m[0m
[  44% ] [90m[1msavepack[22m | Storing File: res://.godot/imported/villa_orchid_planter.png-52ddfc0320c92888b207ede47fcc332e.ctex[39m[0m
[  44% ] [90m[1msavepack[22m | Storing File: res://assets/art/pixellab_world/sprites/villa_orchid_planter.png.import[39m[0m
[  44% ] [90m[1msavepack[22m | Storing File: res://.godot/imported/villa_peacock.png-64f1df1353652141c84855c0d267d70d.ctex[39m[0m
[  44% ] [90m[1msavepack[22m | Storing File: res://assets/art/pixellab_world/sprites/villa_peacock.png.import[39m[0m
[  44% ] [90m[1msavepack[22m | Storing File: res://.godot/imported/villa_pool_side.png-6c619e7f7cd04107ac3f257fa047f778.ctex[39m[0m
[  44% ] [90m[1msavepack[22m | Storing File: res://assets/art/pixellab_world/sprites/villa_pool_side.png.import[39m[0m
[  44% ] [90m[1msavepack[22m | Storing File: res://.godot/imported/villa_rose_petals.png-33f5b9d403baf9d465c672107e961dc8.ctex[39m[0m
[  44% ] [90m[1msavepack[22m | Storing File: res://assets/art/pixellab_world/sprites/villa_rose_petals.png.import[39m[0m
[  44% ] [90m[1msavepack[22m | Storing File: res://.godot/imported/villa_seating_card.png-27b257ea10fd5e4bd6e44c5f70008757.ctex[39m[0m
[  44% ] [90m[1msavepack[22m | Storing File: res://assets/art/pixellab_world/sprites/villa_seating_card.png.import[39m[0m
[  44% ] [90m[1msavepack[22m | Storing File: res://.godot/imported/villa_tea_service.png-c885bba4a577dac12c8a7a48acc652e8.ctex[39m[0m
[  44% ] [90m[1msavepack[22m | Storing File: res://assets/art/pixellab_world/sprites/villa_tea_service.png.import[39m[0m
[  44% ] [90m[1msavepack[22m | Storing File: res://.godot/imported/villa_wax_and_petals.png-61502058da121e5ec6e5ef3d22c019e9.ctex[39m[0m
[  44% ] [90m[1msavepack[22m | Storing File: res://assets/art/pixellab_world/sprites/villa_wax_and_petals.png.import[39m[0m
[  44% ] [90m[1msavepack[22m | Storing File: res://.godot/imported/villa_wine_glasses.png-fbae5aa73e4a999b7abb5c0696fdd943.ctex[39m[0m
[  44% ] [90m[1msavepack[22m | Storing File: res://assets/art/pixellab_world/sprites/villa_wine_glasses.png.import[39m[0m
[  44% ] [90m[1msavepack[22m | Storing File: res://.godot/imported/wall_motel_cracks.png-10fda5002a177d933a196f5508b0e68b.ctex[39m[0m
[  44% ] [90m[1msavepack[22m | Storing File: res://assets/art/pixellab_world/sprites/wall_motel_cracks.png.import[39m[0m
[  44% ] [90m[1msavepack[22m | Storing File: res://.godot/imported/wall_salvage_rust.png-844250150748bcbfbee11fb387a2d8bf.ctex[39m[0m
[  44% ] [90m[1msavepack[22m | Storing File: res://assets/art/pixellab_world/sprites/wall_salvage_rust.png.import[39m[0m
[  44% ] [90m[1msavepack[22m | Storing File: res://.godot/imported/wall_studio_scuffs.png-91501c6b3fbd712aa9e1bfbd82bda402.ctex[39m[0m
[  44% ] [90m[1msavepack[22m | Storing File: res://assets/art/pixellab_world/sprites/wall_studio_scuffs.png.import[39m[0m
[  44% ] [90m[1msavepack[22m | Storing File: res://.godot/imported/wall_villa_veins.png-4176ca77ddb9761fd27accee5d588847.ctex[39m[0m
[  44% ] [90m[1msavepack[22m | Storing File: res://assets/art/pixellab_world/sprites/wall_villa_veins.png.import[39m[0m
[  44% ] [90m[1msavepack[22m | Storing File: res://.godot/imported/washer.png-3c58197f3fd5a14cdc898a136d1f40b7.ctex[39m[0m
[  44% ] [90m[1msavepack[22m | Storing File: res://assets/art/pixellab_world/sprites/washer.png.import[39m[0m
[  44% ] [90m[1msavepack[22m | Storing File: res://.godot/imported/window_glass.png-fc237536587740f0a97cfded7328e732.ctex[39m[0m
[  44% ] [90m[1msavepack[22m | Storing File: res://assets/art/pixellab_world/sprites/window_glass.png.import[39m[0m
[  44% ] [90m[1msavepack[22m | Storing File: res://.godot/imported/wooden_chair.png-106967699cbceabc2b32836d454ef73c.ctex[39m[0m
[  44% ] [90m[1msavepack[22m | Storing File: res://assets/art/pixellab_world/sprites/wooden_chair.png.import[39m[0m
[  44% ] [90m[1msavepack[22m | Storing File: res://.godot/imported/workbench.png-f26158aef359130a0ea55691a0c48cac.ctex[39m[0m
[  44% ] [90m[1msavepack[22m | Storing File: res://assets/art/pixellab_world/sprites/workbench.png.import[39m[0m
[  44% ] [90m[1msavepack[22m | Storing File: res://.godot/imported/wreck.png-267c6e0a4dc8eee6640a193888c745c1.ctex[39m[0m
[  44% ] [90m[1msavepack[22m | Storing File: res://assets/art/pixellab_world/sprites/wreck.png.import[39m[0m
[  44% ] [90m[1msavepack[22m | Storing File: res://.godot/imported/yard_agave.png-8f3d7eae934de86bb3c4dca9f420617a.ctex[39m[0m
[  44% ] [90m[1msavepack[22m | Storing File: res://assets/art/pixellab_world/sprites/yard_agave.png.import[39m[0m
[  44% ] [90m[1msavepack[22m | Storing File: res://.godot/imported/yard_burn_barrel.png-ad07ed1bc5b9dbb7505cc28477fa0276.ctex[39m[0m
[  44% ] [90m[1msavepack[22m | Storing File: res://assets/art/pixellab_world/sprites/yard_burn_barrel.png.import[39m[0m
[  44% ] [90m[1msavepack[22m | Storing File: res://.godot/imported/yard_car_stack.png-d9e04807c9b182aa4498f0274c5c33c7.ctex[39m[0m
[  44% ] [90m[1msavepack[22m | Storing File: res://assets/art/pixellab_world/sprites/yard_car_stack.png.import[39m[0m
[  44% ] [90m[1msavepack[22m | Storing File: res://.godot/imported/yard_chain_cable_spill.png-29533f1f1528fdabde07e8ca30326633.ctex[39m[0m
[  44% ] [90m[1msavepack[22m | Storing File: res://assets/art/pixellab_world/sprites/yard_chain_cable_spill.png.import[39m[0m
[  44% ] [90m[1msavepack[22m | Storing File: res://.godot/imported/yard_chain_gate.png-2d2021c7d3a4ac45893af0c6282ad29a.ctex[39m[0m
[  44% ] [90m[1msavepack[22m | Storing File: res://assets/art/pixellab_world/sprites/yard_chain_gate.png.import[39m[0m
[  44% ] [90m[1msavepack[22m | Storing File: res://.godot/imported/yard_chopshop_ledger.png-40394eab54af45e8d72054e6e4d97af8.ctex[39m[0m
[  44% ] [90m[1msavepack[22m | Storing File: res://assets/art/pixellab_world/sprites/yard_chopshop_ledger.png.import[39m[0m
[  45% ] [90m[1msavepack[22m | Storing File: res://.godot/imported/yard_copper_scraps.png-9a6b1daca8c19e0bbe617cd14327d05d.ctex[39m[0m
[  45% ] [90m[1msavepack[22m | Storing File: res://assets/art/pixellab_world/sprites/yard_copper_scraps.png.import[39m[0m
[  45% ] [90m[1msavepack[22m | Storing File: res://.godot/imported/yard_crushed_door.png-736ba00f5622da397fa5d6502d218429.ctex[39m[0m
[  45% ] [90m[1msavepack[22m | Storing File: res://assets/art/pixellab_world/sprites/yard_crushed_door.png.import[39m[0m
[  45% ] [90m[1msavepack[22m | Storing File: res://.godot/imported/yard_desert_scrub_cluster.png-a363c038c71662ccad9371e59b11602f.ctex[39m[0m
[  45% ] [90m[1msavepack[22m | Storing File: res://assets/art/pixellab_world/sprites/yard_desert_scrub_cluster.png.import[39m[0m
[  45% ] [90m[1msavepack[22m | Storing File: res://.godot/imported/yard_engine_hoist.png-58d19c3ecb99651b44b4c34076771a22.ctex[39m[0m
[  45% ] [90m[1msavepack[22m | Storing File: res://assets/art/pixellab_world/sprites/yard_engine_hoist.png.import[39m[0m
[  45% ] [90m[1msavepack[22m | Storing File: res://.godot/imported/yard_k9_warning.png-5ce50de1a2c84c7366c0e6509756abaa.ctex[39m[0m
[  45% ] [90m[1msavepack[22m | Storing File: res://assets/art/pixellab_world/sprites/yard_k9_warning.png.import[39m[0m
[  45% ] [90m[1msavepack[22m | Storing File: res://.godot/imported/yard_oil_barrel_cluster.png-c0078a148128b1cb79f68321fdc3b9b8.ctex[39m[0m
[  45% ] [90m[1msavepack[22m | Storing File: res://assets/art/pixellab_world/sprites/yard_oil_barrel_cluster.png.import[39m[0m
[  45% ] [90m[1msavepack[22m | Storing File: res://.godot/imported/yard_oil_rags.png-4a3929e93b82b22e9b546709f36a408a.ctex[39m[0m
[  45% ] [90m[1msavepack[22m | Storing File: res://assets/art/pixellab_world/sprites/yard_oil_rags.png.import[39m[0m
[  45% ] [90m[1msavepack[22m | Storing File: res://.godot/imported/yard_oil_spill.png-d53366cfd04b9140c6674b32ec6e6a6b.ctex[39m[0m
[  45% ] [90m[1msavepack[22m | Storing File: res://assets/art/pixellab_world/sprites/yard_oil_spill.png.import[39m[0m
[  45% ] [90m[1msavepack[22m | Storing File: res://.godot/imported/yard_parts_bin.png-37ed302ec92b8faa96ce0695f43a6746.ctex[39m[0m
[  45% ] [90m[1msavepack[22m | Storing File: res://assets/art/pixellab_world/sprites/yard_parts_bin.png.import[39m[0m
[  45% ] [90m[1msavepack[22m | Storing File: res://.godot/imported/yard_parts_tags.png-0c6db692153a9440cc8fb29b12248412.ctex[39m[0m
[  45% ] [90m[1msavepack[22m | Storing File: res://assets/art/pixellab_world/sprites/yard_parts_tags.png.import[39m[0m
[  45% ] [90m[1msavepack[22m | Storing File: res://.godot/imported/yard_pipe_manifold.png-49dc5577d544363ea5426400ccc4b6e1.ctex[39m[0m
[  45% ] [90m[1msavepack[22m | Storing File: res://assets/art/pixellab_world/sprites/yard_pipe_manifold.png.import[39m[0m
[  45% ] [90m[1msavepack[22m | Storing File: res://.godot/imported/yard_raven.png-e2070eb81b028248839549188f84fcb7.ctex[39m[0m
[  45% ] [90m[1msavepack[22m | Storing File: res://assets/art/pixellab_world/sprites/yard_raven.png.import[39m[0m
[  45% ] [90m[1msavepack[22m | Storing File: res://.godot/imported/yard_scrap_pile.png-974151f1e346fa7c084d7557bccd9c57.ctex[39m[0m
[  45% ] [90m[1msavepack[22m | Storing File: res://assets/art/pixellab_world/sprites/yard_scrap_pile.png.import[39m[0m
[  45% ] [90m[1msavepack[22m | Storing File: res://.godot/imported/yard_steam_vent_overlay.png-5b9b166bc0a4d3a556b0cc84b0293c05.ctex[39m[0m
[  45% ] [90m[1msavepack[22m | Storing File: res://assets/art/pixellab_world/sprites/yard_steam_vent_overlay.png.import[39m[0m
[  45% ] [90m[1msavepack[22m | Storing File: res://.godot/imported/yard_storage_container.png-dcf17a69a31127c8d5af034bce4dd969.ctex[39m[0m
[  45% ] [90m[1msavepack[22m | Storing File: res://assets/art/pixellab_world/sprites/yard_storage_container.png.import[39m[0m
[  45% ] [90m[1msavepack[22m | Storing File: res://.godot/imported/yard_tail_light_debris.png-d54fceb3b8a0bb034956a6948811fedc.ctex[39m[0m
[  45% ] [90m[1msavepack[22m | Storing File: res://assets/art/pixellab_world/sprites/yard_tail_light_debris.png.import[39m[0m
[  45% ] [90m[1msavepack[22m | Storing File: res://.godot/imported/yard_tarps_tools.png-564f1bff67ef26ad894dbf834507393f.ctex[39m[0m
[  45% ] [90m[1msavepack[22m | Storing File: res://assets/art/pixellab_world/sprites/yard_tarps_tools.png.import[39m[0m
[  45% ] [90m[1msavepack[22m | Storing File: res://.godot/imported/yard_tire_stack.png-0ae3333d40960858d0c6a7257dfab804.ctex[39m[0m
[  45% ] [90m[1msavepack[22m | Storing File: res://assets/art/pixellab_world/sprites/yard_tire_stack.png.import[39m[0m
[  45% ] [90m[1msavepack[22m | Storing File: res://.godot/imported/yard_tumbleweed.png-0ffab86ccd1001f2dd3ce25f59cde68e.ctex[39m[0m
[  45% ] [90m[1msavepack[22m | Storing File: res://assets/art/pixellab_world/sprites/yard_tumbleweed.png.import[39m[0m
[  45% ] [90m[1msavepack[22m | Storing File: res://.godot/imported/yard_utility_control_box.png-1dd5dd22048a81fd9350e59779c4b0dd.ctex[39m[0m
[  45% ] [90m[1msavepack[22m | Storing File: res://assets/art/pixellab_world/sprites/yard_utility_control_box.png.import[39m[0m
[  45% ] [90m[1msavepack[22m | Storing File: res://.godot/imported/yard_welded_safety_railing.png-75276b8ca91fac7e91114db835f2f61d.ctex[39m[0m
[  45% ] [90m[1msavepack[22m | Storing File: res://assets/art/pixellab_world/sprites/yard_welded_safety_railing.png.import[39m[0m
[  45% ] [90m[1msavepack[22m | Storing File: res://.godot/imported/yard_welder_sparks.png-7054895a7c8d7784f813dfa0d73348c2.ctex[39m[0m
[  45% ] [90m[1msavepack[22m | Storing File: res://assets/art/pixellab_world/sprites/yard_welder_sparks.png.import[39m[0m
[  45% ] [90m[1msavepack[22m | Storing File: res://.godot/imported/yard_welding_cart.png-ef9412f4f50eaf6d28bb36a6e43cd4bf.ctex[39m[0m
[  45% ] [90m[1msavepack[22m | Storing File: res://assets/art/pixellab_world/sprites/yard_welding_cart.png.import[39m[0m
[  45% ] [90m[1msavepack[22m | Storing File: res://.godot/imported/yard_windshield_stack.png-f42a57da44d703d27dfa9181ff8c5847.ctex[39m[0m
[  45% ] [90m[1msavepack[22m | Storing File: res://assets/art/pixellab_world/sprites/yard_windshield_stack.png.import[39m[0m
[  45% ] [90m[1msavepack[22m | Storing File: res://.godot/imported/yard_workbench_cluster.png-77ebf7c6ee37f2dcf407f386b9a791f4.ctex[39m[0m
[  45% ] [90m[1msavepack[22m | Storing File: res://assets/art/pixellab_world/sprites/yard_workbench_cluster.png.import[39m[0m
[  45% ] [90m[1msavepack[22m | Storing File: res://.godot/imported/arcade.png-1b712f27c6304fdf0652c39c1c179b12.ctex[39m[0m
[  45% ] [90m[1msavepack[22m | Storing File: res://assets/art/pixellab_world/sprites_hq/arcade.png.import[39m[0m
[  45% ] [90m[1msavepack[22m | Storing File: res://.godot/imported/armchair.png-e0c6ee777918b05e507ae628ad22ef87.ctex[39m[0m
[  45% ] [90m[1msavepack[22m | Storing File: res://assets/art/pixellab_world/sprites_hq/armchair.png.import[39m[0m
[  45% ] [90m[1msavepack[22m | Storing File: res://.godot/imported/bar_cart.png-4e8c50f6418f7815a4c19d478b162b7c.ctex[39m[0m
[  45% ] [90m[1msavepack[22m | Storing File: res://assets/art/pixellab_world/sprites_hq/bar_cart.png.import[39m[0m
[  45% ] [90m[1msavepack[22m | Storing File: res://.godot/imported/bed.png-a6b876d184936bbe2fbbba8e3aeb0588.ctex[39m[0m
[  45% ] [90m[1msavepack[22m | Storing File: res://assets/art/pixellab_world/sprites_hq/bed.png.import[39m[0m
[  45% ] [90m[1msavepack[22m | Storing File: res://.godot/imported/bookshelf.png-b82ade8bdbbbe732defd6667397a068c.ctex[39m[0m
[  45% ] [90m[1msavepack[22m | Storing File: res://assets/art/pixellab_world/sprites_hq/bookshelf.png.import[39m[0m
[  45% ] [90m[1msavepack[22m | Storing File: res://.godot/imported/cage.png-c29bf78c2996cef43d25e038615b9027.ctex[39m[0m
[  45% ] [90m[1msavepack[22m | Storing File: res://assets/art/pixellab_world/sprites_hq/cage.png.import[39m[0m
[  45% ] [90m[1msavepack[22m | Storing File: res://.godot/imported/cage.review.png-533c40deb560f7fed12407ba15738dcd.ctex[39m[0m
[  45% ] [90m[1msavepack[22m | Storing File: res://assets/art/pixellab_world/sprites_hq/cage.review.png.import[39m[0m
[  45% ] [90m[1msavepack[22m | Storing File: res://.godot/imported/camera_dolly.png-4a14672203ae71d240166f9c896f0e6c.ctex[39m[0m
[  45% ] [90m[1msavepack[22m | Storing File: res://assets/art/pixellab_world/sprites_hq/camera_dolly.png.import[39m[0m
[  46% ] [90m[1msavepack[22m | Storing File: res://.godot/imported/camera_rig.png-7e958de08d1ac29f473a5498b75f76fd.ctex[39m[0m
[  46% ] [90m[1msavepack[22m | Storing File: res://assets/art/pixellab_world/sprites_hq/camera_rig.png.import[39m[0m
[  46% ] [90m[1msavepack[22m | Storing File: res://.godot/imported/candelabra.png-56d2716ce95564e5eea349c347b6b316.ctex[39m[0m
[  46% ] [90m[1msavepack[22m | Storing File: res://assets/art/pixellab_world/sprites_hq/candelabra.png.import[39m[0m
[  46% ] [90m[1msavepack[22m | Storing File: res://.godot/imported/cardboard_box.png-9bf5e4d3325eff9285ee1980b921a471.ctex[39m[0m
[  46% ] [90m[1msavepack[22m | Storing File: res://assets/art/pixellab_world/sprites_hq/cardboard_box.png.import[39m[0m
[  46% ] [90m[1msavepack[22m | Storing File: res://.godot/imported/champagne_tower.png-d7bfabeb29f0b47aaebfb7ebaafb8e35.ctex[39m[0m
[  46% ] [90m[1msavepack[22m | Storing File: res://assets/art/pixellab_world/sprites_hq/champagne_tower.png.import[39m[0m
[  46% ] [90m[1msavepack[22m | Storing File: res://.godot/imported/chandelier.png-aa5a79794ae4c57f383828ba6deda922.ctex[39m[0m
[  46% ] [90m[1msavepack[22m | Storing File: res://assets/art/pixellab_world/sprites_hq/chandelier.png.import[39m[0m
[  46% ] [90m[1msavepack[22m | Storing File: res://.godot/imported/cigarette.png-f5131ce7b77e28079a901e1ca4bb0478.ctex[39m[0m
[  46% ] [90m[1msavepack[22m | Storing File: res://assets/art/pixellab_world/sprites_hq/cigarette.png.import[39m[0m
[  46% ] [90m[1msavepack[22m | Storing File: res://.godot/imported/clothes_rack.png-6bcf6fab8c09b68748b45a7817c3787d.ctex[39m[0m
[  46% ] [90m[1msavepack[22m | Storing File: res://assets/art/pixellab_world/sprites_hq/clothes_rack.png.import[39m[0m
[  46% ] [90m[1msavepack[22m | Storing File: res://.godot/imported/clutter_ashtray.png-1c055367fa281392b53ff202af49abeb.ctex[39m[0m
[  46% ] [90m[1msavepack[22m | Storing File: res://assets/art/pixellab_world/sprites_hq/clutter_ashtray.png.import[39m[0m
[  46% ] [90m[1msavepack[22m | Storing File: res://.godot/imported/clutter_bottles.png-2015cefaffda55f912ac886a15583f14.ctex[39m[0m
[  46% ] [90m[1msavepack[22m | Storing File: res://assets/art/pixellab_world/sprites_hq/clutter_bottles.png.import[39m[0m
[  46% ] [90m[1msavepack[22m | Storing File: res://.godot/imported/clutter_cans.png-bd36aca44af762b6c077cfdfde098d9a.ctex[39m[0m
[  46% ] [90m[1msavepack[22m | Storing File: res://assets/art/pixellab_world/sprites_hq/clutter_cans.png.import[39m[0m
[  46% ] [90m[1msavepack[22m | Storing File: res://.godot/imported/clutter_chain.png-5d268f69100779fc033081c02790622c.ctex[39m[0m
[  46% ] [90m[1msavepack[22m | Storing File: res://assets/art/pixellab_world/sprites_hq/clutter_chain.png.import[39m[0m
[  46% ] [90m[1msavepack[22m | Storing File: res://.godot/imported/clutter_dog_bowl.png-b47fcba41cdba635fa214a0b98b4ce4d.ctex[39m[0m
[  46% ] [90m[1msavepack[22m | Storing File: res://assets/art/pixellab_world/sprites_hq/clutter_dog_bowl.png.import[39m[0m
[  46% ] [90m[1msavepack[22m | Storing File: res://.godot/imported/clutter_floor_stains.png-1c6049a5fb1b876883de96699e2b4e4b.ctex[39m[0m
[  46% ] [90m[1msavepack[22m | Storing File: res://assets/art/pixellab_world/sprites_hq/clutter_floor_stains.png.import[39m[0m
[  46% ] [90m[1msavepack[22m | Storing File: res://.godot/imported/clutter_hubcap.png-b0b2683bcb3188e2f6914dd68ca388f1.ctex[39m[0m
[  46% ] [90m[1msavepack[22m | Storing File: res://assets/art/pixellab_world/sprites_hq/clutter_hubcap.png.import[39m[0m
[  46% ] [90m[1msavepack[22m | Storing File: res://.godot/imported/clutter_tools.png-8a88800b54b640156b76c75c86b16e0f.ctex[39m[0m
[  46% ] [90m[1msavepack[22m | Storing File: res://assets/art/pixellab_world/sprites_hq/clutter_tools.png.import[39m[0m
[  46% ] [90m[1msavepack[22m | Storing File: res://.godot/imported/cocktail_table.png-187dd45ccc3a36a699e5cc5be34e04f4.ctex[39m[0m
[  46% ] [90m[1msavepack[22m | Storing File: res://assets/art/pixellab_world/sprites_hq/cocktail_table.png.import[39m[0m
[  46% ] [90m[1msavepack[22m | Storing File: res://.godot/imported/coffee_table.png-4b6cbb9a602a4decfa3cf4f31ebd33a8.ctex[39m[0m
[  46% ] [90m[1msavepack[22m | Storing File: res://assets/art/pixellab_world/sprites_hq/coffee_table.png.import[39m[0m
[  46% ] [90m[1msavepack[22m | Storing File: res://.godot/imported/coffin.png-546eebfaf0e38937727bcbb569aba0d9.ctex[39m[0m
[  46% ] [90m[1msavepack[22m | Storing File: res://assets/art/pixellab_world/sprites_hq/coffin.png.import[39m[0m
[  46% ] [90m[1msavepack[22m | Storing File: res://.godot/imported/combat_blood_shells.png-2dda913e0099d67e84ed9649108503f6.ctex[39m[0m
[  46% ] [90m[1msavepack[22m | Storing File: res://assets/art/pixellab_world/sprites_hq/combat_blood_shells.png.import[39m[0m
[  46% ] [90m[1msavepack[22m | Storing File: res://.godot/imported/combat_poker_table.png-f4efd146fed984082caee43dc59c7a2e.ctex[39m[0m
[  46% ] [90m[1msavepack[22m | Storing File: res://assets/art/pixellab_world/sprites_hq/combat_poker_table.png.import[39m[0m
[  46% ] [90m[1msavepack[22m | Storing File: res://.godot/imported/crate.png-548b36bd87e699ce1906275b3a276ce8.ctex[39m[0m
[  46% ] [90m[1msavepack[22m | Storing File: res://assets/art/pixellab_world/sprites_hq/crate.png.import[39m[0m
[  46% ] [90m[1msavepack[22m | Storing File: res://.godot/imported/decal_blood.png-ba15c42f617f4210c5990e0d970f903d.ctex[39m[0m
[  46% ] [90m[1msavepack[22m | Storing File: res://assets/art/pixellab_world/sprites_hq/decal_blood.png.import[39m[0m
[  46% ] [90m[1msavepack[22m | Storing File: res://.godot/imported/decal_scorch.png-fb517c943c340bc535d6951c2b8a9482.ctex[39m[0m
[  46% ] [90m[1msavepack[22m | Storing File: res://assets/art/pixellab_world/sprites_hq/decal_scorch.png.import[39m[0m
[  46% ] [90m[1msavepack[22m | Storing File: res://.godot/imported/desk.png-b93daf061a7c04b8901916cb8dd244b6.ctex[39m[0m
[  46% ] [90m[1msavepack[22m | Storing File: res://assets/art/pixellab_world/sprites_hq/desk.png.import[39m[0m
[  46% ] [90m[1msavepack[22m | Storing File: res://.godot/imported/director_chair.png-5818762e103f425e4cd7e736a5a2f54d.ctex[39m[0m
[  46% ] [90m[1msavepack[22m | Storing File: res://assets/art/pixellab_world/sprites_hq/director_chair.png.import[39m[0m
[  46% ] [90m[1msavepack[22m | Storing File: res://.godot/imported/dirt_boards.png-755253ea0b7ea2ae82947ef9c44f167a.ctex[39m[0m
[  46% ] [90m[1msavepack[22m | Storing File: res://assets/art/pixellab_world/sprites_hq/dirt_boards.png.import[39m[0m
[  46% ] [90m[1msavepack[22m | Storing File: res://.godot/imported/dirt_pebbles.png-1dd766c122f082553df334b2cea7f508.ctex[39m[0m
[  46% ] [90m[1msavepack[22m | Storing File: res://assets/art/pixellab_world/sprites_hq/dirt_pebbles.png.import[39m[0m
[  46% ] [90m[1msavepack[22m | Storing File: res://.godot/imported/dirt_weeds.png-a439e99422e0181b8f62d2ee6b3711e7.ctex[39m[0m
[  46% ] [90m[1msavepack[22m | Storing File: res://assets/art/pixellab_world/sprites_hq/dirt_weeds.png.import[39m[0m
[  46% ] [90m[1msavepack[22m | Storing File: res://.godot/imported/dj_booth.png-3c0caf5f13db67d1460c0a5960aa3629.ctex[39m[0m
[  46% ] [90m[1msavepack[22m | Storing File: res://assets/art/pixellab_world/sprites_hq/dj_booth.png.import[39m[0m
[  46% ] [90m[1msavepack[22m | Storing File: res://.godot/imported/door_steel.png-5ef3458451e177ef2051ed0d169a273f.ctex[39m[0m
[  46% ] [90m[1msavepack[22m | Storing File: res://assets/art/pixellab_world/sprites_hq/door_steel.png.import[39m[0m
[  46% ] [90m[1msavepack[22m | Storing File: res://.godot/imported/door_wood.png-e1f0af136ee47eec9a9b35d2f14b3516.ctex[39m[0m
[  46% ] [90m[1msavepack[22m | Storing File: res://assets/art/pixellab_world/sprites_hq/door_wood.png.import[39m[0m
[  46% ] [90m[1msavepack[22m | Storing File: res://.godot/imported/dressing_table.png-16b7348e96d9274b2f4e0782af3d0f89.ctex[39m[0m
[  46% ] [90m[1msavepack[22m | Storing File: res://assets/art/pixellab_world/sprites_hq/dressing_table.png.import[39m[0m
[  47% ] [90m[1msavepack[22m | Storing File: res://.godot/imported/dumpster.png-75ee260e6af81f1fb9106d8314ac7547.ctex[39m[0m
[  47% ] [90m[1msavepack[22m | Storing File: res://assets/art/pixellab_world/sprites_hq/dumpster.png.import[39m[0m
[  47% ] [90m[1msavepack[22m | Storing File: res://.godot/imported/engine_block.png-eb2563ba205feb68fc26a7f028ecc098.ctex[39m[0m
[  47% ] [90m[1msavepack[22m | Storing File: res://assets/art/pixellab_world/sprites_hq/engine_block.png.import[39m[0m
[  47% ] [90m[1msavepack[22m | Storing File: res://.godot/imported/filing_cabinet.png-9156e4113d69f551979ce06af72eccb5.ctex[39m[0m
[  47% ] [90m[1msavepack[22m | Storing File: res://assets/art/pixellab_world/sprites_hq/filing_cabinet.png.import[39m[0m
[  47% ] [90m[1msavepack[22m | Storing File: res://.godot/imported/film_camera.png-bdb11ff05898265da36cf9f4bf6da968.ctex[39m[0m
[  47% ] [90m[1msavepack[22m | Storing File: res://assets/art/pixellab_world/sprites_hq/film_camera.png.import[39m[0m
[  47% ] [90m[1msavepack[22m | Storing File: res://.godot/imported/fireplace.png-271dca59163a1fdc9d61249f05fb7517.ctex[39m[0m
[  47% ] [90m[1msavepack[22m | Storing File: res://assets/art/pixellab_world/sprites_hq/fireplace.png.import[39m[0m
[  47% ] [90m[1msavepack[22m | Storing File: res://.godot/imported/flight_case.png-f9c8bc8d3e896bfef0f268b64154cec3.ctex[39m[0m
[  47% ] [90m[1msavepack[22m | Storing File: res://assets/art/pixellab_world/sprites_hq/flight_case.png.import[39m[0m
[  47% ] [90m[1msavepack[22m | Storing File: res://.godot/imported/floor_lamp.png-7eebfd091215480e42b9bcc8cc96a43e.ctex[39m[0m
[  47% ] [90m[1msavepack[22m | Storing File: res://assets/art/pixellab_world/sprites_hq/floor_lamp.png.import[39m[0m
[  47% ] [90m[1msavepack[22m | Storing File: res://.godot/imported/folding_chair.png-01095fe420514b7190d1eabb9fe66294.ctex[39m[0m
[  47% ] [90m[1msavepack[22m | Storing File: res://assets/art/pixellab_world/sprites_hq/folding_chair.png.import[39m[0m
[  47% ] [90m[1msavepack[22m | Storing File: res://.godot/imported/frond.png-1d3789858a3319092fadd8f0a6643a20.ctex[39m[0m
[  47% ] [90m[1msavepack[22m | Storing File: res://assets/art/pixellab_world/sprites_hq/frond.png.import[39m[0m
[  47% ] [90m[1msavepack[22m | Storing File: res://.godot/imported/fuse_box_off.png-a61690954ebdc54bf58b7c4acaaf31ce.ctex[39m[0m
[  47% ] [90m[1msavepack[22m | Storing File: res://assets/art/pixellab_world/sprites_hq/fuse_box_off.png.import[39m[0m
[  47% ] [90m[1msavepack[22m | Storing File: res://.godot/imported/fuse_box_on.png-59c0fcecb8d954e7b8ca95e852983d5c.ctex[39m[0m
[  47% ] [90m[1msavepack[22m | Storing File: res://assets/art/pixellab_world/sprites_hq/fuse_box_on.png.import[39m[0m
[  47% ] [90m[1msavepack[22m | Storing File: res://.godot/imported/grandfather_clock.png-fc0707da5e6c7c18a05dfc154df0b410.ctex[39m[0m
[  47% ] [90m[1msavepack[22m | Storing File: res://assets/art/pixellab_world/sprites_hq/grandfather_clock.png.import[39m[0m
[  47% ] [90m[1msavepack[22m | Storing File: res://.godot/imported/grave.png-e02be940dd2fc4e76dd5cd4c3d2eb96b.ctex[39m[0m
[  47% ] [90m[1msavepack[22m | Storing File: res://assets/art/pixellab_world/sprites_hq/grave.png.import[39m[0m
[  47% ] [90m[1msavepack[22m | Storing File: res://.godot/imported/hq_banquet_table.png-c12e3326bf017d51e1ca90616f5a2755.ctex[39m[0m
[  47% ] [90m[1msavepack[22m | Storing File: res://assets/art/pixellab_world/sprites_hq/hq_banquet_table.png.import[39m[0m
[  47% ] [90m[1msavepack[22m | Storing File: res://.godot/imported/hq_bar_cabinet.png-f69087132cf58cb22331555ae8cb5242.ctex[39m[0m
[  47% ] [90m[1msavepack[22m | Storing File: res://assets/art/pixellab_world/sprites_hq/hq_bar_cabinet.png.import[39m[0m
[  47% ] [90m[1msavepack[22m | Storing File: res://.godot/imported/hq_catering_table.png-9b0125c54d7e775bc29ee9e8f78487a7.ctex[39m[0m
[  47% ] [90m[1msavepack[22m | Storing File: res://assets/art/pixellab_world/sprites_hq/hq_catering_table.png.import[39m[0m
[  47% ] [90m[1msavepack[22m | Storing File: res://.godot/imported/hq_chandelier_big.png-7e848d79d498a510dffff862a3891182.ctex[39m[0m
[  47% ] [90m[1msavepack[22m | Storing File: res://assets/art/pixellab_world/sprites_hq/hq_chandelier_big.png.import[39m[0m
[  47% ] [90m[1msavepack[22m | Storing File: res://.godot/imported/hq_costume_rack.png-4d147e20659db5642dcc70c17b5565ac.ctex[39m[0m
[  47% ] [90m[1msavepack[22m | Storing File: res://assets/art/pixellab_world/sprites_hq/hq_costume_rack.png.import[39m[0m
[  47% ] [90m[1msavepack[22m | Storing File: res://.godot/imported/hq_crate_stack.png-ce4654a6bbc341e1881c47421da90580.ctex[39m[0m
[  47% ] [90m[1msavepack[22m | Storing File: res://assets/art/pixellab_world/sprites_hq/hq_crate_stack.png.import[39m[0m
[  47% ] [90m[1msavepack[22m | Storing File: res://.godot/imported/hq_directors_chairs.png-b64d7ccacace8982083619d54a4fd6a6.ctex[39m[0m
[  47% ] [90m[1msavepack[22m | Storing File: res://assets/art/pixellab_world/sprites_hq/hq_directors_chairs.png.import[39m[0m
[  47% ] [90m[1msavepack[22m | Storing File: res://.godot/imported/hq_display_cabinet.png-559e7061a460dd8ebe9d1cf44e63cc43.ctex[39m[0m
[  47% ] [90m[1msavepack[22m | Storing File: res://assets/art/pixellab_world/sprites_hq/hq_display_cabinet.png.import[39m[0m
[  47% ] [90m[1msavepack[22m | Storing File: res://.godot/imported/hq_engine_block.png-07f172a8518c1fa7fbdee70d1706f48a.ctex[39m[0m
[  47% ] [90m[1msavepack[22m | Storing File: res://assets/art/pixellab_world/sprites_hq/hq_engine_block.png.import[39m[0m
[  47% ] [90m[1msavepack[22m | Storing File: res://.godot/imported/hq_fireplace.png-ad8f23c6398d736cedb2b995532812a7.ctex[39m[0m
[  47% ] [90m[1msavepack[22m | Storing File: res://assets/art/pixellab_world/sprites_hq/hq_fireplace.png.import[39m[0m
[  47% ] [90m[1msavepack[22m | Storing File: res://.godot/imported/hq_fire_barrel.png-3675d67277456583f7f0ef31f17b7102.ctex[39m[0m
[  47% ] [90m[1msavepack[22m | Storing File: res://assets/art/pixellab_world/sprites_hq/hq_fire_barrel.png.import[39m[0m
[  47% ] [90m[1msavepack[22m | Storing File: res://.godot/imported/hq_forklift.png-fe0a0f44005451e5332caeff09b43ccc.ctex[39m[0m
[  47% ] [90m[1msavepack[22m | Storing File: res://assets/art/pixellab_world/sprites_hq/hq_forklift.png.import[39m[0m
[  47% ] [90m[1msavepack[22m | Storing File: res://.godot/imported/hq_garden_bench.png-8b9c93abc7b832c510106b49c4518f4c.ctex[39m[0m
[  47% ] [90m[1msavepack[22m | Storing File: res://assets/art/pixellab_world/sprites_hq/hq_garden_bench.png.import[39m[0m
[  47% ] [90m[1msavepack[22m | Storing File: res://.godot/imported/hq_generator.png-58465f4f9afee22e486b2b074cc36ded.ctex[39m[0m
[  47% ] [90m[1msavepack[22m | Storing File: res://assets/art/pixellab_world/sprites_hq/hq_generator.png.import[39m[0m
[  47% ] [90m[1msavepack[22m | Storing File: res://.godot/imported/hq_gilt_mirror.png-84999ad82883e0c33dea60ce40c83db7.ctex[39m[0m
[  47% ] [90m[1msavepack[22m | Storing File: res://assets/art/pixellab_world/sprites_hq/hq_gilt_mirror.png.import[39m[0m
[  47% ] [90m[1msavepack[22m | Storing File: res://.godot/imported/hq_grand_planter.png-a0f53ac5d8c476e84307adef7f700c0d.ctex[39m[0m
[  47% ] [90m[1msavepack[22m | Storing File: res://assets/art/pixellab_world/sprites_hq/hq_grand_planter.png.import[39m[0m
[  47% ] [90m[1msavepack[22m | Storing File: res://.godot/imported/hq_junk_heap.png-65b073f8bbeed0c7d103923900e3ead6.ctex[39m[0m
[  47% ] [90m[1msavepack[22m | Storing File: res://assets/art/pixellab_world/sprites_hq/hq_junk_heap.png.import[39m[0m
[  47% ] [90m[1msavepack[22m | Storing File: res://.godot/imported/hq_light_stand.png-971ba75b635d03f5e2c831a6b20cd602.ctex[39m[0m
[  47% ] [90m[1msavepack[22m | Storing File: res://assets/art/pixellab_world/sprites_hq/hq_light_stand.png.import[39m[0m
[  47% ] [90m[1msavepack[22m | Storing File: res://.godot/imported/hq_makeup_station.png-633942c06590cb210a618017950eb742.ctex[39m[0m
[  47% ] [90m[1msavepack[22m | Storing File: res://assets/art/pixellab_world/sprites_hq/hq_makeup_station.png.import[39m[0m
[  48% ] [90m[1msavepack[22m | Storing File: res://.godot/imported/hq_monitor_bank.png-a358d4a9afa080f7690285b4085ae0ef.ctex[39m[0m
[  48% ] [90m[1msavepack[22m | Storing File: res://assets/art/pixellab_world/sprites_hq/hq_monitor_bank.png.import[39m[0m
[  48% ] [90m[1msavepack[22m | Storing File: res://.godot/imported/hq_motel_bed.png-67991bc54734ffe794f69c18ecca8c23.ctex[39m[0m
[  48% ] [90m[1msavepack[22m | Storing File: res://assets/art/pixellab_world/sprites_hq/hq_motel_bed.png.import[39m[0m
[  48% ] [90m[1msavepack[22m | Storing File: res://.godot/imported/hq_motel_curtains.png-d4b7f1ba9215ea494758c4af65c3a640.ctex[39m[0m
[  48% ] [90m[1msavepack[22m | Storing File: res://assets/art/pixellab_world/sprites_hq/hq_motel_curtains.png.import[39m[0m
[  48% ] [90m[1msavepack[22m | Storing File: res://.godot/imported/hq_motel_dresser.png-119e639762deafc154b428452133fbcb.ctex[39m[0m
[  48% ] [90m[1msavepack[22m | Storing File: res://assets/art/pixellab_world/sprites_hq/hq_motel_dresser.png.import[39m[0m
[  48% ] [90m[1msavepack[22m | Storing File: res://.godot/imported/hq_motel_ice_machine.png-25524031b18449c469a6085a2ae10713.ctex[39m[0m
[  48% ] [90m[1msavepack[22m | Storing File: res://assets/art/pixellab_world/sprites_hq/hq_motel_ice_machine.png.import[39m[0m
[  48% ] [90m[1msavepack[22m | Storing File: res://.godot/imported/hq_motel_vending.png-fd95c83497b3ade148bb4b1aae9652d0.ctex[39m[0m
[  48% ] [90m[1msavepack[22m | Storing File: res://assets/art/pixellab_world/sprites_hq/hq_motel_vending.png.import[39m[0m
[  48% ] [90m[1msavepack[22m | Storing File: res://.godot/imported/hq_neon_beer_sign.png-83cf0f54d4d451c1c7fa99843cd62c61.ctex[39m[0m
[  48% ] [90m[1msavepack[22m | Storing File: res://assets/art/pixellab_world/sprites_hq/hq_neon_beer_sign.png.import[39m[0m
[  48% ] [90m[1msavepack[22m | Storing File: res://.godot/imported/hq_ornate_sofa.png-bb91f4f854aa2be4c540b36bf34bc38f.ctex[39m[0m
[  48% ] [90m[1msavepack[22m | Storing File: res://assets/art/pixellab_world/sprites_hq/hq_ornate_sofa.png.import[39m[0m
[  48% ] [90m[1msavepack[22m | Storing File: res://.godot/imported/hq_palm_planter.png-b627e9f0502eaacf32354ad7d0c7e2eb.ctex[39m[0m
[  48% ] [90m[1msavepack[22m | Storing File: res://assets/art/pixellab_world/sprites_hq/hq_palm_planter.png.import[39m[0m
[  48% ] [90m[1msavepack[22m | Storing File: res://.godot/imported/hq_persian_rug.png-d03f9de5e5949c95484dd8324252ebfd.ctex[39m[0m
[  48% ] [90m[1msavepack[22m | Storing File: res://assets/art/pixellab_world/sprites_hq/hq_persian_rug.png.import[39m[0m
[  48% ] [90m[1msavepack[22m | Storing File: res://.godot/imported/hq_pool_cooler.png-958fca47da56884ad077e15f097f12e3.ctex[39m[0m
[  48% ] [90m[1msavepack[22m | Storing File: res://assets/art/pixellab_world/sprites_hq/hq_pool_cooler.png.import[39m[0m
[  48% ] [90m[1msavepack[22m | Storing File: res://.godot/imported/hq_pool_lounger_set.png-6062138e16c9f7406d0ea8dcc0cdc7b8.ctex[39m[0m
[  48% ] [90m[1msavepack[22m | Storing File: res://assets/art/pixellab_world/sprites_hq/hq_pool_lounger_set.png.import[39m[0m
[  48% ] [90m[1msavepack[22m | Storing File: res://.godot/imported/hq_stair_runner.png-4db9a27ca53f0e0946937e9ccb3c6d62.ctex[39m[0m
[  48% ] [90m[1msavepack[22m | Storing File: res://assets/art/pixellab_world/sprites_hq/hq_stair_runner.png.import[39m[0m
[  48% ] [90m[1msavepack[22m | Storing File: res://.godot/imported/hq_sun_loungers.png-5f4edeef802a095f37ef805ff2475fb4.ctex[39m[0m
[  48% ] [90m[1msavepack[22m | Storing File: res://assets/art/pixellab_world/sprites_hq/hq_sun_loungers.png.import[39m[0m
[  48% ] [90m[1msavepack[22m | Storing File: res://.godot/imported/hq_tire_wall.png-819daa1eb471ae34740d3425cb8a1b35.ctex[39m[0m
[  48% ] [90m[1msavepack[22m | Storing File: res://assets/art/pixellab_world/sprites_hq/hq_tire_wall.png.import[39m[0m
[  48% ] [90m[1msavepack[22m | Storing File: res://.godot/imported/hq_workbench.png-6f86b42541de439d26694c3e40e50b32.ctex[39m[0m
[  48% ] [90m[1msavepack[22m | Storing File: res://assets/art/pixellab_world/sprites_hq/hq_workbench.png.import[39m[0m
[  48% ] [90m[1msavepack[22m | Storing File: res://.godot/imported/ice_machine.png-925bfb8dd75f887179ecddf803693ca4.ctex[39m[0m
[  48% ] [90m[1msavepack[22m | Storing File: res://assets/art/pixellab_world/sprites_hq/ice_machine.png.import[39m[0m
[  48% ] [90m[1msavepack[22m | Storing File: res://.godot/imported/jukebox.png-429a366cbe99de227ff70817a5d988b6.ctex[39m[0m
[  48% ] [90m[1msavepack[22m | Storing File: res://assets/art/pixellab_world/sprites_hq/jukebox.png.import[39m[0m
[  48% ] [90m[1msavepack[22m | Storing File: res://.godot/imported/kennel_dog_bed.png-11ad0a44d14be216366b02ac0827e4db.ctex[39m[0m
[  48% ] [90m[1msavepack[22m | Storing File: res://assets/art/pixellab_world/sprites_hq/kennel_dog_bed.png.import[39m[0m
[  48% ] [90m[1msavepack[22m | Storing File: res://.godot/imported/kennel_dog_bowl.png-5eaac613bed439834c19bef91ca4d348.ctex[39m[0m
[  48% ] [90m[1msavepack[22m | Storing File: res://assets/art/pixellab_world/sprites_hq/kennel_dog_bowl.png.import[39m[0m
[  48% ] [90m[1msavepack[22m | Storing File: res://.godot/imported/kennel_hay_bundle.png-d9f573bea25c0cfe948156b53c3f377a.ctex[39m[0m
[  48% ] [90m[1msavepack[22m | Storing File: res://assets/art/pixellab_world/sprites_hq/kennel_hay_bundle.png.import[39m[0m
[  48% ] [90m[1msavepack[22m | Storing File: res://.godot/imported/laundry_basket_clothes.png-1b8f8b06c37885b54a58f40f2ed8a8e5.ctex[39m[0m
[  48% ] [90m[1msavepack[22m | Storing File: res://assets/art/pixellab_world/sprites_hq/laundry_basket_clothes.png.import[39m[0m
[  48% ] [90m[1msavepack[22m | Storing File: res://.godot/imported/laundry_detergent_bottle.png-c666bdbad9d65f74a2fec4f9f59747fc.ctex[39m[0m
[  48% ] [90m[1msavepack[22m | Storing File: res://assets/art/pixellab_world/sprites_hq/laundry_detergent_bottle.png.import[39m[0m
[  48% ] [90m[1msavepack[22m | Storing File: res://.godot/imported/leaf.png-d74c08e1ad4070c2dc1383968ddbf8f1.ctex[39m[0m
[  48% ] [90m[1msavepack[22m | Storing File: res://assets/art/pixellab_world/sprites_hq/leaf.png.import[39m[0m
[  48% ] [90m[1msavepack[22m | Storing File: res://.godot/imported/light_stand.png-71041056974565e22275d4b5b0376842.ctex[39m[0m
[  48% ] [90m[1msavepack[22m | Storing File: res://assets/art/pixellab_world/sprites_hq/light_stand.png.import[39m[0m
[  48% ] [90m[1msavepack[22m | Storing File: res://.godot/imported/lounger.png-b6efbcf9f763309cd9f8a578e7891d12.ctex[39m[0m
[  48% ] [90m[1msavepack[22m | Storing File: res://assets/art/pixellab_world/sprites_hq/lounger.png.import[39m[0m
[  48% ] [90m[1msavepack[22m | Storing File: res://.godot/imported/luggage_cart.png-96d2caacc3e97323ddd07b654a58874a.ctex[39m[0m
[  48% ] [90m[1msavepack[22m | Storing File: res://assets/art/pixellab_world/sprites_hq/luggage_cart.png.import[39m[0m
[  48% ] [90m[1msavepack[22m | Storing File: res://.godot/imported/motel_bedside_lamp.png-48700272a4778289e502a2c86a753bbd.ctex[39m[0m
[  48% ] [90m[1msavepack[22m | Storing File: res://assets/art/pixellab_world/sprites_hq/motel_bedside_lamp.png.import[39m[0m
[  48% ] [90m[1msavepack[22m | Storing File: res://.godot/imported/motel_bougainvillea.png-6c9db700682823d2931540cb2a9a1494.ctex[39m[0m
[  48% ] [90m[1msavepack[22m | Storing File: res://assets/art/pixellab_world/sprites_hq/motel_bougainvillea.png.import[39m[0m
[  48% ] [90m[1msavepack[22m | Storing File: res://.godot/imported/motel_exit_arrow.png-287e7001317d2f6ac6f434e2a6ba9b61.ctex[39m[0m
[  48% ] [90m[1msavepack[22m | Storing File: res://assets/art/pixellab_world/sprites_hq/motel_exit_arrow.png.import[39m[0m
[  48% ] [90m[1msavepack[22m | Storing File: res://.godot/imported/motel_gecko.png-b6c8b914500a0864523737394d9efb5b.ctex[39m[0m
[  48% ] [90m[1msavepack[22m | Storing File: res://assets/art/pixellab_world/sprites_hq/motel_gecko.png.import[39m[0m
[  48% ] [90m[1msavepack[22m | Storing File: res://.godot/imported/motel_hasty_checkout.png-9467a25ff2ec878337b5e658313e62df.ctex[39m[0m
[  48% ] [90m[1msavepack[22m | Storing File: res://assets/art/pixellab_world/sprites_hq/motel_hasty_checkout.png.import[39m[0m
[  48% ] [90m[1msavepack[22m | Storing File: res://.godot/imported/motel_housekeeping_cart.png-0802807381e69110c6218639ba149b38.ctex[39m[0m
[  48% ] [90m[1msavepack[22m | Storing File: res://assets/art/pixellab_world/sprites_hq/motel_housekeeping_cart.png.import[39m[0m
[  49% ] [90m[1msavepack[22m | Storing File: res://.godot/imported/motel_ice_bucket.png-81f9a799dfc98017a61ad2078b994ab9.ctex[39m[0m
[  49% ] [90m[1msavepack[22m | Storing File: res://assets/art/pixellab_world/sprites_hq/motel_ice_bucket.png.import[39m[0m
[  49% ] [90m[1msavepack[22m | Storing File: res://.godot/imported/motel_ice_bucket_full.png-8cda4fe11a8e699b1786c3eaf713f187.ctex[39m[0m
[  49% ] [90m[1msavepack[22m | Storing File: res://assets/art/pixellab_world/sprites_hq/motel_ice_bucket_full.png.import[39m[0m
[  49% ] [90m[1msavepack[22m | Storing File: res://.godot/imported/motel_ice_machine.png-67190fa9bb50e16a80e0c5b9127ccefc.ctex[39m[0m
[  49% ] [90m[1msavepack[22m | Storing File: res://assets/art/pixellab_world/sprites_hq/motel_ice_machine.png.import[39m[0m
[  49% ] [90m[1msavepack[22m | Storing File: res://.godot/imported/motel_neon_vacancy_sign.png-a41ebc897b5a57654bdabef57392949a.ctex[39m[0m
[  49% ] [90m[1msavepack[22m | Storing File: res://assets/art/pixellab_world/sprites_hq/motel_neon_vacancy_sign.png.import[39m[0m
[  49% ] [90m[1msavepack[22m | Storing File: res://.godot/imported/motel_palm_planter.png-49dfe236303d279c67003bddaa527d75.ctex[39m[0m
[  49% ] [90m[1msavepack[22m | Storing File: res://assets/art/pixellab_world/sprites_hq/motel_palm_planter.png.import[39m[0m
[  49% ] [90m[1msavepack[22m | Storing File: res://.godot/imported/motel_pizza_box.png-c3cc28b82008a40a6e68e508d81d627f.ctex[39m[0m
[  49% ] [90m[1msavepack[22m | Storing File: res://assets/art/pixellab_world/sprites_hq/motel_pizza_box.png.import[39m[0m
[  49% ] [90m[1msavepack[22m | Storing File: res://.godot/imported/motel_pool_flamingo.png-43ec633a4c6434d291fbf44d85f8faf0.ctex[39m[0m
[  49% ] [90m[1msavepack[22m | Storing File: res://assets/art/pixellab_world/sprites_hq/motel_pool_flamingo.png.import[39m[0m
[  49% ] [90m[1msavepack[22m | Storing File: res://.godot/imported/motel_pool_float.png-f931955391be07c79cb1e4373d9af0d6.ctex[39m[0m
[  49% ] [90m[1msavepack[22m | Storing File: res://assets/art/pixellab_world/sprites_hq/motel_pool_float.png.import[39m[0m
[  49% ] [90m[1msavepack[22m | Storing File: res://.godot/imported/motel_pool_float_flamingo.png-d87a7bd698c17dcaff1b552b7d8d9803.ctex[39m[0m
[  49% ] [90m[1msavepack[22m | Storing File: res://assets/art/pixellab_world/sprites_hq/motel_pool_float_flamingo.png.import[39m[0m
[  49% ] [90m[1msavepack[22m | Storing File: res://.godot/imported/motel_pool_lounger.png-a936d4e71fc01a9ccb03acc95e390fac.ctex[39m[0m
[  49% ] [90m[1msavepack[22m | Storing File: res://assets/art/pixellab_world/sprites_hq/motel_pool_lounger.png.import[39m[0m
[  49% ] [90m[1msavepack[22m | Storing File: res://.godot/imported/motel_pool_party_ruin.png-654de3b436dda8271e13ccf334e34a62.ctex[39m[0m
[  49% ] [90m[1msavepack[22m | Storing File: res://assets/art/pixellab_world/sprites_hq/motel_pool_party_ruin.png.import[39m[0m
[  49% ] [90m[1msavepack[22m | Storing File: res://.godot/imported/motel_pool_umbrella.png-316c613f9f3d98001aa729f168a28a5f.ctex[39m[0m
[  49% ] [90m[1msavepack[22m | Storing File: res://assets/art/pixellab_world/sprites_hq/motel_pool_umbrella.png.import[39m[0m
[  49% ] [90m[1msavepack[22m | Storing File: res://.godot/imported/motel_room_key_spill.png-713069d864a150a59aa4fbe0a5a3f016.ctex[39m[0m
[  49% ] [90m[1msavepack[22m | Storing File: res://assets/art/pixellab_world/sprites_hq/motel_room_key_spill.png.import[39m[0m
[  49% ] [90m[1msavepack[22m | Storing File: res://.godot/imported/motel_room_service_tray.png-10129d87cbdf10a043d5383de6bf36e3.ctex[39m[0m
[  49% ] [90m[1msavepack[22m | Storing File: res://assets/art/pixellab_world/sprites_hq/motel_room_service_tray.png.import[39m[0m
[  49% ] [90m[1msavepack[22m | Storing File: res://.godot/imported/motel_shoes_pair.png-5e63c44e03575b2112e3d66c3a48ba53.ctex[39m[0m
[  49% ] [90m[1msavepack[22m | Storing File: res://assets/art/pixellab_world/sprites_hq/motel_shoes_pair.png.import[39m[0m
[  49% ] [90m[1msavepack[22m | Storing File: res://.godot/imported/motel_suitcase_open.png-86281194022abac7625a914189483636.ctex[39m[0m
[  49% ] [90m[1msavepack[22m | Storing File: res://assets/art/pixellab_world/sprites_hq/motel_suitcase_open.png.import[39m[0m
[  49% ] [90m[1msavepack[22m | Storing File: res://.godot/imported/motel_telephone.png-7f8fd6f151ab7fb6003fdfac8ea6223f.ctex[39m[0m
[  49% ] [90m[1msavepack[22m | Storing File: res://assets/art/pixellab_world/sprites_hq/motel_telephone.png.import[39m[0m
[  49% ] [90m[1msavepack[22m | Storing File: res://.godot/imported/motel_towel_cart.png-e7815772c2ff00e006fdc718d568bdc1.ctex[39m[0m
[  49% ] [90m[1msavepack[22m | Storing File: res://assets/art/pixellab_world/sprites_hq/motel_towel_cart.png.import[39m[0m
[  49% ] [90m[1msavepack[22m | Storing File: res://.godot/imported/motel_towel_folded.png-3e729fde9af5808559376fa7e1f72a50.ctex[39m[0m
[  49% ] [90m[1msavepack[22m | Storing File: res://assets/art/pixellab_world/sprites_hq/motel_towel_folded.png.import[39m[0m
[  49% ] [90m[1msavepack[22m | Storing File: res://.godot/imported/motel_tv_crt.png-9a0ecbe3274f84a9c43277349b851bcb.ctex[39m[0m
[  49% ] [90m[1msavepack[22m | Storing File: res://assets/art/pixellab_world/sprites_hq/motel_tv_crt.png.import[39m[0m
[  49% ] [90m[1msavepack[22m | Storing File: res://.godot/imported/motel_vacancy_sign.png-4a6d798e387654ccf0a06531efbcdbff.ctex[39m[0m
[  49% ] [90m[1msavepack[22m | Storing File: res://assets/art/pixellab_world/sprites_hq/motel_vacancy_sign.png.import[39m[0m
[  49% ] [90m[1msavepack[22m | Storing File: res://.godot/imported/motel_water_ring.png-4af8fa2177f16e26af76ec411f3216de.ctex[39m[0m
[  49% ] [90m[1msavepack[22m | Storing File: res://assets/art/pixellab_world/sprites_hq/motel_water_ring.png.import[39m[0m
[  49% ] [90m[1msavepack[22m | Storing File: res://.godot/imported/office_chair.png-356b4f1ed2e2096370d19ce635057227.ctex[39m[0m
[  49% ] [90m[1msavepack[22m | Storing File: res://assets/art/pixellab_world/sprites_hq/office_chair.png.import[39m[0m
[  49% ] [90m[1msavepack[22m | Storing File: res://.godot/imported/oil_drum.png-5674752a9bb8eccc5cc27327cc08b071.ctex[39m[0m
[  49% ] [90m[1msavepack[22m | Storing File: res://assets/art/pixellab_world/sprites_hq/oil_drum.png.import[39m[0m
[  49% ] [90m[1msavepack[22m | Storing File: res://.godot/imported/pallet.png-b29076fc28b749b67c54b3ad209f46a7.ctex[39m[0m
[  49% ] [90m[1msavepack[22m | Storing File: res://assets/art/pixellab_world/sprites_hq/pallet.png.import[39m[0m
[  49% ] [90m[1msavepack[22m | Storing File: res://.godot/imported/paper.png-5fb0b394fa0ceab3ea3224db6dd37358.ctex[39m[0m
[  49% ] [90m[1msavepack[22m | Storing File: res://assets/art/pixellab_world/sprites_hq/paper.png.import[39m[0m
[  49% ] [90m[1msavepack[22m | Storing File: res://.godot/imported/path_crack.png-e6f98a712886fb2af6537514773ccc0e.ctex[39m[0m
[  49% ] [90m[1msavepack[22m | Storing File: res://assets/art/pixellab_world/sprites_hq/path_crack.png.import[39m[0m
[  49% ] [90m[1msavepack[22m | Storing File: res://.godot/imported/piano.png-d36a6dfb04b5ab175eb4cd26e45e7b9a.ctex[39m[0m
[  49% ] [90m[1msavepack[22m | Storing File: res://assets/art/pixellab_world/sprites_hq/piano.png.import[39m[0m
[  49% ] [90m[1msavepack[22m | Storing File: res://.godot/imported/pickup_ammo.png-ecc08e561ad71daf8b09aca9ab734532.ctex[39m[0m
[  49% ] [90m[1msavepack[22m | Storing File: res://assets/art/pixellab_world/sprites_hq/pickup_ammo.png.import[39m[0m
[  49% ] [90m[1msavepack[22m | Storing File: res://.godot/imported/pickup_cash.png-1fd2a20dffaf7282b902d31659f43529.ctex[39m[0m
[  49% ] [90m[1msavepack[22m | Storing File: res://assets/art/pixellab_world/sprites_hq/pickup_cash.png.import[39m[0m
[  49% ] [90m[1msavepack[22m | Storing File: res://.godot/imported/pickup_cassette.png-96103201a7f8bddeb5d6522e32b5a67e.ctex[39m[0m
[  49% ] [90m[1msavepack[22m | Storing File: res://assets/art/pixellab_world/sprites_hq/pickup_cassette.png.import[39m[0m
[  49% ] [90m[1msavepack[22m | Storing File: res://.godot/imported/pickup_flare.png-47fe62e97b92ac8159d0770721055bc5.ctex[39m[0m
[  49% ] [90m[1msavepack[22m | Storing File: res://assets/art/pixellab_world/sprites_hq/pickup_flare.png.import[39m[0m
[  50% ] [90m[1msavepack[22m | Storing File: res://.godot/imported/pickup_vest.png-99ad99cc1c1be49d26e5dec84d0a2015.ctex[39m[0m
[  50% ] [90m[1msavepack[22m | Storing File: res://assets/art/pixellab_world/sprites_hq/pickup_vest.png.import[39m[0m
[  50% ] [90m[1msavepack[22m | Storing File: res://.godot/imported/pinball.png-e41b4e3828ed9171ff4e560a99caeed6.ctex[39m[0m
[  50% ] [90m[1msavepack[22m | Storing File: res://assets/art/pixellab_world/sprites_hq/pinball.png.import[39m[0m
[  50% ] [90m[1msavepack[22m | Storing File: res://.godot/imported/plant.png-5965207510efff86ff336860473e9a67.ctex[39m[0m
[  50% ] [90m[1msavepack[22m | Storing File: res://assets/art/pixellab_world/sprites_hq/plant.png.import[39m[0m
[  50% ] [90m[1msavepack[22m | Storing File: res://.godot/imported/plant_pot.png-77742475eefcc67551b6e4820c3f83de.ctex[39m[0m
[  50% ] [90m[1msavepack[22m | Storing File: res://assets/art/pixellab_world/sprites_hq/plant_pot.png.import[39m[0m
[  50% ] [90m[1msavepack[22m | Storing File: res://.godot/imported/pool_table.png-d3fdf8ffeafd36d3054646d362b62108.ctex[39m[0m
[  50% ] [90m[1msavepack[22m | Storing File: res://assets/art/pixellab_world/sprites_hq/pool_table.png.import[39m[0m
[  50% ] [90m[1msavepack[22m | Storing File: res://.godot/imported/potted_palm.png-268e31ed7d3f3e8c323ae12765e48ad1.ctex[39m[0m
[  50% ] [90m[1msavepack[22m | Storing File: res://assets/art/pixellab_world/sprites_hq/potted_palm.png.import[39m[0m
[  50% ] [90m[1msavepack[22m | Storing File: res://.godot/imported/prop_calendar.png-6d52b293db800430ab7a5b850dba1a19.ctex[39m[0m
[  50% ] [90m[1msavepack[22m | Storing File: res://assets/art/pixellab_world/sprites_hq/prop_calendar.png.import[39m[0m
[  50% ] [90m[1msavepack[22m | Storing File: res://.godot/imported/prop_extinguisher.png-043dff551ade16dc30839dbde3ab6380.ctex[39m[0m
[  50% ] [90m[1msavepack[22m | Storing File: res://assets/art/pixellab_world/sprites_hq/prop_extinguisher.png.import[39m[0m
[  50% ] [90m[1msavepack[22m | Storing File: res://.godot/imported/prop_key_rack.png-3f3606dc09d95741ec12cebcf1347788.ctex[39m[0m
[  50% ] [90m[1msavepack[22m | Storing File: res://assets/art/pixellab_world/sprites_hq/prop_key_rack.png.import[39m[0m
[  50% ] [90m[1msavepack[22m | Storing File: res://.godot/imported/prop_room_plate.png-5268fd0dc3c4ab366a435baddab5151f.ctex[39m[0m
[  50% ] [90m[1msavepack[22m | Storing File: res://assets/art/pixellab_world/sprites_hq/prop_room_plate.png.import[39m[0m
[  50% ] [90m[1msavepack[22m | Storing File: res://.godot/imported/prop_suitcase.png-201922905ca07d797612974333fe45ad.ctex[39m[0m
[  50% ] [90m[1msavepack[22m | Storing File: res://assets/art/pixellab_world/sprites_hq/prop_suitcase.png.import[39m[0m
[  50% ] [90m[1msavepack[22m | Storing File: res://.godot/imported/prop_trash_bag.png-cf1d1ffefa25c46ad43851d01f0ffbf7.ctex[39m[0m
[  50% ] [90m[1msavepack[22m | Storing File: res://assets/art/pixellab_world/sprites_hq/prop_trash_bag.png.import[39m[0m
[  50% ] [90m[1msavepack[22m | Storing File: res://.godot/imported/pyro_charge.png-efc567a3238d0fbe5b47bafd96142482.ctex[39m[0m
[  50% ] [90m[1msavepack[22m | Storing File: res://assets/art/pixellab_world/sprites_hq/pyro_charge.png.import[39m[0m
[  50% ] [90m[1msavepack[22m | Storing File: res://.godot/imported/road_arrow.png-32efdd3c11b38635e6625685c6da492a.ctex[39m[0m
[  50% ] [90m[1msavepack[22m | Storing File: res://assets/art/pixellab_world/sprites_hq/road_arrow.png.import[39m[0m
[  50% ] [90m[1msavepack[22m | Storing File: res://.godot/imported/road_manhole.png-0535bbaa03881d3bf50095565d4c2575.ctex[39m[0m
[  50% ] [90m[1msavepack[22m | Storing File: res://assets/art/pixellab_world/sprites_hq/road_manhole.png.import[39m[0m
[  50% ] [90m[1msavepack[22m | Storing File: res://.godot/imported/road_patch.png-5058e817cd7ed1b540cb30e289d38f7a.ctex[39m[0m
[  50% ] [90m[1msavepack[22m | Storing File: res://assets/art/pixellab_world/sprites_hq/road_patch.png.import[39m[0m
[  50% ] [90m[1msavepack[22m | Storing File: res://.godot/imported/road_pothole.png-cbd45bf02bdd11018f9d12f075ccd7d1.ctex[39m[0m
[  50% ] [90m[1msavepack[22m | Storing File: res://assets/art/pixellab_world/sprites_hq/road_pothole.png.import[39m[0m
[  50% ] [90m[1msavepack[22m | Storing File: res://.godot/imported/road_sand.png-ea077477b6601d292aff0bbd6d61d9d6.ctex[39m[0m
[  50% ] [90m[1msavepack[22m | Storing File: res://assets/art/pixellab_world/sprites_hq/road_sand.png.import[39m[0m
[  50% ] [90m[1msavepack[22m | Storing File: res://.godot/imported/road_stop_line.png-60f84cf9f811a7bf91fbb28cac89bf36.ctex[39m[0m
[  50% ] [90m[1msavepack[22m | Storing File: res://assets/art/pixellab_world/sprites_hq/road_stop_line.png.import[39m[0m
[  50% ] [90m[1msavepack[22m | Storing File: res://.godot/imported/scrap_pile.png-728a017918860cab6d69bda8f0ce281a.ctex[39m[0m
[  50% ] [90m[1msavepack[22m | Storing File: res://assets/art/pixellab_world/sprites_hq/scrap_pile.png.import[39m[0m
[  50% ] [90m[1msavepack[22m | Storing File: res://.godot/imported/security_camera.png-55a4259a65bd9cba094438805b5b21d3.ctex[39m[0m
[  50% ] [90m[1msavepack[22m | Storing File: res://assets/art/pixellab_world/sprites_hq/security_camera.png.import[39m[0m
[  50% ] [90m[1msavepack[22m | Storing File: res://.godot/imported/sideboard.png-09c85ef89b9ab857c769af299330a7bf.ctex[39m[0m
[  50% ] [90m[1msavepack[22m | Storing File: res://assets/art/pixellab_world/sprites_hq/sideboard.png.import[39m[0m
[  50% ] [90m[1msavepack[22m | Storing File: res://.godot/imported/sofa.png-8c9d6d35bf7f1c3b030271069b609156.ctex[39m[0m
[  50% ] [90m[1msavepack[22m | Storing File: res://assets/art/pixellab_world/sprites_hq/sofa.png.import[39m[0m
[  50% ] [90m[1msavepack[22m | Storing File: res://.godot/imported/speaker_stack.png-0168db9d0c6ecd827676ce0a93bc9636.ctex[39m[0m
[  50% ] [90m[1msavepack[22m | Storing File: res://assets/art/pixellab_world/sprites_hq/speaker_stack.png.import[39m[0m
[  50% ] [90m[1msavepack[22m | Storing File: res://.godot/imported/statue.png-56f6c4d3b322f7bd8a64f0760900d7ce.ctex[39m[0m
[  50% ] [90m[1msavepack[22m | Storing File: res://assets/art/pixellab_world/sprites_hq/statue.png.import[39m[0m
[  50% ] [90m[1msavepack[22m | Storing File: res://.godot/imported/studio_acoustic_wall_panel.png-1bc21c6233b4af7f0c1490953c4db30e.ctex[39m[0m
[  50% ] [90m[1msavepack[22m | Storing File: res://assets/art/pixellab_world/sprites_hq/studio_acoustic_wall_panel.png.import[39m[0m
[  50% ] [90m[1msavepack[22m | Storing File: res://.godot/imported/studio_apple_box.png-9dcefc0823391f87c514c892dee67c69.ctex[39m[0m
[  50% ] [90m[1msavepack[22m | Storing File: res://assets/art/pixellab_world/sprites_hq/studio_apple_box.png.import[39m[0m
[  50% ] [90m[1msavepack[22m | Storing File: res://.godot/imported/studio_block_x.png-35feffa6d9779141b2643ffa79f84ee6.ctex[39m[0m
[  50% ] [90m[1msavepack[22m | Storing File: res://assets/art/pixellab_world/sprites_hq/studio_block_x.png.import[39m[0m
[  50% ] [90m[1msavepack[22m | Storing File: res://.godot/imported/studio_boom_mic.png-a21e907226cbe8ed880d36577e70e998.ctex[39m[0m
[  50% ] [90m[1msavepack[22m | Storing File: res://assets/art/pixellab_world/sprites_hq/studio_boom_mic.png.import[39m[0m
[  50% ] [90m[1msavepack[22m | Storing File: res://.godot/imported/studio_cable_spool.png-c7edd2ebc6b4eea16bf2c15768227f8c.ctex[39m[0m
[  50% ] [90m[1msavepack[22m | Storing File: res://assets/art/pixellab_world/sprites_hq/studio_cable_spool.png.import[39m[0m
[  50% ] [90m[1msavepack[22m | Storing File: res://.godot/imported/studio_clapperboard.png-7bbdfd63e8b8eccc13872f043ca9d999.ctex[39m[0m
[  50% ] [90m[1msavepack[22m | Storing File: res://assets/art/pixellab_world/sprites_hq/studio_clapperboard.png.import[39m[0m
[  50% ] [90m[1msavepack[22m | Storing File: res://.godot/imported/studio_coffee_cup.png-4628d838bcc2f2dc18cef2eac7b9637c.ctex[39m[0m
[  50% ] [90m[1msavepack[22m | Storing File: res://assets/art/pixellab_world/sprites_hq/studio_coffee_cup.png.import[39m[0m
[  51% ] [90m[1msavepack[22m | Storing File: res://.godot/imported/studio_costume_pile.png-67174a9592042bdaab4078d1c28f0215.ctex[39m[0m
[  51% ] [90m[1msavepack[22m | Storing File: res://assets/art/pixellab_world/sprites_hq/studio_costume_pile.png.import[39m[0m
[  51% ] [90m[1msavepack[22m | Storing File: res://.godot/imported/studio_costume_rack.png-f7814df3484675a355f6dfe4ce15189b.ctex[39m[0m
[  51% ] [90m[1msavepack[22m | Storing File: res://assets/art/pixellab_world/sprites_hq/studio_costume_rack.png.import[39m[0m
[  51% ] [90m[1msavepack[22m | Storing File: res://.godot/imported/studio_craft_table.png-f3d95d7775442036c1f1697ba7e24985.ctex[39m[0m
[  51% ] [90m[1msavepack[22m | Storing File: res://assets/art/pixellab_world/sprites_hq/studio_craft_table.png.import[39m[0m
[  51% ] [90m[1msavepack[22m | Storing File: res://.godot/imported/studio_fern.png-154ab7c9da16ddecc9b4580f3fe82b57.ctex[39m[0m
[  51% ] [90m[1msavepack[22m | Storing File: res://assets/art/pixellab_world/sprites_hq/studio_fern.png.import[39m[0m
[  51% ] [90m[1msavepack[22m | Storing File: res://.godot/imported/studio_film_reel_pair.png-6dcbd1881eedfbf2aeb370828cd3dafc.ctex[39m[0m
[  51% ] [90m[1msavepack[22m | Storing File: res://assets/art/pixellab_world/sprites_hq/studio_film_reel_pair.png.import[39m[0m
[  51% ] [90m[1msavepack[22m | Storing File: res://.godot/imported/studio_flower_arrangement.png-089d98ffbbf33e982cfd38b0fb465806.ctex[39m[0m
[  51% ] [90m[1msavepack[22m | Storing File: res://assets/art/pixellab_world/sprites_hq/studio_flower_arrangement.png.import[39m[0m
[  51% ] [90m[1msavepack[22m | Storing File: res://.godot/imported/studio_gaffer_scraps.png-62b3b25b5d803aebafe1ec77fe12b015.ctex[39m[0m
[  51% ] [90m[1msavepack[22m | Storing File: res://assets/art/pixellab_world/sprites_hq/studio_gaffer_scraps.png.import[39m[0m
[  51% ] [90m[1msavepack[22m | Storing File: res://.godot/imported/studio_green_screen.png-c84a0ef67935c77c79ba779d1a01af7c.ctex[39m[0m
[  51% ] [90m[1msavepack[22m | Storing File: res://assets/art/pixellab_world/sprites_hq/studio_green_screen.png.import[39m[0m
[  51% ] [90m[1msavepack[22m | Storing File: res://.godot/imported/studio_light.png-f411c3fa5687fa6b24f18bee5679c76f.ctex[39m[0m
[  51% ] [90m[1msavepack[22m | Storing File: res://assets/art/pixellab_world/sprites_hq/studio_light.png.import[39m[0m
[  51% ] [90m[1msavepack[22m | Storing File: res://.godot/imported/studio_makeup_spill.png-2ad993baef9f5a146675f949650c718f.ctex[39m[0m
[  51% ] [90m[1msavepack[22m | Storing File: res://assets/art/pixellab_world/sprites_hq/studio_makeup_spill.png.import[39m[0m
[  51% ] [90m[1msavepack[22m | Storing File: res://.godot/imported/studio_makeup_station.png-dd307a6e8ff50e028993d5f4db173e99.ctex[39m[0m
[  51% ] [90m[1msavepack[22m | Storing File: res://assets/art/pixellab_world/sprites_hq/studio_makeup_station.png.import[39m[0m
[  51% ] [90m[1msavepack[22m | Storing File: res://.godot/imported/studio_moth.png-315527900cfe2651da85f8795f8ef07e.ctex[39m[0m
[  51% ] [90m[1msavepack[22m | Storing File: res://assets/art/pixellab_world/sprites_hq/studio_moth.png.import[39m[0m
[  51% ] [90m[1msavepack[22m | Storing File: res://.godot/imported/studio_overhead_light_rig.png-0e1fc8d7c164bc1ba14c78eec66d4c4c.ctex[39m[0m
[  51% ] [90m[1msavepack[22m | Storing File: res://assets/art/pixellab_world/sprites_hq/studio_overhead_light_rig.png.import[39m[0m
[  51% ] [90m[1msavepack[22m | Storing File: res://.godot/imported/studio_reel.png-f9eacbc5dc38c5cf2b343575fd810544.ctex[39m[0m
[  51% ] [90m[1msavepack[22m | Storing File: res://assets/art/pixellab_world/sprites_hq/studio_reel.png.import[39m[0m
[  51% ] [90m[1msavepack[22m | Storing File: res://.godot/imported/studio_script_trail.png-adce8662267ec603b0a8f8b7a1cf803b.ctex[39m[0m
[  51% ] [90m[1msavepack[22m | Storing File: res://assets/art/pixellab_world/sprites_hq/studio_script_trail.png.import[39m[0m
[  51% ] [90m[1msavepack[22m | Storing File: res://.godot/imported/studio_spotlight_beam.png-ea40e88a5af0d9cea724a58787f8e076.ctex[39m[0m
[  51% ] [90m[1msavepack[22m | Storing File: res://assets/art/pixellab_world/sprites_hq/studio_spotlight_beam.png.import[39m[0m
[  51% ] [90m[1msavepack[22m | Storing File: res://.godot/imported/studio_sprinkler_valve.png-073f4c3b4e5259ee5363693da27131b2.ctex[39m[0m
[  51% ] [90m[1msavepack[22m | Storing File: res://assets/art/pixellab_world/sprites_hq/studio_sprinkler_valve.png.import[39m[0m
[  51% ] [90m[1msavepack[22m | Storing File: res://.godot/imported/studio_tape_marks.png-af7e711c012665fa1adb64f68be18c17.ctex[39m[0m
[  51% ] [90m[1msavepack[22m | Storing File: res://assets/art/pixellab_world/sprites_hq/studio_tape_marks.png.import[39m[0m
[  51% ] [90m[1msavepack[22m | Storing File: res://.godot/imported/studio_teleprompter.png-f3f2063f3ebde795a47aedb236d516e7.ctex[39m[0m
[  51% ] [90m[1msavepack[22m | Storing File: res://assets/art/pixellab_world/sprites_hq/studio_teleprompter.png.import[39m[0m
[  51% ] [90m[1msavepack[22m | Storing File: res://.godot/imported/table_kennel.png-f007fc857bbd10ab0945c4c121332c45.ctex[39m[0m
[  51% ] [90m[1msavepack[22m | Storing File: res://assets/art/pixellab_world/sprites_hq/table_kennel.png.import[39m[0m
[  51% ] [90m[1msavepack[22m | Storing File: res://.godot/imported/toolbox_chest.png-46da61e3a9c3ddbc1624ba571735d98e.ctex[39m[0m
[  51% ] [90m[1msavepack[22m | Storing File: res://assets/art/pixellab_world/sprites_hq/toolbox_chest.png.import[39m[0m
[  51% ] [90m[1msavepack[22m | Storing File: res://.godot/imported/tv_crt.png-b7a707b34f33ec33e4ef422dc9d89322.ctex[39m[0m
[  51% ] [90m[1msavepack[22m | Storing File: res://assets/art/pixellab_world/sprites_hq/tv_crt.png.import[39m[0m
[  51% ] [90m[1msavepack[22m | Storing File: res://.godot/imported/tyre_stack.png-16fad064accc2e090caa28ba3a17644e.ctex[39m[0m
[  51% ] [90m[1msavepack[22m | Storing File: res://assets/art/pixellab_world/sprites_hq/tyre_stack.png.import[39m[0m
[  51% ] [90m[1msavepack[22m | Storing File: res://.godot/imported/vase_flowers.png-18a181f9751ae76caf9a360c33cdd52a.ctex[39m[0m
[  51% ] [90m[1msavepack[22m | Storing File: res://assets/art/pixellab_world/sprites_hq/vase_flowers.png.import[39m[0m
[  51% ] [90m[1msavepack[22m | Storing File: res://.godot/imported/vending.png-812783e1377bdcf30099a55015341956.ctex[39m[0m
[  51% ] [90m[1msavepack[22m | Storing File: res://assets/art/pixellab_world/sprites_hq/vending.png.import[39m[0m
[  51% ] [90m[1msavepack[22m | Storing File: res://.godot/imported/villa_candle_ring.png-70a157db8966d76daec3044e8a951015.ctex[39m[0m
[  51% ] [90m[1msavepack[22m | Storing File: res://assets/art/pixellab_world/sprites_hq/villa_candle_ring.png.import[39m[0m
[  51% ] [90m[1msavepack[22m | Storing File: res://.godot/imported/villa_champagne_bucket.png-0b99be7ed2a29fe262f19176042e43dd.ctex[39m[0m
[  51% ] [90m[1msavepack[22m | Storing File: res://assets/art/pixellab_world/sprites_hq/villa_champagne_bucket.png.import[39m[0m
[  51% ] [90m[1msavepack[22m | Storing File: res://.godot/imported/villa_coat_check.png-f96d10a777f915d7757d5e2239a2eb47.ctex[39m[0m
[  51% ] [90m[1msavepack[22m | Storing File: res://assets/art/pixellab_world/sprites_hq/villa_coat_check.png.import[39m[0m
[  51% ] [90m[1msavepack[22m | Storing File: res://.godot/imported/villa_flower_bed.png-76a352e663ac2b42c2aa700ff7a26384.ctex[39m[0m
[  51% ] [90m[1msavepack[22m | Storing File: res://assets/art/pixellab_world/sprites_hq/villa_flower_bed.png.import[39m[0m
[  51% ] [90m[1msavepack[22m | Storing File: res://.godot/imported/villa_fountain.png-56850ecab3db3aac91e05bee5120d408.ctex[39m[0m
[  51% ] [90m[1msavepack[22m | Storing File: res://assets/art/pixellab_world/sprites_hq/villa_fountain.png.import[39m[0m
[  51% ] [90m[1msavepack[22m | Storing File: res://.godot/imported/villa_garden_statue.png-43a70bab59348ba07dc864cb5296fdea.ctex[39m[0m
[  51% ] [90m[1msavepack[22m | Storing File: res://assets/art/pixellab_world/sprites_hq/villa_garden_statue.png.import[39m[0m
[  51% ] [90m[1msavepack[22m | Storing File: res://.godot/imported/villa_grand_piano.png-46f1d1043009f1917a4ede4c5552f393.ctex[39m[0m
[  51% ] [90m[1msavepack[22m | Storing File: res://assets/art/pixellab_world/sprites_hq/villa_grand_piano.png.import[39m[0m
[  51% ] [90m[1msavepack[22m | Storing File: res://.godot/imported/villa_ivy_planter.png-1f305dae153f6eda80ca7c69b0185aad.ctex[39m[0m
[  51% ] [90m[1msavepack[22m | Storing File: res://assets/art/pixellab_world/sprites_hq/villa_ivy_planter.png.import[39m[0m
[  52% ] [90m[1msavepack[22m | Storing File: res://.godot/imported/villa_ivy_wall_cluster.png-8b2d7539b5b039a38cd8461d7f3fc259.ctex[39m[0m
[  52% ] [90m[1msavepack[22m | Storing File: res://assets/art/pixellab_world/sprites_hq/villa_ivy_wall_cluster.png.import[39m[0m
[  52% ] [90m[1msavepack[22m | Storing File: res://.godot/imported/villa_marble_bust.png-cffddf33f85da4f17e4b11cb33315819.ctex[39m[0m
[  52% ] [90m[1msavepack[22m | Storing File: res://assets/art/pixellab_world/sprites_hq/villa_marble_bust.png.import[39m[0m
[  52% ] [90m[1msavepack[22m | Storing File: res://.godot/imported/villa_orange_peel.png-d3d4a0a255b6019673715014327c9c9a.ctex[39m[0m
[  52% ] [90m[1msavepack[22m | Storing File: res://assets/art/pixellab_world/sprites_hq/villa_orange_peel.png.import[39m[0m
[  52% ] [90m[1msavepack[22m | Storing File: res://.godot/imported/villa_orange_tree.png-a9883b0cfd75daf7182e19d6c3ab37ad.ctex[39m[0m
[  52% ] [90m[1msavepack[22m | Storing File: res://assets/art/pixellab_world/sprites_hq/villa_orange_tree.png.import[39m[0m
[  52% ] [90m[1msavepack[22m | Storing File: res://.godot/imported/villa_orchid_planter.png-632aabc6c4452abef28fe8369afa2842.ctex[39m[0m
[  52% ] [90m[1msavepack[22m | Storing File: res://assets/art/pixellab_world/sprites_hq/villa_orchid_planter.png.import[39m[0m
[  52% ] [90m[1msavepack[22m | Storing File: res://.godot/imported/villa_peacock.png-ca6ce5c876a4927e47a6f76dc8c9c8a1.ctex[39m[0m
[  52% ] [90m[1msavepack[22m | Storing File: res://assets/art/pixellab_world/sprites_hq/villa_peacock.png.import[39m[0m
[  52% ] [90m[1msavepack[22m | Storing File: res://.godot/imported/villa_pool_side.png-5fd175413ca72e90e6a5a7448bdfe9e1.ctex[39m[0m
[  52% ] [90m[1msavepack[22m | Storing File: res://assets/art/pixellab_world/sprites_hq/villa_pool_side.png.import[39m[0m
[  52% ] [90m[1msavepack[22m | Storing File: res://.godot/imported/villa_rose_petals.png-aa21e930d6b4d5d6d3ab7b8988013271.ctex[39m[0m
[  52% ] [90m[1msavepack[22m | Storing File: res://assets/art/pixellab_world/sprites_hq/villa_rose_petals.png.import[39m[0m
[  52% ] [90m[1msavepack[22m | Storing File: res://.godot/imported/villa_seating_card.png-4bb8ef3600bd904eaa0ea232a6575e36.ctex[39m[0m
[  52% ] [90m[1msavepack[22m | Storing File: res://assets/art/pixellab_world/sprites_hq/villa_seating_card.png.import[39m[0m
[  52% ] [90m[1msavepack[22m | Storing File: res://.godot/imported/villa_tea_service.png-07c66f4195ea13fd9b6bcc12a0ad7480.ctex[39m[0m
[  52% ] [90m[1msavepack[22m | Storing File: res://assets/art/pixellab_world/sprites_hq/villa_tea_service.png.import[39m[0m
[  52% ] [90m[1msavepack[22m | Storing File: res://.godot/imported/villa_wax_and_petals.png-1c599391bc2907efcf5c197a2ca5253d.ctex[39m[0m
[  52% ] [90m[1msavepack[22m | Storing File: res://assets/art/pixellab_world/sprites_hq/villa_wax_and_petals.png.import[39m[0m
[  52% ] [90m[1msavepack[22m | Storing File: res://.godot/imported/villa_wine_glasses.png-9fbd12dad6c895a7ac7aa10274ac14d8.ctex[39m[0m
[  52% ] [90m[1msavepack[22m | Storing File: res://assets/art/pixellab_world/sprites_hq/villa_wine_glasses.png.import[39m[0m
[  52% ] [90m[1msavepack[22m | Storing File: res://.godot/imported/wall_motel_cracks.png-f831de1b2d923139ad0d2a34bdeba97e.ctex[39m[0m
[  52% ] [90m[1msavepack[22m | Storing File: res://assets/art/pixellab_world/sprites_hq/wall_motel_cracks.png.import[39m[0m
[  52% ] [90m[1msavepack[22m | Storing File: res://.godot/imported/wall_salvage_rust.png-b404b4da589a97aa1d8658f230c1f038.ctex[39m[0m
[  52% ] [90m[1msavepack[22m | Storing File: res://assets/art/pixellab_world/sprites_hq/wall_salvage_rust.png.import[39m[0m
[  52% ] [90m[1msavepack[22m | Storing File: res://.godot/imported/wall_studio_scuffs.png-e115d09e1b472173968724e415cc92e1.ctex[39m[0m
[  52% ] [90m[1msavepack[22m | Storing File: res://assets/art/pixellab_world/sprites_hq/wall_studio_scuffs.png.import[39m[0m
[  52% ] [90m[1msavepack[22m | Storing File: res://.godot/imported/wall_villa_veins.png-0f270ae1525fb8e50fbc4a841eb70c75.ctex[39m[0m
[  52% ] [90m[1msavepack[22m | Storing File: res://assets/art/pixellab_world/sprites_hq/wall_villa_veins.png.import[39m[0m
[  52% ] [90m[1msavepack[22m | Storing File: res://.godot/imported/washer.png-273dd8bf06bba170e135e7cbb5e46388.ctex[39m[0m
[  52% ] [90m[1msavepack[22m | Storing File: res://assets/art/pixellab_world/sprites_hq/washer.png.import[39m[0m
[  52% ] [90m[1msavepack[22m | Storing File: res://.godot/imported/window_glass.png-bd7ceb492adff22594ba0bfe5511f9f4.ctex[39m[0m
[  52% ] [90m[1msavepack[22m | Storing File: res://assets/art/pixellab_world/sprites_hq/window_glass.png.import[39m[0m
[  52% ] [90m[1msavepack[22m | Storing File: res://.godot/imported/wooden_chair.png-d883d800796f480372663b464e1798cf.ctex[39m[0m
[  52% ] [90m[1msavepack[22m | Storing File: res://assets/art/pixellab_world/sprites_hq/wooden_chair.png.import[39m[0m
[  52% ] [90m[1msavepack[22m | Storing File: res://.godot/imported/yard_agave.png-3fd0e05bbead00235473ff5c47518434.ctex[39m[0m
[  52% ] [90m[1msavepack[22m | Storing File: res://assets/art/pixellab_world/sprites_hq/yard_agave.png.import[39m[0m
[  52% ] [90m[1msavepack[22m | Storing File: res://.godot/imported/yard_burn_barrel.png-118d2d5295e5dab26d2f2c3ad2f72c7d.ctex[39m[0m
[  52% ] [90m[1msavepack[22m | Storing File: res://assets/art/pixellab_world/sprites_hq/yard_burn_barrel.png.import[39m[0m
[  52% ] [90m[1msavepack[22m | Storing File: res://.godot/imported/yard_car_stack.png-ad8b3fc9fef111f7c2d9d7c13735dc38.ctex[39m[0m
[  52% ] [90m[1msavepack[22m | Storing File: res://assets/art/pixellab_world/sprites_hq/yard_car_stack.png.import[39m[0m
[  52% ] [90m[1msavepack[22m | Storing File: res://.godot/imported/yard_chain_cable_spill.png-c84545bc4ea79c6ff3794a221edcb7fd.ctex[39m[0m
[  52% ] [90m[1msavepack[22m | Storing File: res://assets/art/pixellab_world/sprites_hq/yard_chain_cable_spill.png.import[39m[0m
[  52% ] [90m[1msavepack[22m | Storing File: res://.godot/imported/yard_chain_gate.png-8156227acae98e8dc667a0f4e9400af6.ctex[39m[0m
[  52% ] [90m[1msavepack[22m | Storing File: res://assets/art/pixellab_world/sprites_hq/yard_chain_gate.png.import[39m[0m
[  52% ] [90m[1msavepack[22m | Storing File: res://.godot/imported/yard_chopshop_ledger.png-3fa2cba0fbac1b82b60db6f69d1bedd6.ctex[39m[0m
[  52% ] [90m[1msavepack[22m | Storing File: res://assets/art/pixellab_world/sprites_hq/yard_chopshop_ledger.png.import[39m[0m
[  52% ] [90m[1msavepack[22m | Storing File: res://.godot/imported/yard_copper_scraps.png-641aff43590931eed830188acc010b5c.ctex[39m[0m
[  52% ] [90m[1msavepack[22m | Storing File: res://assets/art/pixellab_world/sprites_hq/yard_copper_scraps.png.import[39m[0m
[  52% ] [90m[1msavepack[22m | Storing File: res://.godot/imported/yard_crushed_door.png-62c48c6a4cd022ac256675b0e0a3c1c3.ctex[39m[0m
[  52% ] [90m[1msavepack[22m | Storing File: res://assets/art/pixellab_world/sprites_hq/yard_crushed_door.png.import[39m[0m
[  52% ] [90m[1msavepack[22m | Storing File: res://.godot/imported/yard_desert_scrub_cluster.png-9323d2c84c5130ca6cbdcab76f9e0d64.ctex[39m[0m
[  52% ] [90m[1msavepack[22m | Storing File: res://assets/art/pixellab_world/sprites_hq/yard_desert_scrub_cluster.png.import[39m[0m
[  52% ] [90m[1msavepack[22m | Storing File: res://.godot/imported/yard_engine_hoist.png-d5a10467a445934d7efe5ea8f0fbee1b.ctex[39m[0m
[  52% ] [90m[1msavepack[22m | Storing File: res://assets/art/pixellab_world/sprites_hq/yard_engine_hoist.png.import[39m[0m
[  52% ] [90m[1msavepack[22m | Storing File: res://.godot/imported/yard_k9_warning.png-895791c971d67d63c92d1fdfe7ec6a1b.ctex[39m[0m
[  52% ] [90m[1msavepack[22m | Storing File: res://assets/art/pixellab_world/sprites_hq/yard_k9_warning.png.import[39m[0m
[  52% ] [90m[1msavepack[22m | Storing File: res://.godot/imported/yard_oil_barrel_cluster.png-e52cf160b42ff2410194530f10f8de08.ctex[39m[0m
[  52% ] [90m[1msavepack[22m | Storing File: res://assets/art/pixellab_world/sprites_hq/yard_oil_barrel_cluster.png.import[39m[0m
[  52% ] [90m[1msavepack[22m | Storing File: res://.godot/imported/yard_oil_rags.png-94311cc9d8722e74abe7a3ad31379c5d.ctex[39m[0m
[  52% ] [90m[1msavepack[22m | Storing File: res://assets/art/pixellab_world/sprites_hq/yard_oil_rags.png.import[39m[0m
[  53% ] [90m[1msavepack[22m | Storing File: res://.godot/imported/yard_oil_spill.png-7dcb7e0fe6ac52718188b8458fc6040a.ctex[39m[0m
[  53% ] [90m[1msavepack[22m | Storing File: res://assets/art/pixellab_world/sprites_hq/yard_oil_spill.png.import[39m[0m
[  53% ] [90m[1msavepack[22m | Storing File: res://.godot/imported/yard_parts_bin.png-79e89375c006b601481b70b86abffe70.ctex[39m[0m
[  53% ] [90m[1msavepack[22m | Storing File: res://assets/art/pixellab_world/sprites_hq/yard_parts_bin.png.import[39m[0m
[  53% ] [90m[1msavepack[22m | Storing File: res://.godot/imported/yard_parts_tags.png-6d75f30c500dd4f0be1efc0ac396cb35.ctex[39m[0m
[  53% ] [90m[1msavepack[22m | Storing File: res://assets/art/pixellab_world/sprites_hq/yard_parts_tags.png.import[39m[0m
[  53% ] [90m[1msavepack[22m | Storing File: res://.godot/imported/yard_pipe_manifold.png-a2091d108225a0f7295d94c75f7389cb.ctex[39m[0m
[  53% ] [90m[1msavepack[22m | Storing File: res://assets/art/pixellab_world/sprites_hq/yard_pipe_manifold.png.import[39m[0m
[  53% ] [90m[1msavepack[22m | Storing File: res://.godot/imported/yard_raven.png-dcd2515e6c961711088e69cebfb6b654.ctex[39m[0m
[  53% ] [90m[1msavepack[22m | Storing File: res://assets/art/pixellab_world/sprites_hq/yard_raven.png.import[39m[0m
[  53% ] [90m[1msavepack[22m | Storing File: res://.godot/imported/yard_scrap_pile.png-91465b3d9c13d240b8c1ca9081158c4b.ctex[39m[0m
[  53% ] [90m[1msavepack[22m | Storing File: res://assets/art/pixellab_world/sprites_hq/yard_scrap_pile.png.import[39m[0m
[  53% ] [90m[1msavepack[22m | Storing File: res://.godot/imported/yard_steam_vent_overlay.png-aabd95e3caddc5f0f057ce29188e640e.ctex[39m[0m
[  53% ] [90m[1msavepack[22m | Storing File: res://assets/art/pixellab_world/sprites_hq/yard_steam_vent_overlay.png.import[39m[0m
[  53% ] [90m[1msavepack[22m | Storing File: res://.godot/imported/yard_storage_container.png-6ad8f5b304b4e581f8500669d4d7a65e.ctex[39m[0m
[  53% ] [90m[1msavepack[22m | Storing File: res://assets/art/pixellab_world/sprites_hq/yard_storage_container.png.import[39m[0m
[  53% ] [90m[1msavepack[22m | Storing File: res://.godot/imported/yard_tail_light_debris.png-b71b00949f8dd6d9a23fcf023d694a1e.ctex[39m[0m
[  53% ] [90m[1msavepack[22m | Storing File: res://assets/art/pixellab_world/sprites_hq/yard_tail_light_debris.png.import[39m[0m
[  53% ] [90m[1msavepack[22m | Storing File: res://.godot/imported/yard_tarps_tools.png-560511c735dec35a388a593256ad7362.ctex[39m[0m
[  53% ] [90m[1msavepack[22m | Storing File: res://assets/art/pixellab_world/sprites_hq/yard_tarps_tools.png.import[39m[0m
[  53% ] [90m[1msavepack[22m | Storing File: res://.godot/imported/yard_tire_stack.png-2a4fb135d9a30dd0f77a64450d3cd8fa.ctex[39m[0m
[  53% ] [90m[1msavepack[22m | Storing File: res://assets/art/pixellab_world/sprites_hq/yard_tire_stack.png.import[39m[0m
[  53% ] [90m[1msavepack[22m | Storing File: res://.godot/imported/yard_tumbleweed.png-51075ac347b609b25ac0e9597779353a.ctex[39m[0m
[  53% ] [90m[1msavepack[22m | Storing File: res://assets/art/pixellab_world/sprites_hq/yard_tumbleweed.png.import[39m[0m
[  53% ] [90m[1msavepack[22m | Storing File: res://.godot/imported/yard_utility_control_box.png-9dfc5a816e94001f91dc8bd437f98e36.ctex[39m[0m
[  53% ] [90m[1msavepack[22m | Storing File: res://assets/art/pixellab_world/sprites_hq/yard_utility_control_box.png.import[39m[0m
[  53% ] [90m[1msavepack[22m | Storing File: res://.godot/imported/yard_welded_safety_railing.png-1a0c03bf2e326627d8d0509cca38e781.ctex[39m[0m
[  53% ] [90m[1msavepack[22m | Storing File: res://assets/art/pixellab_world/sprites_hq/yard_welded_safety_railing.png.import[39m[0m
[  53% ] [90m[1msavepack[22m | Storing File: res://.godot/imported/yard_welder_sparks.png-150e5303bb8623d9b0d98b2aad9bdd2c.ctex[39m[0m
[  53% ] [90m[1msavepack[22m | Storing File: res://assets/art/pixellab_world/sprites_hq/yard_welder_sparks.png.import[39m[0m
[  53% ] [90m[1msavepack[22m | Storing File: res://.godot/imported/yard_welding_cart.png-c6c1a58915802965f84ed20178ba8a9e.ctex[39m[0m
[  53% ] [90m[1msavepack[22m | Storing File: res://assets/art/pixellab_world/sprites_hq/yard_welding_cart.png.import[39m[0m
[  53% ] [90m[1msavepack[22m | Storing File: res://.godot/imported/yard_windshield_stack.png-0411087109e536a81a84561203ef59f2.ctex[39m[0m
[  53% ] [90m[1msavepack[22m | Storing File: res://assets/art/pixellab_world/sprites_hq/yard_windshield_stack.png.import[39m[0m
[  53% ] [90m[1msavepack[22m | Storing File: res://.godot/imported/yard_workbench_cluster.png-416498046d791001cbb3d8430587bf8c.ctex[39m[0m
[  53% ] [90m[1msavepack[22m | Storing File: res://assets/art/pixellab_world/sprites_hq/yard_workbench_cluster.png.import[39m[0m
[  53% ] [90m[1msavepack[22m | Storing File: res://assets/art/pixellab_world/walls_finished.json[39m[0m
[  53% ] [90m[1msavepack[22m | Storing File: res://.godot/imported/architecture.png-8e54d0dc436fb6cc5ab206d80ef49739.ctex[39m[0m
[  53% ] [90m[1msavepack[22m | Storing File: res://assets/art/prerendered/m01_sunset_palms/layers/4k/architecture.png.import[39m[0m
[  53% ] [90m[1msavepack[22m | Storing File: res://.godot/imported/foreground_occlusion.png-d1f8e50a9f2594a2a69f6472865d65f0.ctex[39m[0m
[  53% ] [90m[1msavepack[22m | Storing File: res://assets/art/prerendered/m01_sunset_palms/layers/4k/foreground_occlusion.png.import[39m[0m
[  53% ] [90m[1msavepack[22m | Storing File: res://.godot/imported/ground.png-7522c6ff158b4fda78eb2dd7321079f3.ctex[39m[0m
[  53% ] [90m[1msavepack[22m | Storing File: res://assets/art/prerendered/m01_sunset_palms/layers/4k/ground.png.import[39m[0m
[  53% ] [90m[1msavepack[22m | Storing File: res://.godot/imported/ground_no_pool_neutral_review.png-f2e7a502548cb9b49d2b88af2d7943ae.ctex[39m[0m
[  53% ] [90m[1msavepack[22m | Storing File: res://assets/art/prerendered/m01_sunset_palms/layers/4k/ground_no_pool_neutral_review.png.import[39m[0m
[  53% ] [90m[1msavepack[22m | Storing File: res://.godot/imported/ground_no_pool_review.png-f52e2f1a922f03cf57e3d8dcde1b6f88.ctex[39m[0m
[  53% ] [90m[1msavepack[22m | Storing File: res://assets/art/prerendered/m01_sunset_palms/layers/4k/ground_no_pool_review.png.import[39m[0m
[  53% ] [90m[1msavepack[22m | Storing File: res://.godot/imported/props_vegetation.png-dce8462cc5d97d69d58b8e346c48d871.ctex[39m[0m
[  53% ] [90m[1msavepack[22m | Storing File: res://assets/art/prerendered/m01_sunset_palms/layers/4k/props_vegetation.png.import[39m[0m
[  53% ] [90m[1msavepack[22m | Storing File: res://.godot/imported/architecture.png-8efc13ae7f376caeac3568705678a13c.ctex[39m[0m
[  53% ] [90m[1msavepack[22m | Storing File: res://assets/art/prerendered/m01_sunset_palms/layers/architecture.png.import[39m[0m
[  53% ] [90m[1msavepack[22m | Storing File: res://.godot/imported/foreground_occlusion.png-25e03e88836d4e87ff478562e20e1f18.ctex[39m[0m
[  53% ] [90m[1msavepack[22m | Storing File: res://assets/art/prerendered/m01_sunset_palms/layers/foreground_occlusion.png.import[39m[0m
[  53% ] [90m[1msavepack[22m | Storing File: res://.godot/imported/ground.png-06a994ef5d3551598a6462146f1ee506.ctex[39m[0m
[  53% ] [90m[1msavepack[22m | Storing File: res://assets/art/prerendered/m01_sunset_palms/layers/ground.png.import[39m[0m
[  53% ] [90m[1msavepack[22m | Storing File: res://.godot/imported/ground_no_emissive_review.png-da017eb7992778cee2ba3e0a35858d48.ctex[39m[0m
[  53% ] [90m[1msavepack[22m | Storing File: res://assets/art/prerendered/m01_sunset_palms/layers/ground_no_emissive_review.png.import[39m[0m
[  53% ] [90m[1msavepack[22m | Storing File: res://.godot/imported/ground_no_pool_neutral_review.png-9fcdc67c4b59cf79024f70a3a59f488e.ctex[39m[0m
[  53% ] [90m[1msavepack[22m | Storing File: res://assets/art/prerendered/m01_sunset_palms/layers/ground_no_pool_neutral_review.png.import[39m[0m
[  53% ] [90m[1msavepack[22m | Storing File: res://.godot/imported/ground_no_pool_review.png-524bbbc2aa01775fbfb191e980673085.ctex[39m[0m
[  53% ] [90m[1msavepack[22m | Storing File: res://assets/art/prerendered/m01_sunset_palms/layers/ground_no_pool_review.png.import[39m[0m
[  53% ] [90m[1msavepack[22m | Storing File: res://.godot/imported/props_vegetation.png-0c100237185119d778540220f89947ec.ctex[39m[0m
[  53% ] [90m[1msavepack[22m | Storing File: res://assets/art/prerendered/m01_sunset_palms/layers/props_vegetation.png.import[39m[0m
[  54% ] [90m[1msavepack[22m | Storing File: res://.godot/imported/m01_interiors_transitions_staging.png-8a4a5c7764d4b216da38c702adf607eb.ctex[39m[0m
[  54% ] [90m[1msavepack[22m | Storing File: res://assets/art/prerendered/m01_sunset_palms/staging/4k/m01_interiors_transitions_staging.png.import[39m[0m
[  54% ] [90m[1msavepack[22m | Storing File: res://.godot/imported/m01_reception_detail_staging.png-3c0390a2eb754c8c882c627e121901aa.ctex[39m[0m
[  54% ] [90m[1msavepack[22m | Storing File: res://assets/art/prerendered/m01_sunset_palms/staging/4k/m01_reception_detail_staging.png.import[39m[0m
[  54% ] [90m[1msavepack[22m | Storing File: res://.godot/imported/m01_service_transition_detail_staging.png-e8a4f76a3f42aea6edc9f8b623a64122.ctex[39m[0m
[  54% ] [90m[1msavepack[22m | Storing File: res://assets/art/prerendered/m01_sunset_palms/staging/4k/m01_service_transition_detail_staging.png.import[39m[0m
[  54% ] [90m[1msavepack[22m | Storing File: res://.godot/imported/m01_blender_review_contact.png-7d2eaf833e2aa50fed0fd82c39ae58b5.ctex[39m[0m
[  54% ] [90m[1msavepack[22m | Storing File: res://assets/art/prerendered/m01_sunset_palms/staging/m01_blender_review_contact.png.import[39m[0m
[  54% ] [90m[1msavepack[22m | Storing File: res://.godot/imported/m01_blender_review_contact_4k.png-794942d50080839488c721454d51c243.ctex[39m[0m
[  54% ] [90m[1msavepack[22m | Storing File: res://assets/art/prerendered/m01_sunset_palms/staging/m01_blender_review_contact_4k.png.import[39m[0m
[  54% ] [90m[1msavepack[22m | Storing File: res://.godot/imported/m01_interiors_transitions_pixel_preview.png-433cdb57b81958c605dedfe3922024b7.ctex[39m[0m
[  54% ] [90m[1msavepack[22m | Storing File: res://assets/art/prerendered/m01_sunset_palms/staging/m01_interiors_transitions_pixel_preview.png.import[39m[0m
[  54% ] [90m[1msavepack[22m | Storing File: res://.godot/imported/m01_interiors_transitions_staging.png-a7099a76d1ab86c982af18da192d1532.ctex[39m[0m
[  54% ] [90m[1msavepack[22m | Storing File: res://assets/art/prerendered/m01_sunset_palms/staging/m01_interiors_transitions_staging.png.import[39m[0m
[  54% ] [90m[1msavepack[22m | Storing File: res://.godot/imported/m01_pixel_previews_contact.png-722632ad0f272e0b0e3f8bd1b86d214e.ctex[39m[0m
[  54% ] [90m[1msavepack[22m | Storing File: res://assets/art/prerendered/m01_sunset_palms/staging/m01_pixel_previews_contact.png.import[39m[0m
[  54% ] [90m[1msavepack[22m | Storing File: res://.godot/imported/m01_reception_detail_pixel_preview.png-1a3d703fbe69a17cdeda6a118c35d06f.ctex[39m[0m
[  54% ] [90m[1msavepack[22m | Storing File: res://assets/art/prerendered/m01_sunset_palms/staging/m01_reception_detail_pixel_preview.png.import[39m[0m
[  54% ] [90m[1msavepack[22m | Storing File: res://.godot/imported/m01_reception_detail_staging.png-0da9e209c04a4e28200b3eec5dba31b0.ctex[39m[0m
[  54% ] [90m[1msavepack[22m | Storing File: res://assets/art/prerendered/m01_sunset_palms/staging/m01_reception_detail_staging.png.import[39m[0m
[  54% ] [90m[1msavepack[22m | Storing File: res://.godot/imported/m01_service_transition_detail_pixel_preview.png-5353bbf7d42927ad1c429d36350f6e31.ctex[39m[0m
[  54% ] [90m[1msavepack[22m | Storing File: res://assets/art/prerendered/m01_sunset_palms/staging/m01_service_transition_detail_pixel_preview.png.import[39m[0m
[  54% ] [90m[1msavepack[22m | Storing File: res://.godot/imported/m01_service_transition_detail_staging.png-4db597d6409ddb49f818ea01173ec5f3.ctex[39m[0m
[  54% ] [90m[1msavepack[22m | Storing File: res://assets/art/prerendered/m01_sunset_palms/staging/m01_service_transition_detail_staging.png.import[39m[0m
[  54% ] [90m[1msavepack[22m | Storing File: res://.godot/imported/courtyard_art_target.png-cb36cefb083b1d05bdc71c550e97bce3.ctex[39m[0m
[  54% ] [90m[1msavepack[22m | Storing File: res://assets/art/prerendered/m01_sunset_palms/courtyard_art_target.png.import[39m[0m
[  54% ] [90m[1msavepack[22m | Storing File: res://.godot/imported/courtyard_master.png-dee838d3c955cad0fcdc23ee32deaad7.ctex[39m[0m
[  54% ] [90m[1msavepack[22m | Storing File: res://assets/art/prerendered/m01_sunset_palms/courtyard_master.png.import[39m[0m
[  54% ] [90m[1msavepack[22m | Storing File: res://.godot/imported/courtyard_pixel_art_candidate.png-56704859c71138ebb79e603cab8c9825.ctex[39m[0m
[  54% ] [90m[1msavepack[22m | Storing File: res://assets/art/prerendered/m01_sunset_palms/courtyard_pixel_art_candidate.png.import[39m[0m
[  54% ] [90m[1msavepack[22m | Storing File: res://.godot/imported/courtyard_pixel_art_candidate_hq.png-c6963ac4e735dab84725a27082c3c504.ctex[39m[0m
[  54% ] [90m[1msavepack[22m | Storing File: res://assets/art/prerendered/m01_sunset_palms/courtyard_pixel_art_candidate_hq.png.import[39m[0m
[  54% ] [90m[1msavepack[22m | Storing File: res://.godot/imported/courtyard_pixel_art_candidate_hq_soft_review.png-d3636775560d0116cee1bb6575c8e327.ctex[39m[0m
[  54% ] [90m[1msavepack[22m | Storing File: res://assets/art/prerendered/m01_sunset_palms/courtyard_pixel_art_candidate_hq_soft_review.png.import[39m[0m
[  54% ] [90m[1msavepack[22m | Storing File: res://.godot/imported/courtyard_pixel_candidates_contact.png-ca024024cfb65cfd76b1450bd2ebf5e9.ctex[39m[0m
[  54% ] [90m[1msavepack[22m | Storing File: res://assets/art/prerendered/m01_sunset_palms/courtyard_pixel_candidates_contact.png.import[39m[0m
[  54% ] [90m[1msavepack[22m | Storing File: res://.godot/imported/courtyard_pixel_comparison.png-579228e980a9ff462ee5e2ea59d167c4.ctex[39m[0m
[  54% ] [90m[1msavepack[22m | Storing File: res://assets/art/prerendered/m01_sunset_palms/courtyard_pixel_comparison.png.import[39m[0m
[  54% ] [90m[1msavepack[22m | Storing File: res://.godot/imported/courtyard_pixel_preview.png-b4fbe3cdd66659641ec86d74ab254f31.ctex[39m[0m
[  54% ] [90m[1msavepack[22m | Storing File: res://assets/art/prerendered/m01_sunset_palms/courtyard_pixel_preview.png.import[39m[0m
[  54% ] [90m[1msavepack[22m | Storing File: res://.godot/imported/courtyard_pixel_source.png-20b2d93369e5f942cdb319b3e6e1114b.ctex[39m[0m
[  54% ] [90m[1msavepack[22m | Storing File: res://assets/art/prerendered/m01_sunset_palms/courtyard_pixel_source.png.import[39m[0m
[  54% ] [90m[1msavepack[22m | Storing File: res://.godot/imported/courtyard_pixel_source_hq.png-f6545c062a9a28abab76bd85a2818d47.ctex[39m[0m
[  54% ] [90m[1msavepack[22m | Storing File: res://assets/art/prerendered/m01_sunset_palms/courtyard_pixel_source_hq.png.import[39m[0m
[  54% ] [90m[1msavepack[22m | Storing File: res://.godot/imported/courtyard_quick.png-127870584c139c57c343c81db002192c.ctex[39m[0m
[  54% ] [90m[1msavepack[22m | Storing File: res://assets/art/prerendered/m01_sunset_palms/courtyard_quick.png.import[39m[0m
[  54% ] [90m[1msavepack[22m | Storing File: res://.godot/imported/entrance_approach_detail_staging.png-216e9547ecba406c6d6745a653e90fab.ctex[39m[0m
[  54% ] [90m[1msavepack[22m | Storing File: res://assets/art/prerendered/m01_sunset_palms/entrance_approach_detail_staging.png.import[39m[0m
[  54% ] [90m[1msavepack[22m | Storing File: res://.godot/imported/entrance_approach_detail_staging_4k.png-0f740c93af41cb5696346501f0d92a0d.ctex[39m[0m
[  54% ] [90m[1msavepack[22m | Storing File: res://assets/art/prerendered/m01_sunset_palms/entrance_approach_detail_staging_4k.png.import[39m[0m
[  54% ] [90m[1msavepack[22m | Storing File: res://.godot/imported/ground_review_comparison.png-8ce355db4b573606ee592ccdbb2d1a72.ctex[39m[0m
[  54% ] [90m[1msavepack[22m | Storing File: res://assets/art/prerendered/m01_sunset_palms/ground_review_comparison.png.import[39m[0m
[  54% ] [90m[1msavepack[22m | Storing File: res://assets/art/prerendered/m01_sunset_palms/integration_contract.json[39m[0m
[  54% ] [90m[1msavepack[22m | Storing File: res://.godot/imported/m01_full_level_review.png-31b343da3042d5603e93ed60a2c5d401.ctex[39m[0m
[  54% ] [90m[1msavepack[22m | Storing File: res://assets/art/prerendered/m01_sunset_palms/m01_full_level_review.png.import[39m[0m
[  54% ] [90m[1msavepack[22m | Storing File: res://.godot/imported/m01_full_level_review_current.png-dccd90aac2854f3174f3543a4c45e53e.ctex[39m[0m
[  54% ] [90m[1msavepack[22m | Storing File: res://assets/art/prerendered/m01_sunset_palms/m01_full_level_review_current.png.import[39m[0m
[  54% ] [90m[1msavepack[22m | Storing File: res://.godot/imported/m01_layout_alignment_review.png-f53cf769ee43dee03d6db85a342d6b51.ctex[39m[0m
[  54% ] [90m[1msavepack[22m | Storing File: res://assets/art/prerendered/m01_sunset_palms/m01_layout_alignment_review.png.import[39m[0m
[  54% ] [90m[1msavepack[22m | Storing File: res://.godot/imported/m01_layout_composite_review.png-b13a0c3f727100e2fbb1258aaa9b9b4e.ctex[39m[0m
[  54% ] [90m[1msavepack[22m | Storing File: res://assets/art/prerendered/m01_sunset_palms/m01_layout_composite_review.png.import[39m[0m
[  54% ] [90m[1msavepack[22m | Storing File: res://.godot/imported/meat_bone.png-919e0fde7d8a27d5957b34bdf3dd2631.ctex[39m[0m
[  54% ] [90m[1msavepack[22m | Storing File: res://assets/art/props/meat_bone.png.import[39m[0m
[  54% ] [90m[1msavepack[22m | Storing File: res://.godot/imported/meat_bone_eaten.png-e212fd4ed596a513b4bf69935c4f661d.ctex[39m[0m
[  54% ] [90m[1msavepack[22m | Storing File: res://assets/art/props/meat_bone_eaten.png.import[39m[0m
[  55% ] [90m[1msavepack[22m | Storing File: res://.godot/imported/prop_extinguisher.glb-f6b8e11fc8f71bfb30583c180c18e4a3.scn[39m[0m
[  55% ] [90m[1msavepack[22m | Storing File: res://assets/art/props3d/prop_extinguisher.glb.import[39m[0m
[  55% ] [90m[1msavepack[22m | Storing File: res://.godot/imported/prop_extinguisher_0.jpg-6afa5b5625ffdb853de0a21fea944e6d.ctex[39m[0m
[  55% ] [90m[1msavepack[22m | Storing File: res://assets/art/props3d/prop_extinguisher_0.jpg.import[39m[0m
[  55% ] [90m[1msavepack[22m | Storing File: res://.godot/imported/bg.png-b5c82ec91dc481bc9b49bd25fe598270.ctex[39m[0m
[  55% ] [90m[1msavepack[22m | Storing File: res://assets/art/shots/apartment/bg.png.import[39m[0m
[  55% ] [90m[1msavepack[22m | Storing File: res://.godot/imported/fan_0.png-15ba4ca8b142385fd51e58caa57817a5.ctex[39m[0m
[  55% ] [90m[1msavepack[22m | Storing File: res://assets/art/shots/apartment/fan_0.png.import[39m[0m
[  55% ] [90m[1msavepack[22m | Storing File: res://.godot/imported/fan_1.png-948e6249bc8f733c6f1ede6694e1644d.ctex[39m[0m
[  55% ] [90m[1msavepack[22m | Storing File: res://assets/art/shots/apartment/fan_1.png.import[39m[0m
[  55% ] [90m[1msavepack[22m | Storing File: res://.godot/imported/fan_2.png-4f6d5d0f93c59bb44dbe1c9f88297023.ctex[39m[0m
[  55% ] [90m[1msavepack[22m | Storing File: res://assets/art/shots/apartment/fan_2.png.import[39m[0m
[  55% ] [90m[1msavepack[22m | Storing File: res://.godot/imported/led.png-443ab3cff9845f8e27bbe4912a8b1829.ctex[39m[0m
[  55% ] [90m[1msavepack[22m | Storing File: res://assets/art/shots/apartment/led.png.import[39m[0m
[  55% ] [90m[1msavepack[22m | Storing File: res://.godot/imported/mid.png-412362312d56a22a01fb801d0a8a5f98.ctex[39m[0m
[  55% ] [90m[1msavepack[22m | Storing File: res://assets/art/shots/apartment/mid.png.import[39m[0m
[  55% ] [90m[1msavepack[22m | Storing File: res://.godot/imported/mid_blink.png-103034216b8e9eefd464d196a1b20734.ctex[39m[0m
[  55% ] [90m[1msavepack[22m | Storing File: res://assets/art/shots/apartment/mid_blink.png.import[39m[0m
[  55% ] [90m[1msavepack[22m | Storing File: res://.godot/imported/mid_talk.png-786d5259ea38edd434f42eb6ea0d5c35.ctex[39m[0m
[  55% ] [90m[1msavepack[22m | Storing File: res://assets/art/shots/apartment/mid_talk.png.import[39m[0m
[  55% ] [90m[1msavepack[22m | Storing File: res://.godot/imported/bg.png-9167c8161526fd5acd098ed9ca0d6f35.ctex[39m[0m
[  55% ] [90m[1msavepack[22m | Storing File: res://assets/art/shots/barstow_pd/bg.png.import[39m[0m
[  55% ] [90m[1msavepack[22m | Storing File: res://.godot/imported/mid.png-02d0d0d0e3df0eb46b3f72cf4ead6d25.ctex[39m[0m
[  55% ] [90m[1msavepack[22m | Storing File: res://assets/art/shots/barstow_pd/mid.png.import[39m[0m
[  55% ] [90m[1msavepack[22m | Storing File: res://.godot/imported/red.png-4dbfa0879bf6180d35a3dd0461738b1f.ctex[39m[0m
[  55% ] [90m[1msavepack[22m | Storing File: res://assets/art/shots/barstow_pd/red.png.import[39m[0m
[  55% ] [90m[1msavepack[22m | Storing File: res://.godot/imported/bg.png-16db4c64310cf8b9729d0be5e882495f.ctex[39m[0m
[  55% ] [90m[1msavepack[22m | Storing File: res://assets/art/shots/cass_close/bg.png.import[39m[0m
[  55% ] [90m[1msavepack[22m | Storing File: res://.godot/imported/fg.png-9e918fb1a272ba11d8de8eb11a233196.ctex[39m[0m
[  55% ] [90m[1msavepack[22m | Storing File: res://assets/art/shots/cass_close/fg.png.import[39m[0m
[  55% ] [90m[1msavepack[22m | Storing File: res://.godot/imported/fg_blink.png-d7fda040b17d64faaa0b878dcd901238.ctex[39m[0m
[  55% ] [90m[1msavepack[22m | Storing File: res://assets/art/shots/cass_close/fg_blink.png.import[39m[0m
[  55% ] [90m[1msavepack[22m | Storing File: res://.godot/imported/fg_talk.png-3d07ce001590142d6b63da32bb6ea390.ctex[39m[0m
[  55% ] [90m[1msavepack[22m | Storing File: res://assets/art/shots/cass_close/fg_talk.png.import[39m[0m
[  55% ] [90m[1msavepack[22m | Storing File: res://.godot/imported/flare.png-1fac9e8e31040ef06d0457e1e89fb18e.ctex[39m[0m
[  55% ] [90m[1msavepack[22m | Storing File: res://assets/art/shots/cass_close/flare.png.import[39m[0m
[  55% ] [90m[1msavepack[22m | Storing File: res://.godot/imported/arm.png-13c09b3c114217fe1f732d07d8be5d6a.ctex[39m[0m
[  55% ] [90m[1msavepack[22m | Storing File: res://assets/art/shots/clapper/arm.png.import[39m[0m
[  55% ] [90m[1msavepack[22m | Storing File: res://.godot/imported/bg.png-78b0a1d30012c9d75afc83c2c7eb6389.ctex[39m[0m
[  55% ] [90m[1msavepack[22m | Storing File: res://assets/art/shots/clapper/bg.png.import[39m[0m
[  55% ] [90m[1msavepack[22m | Storing File: res://.godot/imported/fg.png-98df631653b2584f2f01c3aeba49036a.ctex[39m[0m
[  55% ] [90m[1msavepack[22m | Storing File: res://assets/art/shots/clapper/fg.png.import[39m[0m
[  55% ] [90m[1msavepack[22m | Storing File: res://.godot/imported/bg.png-a1a9dbe27d86eb74b952740b6c0f8e3d.ctex[39m[0m
[  55% ] [90m[1msavepack[22m | Storing File: res://assets/art/shots/desert_road/bg.png.import[39m[0m
[  55% ] [90m[1msavepack[22m | Storing File: res://.godot/imported/fg.png-f96fae7952ade0bbe070451db5573620.ctex[39m[0m
[  55% ] [90m[1msavepack[22m | Storing File: res://assets/art/shots/desert_road/fg.png.import[39m[0m
[  55% ] [90m[1msavepack[22m | Storing File: res://.godot/imported/mid.png-a4345a5ee4c9d5cb24b681cbfe11bd9a.ctex[39m[0m
[  55% ] [90m[1msavepack[22m | Storing File: res://assets/art/shots/desert_road/mid.png.import[39m[0m
[  55% ] [90m[1msavepack[22m | Storing File: res://.godot/imported/bg.png-6b3b35ad43a066945fba6d71d2e7781b.ctex[39m[0m
[  55% ] [90m[1msavepack[22m | Storing File: res://assets/art/shots/explosion/bg.png.import[39m[0m
[  55% ] [90m[1msavepack[22m | Storing File: res://.godot/imported/fg.png-7baed14a33304fe4f93ade3a123b9db7.ctex[39m[0m
[  55% ] [90m[1msavepack[22m | Storing File: res://assets/art/shots/explosion/fg.png.import[39m[0m
[  55% ] [90m[1msavepack[22m | Storing File: res://.godot/imported/mid.png-1281c7f11f027de1086202a67925975e.ctex[39m[0m
[  55% ] [90m[1msavepack[22m | Storing File: res://assets/art/shots/explosion/mid.png.import[39m[0m
[  55% ] [90m[1msavepack[22m | Storing File: res://.godot/imported/bg.png-81580dbd5d99856b359ca9e2fb54d411.ctex[39m[0m
[  55% ] [90m[1msavepack[22m | Storing File: res://assets/art/shots/galaxy_palace/bg.png.import[39m[0m
[  55% ] [90m[1msavepack[22m | Storing File: res://.godot/imported/mid.png-72a8f4343eb4df32e924ca2f41ab0dff.ctex[39m[0m
[  55% ] [90m[1msavepack[22m | Storing File: res://assets/art/shots/galaxy_palace/mid.png.import[39m[0m
[  55% ] [90m[1msavepack[22m | Storing File: res://.godot/imported/bg.png-986551cebbaa010421fec7d2ab2ad124.ctex[39m[0m
[  55% ] [90m[1msavepack[22m | Storing File: res://assets/art/shots/hills_fire/bg.png.import[39m[0m
[  55% ] [90m[1msavepack[22m | Storing File: res://.godot/imported/fg.png-f96d75412379fe10043df89223a828ee.ctex[39m[0m
[  55% ] [90m[1msavepack[22m | Storing File: res://assets/art/shots/hills_fire/fg.png.import[39m[0m
[  55% ] [90m[1msavepack[22m | Storing File: res://.godot/imported/mid.png-0eeb03ebd93163297648b545f5fba0a0.ctex[39m[0m
[  55% ] [90m[1msavepack[22m | Storing File: res://assets/art/shots/hills_fire/mid.png.import[39m[0m
[  56% ] [90m[1msavepack[22m | Storing File: res://.godot/imported/bg.png-a24f3dc752ae62027261bd195b6728a3.ctex[39m[0m
[  56% ] [90m[1msavepack[22m | Storing File: res://assets/art/shots/machine/bg.png.import[39m[0m
[  56% ] [90m[1msavepack[22m | Storing File: res://.godot/imported/led.png-408a168e6bf7842fa672ab7d2ec6cdf5.ctex[39m[0m
[  56% ] [90m[1msavepack[22m | Storing File: res://assets/art/shots/machine/led.png.import[39m[0m
[  56% ] [90m[1msavepack[22m | Storing File: res://.godot/imported/mid.png-8866e5641a45b0c708a095dd2b03ef98.ctex[39m[0m
[  56% ] [90m[1msavepack[22m | Storing File: res://assets/art/shots/machine/mid.png.import[39m[0m
[  56% ] [90m[1msavepack[22m | Storing File: res://.godot/imported/reels_0.png-0aed2ef5cfb1f30973d0da49fa55947e.ctex[39m[0m
[  56% ] [90m[1msavepack[22m | Storing File: res://assets/art/shots/machine/reels_0.png.import[39m[0m
[  56% ] [90m[1msavepack[22m | Storing File: res://.godot/imported/reels_1.png-607aa762f927066e97df7c1cbe6c34b0.ctex[39m[0m
[  56% ] [90m[1msavepack[22m | Storing File: res://assets/art/shots/machine/reels_1.png.import[39m[0m
[  56% ] [90m[1msavepack[22m | Storing File: res://.godot/imported/reels_2.png-8cc5773d5ae57b2f624cb94c6d49e5a7.ctex[39m[0m
[  56% ] [90m[1msavepack[22m | Storing File: res://assets/art/shots/machine/reels_2.png.import[39m[0m
[  56% ] [90m[1msavepack[22m | Storing File: res://.godot/imported/bg.png-9f6cfa28c744604b2bdb094b5bced0eb.ctex[39m[0m
[  56% ] [90m[1msavepack[22m | Storing File: res://assets/art/shots/marv/bg.png.import[39m[0m
[  56% ] [90m[1msavepack[22m | Storing File: res://.godot/imported/mid.png-4414a2cf17c64c7948d0c07cc76361c4.ctex[39m[0m
[  56% ] [90m[1msavepack[22m | Storing File: res://assets/art/shots/marv/mid.png.import[39m[0m
[  56% ] [90m[1msavepack[22m | Storing File: res://.godot/imported/mid_blink.png-eada301a63fd5c5763463011360ff3fa.ctex[39m[0m
[  56% ] [90m[1msavepack[22m | Storing File: res://assets/art/shots/marv/mid_blink.png.import[39m[0m
[  56% ] [90m[1msavepack[22m | Storing File: res://.godot/imported/mid_talk.png-b44d97737243e9d4bafd25f37a70d724.ctex[39m[0m
[  56% ] [90m[1msavepack[22m | Storing File: res://assets/art/shots/marv/mid_talk.png.import[39m[0m
[  56% ] [90m[1msavepack[22m | Storing File: res://.godot/imported/bg.png-6e8231bb3b6b6566662cc18e0635a7e5.ctex[39m[0m
[  56% ] [90m[1msavepack[22m | Storing File: res://assets/art/shots/mirror/bg.png.import[39m[0m
[  56% ] [90m[1msavepack[22m | Storing File: res://.godot/imported/bulbs.png-7bf4d8cb2a59b1a31fcaf5ef51a651a6.ctex[39m[0m
[  56% ] [90m[1msavepack[22m | Storing File: res://assets/art/shots/mirror/bulbs.png.import[39m[0m
[  56% ] [90m[1msavepack[22m | Storing File: res://.godot/imported/fg.png-f892534e74f149ae5ab17b3850122b90.ctex[39m[0m
[  56% ] [90m[1msavepack[22m | Storing File: res://assets/art/shots/mirror/fg.png.import[39m[0m
[  56% ] [90m[1msavepack[22m | Storing File: res://.godot/imported/mid.png-555bf19bc2d39540b04d7547e0403780.ctex[39m[0m
[  56% ] [90m[1msavepack[22m | Storing File: res://assets/art/shots/mirror/mid.png.import[39m[0m
[  56% ] [90m[1msavepack[22m | Storing File: res://.godot/imported/mid_blink.png-3a54cb14d09f34387305a1d76c71a93e.ctex[39m[0m
[  56% ] [90m[1msavepack[22m | Storing File: res://assets/art/shots/mirror/mid_blink.png.import[39m[0m
[  56% ] [90m[1msavepack[22m | Storing File: res://.godot/imported/mid_talk.png-8a187b7f2e484d5bcde1ef91d454fdf7.ctex[39m[0m
[  56% ] [90m[1msavepack[22m | Storing File: res://assets/art/shots/mirror/mid_talk.png.import[39m[0m
[  56% ] [90m[1msavepack[22m | Storing File: res://.godot/imported/bg.png-016b508e9a6f01b4c3fe10dcebda2db3.ctex[39m[0m
[  56% ] [90m[1msavepack[22m | Storing File: res://assets/art/shots/motel_crime/bg.png.import[39m[0m
[  56% ] [90m[1msavepack[22m | Storing File: res://.godot/imported/blue.png-e4275d95348df22cf5105e07e39f2630.ctex[39m[0m
[  56% ] [90m[1msavepack[22m | Storing File: res://assets/art/shots/motel_crime/blue.png.import[39m[0m
[  56% ] [90m[1msavepack[22m | Storing File: res://.godot/imported/mid.png-c40d8f45ea4714847cd51e7b4e0316bf.ctex[39m[0m
[  56% ] [90m[1msavepack[22m | Storing File: res://assets/art/shots/motel_crime/mid.png.import[39m[0m
[  56% ] [90m[1msavepack[22m | Storing File: res://.godot/imported/red.png-31199e07cfe43181ba75d33539cef7a6.ctex[39m[0m
[  56% ] [90m[1msavepack[22m | Storing File: res://assets/art/shots/motel_crime/red.png.import[39m[0m
[  56% ] [90m[1msavepack[22m | Storing File: res://.godot/imported/bg.png-1c78ad059009c8b89baef282867cc4c3.ctex[39m[0m
[  56% ] [90m[1msavepack[22m | Storing File: res://assets/art/shots/motel_night/bg.png.import[39m[0m
[  56% ] [90m[1msavepack[22m | Storing File: res://.godot/imported/fg.png-13a67147515a3c64b4ad3964021522cb.ctex[39m[0m
[  56% ] [90m[1msavepack[22m | Storing File: res://assets/art/shots/motel_night/fg.png.import[39m[0m
[  56% ] [90m[1msavepack[22m | Storing File: res://.godot/imported/mid.png-eb32055678838fe4241c07221ec23d4c.ctex[39m[0m
[  56% ] [90m[1msavepack[22m | Storing File: res://assets/art/shots/motel_night/mid.png.import[39m[0m
[  56% ] [90m[1msavepack[22m | Storing File: res://.godot/imported/sign.png-cea90c28b41f925b3ad3f094eb6103f2.ctex[39m[0m
[  56% ] [90m[1msavepack[22m | Storing File: res://assets/art/shots/motel_night/sign.png.import[39m[0m
[  56% ] [90m[1msavepack[22m | Storing File: res://.godot/imported/icon.svg-218a8f2b3041327d8a5756f3a245f83b.ctex[39m[0m
[  56% ] [90m[1msavepack[22m | Storing File: res://icon.svg.import[39m[0m
[  56% ] [90m[1msavepack[22m | Storing File: res://icon.ico[39m[0m
[  56% ] [90m[1msavepack[22m | Storing File: res://.godot/imported/bg.png-383bf97d55ad97282363d94d3c2b262f.ctex[39m[0m
[  56% ] [90m[1msavepack[22m | Storing File: res://assets/art/shots/polaroid/bg.png.import[39m[0m
[  56% ] [90m[1msavepack[22m | Storing File: res://.godot/imported/mid.png-85aa04431c8e978f5e0f8dc1271ac146.ctex[39m[0m
[  56% ] [90m[1msavepack[22m | Storing File: res://assets/art/shots/polaroid/mid.png.import[39m[0m
[  56% ] [90m[1msavepack[22m | Storing File: res://.godot/imported/bg.png-7c62a3c9e8d3712ec4bc5ac20d3a319a.ctex[39m[0m
[  56% ] [90m[1msavepack[22m | Storing File: res://assets/art/shots/salvage_yard/bg.png.import[39m[0m
[  56% ] [90m[1msavepack[22m | Storing File: res://.godot/imported/eyes.png-2deacf00af40c5a9dcade2cfe1989a02.ctex[39m[0m
[  56% ] [90m[1msavepack[22m | Storing File: res://assets/art/shots/salvage_yard/eyes.png.import[39m[0m
[  56% ] [90m[1msavepack[22m | Storing File: res://.godot/imported/fg.png-9097d2b67dc6950fe780e75abef4c8ae.ctex[39m[0m
[  56% ] [90m[1msavepack[22m | Storing File: res://assets/art/shots/salvage_yard/fg.png.import[39m[0m
[  56% ] [90m[1msavepack[22m | Storing File: res://.godot/imported/mid.png-568c900d2a0150aa343ccd0fe1e0962e.ctex[39m[0m
[  56% ] [90m[1msavepack[22m | Storing File: res://assets/art/shots/salvage_yard/mid.png.import[39m[0m
[  57% ] [90m[1msavepack[22m | Storing File: res://.godot/imported/bg.png-3292b081aab22749f05ccc1c27f6c6f6.ctex[39m[0m
[  57% ] [90m[1msavepack[22m | Storing File: res://assets/art/shots/tommy_car/bg.png.import[39m[0m
[  57% ] [90m[1msavepack[22m | Storing File: res://.godot/imported/charm.png-a4fd6e898f9169646419f9383423e994.ctex[39m[0m
[  57% ] [90m[1msavepack[22m | Storing File: res://assets/art/shots/tommy_car/charm.png.import[39m[0m
[  57% ] [90m[1msavepack[22m | Storing File: res://.godot/imported/fg.png-b935795584a2f973bcbfc72f8d871bef.ctex[39m[0m
[  57% ] [90m[1msavepack[22m | Storing File: res://assets/art/shots/tommy_car/fg.png.import[39m[0m
[  57% ] [90m[1msavepack[22m | Storing File: res://.godot/imported/mid.png-a22949727f1ce15ddc4d4de816fdbd62.ctex[39m[0m
[  57% ] [90m[1msavepack[22m | Storing File: res://assets/art/shots/tommy_car/mid.png.import[39m[0m
[  57% ] [90m[1msavepack[22m | Storing File: res://.godot/imported/mid_blink.png-b78b438448c6371a42289640c469bd46.ctex[39m[0m
[  57% ] [90m[1msavepack[22m | Storing File: res://assets/art/shots/tommy_car/mid_blink.png.import[39m[0m
[  57% ] [90m[1msavepack[22m | Storing File: res://.godot/imported/mid_talk.png-7a244274b3cc3e1e103e1c3e628a1d8d.ctex[39m[0m
[  57% ] [90m[1msavepack[22m | Storing File: res://assets/art/shots/tommy_car/mid_talk.png.import[39m[0m
[  57% ] [90m[1msavepack[22m | Storing File: res://.godot/imported/bg.png-58b379d469b9e0ace18cda1fb65e7f3e.ctex[39m[0m
[  57% ] [90m[1msavepack[22m | Storing File: res://assets/art/shots/tv_news/bg.png.import[39m[0m
[  57% ] [90m[1msavepack[22m | Storing File: res://.godot/imported/mid.png-a732b95780badbc9ecd8a04531749770.ctex[39m[0m
[  57% ] [90m[1msavepack[22m | Storing File: res://assets/art/shots/tv_news/mid.png.import[39m[0m
[  57% ] [90m[1msavepack[22m | Storing File: res://.godot/imported/mid_blink.png-1269dfd24e0f8c14652c64de1cd6822e.ctex[39m[0m
[  57% ] [90m[1msavepack[22m | Storing File: res://assets/art/shots/tv_news/mid_blink.png.import[39m[0m
[  57% ] [90m[1msavepack[22m | Storing File: res://.godot/imported/mid_talk.png-5d57928dc3640feffe911bc841cdb69d.ctex[39m[0m
[  57% ] [90m[1msavepack[22m | Storing File: res://assets/art/shots/tv_news/mid_talk.png.import[39m[0m
[  57% ] [90m[1msavepack[22m | Storing File: res://.godot/imported/bg.png-aefe67ff9e4697074b2a5a4dec446a7e.ctex[39m[0m
[  57% ] [90m[1msavepack[22m | Storing File: res://assets/art/shots/wreck/bg.png.import[39m[0m
[  57% ] [90m[1msavepack[22m | Storing File: res://.godot/imported/mid.png-2f7fd10faef787020774f7f4db4feeab.ctex[39m[0m
[  57% ] [90m[1msavepack[22m | Storing File: res://assets/art/shots/wreck/mid.png.import[39m[0m
[  57% ] [90m[1msavepack[22m | Storing File: res://.godot/imported/arcade.png-ad240a110503d78746e31d78569f0948.ctex[39m[0m
[  57% ] [90m[1msavepack[22m | Storing File: res://assets/art/sprites/arcade.png.import[39m[0m
[  57% ] [90m[1msavepack[22m | Storing File: res://.godot/imported/armchair.png-0f3ae9d797bcbd15951f82e5b0cecaca.ctex[39m[0m
[  57% ] [90m[1msavepack[22m | Storing File: res://assets/art/sprites/armchair.png.import[39m[0m
[  57% ] [90m[1msavepack[22m | Storing File: res://.godot/imported/bar_cart.png-6f43588e0df181860632bdd33295be01.ctex[39m[0m
[  57% ] [90m[1msavepack[22m | Storing File: res://assets/art/sprites/bar_cart.png.import[39m[0m
[  57% ] [90m[1msavepack[22m | Storing File: res://.godot/imported/bed.png-a67d0f337af99273de5e53b92af73767.ctex[39m[0m
[  57% ] [90m[1msavepack[22m | Storing File: res://assets/art/sprites/bed.png.import[39m[0m
[  57% ] [90m[1msavepack[22m | Storing File: res://.godot/imported/bookshelf.png-2832f929bc0806fefe2797961eadc1b3.ctex[39m[0m
[  57% ] [90m[1msavepack[22m | Storing File: res://assets/art/sprites/bookshelf.png.import[39m[0m
[  57% ] [90m[1msavepack[22m | Storing File: res://.godot/imported/buffet_table.png-cac2bffd3fe3e29f3af208015304859a.ctex[39m[0m
[  57% ] [90m[1msavepack[22m | Storing File: res://assets/art/sprites/buffet_table.png.import[39m[0m
[  57% ] [90m[1msavepack[22m | Storing File: res://.godot/imported/cage.png-d3d1985365e2cd5ea918db6cfc9b0c1e.ctex[39m[0m
[  57% ] [90m[1msavepack[22m | Storing File: res://assets/art/sprites/cage.png.import[39m[0m
[  57% ] [90m[1msavepack[22m | Storing File: res://.godot/imported/camera_dolly.png-869f89010684d74078127f290b0e074c.ctex[39m[0m
[  57% ] [90m[1msavepack[22m | Storing File: res://assets/art/sprites/camera_dolly.png.import[39m[0m
[  57% ] [90m[1msavepack[22m | Storing File: res://.godot/imported/camera_rig.png-3787f0bb0949d4a1bd964c714fa95097.ctex[39m[0m
[  57% ] [90m[1msavepack[22m | Storing File: res://assets/art/sprites/camera_rig.png.import[39m[0m
[  57% ] [90m[1msavepack[22m | Storing File: res://.godot/imported/candelabra.png-3bba192994e5eb1158a19674a556f298.ctex[39m[0m
[  57% ] [90m[1msavepack[22m | Storing File: res://assets/art/sprites/candelabra.png.import[39m[0m
[  57% ] [90m[1msavepack[22m | Storing File: res://.godot/imported/cardboard_box.png-2915126977ac1df28f7b040c90eb9d1d.ctex[39m[0m
[  57% ] [90m[1msavepack[22m | Storing File: res://assets/art/sprites/cardboard_box.png.import[39m[0m
[  57% ] [90m[1msavepack[22m | Storing File: res://.godot/imported/car_black.png-d9901313fcf78b480c535dad65a1d722.ctex[39m[0m
[  57% ] [90m[1msavepack[22m | Storing File: res://assets/art/sprites/car_black.png.import[39m[0m
[  57% ] [90m[1msavepack[22m | Storing File: res://.godot/imported/car_blue.png-24ced301d3f99b826251bdd2661768e2.ctex[39m[0m
[  57% ] [90m[1msavepack[22m | Storing File: res://assets/art/sprites/car_blue.png.import[39m[0m
[  57% ] [90m[1msavepack[22m | Storing File: res://.godot/imported/car_hero.png-5854aee87fd89aa6574527215e84033d.ctex[39m[0m
[  57% ] [90m[1msavepack[22m | Storing File: res://assets/art/sprites/car_hero.png.import[39m[0m
[  57% ] [90m[1msavepack[22m | Storing File: res://.godot/imported/car_police.png-587f6daa2aedc94b6d77b3f12bd78884.ctex[39m[0m
[  57% ] [90m[1msavepack[22m | Storing File: res://assets/art/sprites/car_police.png.import[39m[0m
[  57% ] [90m[1msavepack[22m | Storing File: res://.godot/imported/car_red.png-15f1317ab0dd67a60315787a031fe53c.ctex[39m[0m
[  57% ] [90m[1msavepack[22m | Storing File: res://assets/art/sprites/car_red.png.import[39m[0m
[  57% ] [90m[1msavepack[22m | Storing File: res://.godot/imported/car_white.png-78ba9f68f300b30d20667a5a7c6aa8f4.ctex[39m[0m
[  57% ] [90m[1msavepack[22m | Storing File: res://assets/art/sprites/car_white.png.import[39m[0m
[  57% ] [90m[1msavepack[22m | Storing File: res://.godot/imported/champagne_tower.png-c8dd031c67e45e33e61b8ec9f399ccf3.ctex[39m[0m
[  57% ] [90m[1msavepack[22m | Storing File: res://assets/art/sprites/champagne_tower.png.import[39m[0m
[  57% ] [90m[1msavepack[22m | Storing File: res://.godot/imported/chandelier.png-3e00e9741ce63fd0ae073f7b4d49d023.ctex[39m[0m
[  57% ] [90m[1msavepack[22m | Storing File: res://assets/art/sprites/chandelier.png.import[39m[0m
[  57% ] [90m[1msavepack[22m | Storing File: res://.godot/imported/cigarette.png-1b9cc8eec6dad6efc4d4ed2e2a8d8cb1.ctex[39m[0m
[  57% ] [90m[1msavepack[22m | Storing File: res://assets/art/sprites/cigarette.png.import[39m[0m
[  58% ] [90m[1msavepack[22m | Storing File: res://.godot/imported/cigarette_pixellab.png-0836d7e938776887d4cc1dd05ab26fb0.ctex[39m[0m
[  58% ] [90m[1msavepack[22m | Storing File: res://assets/art/sprites/cigarette_pixellab.png.import[39m[0m
[  58% ] [90m[1msavepack[22m | Storing File: res://.godot/imported/clothes_rack.png-61b48ca925b81f10aadb1ed18ad8fb68.ctex[39m[0m
[  58% ] [90m[1msavepack[22m | Storing File: res://assets/art/sprites/clothes_rack.png.import[39m[0m
[  58% ] [90m[1msavepack[22m | Storing File: res://.godot/imported/cocktail_table.png-b8ff88ec13dced55bf7cef17ec41035c.ctex[39m[0m
[  58% ] [90m[1msavepack[22m | Storing File: res://assets/art/sprites/cocktail_table.png.import[39m[0m
[  58% ] [90m[1msavepack[22m | Storing File: res://.godot/imported/coffin.png-f5852dd483bd68f5f2622ead68f3dfa6.ctex[39m[0m
[  58% ] [90m[1msavepack[22m | Storing File: res://assets/art/sprites/coffin.png.import[39m[0m
[  58% ] [90m[1msavepack[22m | Storing File: res://.godot/imported/crate.png-d25d0d54c848f0f60929c1f262afdb2e.ctex[39m[0m
[  58% ] [90m[1msavepack[22m | Storing File: res://assets/art/sprites/crate.png.import[39m[0m
[  58% ] [90m[1msavepack[22m | Storing File: res://.godot/imported/decal_blood.png-1e6c00cae8a5932867692f4857407b83.ctex[39m[0m
[  58% ] [90m[1msavepack[22m | Storing File: res://assets/art/sprites/decal_blood.png.import[39m[0m
[  58% ] [90m[1msavepack[22m | Storing File: res://.godot/imported/decal_scorch.png-94612b4ce4bac3133c824693dc68ee30.ctex[39m[0m
[  58% ] [90m[1msavepack[22m | Storing File: res://assets/art/sprites/decal_scorch.png.import[39m[0m
[  58% ] [90m[1msavepack[22m | Storing File: res://.godot/imported/desk.png-ea3e607910925689e6e3e393d421e3ec.ctex[39m[0m
[  58% ] [90m[1msavepack[22m | Storing File: res://assets/art/sprites/desk.png.import[39m[0m
[  58% ] [90m[1msavepack[22m | Storing File: res://.godot/imported/desk_studio.png-b79f3a5b9066f2177532b7008f652e0c.ctex[39m[0m
[  58% ] [90m[1msavepack[22m | Storing File: res://assets/art/sprites/desk_studio.png.import[39m[0m
[  58% ] [90m[1msavepack[22m | Storing File: res://.godot/imported/director_chair.png-023ede8eddf010efd316f5eaf8de2012.ctex[39m[0m
[  58% ] [90m[1msavepack[22m | Storing File: res://assets/art/sprites/director_chair.png.import[39m[0m
[  58% ] [90m[1msavepack[22m | Storing File: res://.godot/imported/dj_booth.png-fb3fddd0e086363c2e917c1e93a41cd9.ctex[39m[0m
[  58% ] [90m[1msavepack[22m | Storing File: res://assets/art/sprites/dj_booth.png.import[39m[0m
[  58% ] [90m[1msavepack[22m | Storing File: res://.godot/imported/door_steel.png-8f6417fe094a3880f07df8836ada66db.ctex[39m[0m
[  58% ] [90m[1msavepack[22m | Storing File: res://assets/art/sprites/door_steel.png.import[39m[0m
[  58% ] [90m[1msavepack[22m | Storing File: res://.godot/imported/door_wood.png-4f57a64c8a896a23320694e25492dc21.ctex[39m[0m
[  58% ] [90m[1msavepack[22m | Storing File: res://assets/art/sprites/door_wood.png.import[39m[0m
[  58% ] [90m[1msavepack[22m | Storing File: res://.godot/imported/dressing_table.png-9e9cdf96ceb5e84e49a69fbdebdf645c.ctex[39m[0m
[  58% ] [90m[1msavepack[22m | Storing File: res://assets/art/sprites/dressing_table.png.import[39m[0m
[  58% ] [90m[1msavepack[22m | Storing File: res://.godot/imported/dumpster.png-245d5a563f790a8c4ab8780756e0b389.ctex[39m[0m
[  58% ] [90m[1msavepack[22m | Storing File: res://assets/art/sprites/dumpster.png.import[39m[0m
[  58% ] [90m[1msavepack[22m | Storing File: res://.godot/imported/engine_block.png-f00dcbe6b97c51ba0cf67fe5f9e278b6.ctex[39m[0m
[  58% ] [90m[1msavepack[22m | Storing File: res://assets/art/sprites/engine_block.png.import[39m[0m
[  58% ] [90m[1msavepack[22m | Storing File: res://.godot/imported/filing_cabinet.png-a7a89baab9a97f4f048504b42c3b1abc.ctex[39m[0m
[  58% ] [90m[1msavepack[22m | Storing File: res://assets/art/sprites/filing_cabinet.png.import[39m[0m
[  58% ] [90m[1msavepack[22m | Storing File: res://.godot/imported/film_camera.png-e5246153cf1b04da7d8037f93ca6177d.ctex[39m[0m
[  58% ] [90m[1msavepack[22m | Storing File: res://assets/art/sprites/film_camera.png.import[39m[0m
[  58% ] [90m[1msavepack[22m | Storing File: res://.godot/imported/fireplace.png-45b40fd89fc8ab57610a970bca1abd02.ctex[39m[0m
[  58% ] [90m[1msavepack[22m | Storing File: res://assets/art/sprites/fireplace.png.import[39m[0m
[  58% ] [90m[1msavepack[22m | Storing File: res://.godot/imported/flight_case.png-c49bde19aa06b7763662eb6f15196b9f.ctex[39m[0m
[  58% ] [90m[1msavepack[22m | Storing File: res://assets/art/sprites/flight_case.png.import[39m[0m
[  58% ] [90m[1msavepack[22m | Storing File: res://.godot/imported/floor_lamp.png-d843ff32b36a9ea38012ab6cda692c4f.ctex[39m[0m
[  58% ] [90m[1msavepack[22m | Storing File: res://assets/art/sprites/floor_lamp.png.import[39m[0m
[  58% ] [90m[1msavepack[22m | Storing File: res://.godot/imported/folding_chair.png-ee49eb7f9e7cce4f8115466012d76b87.ctex[39m[0m
[  58% ] [90m[1msavepack[22m | Storing File: res://assets/art/sprites/folding_chair.png.import[39m[0m
[  58% ] [90m[1msavepack[22m | Storing File: res://.godot/imported/frond.png-d40c53f10c7ea47a7c916b61dfe93e76.ctex[39m[0m
[  58% ] [90m[1msavepack[22m | Storing File: res://assets/art/sprites/frond.png.import[39m[0m
[  58% ] [90m[1msavepack[22m | Storing File: res://.godot/imported/grandfather_clock.png-005bccda83507769e1491b460115fd09.ctex[39m[0m
[  58% ] [90m[1msavepack[22m | Storing File: res://assets/art/sprites/grandfather_clock.png.import[39m[0m
[  58% ] [90m[1msavepack[22m | Storing File: res://.godot/imported/grave.png-cb5211d2a8cf6208379bb2be41026d27.ctex[39m[0m
[  58% ] [90m[1msavepack[22m | Storing File: res://assets/art/sprites/grave.png.import[39m[0m
[  58% ] [90m[1msavepack[22m | Storing File: res://.godot/imported/ice_machine.png-81e8d2fd74920ac353fd2270073864ec.ctex[39m[0m
[  58% ] [90m[1msavepack[22m | Storing File: res://assets/art/sprites/ice_machine.png.import[39m[0m
[  58% ] [90m[1msavepack[22m | Storing File: res://.godot/imported/jukebox.png-615640e71d016700d2ba020608c00554.ctex[39m[0m
[  58% ] [90m[1msavepack[22m | Storing File: res://assets/art/sprites/jukebox.png.import[39m[0m
[  58% ] [90m[1msavepack[22m | Storing File: res://.godot/imported/leaf.png-60bd292c91816fe4bbc04670f3100b36.ctex[39m[0m
[  58% ] [90m[1msavepack[22m | Storing File: res://assets/art/sprites/leaf.png.import[39m[0m
[  58% ] [90m[1msavepack[22m | Storing File: res://.godot/imported/light_stand.png-e97a8cd12a491b4d1d7af82efcd90e95.ctex[39m[0m
[  58% ] [90m[1msavepack[22m | Storing File: res://assets/art/sprites/light_stand.png.import[39m[0m
[  58% ] [90m[1msavepack[22m | Storing File: res://.godot/imported/lounger.png-23c0952a391474592337654a741271e0.ctex[39m[0m
[  58% ] [90m[1msavepack[22m | Storing File: res://assets/art/sprites/lounger.png.import[39m[0m
[  58% ] [90m[1msavepack[22m | Storing File: res://.godot/imported/luggage_cart.png-97dfe50fd46ede4e0b5ad9bc3c71ea34.ctex[39m[0m
[  58% ] [90m[1msavepack[22m | Storing File: res://assets/art/sprites/luggage_cart.png.import[39m[0m
[  58% ] [90m[1msavepack[22m | Storing File: res://.godot/imported/office_chair.png-92c85a2c98f78f3569cb3789ccf1d671.ctex[39m[0m
[  58% ] [90m[1msavepack[22m | Storing File: res://assets/art/sprites/office_chair.png.import[39m[0m
[  58% ] [90m[1msavepack[22m | Storing File: res://.godot/imported/oil_drum.png-ac0918e65ba271ca8536fda1529cf9b5.ctex[39m[0m
[  58% ] [90m[1msavepack[22m | Storing File: res://assets/art/sprites/oil_drum.png.import[39m[0m
[  59% ] [90m[1msavepack[22m | Storing File: res://.godot/imported/pallet.png-e356b86f548729ec1311e404fb61f6ae.ctex[39m[0m
[  59% ] [90m[1msavepack[22m | Storing File: res://assets/art/sprites/pallet.png.import[39m[0m
[  59% ] [90m[1msavepack[22m | Storing File: res://.godot/imported/palm.png-2854459fa9cb3d9eec8a24b231c51ff0.ctex[39m[0m
[  59% ] [90m[1msavepack[22m | Storing File: res://assets/art/sprites/palm.png.import[39m[0m
[  59% ] [90m[1msavepack[22m | Storing File: res://.godot/imported/paper.png-0b6e2e731a63c57f0ff43314e1129fb6.ctex[39m[0m
[  59% ] [90m[1msavepack[22m | Storing File: res://assets/art/sprites/paper.png.import[39m[0m
[  59% ] [90m[1msavepack[22m | Storing File: res://.godot/imported/piano.png-aa689c8f27a8b206741eee824efedd1b.ctex[39m[0m
[  59% ] [90m[1msavepack[22m | Storing File: res://assets/art/sprites/piano.png.import[39m[0m
[  59% ] [90m[1msavepack[22m | Storing File: res://.godot/imported/pickup_ammo.png-67a05ea481ea8bf80bea875a10595593.ctex[39m[0m
[  59% ] [90m[1msavepack[22m | Storing File: res://assets/art/sprites/pickup_ammo.png.import[39m[0m
[  59% ] [90m[1msavepack[22m | Storing File: res://.godot/imported/pickup_cash.png-b8d567f62ed38ab4298da28b155347ec.ctex[39m[0m
[  59% ] [90m[1msavepack[22m | Storing File: res://assets/art/sprites/pickup_cash.png.import[39m[0m
[  59% ] [90m[1msavepack[22m | Storing File: res://.godot/imported/pickup_cassette.png-a34fe27de18d04caad7cc011b00fee8c.ctex[39m[0m
[  59% ] [90m[1msavepack[22m | Storing File: res://assets/art/sprites/pickup_cassette.png.import[39m[0m
[  59% ] [90m[1msavepack[22m | Storing File: res://.godot/imported/pickup_flare.png-317f412d7b5bdda5ab394fab12f69b7f.ctex[39m[0m
[  59% ] [90m[1msavepack[22m | Storing File: res://assets/art/sprites/pickup_flare.png.import[39m[0m
[  59% ] [90m[1msavepack[22m | Storing File: res://.godot/imported/pickup_truck.png-93f87ad11320fbeffffe05dfd37efa4d.ctex[39m[0m
[  59% ] [90m[1msavepack[22m | Storing File: res://assets/art/sprites/pickup_truck.png.import[39m[0m
[  59% ] [90m[1msavepack[22m | Storing File: res://.godot/imported/pickup_vest.png-782571e23e29aa9de33dafd713306a71.ctex[39m[0m
[  59% ] [90m[1msavepack[22m | Storing File: res://assets/art/sprites/pickup_vest.png.import[39m[0m
[  59% ] [90m[1msavepack[22m | Storing File: res://.godot/imported/pinball.png-f960ce0bd04bb07352cfdbaf69112114.ctex[39m[0m
[  59% ] [90m[1msavepack[22m | Storing File: res://assets/art/sprites/pinball.png.import[39m[0m
[  59% ] [90m[1msavepack[22m | Storing File: res://.godot/imported/plant.png-88931955ad81b57531f5bc406d4d67b1.ctex[39m[0m
[  59% ] [90m[1msavepack[22m | Storing File: res://assets/art/sprites/plant.png.import[39m[0m
[  59% ] [90m[1msavepack[22m | Storing File: res://.godot/imported/plant_pot.png-d271964368e9ae0eb9ed90ec22525e1e.ctex[39m[0m
[  59% ] [90m[1msavepack[22m | Storing File: res://assets/art/sprites/plant_pot.png.import[39m[0m
[  59% ] [90m[1msavepack[22m | Storing File: res://.godot/imported/pool_table.png-793b406446cd7dc087c2dd6d925c1ece.ctex[39m[0m
[  59% ] [90m[1msavepack[22m | Storing File: res://assets/art/sprites/pool_table.png.import[39m[0m
[  59% ] [90m[1msavepack[22m | Storing File: res://.godot/imported/potted_palm.png-395ff45f3200c907c4414b0161d5af7e.ctex[39m[0m
[  59% ] [90m[1msavepack[22m | Storing File: res://assets/art/sprites/potted_palm.png.import[39m[0m
[  59% ] [90m[1msavepack[22m | Storing File: res://.godot/imported/prop_calendar.png-68e3ba6ea6b97f5334b3a83978087393.ctex[39m[0m
[  59% ] [90m[1msavepack[22m | Storing File: res://assets/art/sprites/prop_calendar.png.import[39m[0m
[  59% ] [90m[1msavepack[22m | Storing File: res://.godot/imported/prop_extinguisher.png-500a9513b2c87e39486af39ae3540c8f.ctex[39m[0m
[  59% ] [90m[1msavepack[22m | Storing File: res://assets/art/sprites/prop_extinguisher.png.import[39m[0m
[  59% ] [90m[1msavepack[22m | Storing File: res://.godot/imported/prop_key_rack.png-aa1732f6a06b2ef794bc5aebefc1f8f7.ctex[39m[0m
[  59% ] [90m[1msavepack[22m | Storing File: res://assets/art/sprites/prop_key_rack.png.import[39m[0m
[  59% ] [90m[1msavepack[22m | Storing File: res://.godot/imported/prop_room_plate.png-ab5d843a1584a27b4c37f63501d7e514.ctex[39m[0m
[  59% ] [90m[1msavepack[22m | Storing File: res://assets/art/sprites/prop_room_plate.png.import[39m[0m
[  59% ] [90m[1msavepack[22m | Storing File: res://.godot/imported/prop_suitcase.png-dec6bfff5de2dc1b38451f2fb1e07907.ctex[39m[0m
[  59% ] [90m[1msavepack[22m | Storing File: res://assets/art/sprites/prop_suitcase.png.import[39m[0m
[  59% ] [90m[1msavepack[22m | Storing File: res://.godot/imported/prop_trash_bag.png-9fbc8d337e3620ddb520ad7759dd5e5b.ctex[39m[0m
[  59% ] [90m[1msavepack[22m | Storing File: res://assets/art/sprites/prop_trash_bag.png.import[39m[0m
[  59% ] [90m[1msavepack[22m | Storing File: res://.godot/imported/pyro_charge.png-8aa553b6314551f89e704956b60e24d7.ctex[39m[0m
[  59% ] [90m[1msavepack[22m | Storing File: res://assets/art/sprites/pyro_charge.png.import[39m[0m
[  59% ] [90m[1msavepack[22m | Storing File: res://.godot/imported/round_rug.png-818b210672d569c25bf9005377721e65.ctex[39m[0m
[  59% ] [90m[1msavepack[22m | Storing File: res://assets/art/sprites/round_rug.png.import[39m[0m
[  59% ] [90m[1msavepack[22m | Storing File: res://.godot/imported/scrap_pile.png-a9978b9d90e78bae080ad1b74ef03271.ctex[39m[0m
[  59% ] [90m[1msavepack[22m | Storing File: res://assets/art/sprites/scrap_pile.png.import[39m[0m
[  59% ] [90m[1msavepack[22m | Storing File: res://.godot/imported/security_camera.png-f72e5c3712805e6423c48b9113a4ef89.ctex[39m[0m
[  59% ] [90m[1msavepack[22m | Storing File: res://assets/art/sprites/security_camera.png.import[39m[0m
[  59% ] [90m[1msavepack[22m | Storing File: res://.godot/imported/sideboard.png-e3d559c0ead5a7e15a40eb940e8069c4.ctex[39m[0m
[  59% ] [90m[1msavepack[22m | Storing File: res://assets/art/sprites/sideboard.png.import[39m[0m
[  59% ] [90m[1msavepack[22m | Storing File: res://.godot/imported/sofa.png-7cc712d5485f42c3f121b722dfa55ab5.ctex[39m[0m
[  59% ] [90m[1msavepack[22m | Storing File: res://assets/art/sprites/sofa.png.import[39m[0m
[  59% ] [90m[1msavepack[22m | Storing File: res://.godot/imported/speaker_stack.png-042a435cd50f5cbbbafcd1ada605a9f4.ctex[39m[0m
[  59% ] [90m[1msavepack[22m | Storing File: res://assets/art/sprites/speaker_stack.png.import[39m[0m
[  59% ] [90m[1msavepack[22m | Storing File: res://.godot/imported/statue.png-c7150e74b093b545354839662f69729c.ctex[39m[0m
[  59% ] [90m[1msavepack[22m | Storing File: res://assets/art/sprites/statue.png.import[39m[0m
[  59% ] [90m[1msavepack[22m | Storing File: res://.godot/imported/studio_light.png-31b202b9e4da0250cef29a79eb6344a0.ctex[39m[0m
[  59% ] [90m[1msavepack[22m | Storing File: res://assets/art/sprites/studio_light.png.import[39m[0m
[  59% ] [90m[1msavepack[22m | Storing File: res://.godot/imported/table.png-a7109b94f6682352949b1f6b85089412.ctex[39m[0m
[  59% ] [90m[1msavepack[22m | Storing File: res://assets/art/sprites/table.png.import[39m[0m
[  59% ] [90m[1msavepack[22m | Storing File: res://.godot/imported/table_dining.png-6810210cc211f7b606efd9724ddf1509.ctex[39m[0m
[  59% ] [90m[1msavepack[22m | Storing File: res://assets/art/sprites/table_dining.png.import[39m[0m
[  60% ] [90m[1msavepack[22m | Storing File: res://.godot/imported/table_motel.png-c16aa2e896444f05103ff7de83d032f3.ctex[39m[0m
[  60% ] [90m[1msavepack[22m | Storing File: res://assets/art/sprites/table_motel.png.import[39m[0m
[  60% ] [90m[1msavepack[22m | Storing File: res://.godot/imported/table_motel_top.png-7a654f46f98a587476314e0917670a46.ctex[39m[0m
[  60% ] [90m[1msavepack[22m | Storing File: res://assets/art/sprites/table_motel_top.png.import[39m[0m
[  60% ] [90m[1msavepack[22m | Storing File: res://.godot/imported/table_office.png-49eb4ce246d3e34c74c5248c82400a45.ctex[39m[0m
[  60% ] [90m[1msavepack[22m | Storing File: res://assets/art/sprites/table_office.png.import[39m[0m
[  60% ] [90m[1msavepack[22m | Storing File: res://.godot/imported/toolbox_chest.png-ca87a3e8b162b8163614ecef598eb007.ctex[39m[0m
[  60% ] [90m[1msavepack[22m | Storing File: res://assets/art/sprites/toolbox_chest.png.import[39m[0m
[  60% ] [90m[1msavepack[22m | Storing File: res://.godot/imported/tv_crt.png-d703355d243f7502726e496cd9979539.ctex[39m[0m
[  60% ] [90m[1msavepack[22m | Storing File: res://assets/art/sprites/tv_crt.png.import[39m[0m
[  60% ] [90m[1msavepack[22m | Storing File: res://.godot/imported/tyre_stack.png-4d11084e709d28c546e16c809ca753b5.ctex[39m[0m
[  60% ] [90m[1msavepack[22m | Storing File: res://assets/art/sprites/tyre_stack.png.import[39m[0m
[  60% ] [90m[1msavepack[22m | Storing File: res://.godot/imported/vase_flowers.png-4490668a5c18b8f79f4fb46104780cc2.ctex[39m[0m
[  60% ] [90m[1msavepack[22m | Storing File: res://assets/art/sprites/vase_flowers.png.import[39m[0m
[  60% ] [90m[1msavepack[22m | Storing File: res://.godot/imported/vending.png-e9dc28199601d053d9274229387c3b94.ctex[39m[0m
[  60% ] [90m[1msavepack[22m | Storing File: res://assets/art/sprites/vending.png.import[39m[0m
[  60% ] [90m[1msavepack[22m | Storing File: res://.godot/imported/washer.png-62ee1e39c21dfd7ee8adfd55799bbc2b.ctex[39m[0m
[  60% ] [90m[1msavepack[22m | Storing File: res://assets/art/sprites/washer.png.import[39m[0m
[  60% ] [90m[1msavepack[22m | Storing File: res://.godot/imported/window_glass.png-fd26d1095d7c5742925dff35839ec6d1.ctex[39m[0m
[  60% ] [90m[1msavepack[22m | Storing File: res://assets/art/sprites/window_glass.png.import[39m[0m
[  60% ] [90m[1msavepack[22m | Storing File: res://.godot/imported/wooden_chair.png-d4b7fd51da09e97f7c6c6d8fb950e99a.ctex[39m[0m
[  60% ] [90m[1msavepack[22m | Storing File: res://assets/art/sprites/wooden_chair.png.import[39m[0m
[  60% ] [90m[1msavepack[22m | Storing File: res://.godot/imported/workbench.png-98d81be53858978c2bf13b7b1e327b1a.ctex[39m[0m
[  60% ] [90m[1msavepack[22m | Storing File: res://assets/art/sprites/workbench.png.import[39m[0m
[  60% ] [90m[1msavepack[22m | Storing File: res://.godot/imported/wreck.png-39284fbff559fec03a0dea37f20224ce.ctex[39m[0m
[  60% ] [90m[1msavepack[22m | Storing File: res://assets/art/sprites/wreck.png.import[39m[0m
[  60% ] [90m[1msavepack[22m | Storing File: res://.godot/imported/hotshot_title.webp-0185d0e09669ceeb11220ed91a14256b.ctex[39m[0m
[  60% ] [90m[1msavepack[22m | Storing File: res://assets/art/title/hotshot_title.webp.import[39m[0m
[  60% ] [90m[1msavepack[22m | Storing File: res://.godot/imported/icon_phone.png-45ceff8eaf800175195429e572b24627.ctex[39m[0m
[  60% ] [90m[1msavepack[22m | Storing File: res://assets/art/ui/icon_phone.png.import[39m[0m
[  60% ] [90m[1msavepack[22m | Storing File: res://.godot/imported/icon_phone_neon.png-d04808423d1d16193c3ab086f4eee38b.ctex[39m[0m
[  60% ] [90m[1msavepack[22m | Storing File: res://assets/art/ui/icon_phone_neon.png.import[39m[0m
[  60% ] [90m[1msavepack[22m | Storing File: res://.godot/imported/icon_spotlight.png-d710d7ca91b75d90460e506e605756ec.ctex[39m[0m
[  60% ] [90m[1msavepack[22m | Storing File: res://assets/art/ui/icon_spotlight.png.import[39m[0m
[  60% ] [90m[1msavepack[22m | Storing File: res://.godot/imported/icon_walkie_neon.png-8d7722248c7a0852b07e918ba8105065.ctex[39m[0m
[  60% ] [90m[1msavepack[22m | Storing File: res://assets/art/ui/icon_walkie_neon.png.import[39m[0m
[  60% ] [90m[1msavepack[22m | Storing File: res://.godot/imported/vcr_deck.png-667ee40896cc72e88499721085411526.ctex[39m[0m
[  60% ] [90m[1msavepack[22m | Storing File: res://assets/art/vcr/vcr_deck.png.import[39m[0m
[  60% ] [90m[1msavepack[22m | Storing File: res://.godot/imported/vcr_tv.png-b27bbc7e5f74df46a2601ef98ac13dbd.ctex[39m[0m
[  60% ] [90m[1msavepack[22m | Storing File: res://assets/art/vcr/vcr_tv.png.import[39m[0m
[  60% ] [90m[1msavepack[22m | Storing File: res://.godot/imported/vhs_spine.png-f3a17b0be913c0d3980b28005708af40.ctex[39m[0m
[  60% ] [90m[1msavepack[22m | Storing File: res://assets/art/vcr/vhs_spine.png.import[39m[0m
[  60% ] [90m[1msavepack[22m | Storing File: res://.godot/imported/bat.png-300f46dd9e47cfa9ec9233a8e62b3c1a.ctex[39m[0m
[  60% ] [90m[1msavepack[22m | Storing File: res://assets/art/weapons/bat.png.import[39m[0m
[  60% ] [90m[1msavepack[22m | Storing File: res://.godot/imported/boomstick.png-3eec1766df91d0863a3eb3458789a661.ctex[39m[0m
[  60% ] [90m[1msavepack[22m | Storing File: res://assets/art/weapons/boomstick.png.import[39m[0m
[  60% ] [90m[1msavepack[22m | Storing File: res://.godot/imported/bottle.png-2066dd9e31be51d0a81ff88f47e1a724.ctex[39m[0m
[  60% ] [90m[1msavepack[22m | Storing File: res://assets/art/weapons/bottle.png.import[39m[0m
[  60% ] [90m[1msavepack[22m | Storing File: res://.godot/imported/brick.png-ecadedd62b7344293e19696630aafb92.ctex[39m[0m
[  60% ] [90m[1msavepack[22m | Storing File: res://assets/art/weapons/brick.png.import[39m[0m
[  60% ] [90m[1msavepack[22m | Storing File: res://.godot/imported/broken_bottle.png-081454930a7699ca4fc46bf4f9cabe17.ctex[39m[0m
[  60% ] [90m[1msavepack[22m | Storing File: res://assets/art/weapons/broken_bottle.png.import[39m[0m
[  60% ] [90m[1msavepack[22m | Storing File: res://.godot/imported/fists.png-bb0f0e65be18a9687c3249bf1593368f.ctex[39m[0m
[  60% ] [90m[1msavepack[22m | Storing File: res://assets/art/weapons/fists.png.import[39m[0m
[  60% ] [90m[1msavepack[22m | Storing File: res://.godot/imported/flamethrower.png-422981201e68a3f80900bf6c4f60a1f7.ctex[39m[0m
[  60% ] [90m[1msavepack[22m | Storing File: res://assets/art/weapons/flamethrower.png.import[39m[0m
[  60% ] [90m[1msavepack[22m | Storing File: res://.godot/imported/glass_shard.png-c4c65dc232449dc82f9ee422929b15ff.ctex[39m[0m
[  60% ] [90m[1msavepack[22m | Storing File: res://assets/art/weapons/glass_shard.png.import[39m[0m
[  60% ] [90m[1msavepack[22m | Storing File: res://.godot/imported/hotshot.png-f37a1d7d06b39dde3c83f24f8f7842ff.ctex[39m[0m
[  60% ] [90m[1msavepack[22m | Storing File: res://assets/art/weapons/hotshot.png.import[39m[0m
[  60% ] [90m[1msavepack[22m | Storing File: res://.godot/imported/knife.png-7746b2a9a6267c6231d3469aaa1db7ad.ctex[39m[0m
[  60% ] [90m[1msavepack[22m | Storing File: res://assets/art/weapons/knife.png.import[39m[0m
[  60% ] [90m[1msavepack[22m | Storing File: res://.godot/imported/machete.png-dfd87795b5eed16c42d84da21f2fce1d.ctex[39m[0m
[  60% ] [90m[1msavepack[22m | Storing File: res://assets/art/weapons/machete.png.import[39m[0m
[  61% ] [90m[1msavepack[22m | Storing File: res://.godot/imported/pipe.png-487169f4fc7d6960290aa5f83a8656d6.ctex[39m[0m
[  61% ] [90m[1msavepack[22m | Storing File: res://assets/art/weapons/pipe.png.import[39m[0m
[  61% ] [90m[1msavepack[22m | Storing File: res://.godot/imported/pistol.png-366cb1e7228d41d73957bdf2595c19c2.ctex[39m[0m
[  61% ] [90m[1msavepack[22m | Storing File: res://assets/art/weapons/pistol.png.import[39m[0m
[  61% ] [90m[1msavepack[22m | Storing File: res://.godot/imported/revolver.png-fccc55d3b62191fc1a95ae2ef0f5a1a7.ctex[39m[0m
[  61% ] [90m[1msavepack[22m | Storing File: res://assets/art/weapons/revolver.png.import[39m[0m
[  61% ] [90m[1msavepack[22m | Storing File: res://.godot/imported/rifle.png-3a3262204d040921d1136d2d7ff9d806.ctex[39m[0m
[  61% ] [90m[1msavepack[22m | Storing File: res://assets/art/weapons/rifle.png.import[39m[0m
[  61% ] [90m[1msavepack[22m | Storing File: res://.godot/imported/shotgun.png-a50256a9b45a90d8f730b195ce18e6ce.ctex[39m[0m
[  61% ] [90m[1msavepack[22m | Storing File: res://assets/art/weapons/shotgun.png.import[39m[0m
[  61% ] [90m[1msavepack[22m | Storing File: res://.godot/imported/smg.png-f6303d0d953d483d2207b9333f7429c3.ctex[39m[0m
[  61% ] [90m[1msavepack[22m | Storing File: res://assets/art/weapons/smg.png.import[39m[0m
[  61% ] [90m[1msavepack[22m | Storing File: res://.godot/imported/whisper.png-81fc0b4d48e61228991f7cb0031ed6fc.ctex[39m[0m
[  61% ] [90m[1msavepack[22m | Storing File: res://assets/art/weapons/whisper.png.import[39m[0m
[  61% ] [90m[1msavepack[22m | Storing File: res://.godot/imported/bat.png-fedc2d83e5474c8e93eafcc1f893d9fb.ctex[39m[0m
[  61% ] [90m[1msavepack[22m | Storing File: res://assets/art/weapons_side/bat.png.import[39m[0m
[  61% ] [90m[1msavepack[22m | Storing File: res://.godot/imported/boomstick.png-947b09c14882f72d9e1f8d3dd098e199.ctex[39m[0m
[  61% ] [90m[1msavepack[22m | Storing File: res://assets/art/weapons_side/boomstick.png.import[39m[0m
[  61% ] [90m[1msavepack[22m | Storing File: res://.godot/imported/bottle.png-dd1e2af3c6e1de261f2148d39f1c1167.ctex[39m[0m
[  61% ] [90m[1msavepack[22m | Storing File: res://assets/art/weapons_side/bottle.png.import[39m[0m
[  61% ] [90m[1msavepack[22m | Storing File: res://.godot/imported/brick.png-51dab72b4a7ee2fb65745bc53ce37548.ctex[39m[0m
[  61% ] [90m[1msavepack[22m | Storing File: res://assets/art/weapons_side/brick.png.import[39m[0m
[  61% ] [90m[1msavepack[22m | Storing File: res://.godot/imported/broken_bottle.png-43ad1f2e22c3f6382d452ab484891bcd.ctex[39m[0m
[  61% ] [90m[1msavepack[22m | Storing File: res://assets/art/weapons_side/broken_bottle.png.import[39m[0m
[  61% ] [90m[1msavepack[22m | Storing File: res://.godot/imported/flamethrower.png-e36f8142c54e8b5698ecbd6053d5f0e1.ctex[39m[0m
[  61% ] [90m[1msavepack[22m | Storing File: res://assets/art/weapons_side/flamethrower.png.import[39m[0m
[  61% ] [90m[1msavepack[22m | Storing File: res://.godot/imported/glass_shard.png-2d33765a98933540d47b66553370a668.ctex[39m[0m
[  61% ] [90m[1msavepack[22m | Storing File: res://assets/art/weapons_side/glass_shard.png.import[39m[0m
[  61% ] [90m[1msavepack[22m | Storing File: res://.godot/imported/hotshot.png-ee474be93b1d49eecc65a75e5fcaa596.ctex[39m[0m
[  61% ] [90m[1msavepack[22m | Storing File: res://assets/art/weapons_side/hotshot.png.import[39m[0m
[  61% ] [90m[1msavepack[22m | Storing File: res://.godot/imported/knife.png-1a23c801f92602174e9eb875cfe830ca.ctex[39m[0m
[  61% ] [90m[1msavepack[22m | Storing File: res://assets/art/weapons_side/knife.png.import[39m[0m
[  61% ] [90m[1msavepack[22m | Storing File: res://.godot/imported/machete.png-dd14ddc437629b06f2cb2dcd1fb546b6.ctex[39m[0m
[  61% ] [90m[1msavepack[22m | Storing File: res://assets/art/weapons_side/machete.png.import[39m[0m
[  61% ] [90m[1msavepack[22m | Storing File: res://.godot/imported/pipe.png-87f23eb6e371a3666f41079a1e0526c0.ctex[39m[0m
[  61% ] [90m[1msavepack[22m | Storing File: res://assets/art/weapons_side/pipe.png.import[39m[0m
[  61% ] [90m[1msavepack[22m | Storing File: res://.godot/imported/pistol.png-1f2f9f91ea6f1d7594824e13e0233553.ctex[39m[0m
[  61% ] [90m[1msavepack[22m | Storing File: res://assets/art/weapons_side/pistol.png.import[39m[0m
[  61% ] [90m[1msavepack[22m | Storing File: res://.godot/imported/revolver.png-89fe05d17b9778343ef88c577fe3253c.ctex[39m[0m
[  61% ] [90m[1msavepack[22m | Storing File: res://assets/art/weapons_side/revolver.png.import[39m[0m
[  61% ] [90m[1msavepack[22m | Storing File: res://.godot/imported/rifle.png-43c8aed969baee59a1fc1f8e1c146ea1.ctex[39m[0m
[  61% ] [90m[1msavepack[22m | Storing File: res://assets/art/weapons_side/rifle.png.import[39m[0m
[  61% ] [90m[1msavepack[22m | Storing File: res://.godot/imported/shotgun.png-566e9e522e54e168aa777323837436b5.ctex[39m[0m
[  61% ] [90m[1msavepack[22m | Storing File: res://assets/art/weapons_side/shotgun.png.import[39m[0m
[  61% ] [90m[1msavepack[22m | Storing File: res://.godot/imported/smg.png-5c8d701fe4590f854a3ffdef709f82e9.ctex[39m[0m
[  61% ] [90m[1msavepack[22m | Storing File: res://assets/art/weapons_side/smg.png.import[39m[0m
[  61% ] [90m[1msavepack[22m | Storing File: res://.godot/imported/whisper.png-06a06afe02f55b54b6de3f860f4a22d6.ctex[39m[0m
[  61% ] [90m[1msavepack[22m | Storing File: res://assets/art/weapons_side/whisper.png.import[39m[0m
[  61% ] [90m[1msavepack[22m | Storing File: res://.godot/imported/bat.png-39cdc0491a87a0124007a8827da78510.ctex[39m[0m
[  61% ] [90m[1msavepack[22m | Storing File: res://assets/art/weapons_world/bat.png.import[39m[0m
[  61% ] [90m[1msavepack[22m | Storing File: res://.godot/imported/boomstick.png-190fb09385fa123fa07001d2040bfb8f.ctex[39m[0m
[  61% ] [90m[1msavepack[22m | Storing File: res://assets/art/weapons_world/boomstick.png.import[39m[0m
[  61% ] [90m[1msavepack[22m | Storing File: res://.godot/imported/bottle.png-857bcaf1bfba9af4bd81ef73181b4e02.ctex[39m[0m
[  61% ] [90m[1msavepack[22m | Storing File: res://assets/art/weapons_world/bottle.png.import[39m[0m
[  61% ] [90m[1msavepack[22m | Storing File: res://.godot/imported/brick.png-6dd37bbff0d36a289eda0ff7751c9979.ctex[39m[0m
[  61% ] [90m[1msavepack[22m | Storing File: res://assets/art/weapons_world/brick.png.import[39m[0m
[  61% ] [90m[1msavepack[22m | Storing File: res://.godot/imported/broken_bottle.png-e4713608547bde7273c35bfd656a0803.ctex[39m[0m
[  61% ] [90m[1msavepack[22m | Storing File: res://assets/art/weapons_world/broken_bottle.png.import[39m[0m
[  61% ] [90m[1msavepack[22m | Storing File: res://.godot/imported/flamethrower.png-358386a5b80c9151f3593307edd24b36.ctex[39m[0m
[  61% ] [90m[1msavepack[22m | Storing File: res://assets/art/weapons_world/flamethrower.png.import[39m[0m
[  61% ] [90m[1msavepack[22m | Storing File: res://.godot/imported/glass_shard.png-a1c75ed31c51ed4ed92e73da817fad34.ctex[39m[0m
[  61% ] [90m[1msavepack[22m | Storing File: res://assets/art/weapons_world/glass_shard.png.import[39m[0m
[  61% ] [90m[1msavepack[22m | Storing File: res://.godot/imported/hotshot.png-fbc58b6b93d4ba8eb41ed2a234d6e31f.ctex[39m[0m
[  61% ] [90m[1msavepack[22m | Storing File: res://assets/art/weapons_world/hotshot.png.import[39m[0m
[  61% ] [90m[1msavepack[22m | Storing File: res://.godot/imported/knife.png-d7c9c0f19fc5b836e14372ab4da1de83.ctex[39m[0m
[  61% ] [90m[1msavepack[22m | Storing File: res://assets/art/weapons_world/knife.png.import[39m[0m
[  62% ] [90m[1msavepack[22m | Storing File: res://.godot/imported/machete.png-6aecff7a8ae019450cafffb66587acf8.ctex[39m[0m
[  62% ] [90m[1msavepack[22m | Storing File: res://assets/art/weapons_world/machete.png.import[39m[0m
[  62% ] [90m[1msavepack[22m | Storing File: res://.godot/imported/pipe.png-4c4c7f9d7f8cdf193fec476c6b8039b9.ctex[39m[0m
[  62% ] [90m[1msavepack[22m | Storing File: res://assets/art/weapons_world/pipe.png.import[39m[0m
[  62% ] [90m[1msavepack[22m | Storing File: res://.godot/imported/pistol.png-6fb0bb4faab1ae6a837d6c07920b82ae.ctex[39m[0m
[  62% ] [90m[1msavepack[22m | Storing File: res://assets/art/weapons_world/pistol.png.import[39m[0m
[  62% ] [90m[1msavepack[22m | Storing File: res://.godot/imported/revolver.png-d6a6df20f2e8e8a09ff45274f446b512.ctex[39m[0m
[  62% ] [90m[1msavepack[22m | Storing File: res://assets/art/weapons_world/revolver.png.import[39m[0m
[  62% ] [90m[1msavepack[22m | Storing File: res://.godot/imported/rifle.png-960c3f35e2151b1a9b080bc47ea40957.ctex[39m[0m
[  62% ] [90m[1msavepack[22m | Storing File: res://assets/art/weapons_world/rifle.png.import[39m[0m
[  62% ] [90m[1msavepack[22m | Storing File: res://.godot/imported/shotgun.png-891a1ef4a4601b5d37e2e078e40f95ce.ctex[39m[0m
[  62% ] [90m[1msavepack[22m | Storing File: res://assets/art/weapons_world/shotgun.png.import[39m[0m
[  62% ] [90m[1msavepack[22m | Storing File: res://.godot/imported/smg.png-3d9114e43b908b81f2d9dcbb30b76a6d.ctex[39m[0m
[  62% ] [90m[1msavepack[22m | Storing File: res://assets/art/weapons_world/smg.png.import[39m[0m
[  62% ] [90m[1msavepack[22m | Storing File: res://.godot/imported/whisper.png-69d2550a69409b17c363ea881f2ca4cf.ctex[39m[0m
[  62% ] [90m[1msavepack[22m | Storing File: res://assets/art/weapons_world/whisper.png.import[39m[0m
[  62% ] [90m[1msavepack[22m | Storing File: res://.godot/imported/alarm.wav-589c100d04a693cabf5ec98e0362100d.sample[39m[0m
[  62% ] [90m[1msavepack[22m | Storing File: res://assets/audio/sfx/alarm.wav.import[39m[0m
[  62% ] [90m[1msavepack[22m | Storing File: res://.godot/imported/alert.wav-5f766732df500b2051f71022025190ac.sample[39m[0m
[  62% ] [90m[1msavepack[22m | Storing File: res://assets/audio/sfx/alert.wav.import[39m[0m
[  62% ] [90m[1msavepack[22m | Storing File: res://.godot/imported/amb_exterior.wav-c160fa82c1e8d73a63bb0beef7f299e4.sample[39m[0m
[  62% ] [90m[1msavepack[22m | Storing File: res://assets/audio/sfx/amb_exterior.wav.import[39m[0m
[  62% ] [90m[1msavepack[22m | Storing File: res://.godot/imported/amb_industrial.wav-6323fb7a8236a964b3430cab94ada1b5.sample[39m[0m
[  62% ] [90m[1msavepack[22m | Storing File: res://assets/audio/sfx/amb_industrial.wav.import[39m[0m
[  62% ] [90m[1msavepack[22m | Storing File: res://.godot/imported/amb_interior.wav-4a2089ee815730aefad95dc89b6cc65f.sample[39m[0m
[  62% ] [90m[1msavepack[22m | Storing File: res://assets/audio/sfx/amb_interior.wav.import[39m[0m
[  62% ] [90m[1msavepack[22m | Storing File: res://.godot/imported/amb_kennel.wav-80ad6a2eac658289cea5eda318d8f9f9.sample[39m[0m
[  62% ] [90m[1msavepack[22m | Storing File: res://assets/audio/sfx/amb_kennel.wav.import[39m[0m
[  62% ] [90m[1msavepack[22m | Storing File: res://.godot/imported/applause.wav-f49f8be1de6cff2c5dab11fa35968d0d.sample[39m[0m
[  62% ] [90m[1msavepack[22m | Storing File: res://assets/audio/sfx/applause.wav.import[39m[0m
[  62% ] [90m[1msavepack[22m | Storing File: res://.godot/imported/armor_break.wav-551b4b0caef9f10b6eb56f1435f6af93.sample[39m[0m
[  62% ] [90m[1msavepack[22m | Storing File: res://assets/audio/sfx/armor_break.wav.import[39m[0m
[  62% ] [90m[1msavepack[22m | Storing File: res://.godot/imported/bark.wav-2b97f0b1470f576eedddf38828c918d8.sample[39m[0m
[  62% ] [90m[1msavepack[22m | Storing File: res://assets/audio/sfx/bark.wav.import[39m[0m
[  62% ] [90m[1msavepack[22m | Storing File: res://.godot/imported/beat_tick.wav-840a31a8ef68eee9758d5d323140de0f.sample[39m[0m
[  62% ] [90m[1msavepack[22m | Storing File: res://assets/audio/sfx/beat_tick.wav.import[39m[0m
[  62% ] [90m[1msavepack[22m | Storing File: res://.godot/imported/blip.wav-1aea3b252357ad0041bf37e13b8851ba.sample[39m[0m
[  62% ] [90m[1msavepack[22m | Storing File: res://assets/audio/sfx/blip.wav.import[39m[0m
[  62% ] [90m[1msavepack[22m | Storing File: res://.godot/imported/body_fall.wav-94cf98a45f1668aadd62eae625c767c2.sample[39m[0m
[  62% ] [90m[1msavepack[22m | Storing File: res://assets/audio/sfx/body_fall.wav.import[39m[0m
[  62% ] [90m[1msavepack[22m | Storing File: res://.godot/imported/bottle_break.wav-d67d4f55d191585fbb2b345a15edf740.sample[39m[0m
[  62% ] [90m[1msavepack[22m | Storing File: res://assets/audio/sfx/bottle_break.wav.import[39m[0m
[  62% ] [90m[1msavepack[22m | Storing File: res://.godot/imported/breach_boom.wav-bf0b5544ed49305196c66c989d2035f1.sample[39m[0m
[  62% ] [90m[1msavepack[22m | Storing File: res://assets/audio/sfx/breach_boom.wav.import[39m[0m
[  62% ] [90m[1msavepack[22m | Storing File: res://.godot/imported/bubble_pop.wav-cf2e57ec7ffba9b956c4ecfa57682db2.sample[39m[0m
[  62% ] [90m[1msavepack[22m | Storing File: res://assets/audio/sfx/bubble_pop.wav.import[39m[0m
[  62% ] [90m[1msavepack[22m | Storing File: res://.godot/imported/buzz.wav-c1de57844c70867e360b54dba2745a7f.sample[39m[0m
[  62% ] [90m[1msavepack[22m | Storing File: res://assets/audio/sfx/buzz.wav.import[39m[0m
[  62% ] [90m[1msavepack[22m | Storing File: res://.godot/imported/camera_break.wav-6f0bc8b5bb9850aeea548f8be8c11928.sample[39m[0m
[  62% ] [90m[1msavepack[22m | Storing File: res://assets/audio/sfx/camera_break.wav.import[39m[0m
[  62% ] [90m[1msavepack[22m | Storing File: res://.godot/imported/car_arrive.wav-77cdafd8660ec51b16cbd8c703126b9d.sample[39m[0m
[  62% ] [90m[1msavepack[22m | Storing File: res://assets/audio/sfx/car_arrive.wav.import[39m[0m
[  62% ] [90m[1msavepack[22m | Storing File: res://.godot/imported/car_brake.wav-2c1e3db717160daac1b397b39be7f20f.sample[39m[0m
[  62% ] [90m[1msavepack[22m | Storing File: res://assets/audio/sfx/car_brake.wav.import[39m[0m
[  62% ] [90m[1msavepack[22m | Storing File: res://.godot/imported/car_door.wav-19def33328fcfe203f0f1386824b0f00.sample[39m[0m
[  62% ] [90m[1msavepack[22m | Storing File: res://assets/audio/sfx/car_door.wav.import[39m[0m
[  62% ] [90m[1msavepack[22m | Storing File: res://.godot/imported/car_idle.wav-2572c1aeb489e3e68224e7158a415cdb.sample[39m[0m
[  62% ] [90m[1msavepack[22m | Storing File: res://assets/audio/sfx/car_idle.wav.import[39m[0m
[  62% ] [90m[1msavepack[22m | Storing File: res://.godot/imported/car_pass.wav-cdffb176ddfc501176ae903ffd36aebf.sample[39m[0m
[  62% ] [90m[1msavepack[22m | Storing File: res://assets/audio/sfx/car_pass.wav.import[39m[0m
[  62% ] [90m[1msavepack[22m | Storing File: res://.godot/imported/car_peel.wav-9929d66031f69653e8b986ef6858c1e6.sample[39m[0m
[  62% ] [90m[1msavepack[22m | Storing File: res://assets/audio/sfx/car_peel.wav.import[39m[0m
[  62% ] [90m[1msavepack[22m | Storing File: res://.godot/imported/collect.wav-23a033ad170d6d9c77a80e8a84244f0a.sample[39m[0m
[  62% ] [90m[1msavepack[22m | Storing File: res://assets/audio/sfx/collect.wav.import[39m[0m
[  63% ] [90m[1msavepack[22m | Storing File: res://.godot/imported/combo.wav-f9f47a2b5a099117a00414c510dc7927.sample[39m[0m
[  63% ] [90m[1msavepack[22m | Storing File: res://assets/audio/sfx/combo.wav.import[39m[0m
[  63% ] [90m[1msavepack[22m | Storing File: res://.godot/imported/cry.wav-5475e6d56757b9f3f572ac7d94cf46a5.sample[39m[0m
[  63% ] [90m[1msavepack[22m | Storing File: res://assets/audio/sfx/cry.wav.import[39m[0m
[  63% ] [90m[1msavepack[22m | Storing File: res://.godot/imported/dash.wav-751f76a9c829859a6ceee9808d98ce52.sample[39m[0m
[  63% ] [90m[1msavepack[22m | Storing File: res://assets/audio/sfx/dash.wav.import[39m[0m
[  63% ] [90m[1msavepack[22m | Storing File: res://.godot/imported/death.wav-eb8bf206799fefce7cf26366434348b8.sample[39m[0m
[  63% ] [90m[1msavepack[22m | Storing File: res://assets/audio/sfx/death.wav.import[39m[0m
[  63% ] [90m[1msavepack[22m | Storing File: res://.godot/imported/dog_bite.wav-20b6d13e3888f079dfa20ba0a6801a07.sample[39m[0m
[  63% ] [90m[1msavepack[22m | Storing File: res://assets/audio/sfx/dog_bite.wav.import[39m[0m
[  63% ] [90m[1msavepack[22m | Storing File: res://.godot/imported/door_break.wav-366228fdcc215751144469fdbf59c092.sample[39m[0m
[  63% ] [90m[1msavepack[22m | Storing File: res://assets/audio/sfx/door_break.wav.import[39m[0m
[  63% ] [90m[1msavepack[22m | Storing File: res://.godot/imported/door_kick.wav-9eadb2ad5d4489aa50a5cc9a1a53c87a.sample[39m[0m
[  63% ] [90m[1msavepack[22m | Storing File: res://assets/audio/sfx/door_kick.wav.import[39m[0m
[  63% ] [90m[1msavepack[22m | Storing File: res://.godot/imported/door_open.wav-69b6678189c02bd6142786d7e7f8bb19.sample[39m[0m
[  63% ] [90m[1msavepack[22m | Storing File: res://assets/audio/sfx/door_open.wav.import[39m[0m
[  63% ] [90m[1msavepack[22m | Storing File: res://.godot/imported/door_slam.wav-d8c0a50b890b201a04efd9eb17d0a996.sample[39m[0m
[  63% ] [90m[1msavepack[22m | Storing File: res://assets/audio/sfx/door_slam.wav.import[39m[0m
[  63% ] [90m[1msavepack[22m | Storing File: res://.godot/imported/ear_ring.wav-ab07d07781d016d23aae67b81aa013a4.sample[39m[0m
[  63% ] [90m[1msavepack[22m | Storing File: res://assets/audio/sfx/ear_ring.wav.import[39m[0m
[  63% ] [90m[1msavepack[22m | Storing File: res://.godot/imported/empty.wav-1af13ba60005aabdab766ae33d967a6a.sample[39m[0m
[  63% ] [90m[1msavepack[22m | Storing File: res://assets/audio/sfx/empty.wav.import[39m[0m
[  63% ] [90m[1msavepack[22m | Storing File: res://.godot/imported/execute.wav-fc0d0b3128cb75521e466dde228cb51d.sample[39m[0m
[  63% ] [90m[1msavepack[22m | Storing File: res://assets/audio/sfx/execute.wav.import[39m[0m
[  63% ] [90m[1msavepack[22m | Storing File: res://.godot/imported/explosion.wav-f11908070a3c16e9f40ac8490560a261.sample[39m[0m
[  63% ] [90m[1msavepack[22m | Storing File: res://assets/audio/sfx/explosion.wav.import[39m[0m
[  63% ] [90m[1msavepack[22m | Storing File: res://.godot/imported/firework_pop.wav-2fa154072808dc014d7b6696057a7d28.sample[39m[0m
[  63% ] [90m[1msavepack[22m | Storing File: res://assets/audio/sfx/firework_pop.wav.import[39m[0m
[  63% ] [90m[1msavepack[22m | Storing File: res://.godot/imported/fire_loop.wav-99d55da4b623401f09f2268a8441ec29.sample[39m[0m
[  63% ] [90m[1msavepack[22m | Storing File: res://assets/audio/sfx/fire_loop.wav.import[39m[0m
[  63% ] [90m[1msavepack[22m | Storing File: res://.godot/imported/flame_burst.wav-73158ed9559c4b7183d5be5dbf8b6791.sample[39m[0m
[  63% ] [90m[1msavepack[22m | Storing File: res://assets/audio/sfx/flame_burst.wav.import[39m[0m
[  63% ] [90m[1msavepack[22m | Storing File: res://.godot/imported/flame_ignite.wav-09fcceb224164c0c182b6642b08bae7f.sample[39m[0m
[  63% ] [90m[1msavepack[22m | Storing File: res://assets/audio/sfx/flame_ignite.wav.import[39m[0m
[  63% ] [90m[1msavepack[22m | Storing File: res://.godot/imported/glass.wav-0a17e0bde0ea8888e5fb0b0713723feb.sample[39m[0m
[  63% ] [90m[1msavepack[22m | Storing File: res://assets/audio/sfx/glass.wav.import[39m[0m
[  63% ] [90m[1msavepack[22m | Storing File: res://.godot/imported/gore.wav-cb02ab34881bcbc7c21a60286a137720.sample[39m[0m
[  63% ] [90m[1msavepack[22m | Storing File: res://assets/audio/sfx/gore.wav.import[39m[0m
[  63% ] [90m[1msavepack[22m | Storing File: res://.godot/imported/growl.wav-0a7280352b9d4bf4afc4a680bb57ed61.sample[39m[0m
[  63% ] [90m[1msavepack[22m | Storing File: res://assets/audio/sfx/growl.wav.import[39m[0m
[  63% ] [90m[1msavepack[22m | Storing File: res://.godot/imported/heartbeat.wav-b60dcb8d1ae85b9be8b214dd49678c3c.sample[39m[0m
[  63% ] [90m[1msavepack[22m | Storing File: res://assets/audio/sfx/heartbeat.wav.import[39m[0m
[  63% ] [90m[1msavepack[22m | Storing File: res://.godot/imported/hit_blade.wav-c24f5f3eb55bc57b698c90935e87f570.sample[39m[0m
[  63% ] [90m[1msavepack[22m | Storing File: res://assets/audio/sfx/hit_blade.wav.import[39m[0m
[  63% ] [90m[1msavepack[22m | Storing File: res://.godot/imported/hit_blunt.wav-15cc8a477df2a5dfab3831d73ea20dc7.sample[39m[0m
[  63% ] [90m[1msavepack[22m | Storing File: res://assets/audio/sfx/hit_blunt.wav.import[39m[0m
[  63% ] [90m[1msavepack[22m | Storing File: res://.godot/imported/hit_flesh.wav-6757342ce5daaab705b2516f8f6f1c72.sample[39m[0m
[  63% ] [90m[1msavepack[22m | Storing File: res://assets/audio/sfx/hit_flesh.wav.import[39m[0m
[  63% ] [90m[1msavepack[22m | Storing File: res://.godot/imported/intercom.wav-fab1a2c373b013e088c705585519b673.sample[39m[0m
[  63% ] [90m[1msavepack[22m | Storing File: res://assets/audio/sfx/intercom.wav.import[39m[0m
[  63% ] [90m[1msavepack[22m | Storing File: res://.godot/imported/laugh_track.wav-c8f8ba8724ab3f975675742a3461152b.sample[39m[0m
[  63% ] [90m[1msavepack[22m | Storing File: res://assets/audio/sfx/laugh_track.wav.import[39m[0m
[  63% ] [90m[1msavepack[22m | Storing File: res://.godot/imported/light_switch.wav-4d1ccb0bca8d0c6fb0d1b0344e17715f.sample[39m[0m
[  63% ] [90m[1msavepack[22m | Storing File: res://assets/audio/sfx/light_switch.wav.import[39m[0m
[  63% ] [90m[1msavepack[22m | Storing File: res://.godot/imported/mag_in.wav-7663a51315aa08b1a90af4d4e2467d6b.sample[39m[0m
[  63% ] [90m[1msavepack[22m | Storing File: res://assets/audio/sfx/mag_in.wav.import[39m[0m
[  63% ] [90m[1msavepack[22m | Storing File: res://.godot/imported/mag_out.wav-dd2589d54fa638f8c0099d24bf65eea4.sample[39m[0m
[  63% ] [90m[1msavepack[22m | Storing File: res://assets/audio/sfx/mag_out.wav.import[39m[0m
[  63% ] [90m[1msavepack[22m | Storing File: res://.godot/imported/metal_clang.wav-b4c0b2de020caed50de93c4105a506a3.sample[39m[0m
[  63% ] [90m[1msavepack[22m | Storing File: res://assets/audio/sfx/metal_clang.wav.import[39m[0m
[  63% ] [90m[1msavepack[22m | Storing File: res://.godot/imported/moan.wav-8cc2305d5e5e95bdafe47dbb1f4cd6c5.sample[39m[0m
[  63% ] [90m[1msavepack[22m | Storing File: res://assets/audio/sfx/moan.wav.import[39m[0m
[  63% ] [90m[1msavepack[22m | Storing File: res://.godot/imported/neck_snap.wav-d3d122307f4672662870d8069a691d8c.sample[39m[0m
[  63% ] [90m[1msavepack[22m | Storing File: res://assets/audio/sfx/neck_snap.wav.import[39m[0m
[  64% ] [90m[1msavepack[22m | Storing File: res://.godot/imported/on_air_buzz.wav-19e301c59e5f4ace0dae4a0e0e5a91c6.sample[39m[0m
[  64% ] [90m[1msavepack[22m | Storing File: res://assets/audio/sfx/on_air_buzz.wav.import[39m[0m
[  64% ] [90m[1msavepack[22m | Storing File: res://.godot/imported/phone_pickup.wav-34acc0d9357792fa17337ac1b64fbbed.sample[39m[0m
[  64% ] [90m[1msavepack[22m | Storing File: res://assets/audio/sfx/phone_pickup.wav.import[39m[0m
[  64% ] [90m[1msavepack[22m | Storing File: res://.godot/imported/phone_ring.wav-fe7e9288369e385de9bf534cfb7c7c18.sample[39m[0m
[  64% ] [90m[1msavepack[22m | Storing File: res://assets/audio/sfx/phone_ring.wav.import[39m[0m
[  64% ] [90m[1msavepack[22m | Storing File: res://.godot/imported/pickup.wav-ab250a1f66a2a1fa9405a9d94b827447.sample[39m[0m
[  64% ] [90m[1msavepack[22m | Storing File: res://assets/audio/sfx/pickup.wav.import[39m[0m
[  64% ] [90m[1msavepack[22m | Storing File: res://.godot/imported/pistol.wav-f63af63f657ab3404844db519d6dc0e5.sample[39m[0m
[  64% ] [90m[1msavepack[22m | Storing File: res://assets/audio/sfx/pistol.wav.import[39m[0m
[  64% ] [90m[1msavepack[22m | Storing File: res://.godot/imported/power_down.wav-2d38fcb1fe0430f874c64ba768461750.sample[39m[0m
[  64% ] [90m[1msavepack[22m | Storing File: res://assets/audio/sfx/power_down.wav.import[39m[0m
[  64% ] [90m[1msavepack[22m | Storing File: res://.godot/imported/power_up.wav-c4acdbf08b8a29d37fbaf42b4e8915b3.sample[39m[0m
[  64% ] [90m[1msavepack[22m | Storing File: res://assets/audio/sfx/power_up.wav.import[39m[0m
[  64% ] [90m[1msavepack[22m | Storing File: res://.godot/imported/punch.wav-2ad9cecb4b93edc1c804c7e5fe1912d2.sample[39m[0m
[  64% ] [90m[1msavepack[22m | Storing File: res://assets/audio/sfx/punch.wav.import[39m[0m
[  64% ] [90m[1msavepack[22m | Storing File: res://.godot/imported/rain_loop.wav-1813a9df7a5c1712cdd39a2b2a6cd373.sample[39m[0m
[  64% ] [90m[1msavepack[22m | Storing File: res://assets/audio/sfx/rain_loop.wav.import[39m[0m
[  64% ] [90m[1msavepack[22m | Storing File: res://.godot/imported/rank_stamp.wav-6c567bacb860913de3750c150c95e9ac.sample[39m[0m
[  64% ] [90m[1msavepack[22m | Storing File: res://assets/audio/sfx/rank_stamp.wav.import[39m[0m
[  64% ] [90m[1msavepack[22m | Storing File: res://.godot/imported/rec_beep.wav-48ef7d5ab3852804afdbcc3d78f9347c.sample[39m[0m
[  64% ] [90m[1msavepack[22m | Storing File: res://assets/audio/sfx/rec_beep.wav.import[39m[0m
[  64% ] [90m[1msavepack[22m | Storing File: res://.godot/imported/reload.wav-eb2cd6b08841877b53303c7c18c2c55a.sample[39m[0m
[  64% ] [90m[1msavepack[22m | Storing File: res://assets/audio/sfx/reload.wav.import[39m[0m
[  64% ] [90m[1msavepack[22m | Storing File: res://.godot/imported/revolver.wav-43537f22087c2c9c97c9dde5b02248e2.sample[39m[0m
[  64% ] [90m[1msavepack[22m | Storing File: res://assets/audio/sfx/revolver.wav.import[39m[0m
[  64% ] [90m[1msavepack[22m | Storing File: res://.godot/imported/ricochet.wav-e37010a7356ce57134228b8aff3fa859.sample[39m[0m
[  64% ] [90m[1msavepack[22m | Storing File: res://assets/audio/sfx/ricochet.wav.import[39m[0m
[  64% ] [90m[1msavepack[22m | Storing File: res://.godot/imported/rifle.wav-0f7eed43310c3c840acd481eb774eb0c.sample[39m[0m
[  64% ] [90m[1msavepack[22m | Storing File: res://assets/audio/sfx/rifle.wav.import[39m[0m
[  64% ] [90m[1msavepack[22m | Storing File: res://.godot/imported/roar.wav-2740312dc692178022053542a2c9a7c9.sample[39m[0m
[  64% ] [90m[1msavepack[22m | Storing File: res://assets/audio/sfx/roar.wav.import[39m[0m
[  64% ] [90m[1msavepack[22m | Storing File: res://.godot/imported/room_tone.wav-57abd673f18c92e697fa7b7ebe1df98e.sample[39m[0m
[  64% ] [90m[1msavepack[22m | Storing File: res://assets/audio/sfx/room_tone.wav.import[39m[0m
[  64% ] [90m[1msavepack[22m | Storing File: res://.godot/imported/scream_f.wav-a83ef7097af22e0aa3408ac013b49aed.sample[39m[0m
[  64% ] [90m[1msavepack[22m | Storing File: res://assets/audio/sfx/scream_f.wav.import[39m[0m
[  64% ] [90m[1msavepack[22m | Storing File: res://.godot/imported/scream_m.wav-78bf507ccd349566dcb7105e0027cbf2.sample[39m[0m
[  64% ] [90m[1msavepack[22m | Storing File: res://assets/audio/sfx/scream_m.wav.import[39m[0m
[  64% ] [90m[1msavepack[22m | Storing File: res://.godot/imported/shell.wav-43f8fd26ab0ed1273fcd35a0b059d425.sample[39m[0m
[  64% ] [90m[1msavepack[22m | Storing File: res://assets/audio/sfx/shell.wav.import[39m[0m
[  64% ] [90m[1msavepack[22m | Storing File: res://.godot/imported/shell_insert.wav-770e2f3af4303c805f831f1d319f4a63.sample[39m[0m
[  64% ] [90m[1msavepack[22m | Storing File: res://assets/audio/sfx/shell_insert.wav.import[39m[0m
[  64% ] [90m[1msavepack[22m | Storing File: res://.godot/imported/shield_block.wav-9b2032404d6c13616cfd330e394277e4.sample[39m[0m
[  64% ] [90m[1msavepack[22m | Storing File: res://assets/audio/sfx/shield_block.wav.import[39m[0m
[  64% ] [90m[1msavepack[22m | Storing File: res://.godot/imported/shotgun.wav-e7925f8a2689e3c61f13344a0c286cc3.sample[39m[0m
[  64% ] [90m[1msavepack[22m | Storing File: res://assets/audio/sfx/shotgun.wav.import[39m[0m
[  64% ] [90m[1msavepack[22m | Storing File: res://.godot/imported/shriek.wav-202b16529bec57f9089a035d56de560a.sample[39m[0m
[  64% ] [90m[1msavepack[22m | Storing File: res://assets/audio/sfx/shriek.wav.import[39m[0m
[  64% ] [90m[1msavepack[22m | Storing File: res://.godot/imported/siren_loop.wav-cc9ff9e8cf48c20797e19f6ef56ec0ec.sample[39m[0m
[  64% ] [90m[1msavepack[22m | Storing File: res://assets/audio/sfx/siren_loop.wav.import[39m[0m
[  64% ] [90m[1msavepack[22m | Storing File: res://.godot/imported/slate_clap.wav-7bb73d4b894a5c2285f68cbc1b7aa7ce.sample[39m[0m
[  64% ] [90m[1msavepack[22m | Storing File: res://assets/audio/sfx/slate_clap.wav.import[39m[0m
[  64% ] [90m[1msavepack[22m | Storing File: res://.godot/imported/slide_rack.wav-e44154bee42af00cd89a91143b6e23b0.sample[39m[0m
[  64% ] [90m[1msavepack[22m | Storing File: res://assets/audio/sfx/slide_rack.wav.import[39m[0m
[  64% ] [90m[1msavepack[22m | Storing File: res://.godot/imported/slowmo_in.wav-4964cdccdf5c65ff36958696129e3413.sample[39m[0m
[  64% ] [90m[1msavepack[22m | Storing File: res://assets/audio/sfx/slowmo_in.wav.import[39m[0m
[  64% ] [90m[1msavepack[22m | Storing File: res://.godot/imported/slowmo_out.wav-8997c911ed1913021ba2eeeafe663421.sample[39m[0m
[  64% ] [90m[1msavepack[22m | Storing File: res://assets/audio/sfx/slowmo_out.wav.import[39m[0m
[  64% ] [90m[1msavepack[22m | Storing File: res://.godot/imported/smg.wav-4f70476b9e239028bc0abae7170731de.sample[39m[0m
[  64% ] [90m[1msavepack[22m | Storing File: res://assets/audio/sfx/smg.wav.import[39m[0m
[  64% ] [90m[1msavepack[22m | Storing File: res://.godot/imported/sniper.wav-a8dd25a3d1fc12900dbcc137311d000b.sample[39m[0m
[  64% ] [90m[1msavepack[22m | Storing File: res://assets/audio/sfx/sniper.wav.import[39m[0m
[  64% ] [90m[1msavepack[22m | Storing File: res://.godot/imported/sniper_charge.wav-825beeb7398b51df67907b5c44f9d34d.sample[39m[0m
[  64% ] [90m[1msavepack[22m | Storing File: res://assets/audio/sfx/sniper_charge.wav.import[39m[0m
[  64% ] [90m[1msavepack[22m | Storing File: res://.godot/imported/snore.wav-648c599bbd8e4857ea71587b4c5b2af3.sample[39m[0m
[  64% ] [90m[1msavepack[22m | Storing File: res://assets/audio/sfx/snore.wav.import[39m[0m
[  65% ] [90m[1msavepack[22m | Storing File: res://.godot/imported/spark.wav-e40fe966d37aafde829905609dee92d1.sample[39m[0m
[  65% ] [90m[1msavepack[22m | Storing File: res://assets/audio/sfx/spark.wav.import[39m[0m
[  65% ] [90m[1msavepack[22m | Storing File: res://.godot/imported/splat.wav-3f3a1bbc1d56668b1236e346d680e7ce.sample[39m[0m
[  65% ] [90m[1msavepack[22m | Storing File: res://assets/audio/sfx/splat.wav.import[39m[0m
[  65% ] [90m[1msavepack[22m | Storing File: res://.godot/imported/sprinkler.wav-a2fa4a8d5cf374c7b78dda6ed2aaed6f.sample[39m[0m
[  65% ] [90m[1msavepack[22m | Storing File: res://assets/audio/sfx/sprinkler.wav.import[39m[0m
[  65% ] [90m[1msavepack[22m | Storing File: res://.godot/imported/step0.wav-d8908bef6e533a9c6fb0f4ee6b4c1020.sample[39m[0m
[  65% ] [90m[1msavepack[22m | Storing File: res://assets/audio/sfx/step0.wav.import[39m[0m
[  65% ] [90m[1msavepack[22m | Storing File: res://.godot/imported/step1.wav-b0b44aa752d2ba65107dbdcfa5e8c366.sample[39m[0m
[  65% ] [90m[1msavepack[22m | Storing File: res://assets/audio/sfx/step1.wav.import[39m[0m
[  65% ] [90m[1msavepack[22m | Storing File: res://.godot/imported/step2.wav-e1c25f13e2b106666688b86930f82b2f.sample[39m[0m
[  65% ] [90m[1msavepack[22m | Storing File: res://assets/audio/sfx/step2.wav.import[39m[0m
[  65% ] [90m[1msavepack[22m | Storing File: res://.godot/imported/step_carpet0.wav-170ce015d9074065bede4421622f0cd2.sample[39m[0m
[  65% ] [90m[1msavepack[22m | Storing File: res://assets/audio/sfx/step_carpet0.wav.import[39m[0m
[  65% ] [90m[1msavepack[22m | Storing File: res://.godot/imported/step_carpet1.wav-c59b48a5480ac751be3ba1151d800bd4.sample[39m[0m
[  65% ] [90m[1msavepack[22m | Storing File: res://assets/audio/sfx/step_carpet1.wav.import[39m[0m
[  65% ] [90m[1msavepack[22m | Storing File: res://.godot/imported/step_carpet2.wav-e82280544c950fffb8f1c38dd36dccfe.sample[39m[0m
[  65% ] [90m[1msavepack[22m | Storing File: res://assets/audio/sfx/step_carpet2.wav.import[39m[0m
[  65% ] [90m[1msavepack[22m | Storing File: res://.godot/imported/step_dirt0.wav-cf2a2f50c16245b0127461a56ffae5bf.sample[39m[0m
[  65% ] [90m[1msavepack[22m | Storing File: res://assets/audio/sfx/step_dirt0.wav.import[39m[0m
[  65% ] [90m[1msavepack[22m | Storing File: res://.godot/imported/step_dirt1.wav-6cec94ac036bccf5070f4d735ef87d9d.sample[39m[0m
[  65% ] [90m[1msavepack[22m | Storing File: res://assets/audio/sfx/step_dirt1.wav.import[39m[0m
[  65% ] [90m[1msavepack[22m | Storing File: res://.godot/imported/step_dirt2.wav-7d72e9fee77b94cf7cc21074c6ba59cf.sample[39m[0m
[  65% ] [90m[1msavepack[22m | Storing File: res://assets/audio/sfx/step_dirt2.wav.import[39m[0m
[  65% ] [90m[1msavepack[22m | Storing File: res://.godot/imported/step_grass0.wav-903e7c09113eaed7b4496659a726ff0e.sample[39m[0m
[  65% ] [90m[1msavepack[22m | Storing File: res://assets/audio/sfx/step_grass0.wav.import[39m[0m
[  65% ] [90m[1msavepack[22m | Storing File: res://.godot/imported/step_grass1.wav-e43a2413767460c528b8e169b0b54a80.sample[39m[0m
[  65% ] [90m[1msavepack[22m | Storing File: res://assets/audio/sfx/step_grass1.wav.import[39m[0m
[  65% ] [90m[1msavepack[22m | Storing File: res://.godot/imported/step_grass2.wav-54ec8b8cb01f6747e6858cf418054a96.sample[39m[0m
[  65% ] [90m[1msavepack[22m | Storing File: res://assets/audio/sfx/step_grass2.wav.import[39m[0m
[  65% ] [90m[1msavepack[22m | Storing File: res://.godot/imported/step_hard0.wav-40c4aa2f57025732a4c9912d80ecf4b0.sample[39m[0m
[  65% ] [90m[1msavepack[22m | Storing File: res://assets/audio/sfx/step_hard0.wav.import[39m[0m
[  65% ] [90m[1msavepack[22m | Storing File: res://.godot/imported/step_hard1.wav-e7397e7586d983bb0cde6843c17d569e.sample[39m[0m
[  65% ] [90m[1msavepack[22m | Storing File: res://assets/audio/sfx/step_hard1.wav.import[39m[0m
[  65% ] [90m[1msavepack[22m | Storing File: res://.godot/imported/step_hard2.wav-dec583ea36d915b0b9b5aa90386e5a17.sample[39m[0m
[  65% ] [90m[1msavepack[22m | Storing File: res://assets/audio/sfx/step_hard2.wav.import[39m[0m
[  65% ] [90m[1msavepack[22m | Storing File: res://.godot/imported/step_metal0.wav-97dda1c8a0382060823d33af6d09bd07.sample[39m[0m
[  65% ] [90m[1msavepack[22m | Storing File: res://assets/audio/sfx/step_metal0.wav.import[39m[0m
[  65% ] [90m[1msavepack[22m | Storing File: res://.godot/imported/step_metal1.wav-86a5e425fdfe099d18a6796dbb198640.sample[39m[0m
[  65% ] [90m[1msavepack[22m | Storing File: res://assets/audio/sfx/step_metal1.wav.import[39m[0m
[  65% ] [90m[1msavepack[22m | Storing File: res://.godot/imported/step_metal2.wav-240ffb5117a09db052b95b7ce300ae1c.sample[39m[0m
[  65% ] [90m[1msavepack[22m | Storing File: res://assets/audio/sfx/step_metal2.wav.import[39m[0m
[  65% ] [90m[1msavepack[22m | Storing File: res://.godot/imported/step_tile0.wav-4bdc15c47b6b90f7ab0ffbd1b35d15bc.sample[39m[0m
[  65% ] [90m[1msavepack[22m | Storing File: res://assets/audio/sfx/step_tile0.wav.import[39m[0m
[  65% ] [90m[1msavepack[22m | Storing File: res://.godot/imported/step_tile1.wav-6c7d433a47a524fa7f64a77c2c4cb9b1.sample[39m[0m
[  65% ] [90m[1msavepack[22m | Storing File: res://assets/audio/sfx/step_tile1.wav.import[39m[0m
[  65% ] [90m[1msavepack[22m | Storing File: res://.godot/imported/step_tile2.wav-3d48c8bf26934c09f0c20872f97109bd.sample[39m[0m
[  65% ] [90m[1msavepack[22m | Storing File: res://assets/audio/sfx/step_tile2.wav.import[39m[0m
[  65% ] [90m[1msavepack[22m | Storing File: res://.godot/imported/step_water0.wav-128c744ae0a62973b31a9af741a77fc2.sample[39m[0m
[  65% ] [90m[1msavepack[22m | Storing File: res://assets/audio/sfx/step_water0.wav.import[39m[0m
[  65% ] [90m[1msavepack[22m | Storing File: res://.godot/imported/step_water1.wav-6d17d5d980d0e2e7d9bc843f3584650b.sample[39m[0m
[  65% ] [90m[1msavepack[22m | Storing File: res://assets/audio/sfx/step_water1.wav.import[39m[0m
[  65% ] [90m[1msavepack[22m | Storing File: res://.godot/imported/step_water2.wav-ee47b054d379af1291ad93f01fb47399.sample[39m[0m
[  65% ] [90m[1msavepack[22m | Storing File: res://assets/audio/sfx/step_water2.wav.import[39m[0m
[  65% ] [90m[1msavepack[22m | Storing File: res://.godot/imported/step_wood0.wav-9a800f80bbe5fda21c7810367fae7224.sample[39m[0m
[  65% ] [90m[1msavepack[22m | Storing File: res://assets/audio/sfx/step_wood0.wav.import[39m[0m
[  65% ] [90m[1msavepack[22m | Storing File: res://.godot/imported/step_wood1.wav-5fbb15852b2082b7bdec83bb1026964d.sample[39m[0m
[  65% ] [90m[1msavepack[22m | Storing File: res://assets/audio/sfx/step_wood1.wav.import[39m[0m
[  65% ] [90m[1msavepack[22m | Storing File: res://.godot/imported/step_wood2.wav-46d4b0397183064bca1dc2ce751365ed.sample[39m[0m
[  65% ] [90m[1msavepack[22m | Storing File: res://assets/audio/sfx/step_wood2.wav.import[39m[0m
[  65% ] [90m[1msavepack[22m | Storing File: res://.godot/imported/studio_chime.wav-d1ebaaae91de6d1af69fbf9d9c0b9b19.sample[39m[0m
[  65% ] [90m[1msavepack[22m | Storing File: res://assets/audio/sfx/studio_chime.wav.import[39m[0m
[  65% ] [90m[1msavepack[22m | Storing File: res://.godot/imported/suppressed.wav-f93b057ab13231973e634a4457c8f091.sample[39m[0m
[  65% ] [90m[1msavepack[22m | Storing File: res://assets/audio/sfx/suppressed.wav.import[39m[0m
[  66% ] [90m[1msavepack[22m | Storing File: res://.godot/imported/swing.wav-a7cbca82a73ef05789a25e7e44028fc6.sample[39m[0m
[  66% ] [90m[1msavepack[22m | Storing File: res://assets/audio/sfx/swing.wav.import[39m[0m
[  66% ] [90m[1msavepack[22m | Storing File: res://.godot/imported/swing_heavy.wav-346c84f93ee887358e80499345f3d501.sample[39m[0m
[  66% ] [90m[1msavepack[22m | Storing File: res://assets/audio/sfx/swing_heavy.wav.import[39m[0m
[  66% ] [90m[1msavepack[22m | Storing File: res://.godot/imported/tape_insert.wav-d5ea3a638a9628fa07a44e44cbd31138.sample[39m[0m
[  66% ] [90m[1msavepack[22m | Storing File: res://assets/audio/sfx/tape_insert.wav.import[39m[0m
[  66% ] [90m[1msavepack[22m | Storing File: res://.godot/imported/tape_rewind.wav-ea2e724538370649fb87e8e510f7f72d.sample[39m[0m
[  66% ] [90m[1msavepack[22m | Storing File: res://assets/audio/sfx/tape_rewind.wav.import[39m[0m
[  66% ] [90m[1msavepack[22m | Storing File: res://.godot/imported/tape_slide.wav-b34d78016d86bfcc4f2032bb0fb0d13a.sample[39m[0m
[  66% ] [90m[1msavepack[22m | Storing File: res://assets/audio/sfx/tape_slide.wav.import[39m[0m
[  66% ] [90m[1msavepack[22m | Storing File: res://.godot/imported/throw.wav-b12e4b2ada84ba4eb4541348939f9d43.sample[39m[0m
[  66% ] [90m[1msavepack[22m | Storing File: res://assets/audio/sfx/throw.wav.import[39m[0m
[  66% ] [90m[1msavepack[22m | Storing File: res://.godot/imported/thunder.wav-70b37ac63280d185b61ca5ed516154d7.sample[39m[0m
[  66% ] [90m[1msavepack[22m | Storing File: res://assets/audio/sfx/thunder.wav.import[39m[0m
[  66% ] [90m[1msavepack[22m | Storing File: res://.godot/imported/tire_skid.wav-b124874c7a25f87c241ed8cbef8fe047.sample[39m[0m
[  66% ] [90m[1msavepack[22m | Storing File: res://assets/audio/sfx/tire_skid.wav.import[39m[0m
[  66% ] [90m[1msavepack[22m | Storing File: res://.godot/imported/tote_ding.wav-ae996b92dbf19a7a56f22ed99c3d4703.sample[39m[0m
[  66% ] [90m[1msavepack[22m | Storing File: res://assets/audio/sfx/tote_ding.wav.import[39m[0m
[  66% ] [90m[1msavepack[22m | Storing File: res://.godot/imported/tv_break.wav-3d992160d44b840c0d22fc52ba894cc3.sample[39m[0m
[  66% ] [90m[1msavepack[22m | Storing File: res://assets/audio/sfx/tv_break.wav.import[39m[0m
[  66% ] [90m[1msavepack[22m | Storing File: res://.godot/imported/tv_hum.wav-f2a4d42dcaf78d6497bc0792859bd61d.sample[39m[0m
[  66% ] [90m[1msavepack[22m | Storing File: res://assets/audio/sfx/tv_hum.wav.import[39m[0m
[  66% ] [90m[1msavepack[22m | Storing File: res://.godot/imported/type_clack.wav-cb54c3aacc6d250febc27198e7095cc7.sample[39m[0m
[  66% ] [90m[1msavepack[22m | Storing File: res://assets/audio/sfx/type_clack.wav.import[39m[0m
[  66% ] [90m[1msavepack[22m | Storing File: res://.godot/imported/ui_back.wav-7828a6716341f445bbcfdb137145d0bd.sample[39m[0m
[  66% ] [90m[1msavepack[22m | Storing File: res://assets/audio/sfx/ui_back.wav.import[39m[0m
[  66% ] [90m[1msavepack[22m | Storing File: res://.godot/imported/ui_move.wav-beadd58da3486de5cdd558795599ad69.sample[39m[0m
[  66% ] [90m[1msavepack[22m | Storing File: res://assets/audio/sfx/ui_move.wav.import[39m[0m
[  66% ] [90m[1msavepack[22m | Storing File: res://.godot/imported/ui_select.wav-d70ac7a88c51f2b31630dac3382b4179.sample[39m[0m
[  66% ] [90m[1msavepack[22m | Storing File: res://assets/audio/sfx/ui_select.wav.import[39m[0m
[  66% ] [90m[1msavepack[22m | Storing File: res://.godot/imported/upgrade.wav-4e2f0db1abec02e3896190e246baac57.sample[39m[0m
[  66% ] [90m[1msavepack[22m | Storing File: res://assets/audio/sfx/upgrade.wav.import[39m[0m
[  66% ] [90m[1msavepack[22m | Storing File: res://.godot/imported/vhs_static.wav-6e3e4ff014715367e530827280834cf2.sample[39m[0m
[  66% ] [90m[1msavepack[22m | Storing File: res://assets/audio/sfx/vhs_static.wav.import[39m[0m
[  66% ] [90m[1msavepack[22m | Storing File: res://.godot/imported/voxbot_a1.wav-32a1a1f1c6bcc8c14ff6466a0099d65a.sample[39m[0m
[  66% ] [90m[1msavepack[22m | Storing File: res://assets/audio/sfx/voxbot_a1.wav.import[39m[0m
[  66% ] [90m[1msavepack[22m | Storing File: res://.godot/imported/voxbot_a2.wav-9a0ba0a3bd3bb6a1be0682afa1b8b6a7.sample[39m[0m
[  66% ] [90m[1msavepack[22m | Storing File: res://assets/audio/sfx/voxbot_a2.wav.import[39m[0m
[  66% ] [90m[1msavepack[22m | Storing File: res://.godot/imported/voxbot_e1.wav-e189a0977e32ba4b59b67c5f7aaa196d.sample[39m[0m
[  66% ] [90m[1msavepack[22m | Storing File: res://assets/audio/sfx/voxbot_e1.wav.import[39m[0m
[  66% ] [90m[1msavepack[22m | Storing File: res://.godot/imported/voxbot_e2.wav-64e09a8253e4216811dc9e3faff6711e.sample[39m[0m
[  66% ] [90m[1msavepack[22m | Storing File: res://assets/audio/sfx/voxbot_e2.wav.import[39m[0m
[  66% ] [90m[1msavepack[22m | Storing File: res://.godot/imported/voxbot_i1.wav-2ae46fe97a1f2f1a2adf4996d59efbe1.sample[39m[0m
[  66% ] [90m[1msavepack[22m | Storing File: res://assets/audio/sfx/voxbot_i1.wav.import[39m[0m
[  66% ] [90m[1msavepack[22m | Storing File: res://.godot/imported/voxbot_i2.wav-09af728b850dfa3cf02ba3f0c436d1fd.sample[39m[0m
[  66% ] [90m[1msavepack[22m | Storing File: res://assets/audio/sfx/voxbot_i2.wav.import[39m[0m
[  66% ] [90m[1msavepack[22m | Storing File: res://.godot/imported/voxbot_o1.wav-03fcf16f96acddfbfb33bc90d1273325.sample[39m[0m
[  66% ] [90m[1msavepack[22m | Storing File: res://assets/audio/sfx/voxbot_o1.wav.import[39m[0m
[  66% ] [90m[1msavepack[22m | Storing File: res://.godot/imported/voxbot_o2.wav-a218242e0e43fe068068ba517afebd48.sample[39m[0m
[  66% ] [90m[1msavepack[22m | Storing File: res://assets/audio/sfx/voxbot_o2.wav.import[39m[0m
[  66% ] [90m[1msavepack[22m | Storing File: res://.godot/imported/voxbot_u1.wav-bea0d07d2cd4babb73c30551802f05b2.sample[39m[0m
[  66% ] [90m[1msavepack[22m | Storing File: res://assets/audio/sfx/voxbot_u1.wav.import[39m[0m
[  66% ] [90m[1msavepack[22m | Storing File: res://.godot/imported/voxbot_u2.wav-0077615addb56e9933ac1894237a9338.sample[39m[0m
[  66% ] [90m[1msavepack[22m | Storing File: res://assets/audio/sfx/voxbot_u2.wav.import[39m[0m
[  66% ] [90m[1msavepack[22m | Storing File: res://.godot/imported/voxtel_a1.wav-282b020facdaf635fa3e3dd74308bc0f.sample[39m[0m
[  66% ] [90m[1msavepack[22m | Storing File: res://assets/audio/sfx/voxtel_a1.wav.import[39m[0m
[  66% ] [90m[1msavepack[22m | Storing File: res://.godot/imported/voxtel_a2.wav-47a831d68b9cab4ed6abb816a2761a45.sample[39m[0m
[  66% ] [90m[1msavepack[22m | Storing File: res://assets/audio/sfx/voxtel_a2.wav.import[39m[0m
[  66% ] [90m[1msavepack[22m | Storing File: res://.godot/imported/voxtel_e1.wav-bbac4d7ccc9c51468145ff14b7f7b67f.sample[39m[0m
[  66% ] [90m[1msavepack[22m | Storing File: res://assets/audio/sfx/voxtel_e1.wav.import[39m[0m
[  66% ] [90m[1msavepack[22m | Storing File: res://.godot/imported/voxtel_e2.wav-241aff8abd801b94bf378fd987101241.sample[39m[0m
[  66% ] [90m[1msavepack[22m | Storing File: res://assets/audio/sfx/voxtel_e2.wav.import[39m[0m
[  66% ] [90m[1msavepack[22m | Storing File: res://.godot/imported/voxtel_i1.wav-1ff03c68050dcf41b033ab066fe7b52d.sample[39m[0m
[  66% ] [90m[1msavepack[22m | Storing File: res://assets/audio/sfx/voxtel_i1.wav.import[39m[0m
[  66% ] [90m[1msavepack[22m | Storing File: res://.godot/imported/voxtel_i2.wav-bc3bc21041ddddbd7d66ec0e31c15b1f.sample[39m[0m
[  66% ] [90m[1msavepack[22m | Storing File: res://assets/audio/sfx/voxtel_i2.wav.import[39m[0m
[  66% ] [90m[1msavepack[22m | Storing File: res://.godot/imported/voxtel_o1.wav-bc4fb73fdcd746f7ba7fe776ba681073.sample[39m[0m
[  66% ] [90m[1msavepack[22m | Storing File: res://assets/audio/sfx/voxtel_o1.wav.import[39m[0m
[  66% ] [90m[1msavepack[22m | Storing File: res://.godot/imported/voxtel_o2.wav-c73788540d3b444fc3d42adc4d79280f.sample[39m[0m
[  66% ] [90m[1msavepack[22m | Storing File: res://assets/audio/sfx/voxtel_o2.wav.import[39m[0m
[  66% ] [90m[1msavepack[22m | Storing File: res://.godot/imported/voxtel_u1.wav-868042f02299921769a03f14be83479a.sample[39m[0m
[  66% ] [90m[1msavepack[22m | Storing File: res://assets/audio/sfx/voxtel_u1.wav.import[39m[0m
[  66% ] [90m[1msavepack[22m | Storing File: res://.godot/imported/voxtel_u2.wav-0a66fdfcd226404dc19876b8a17856db.sample[39m[0m
[  66% ] [90m[1msavepack[22m | Storing File: res://assets/audio/sfx/voxtel_u2.wav.import[39m[0m
[  66% ] [90m[1msavepack[22m | Storing File: res://.godot/imported/voxtv_a1.wav-291973c053291a59ebee508a72235cb0.sample[39m[0m
[  66% ] [90m[1msavepack[22m | Storing File: res://assets/audio/sfx/voxtv_a1.wav.import[39m[0m
[  66% ] [90m[1msavepack[22m | Storing File: res://.godot/imported/voxtv_a2.wav-dbc68798bcb7721a6363c0e1cc57a782.sample[39m[0m
[  66% ] [90m[1msavepack[22m | Storing File: res://assets/audio/sfx/voxtv_a2.wav.import[39m[0m
[  66% ] [90m[1msavepack[22m | Storing File: res://.godot/imported/voxtv_e1.wav-e801b6151bf168d62090efabf62d8e6f.sample[39m[0m
[  66% ] [90m[1msavepack[22m | Storing File: res://assets/audio/sfx/voxtv_e1.wav.import[39m[0m
[  66% ] [90m[1msavepack[22m | Storing File: res://.godot/imported/voxtv_e2.wav-97511f62c57d68d0229fa22e3d271939.sample[39m[0m
[  66% ] [90m[1msavepack[22m | Storing File: res://assets/audio/sfx/voxtv_e2.wav.import[39m[0m
[  66% ] [90m[1msavepack[22m | Storing File: res://.godot/imported/voxtv_i1.wav-c23649aa62e8d4efe5afe691dbec1e22.sample[39m[0m
[  66% ] [90m[1msavepack[22m | Storing File: res://assets/audio/sfx/voxtv_i1.wav.import[39m[0m
[  66% ] [90m[1msavepack[22m | Storing File: res://.godot/imported/voxtv_i2.wav-8760d8e0e70ca85f2056132930ce5030.sample[39m[0m
[  66% ] [90m[1msavepack[22m | Storing File: res://assets/audio/sfx/voxtv_i2.wav.import[39m[0m
[  66% ] [90m[1msavepack[22m | Storing File: res://.godot/imported/voxtv_o1.wav-ae1c2366f094903060e70c81526ddb15.sample[39m[0m
[  66% ] [90m[1msavepack[22m | Storing File: res://assets/audio/sfx/voxtv_o1.wav.import[39m[0m
[  66% ] [90m[1msavepack[22m | Storing File: res://.godot/imported/voxtv_o2.wav-5e10cc987c83d606cdbb7f9a67fa88d1.sample[39m[0m
[  66% ] [90m[1msavepack[22m | Storing File: res://assets/audio/sfx/voxtv_o2.wav.import[39m[0m
[  66% ] [90m[1msavepack[22m | Storing File: res://.godot/imported/voxtv_u1.wav-727718605b3644f7dc670c8805bd05f5.sample[39m[0m
[  66% ] [90m[1msavepack[22m | Storing File: res://assets/audio/sfx/voxtv_u1.wav.import[39m[0m
[  66% ] [90m[1msavepack[22m | Storing File: res://.godot/imported/voxtv_u2.wav-238ebb98eda45ce204f5f3adefdbe10a.sample[39m[0m
[  66% ] [90m[1msavepack[22m | Storing File: res://assets/audio/sfx/voxtv_u2.wav.import[39m[0m
[  66% ] [90m[1msavepack[22m | Storing File: res://.godot/imported/vox_a1.wav-fa5a6e799293401a9c145867da9fa6e9.sample[39m[0m
[  66% ] [90m[1msavepack[22m | Storing File: res://assets/audio/sfx/vox_a1.wav.import[39m[0m
[  66% ] [90m[1msavepack[22m | Storing File: res://.godot/imported/vox_a2.wav-84677dc9836bf21ad69a2a9576a7ee41.sample[39m[0m
[  66% ] [90m[1msavepack[22m | Storing File: res://assets/audio/sfx/vox_a2.wav.import[39m[0m
[  66% ] [90m[1msavepack[22m | Storing File: res://.godot/imported/vox_boss_die0.wav-17d1c3dd84d26c758630f9c1ec81427e.sample[39m[0m
[  66% ] [90m[1msavepack[22m | Storing File: res://assets/audio/sfx/vox_boss_die0.wav.import[39m[0m
[  66% ] [90m[1msavepack[22m | Storing File: res://.godot/imported/vox_boss_die1.wav-6e78cb1225f360b6057157410a39e1cd.sample[39m[0m
[  66% ] [90m[1msavepack[22m | Storing File: res://assets/audio/sfx/vox_boss_die1.wav.import[39m[0m
[  66% ] [90m[1msavepack[22m | Storing File: res://.godot/imported/vox_die_f0.wav-a2b853d20564d6e8f7934dc542185035.sample[39m[0m
[  66% ] [90m[1msavepack[22m | Storing File: res://assets/audio/sfx/vox_die_f0.wav.import[39m[0m
[  66% ] [90m[1msavepack[22m | Storing File: res://.godot/imported/vox_die_f1.wav-6de2055e1bf910cdf4b1903aab0c0510.sample[39m[0m
[  66% ] [90m[1msavepack[22m | Storing File: res://assets/audio/sfx/vox_die_f1.wav.import[39m[0m
[  66% ] [90m[1msavepack[22m | Storing File: res://.godot/imported/vox_die_f2.wav-d29a29e5878454e2cdcabb78ffd1dd47.sample[39m[0m
[  66% ] [90m[1msavepack[22m | Storing File: res://assets/audio/sfx/vox_die_f2.wav.import[39m[0m
[  66% ] [90m[1msavepack[22m | Storing File: res://.godot/imported/vox_die_m0.wav-d03415970eecf941b8cab9c441f56729.sample[39m[0m
[  66% ] [90m[1msavepack[22m | Storing File: res://assets/audio/sfx/vox_die_m0.wav.import[39m[0m
[  66% ] [90m[1msavepack[22m | Storing File: res://.godot/imported/vox_die_m1.wav-090f9c0f3022a85844977cb345640601.sample[39m[0m
[  66% ] [90m[1msavepack[22m | Storing File: res://assets/audio/sfx/vox_die_m1.wav.import[39m[0m
[  66% ] [90m[1msavepack[22m | Storing File: res://.godot/imported/vox_die_m2.wav-f0e1ad12a337f6846bfc58dcda6f4381.sample[39m[0m
[  66% ] [90m[1msavepack[22m | Storing File: res://assets/audio/sfx/vox_die_m2.wav.import[39m[0m
[  66% ] [90m[1msavepack[22m | Storing File: res://.godot/imported/vox_die_m3.wav-28b12921dd5922d181715f9f600865d7.sample[39m[0m
[  66% ] [90m[1msavepack[22m | Storing File: res://assets/audio/sfx/vox_die_m3.wav.import[39m[0m
[  66% ] [90m[1msavepack[22m | Storing File: res://.godot/imported/vox_die_m4.wav-b69800b2d490b81550754d4826537ef3.sample[39m[0m
[  66% ] [90m[1msavepack[22m | Storing File: res://assets/audio/sfx/vox_die_m4.wav.import[39m[0m
[  66% ] [90m[1msavepack[22m | Storing File: res://.godot/imported/vox_die_m5.wav-723445e4cffd5758965e571445391057.sample[39m[0m
[  66% ] [90m[1msavepack[22m | Storing File: res://assets/audio/sfx/vox_die_m5.wav.import[39m[0m
[  66% ] [90m[1msavepack[22m | Storing File: res://.godot/imported/vox_dog_die0.wav-e2b9e77393cde4280672001fbdec07f0.sample[39m[0m
[  66% ] [90m[1msavepack[22m | Storing File: res://assets/audio/sfx/vox_dog_die0.wav.import[39m[0m
[  66% ] [90m[1msavepack[22m | Storing File: res://.godot/imported/vox_dog_die1.wav-ccad3967eb53dd8636af0d6a6c0e6373.sample[39m[0m
[  66% ] [90m[1msavepack[22m | Storing File: res://assets/audio/sfx/vox_dog_die1.wav.import[39m[0m
[  66% ] [90m[1msavepack[22m | Storing File: res://.godot/imported/vox_dog_die2.wav-d7b008f5a7fa08e9e07acb81d99b5989.sample[39m[0m
[  66% ] [90m[1msavepack[22m | Storing File: res://assets/audio/sfx/vox_dog_die2.wav.import[39m[0m
[  66% ] [90m[1msavepack[22m | Storing File: res://.godot/imported/vox_e1.wav-88f6f5c694e9cf98c01dc2e1b2b966d6.sample[39m[0m
[  66% ] [90m[1msavepack[22m | Storing File: res://assets/audio/sfx/vox_e1.wav.import[39m[0m
[  66% ] [90m[1msavepack[22m | Storing File: res://.godot/imported/vox_e2.wav-d915cbe24975fb860c83bbd6eab1b30d.sample[39m[0m
[  66% ] [90m[1msavepack[22m | Storing File: res://assets/audio/sfx/vox_e2.wav.import[39m[0m
[  67% ] [90m[1msavepack[22m | Storing File: res://.godot/imported/vox_hurt_f0.wav-d6263e5dc012950b4f75ab1bc5bb6272.sample[39m[0m
[  67% ] [90m[1msavepack[22m | Storing File: res://assets/audio/sfx/vox_hurt_f0.wav.import[39m[0m
[  67% ] [90m[1msavepack[22m | Storing File: res://.godot/imported/vox_hurt_f1.wav-74a8697814aad016a5c70202b4fd7e59.sample[39m[0m
[  67% ] [90m[1msavepack[22m | Storing File: res://assets/audio/sfx/vox_hurt_f1.wav.import[39m[0m
[  67% ] [90m[1msavepack[22m | Storing File: res://.godot/imported/vox_hurt_f2.wav-be07f7555b72870b742dbd5d0f582168.sample[39m[0m
[  67% ] [90m[1msavepack[22m | Storing File: res://assets/audio/sfx/vox_hurt_f2.wav.import[39m[0m
[  67% ] [90m[1msavepack[22m | Storing File: res://.godot/imported/vox_hurt_f3.wav-b2b3cf0633f77a28d4e193fb16a2d09a.sample[39m[0m
[  67% ] [90m[1msavepack[22m | Storing File: res://assets/audio/sfx/vox_hurt_f3.wav.import[39m[0m
[  67% ] [90m[1msavepack[22m | Storing File: res://.godot/imported/vox_hurt_m0.wav-b5e7148f825d56e81219b7d92559b3c0.sample[39m[0m
[  67% ] [90m[1msavepack[22m | Storing File: res://assets/audio/sfx/vox_hurt_m0.wav.import[39m[0m
[  67% ] [90m[1msavepack[22m | Storing File: res://.godot/imported/vox_hurt_m1.wav-8ad1f56f27b6198c0cea700f3f2455ee.sample[39m[0m
[  67% ] [90m[1msavepack[22m | Storing File: res://assets/audio/sfx/vox_hurt_m1.wav.import[39m[0m
[  67% ] [90m[1msavepack[22m | Storing File: res://.godot/imported/vox_hurt_m2.wav-681a74ef89dc7ec1f573492594d7a1ca.sample[39m[0m
[  67% ] [90m[1msavepack[22m | Storing File: res://assets/audio/sfx/vox_hurt_m2.wav.import[39m[0m
[  67% ] [90m[1msavepack[22m | Storing File: res://.godot/imported/vox_hurt_m3.wav-f277d0976aa90ac3ed26c03e78933d85.sample[39m[0m
[  67% ] [90m[1msavepack[22m | Storing File: res://assets/audio/sfx/vox_hurt_m3.wav.import[39m[0m
[  67% ] [90m[1msavepack[22m | Storing File: res://.godot/imported/vox_hurt_m4.wav-0c63580f1803857e94de7cd5c90e61bd.sample[39m[0m
[  67% ] [90m[1msavepack[22m | Storing File: res://assets/audio/sfx/vox_hurt_m4.wav.import[39m[0m
[  67% ] [90m[1msavepack[22m | Storing File: res://.godot/imported/vox_hurt_m5.wav-24a2a126a1082203089a269fd9009b22.sample[39m[0m
[  67% ] [90m[1msavepack[22m | Storing File: res://assets/audio/sfx/vox_hurt_m5.wav.import[39m[0m
[  67% ] [90m[1msavepack[22m | Storing File: res://.godot/imported/vox_i1.wav-a7b0625b3f188df9c766a95729e6875d.sample[39m[0m
[  67% ] [90m[1msavepack[22m | Storing File: res://assets/audio/sfx/vox_i1.wav.import[39m[0m
[  67% ] [90m[1msavepack[22m | Storing File: res://.godot/imported/vox_i2.wav-a4b82c931a654e40de7fa70e64094467.sample[39m[0m
[  67% ] [90m[1msavepack[22m | Storing File: res://assets/audio/sfx/vox_i2.wav.import[39m[0m
[  67% ] [90m[1msavepack[22m | Storing File: res://.godot/imported/vox_o1.wav-dc26682718e09ea0f3b1b07933fbe6e8.sample[39m[0m
[  67% ] [90m[1msavepack[22m | Storing File: res://assets/audio/sfx/vox_o1.wav.import[39m[0m
[  67% ] [90m[1msavepack[22m | Storing File: res://.godot/imported/vox_o2.wav-514efddd8e9a4893e2be4ef9f1c44283.sample[39m[0m
[  67% ] [90m[1msavepack[22m | Storing File: res://assets/audio/sfx/vox_o2.wav.import[39m[0m
[  67% ] [90m[1msavepack[22m | Storing File: res://.godot/imported/vox_u1.wav-5be9954a703d2537b1330ae527e27587.sample[39m[0m
[  67% ] [90m[1msavepack[22m | Storing File: res://assets/audio/sfx/vox_u1.wav.import[39m[0m
[  67% ] [90m[1msavepack[22m | Storing File: res://.godot/imported/vox_u2.wav-0e9b2717712a756dd016b70b9654c490.sample[39m[0m
[  67% ] [90m[1msavepack[22m | Storing File: res://assets/audio/sfx/vox_u2.wav.import[39m[0m
[  67% ] [90m[1msavepack[22m | Storing File: res://.godot/imported/whoosh.wav-c15509047a0e70676ed2ef33e361cdd3.sample[39m[0m
[  67% ] [90m[1msavepack[22m | Storing File: res://assets/audio/sfx/whoosh.wav.import[39m[0m
[  67% ] [90m[1msavepack[22m | Storing File: res://.godot/imported/wind_loop.wav-a19c9b766f61ada12ad9115bf59da793.sample[39m[0m
[  67% ] [90m[1msavepack[22m | Storing File: res://assets/audio/sfx/wind_loop.wav.import[39m[0m
[  67% ] [90m[1msavepack[22m | Storing File: res://.godot/imported/yelp.wav-c5398bf99b5ac9ec113b27dc98cfd998.sample[39m[0m
[  67% ] [90m[1msavepack[22m | Storing File: res://assets/audio/sfx/yelp.wav.import[39m[0m
[  67% ] [90m[1msavepack[22m | Storing File: res://.godot/imported/f.mp3-6151e6b48ea78b526dad27a41b0665ae.mp3str[39m[0m
[  67% ] [90m[1msavepack[22m | Storing File: res://assets/audio/voice/apartment_1988/f.mp3.import[39m[0m
[  67% ] [90m[1msavepack[22m | Storing File: res://.godot/imported/k1.mp3-ea98d6b0bd35c94302eb9c9fd48f4069.mp3str[39m[0m
[  67% ] [90m[1msavepack[22m | Storing File: res://assets/audio/voice/apartment_1988/k1.mp3.import[39m[0m
[  67% ] [90m[1msavepack[22m | Storing File: res://.godot/imported/k2.mp3-b18abe28b59cecde2d8227ecdb86da73.mp3str[39m[0m
[  67% ] [90m[1msavepack[22m | Storing File: res://assets/audio/voice/apartment_1988/k2.mp3.import[39m[0m
[  67% ] [90m[1msavepack[22m | Storing File: res://.godot/imported/k4.mp3-c29069f4200bf06d43fb9c0dec5145cc.mp3str[39m[0m
[  67% ] [90m[1msavepack[22m | Storing File: res://assets/audio/voice/apartment_1988/k4.mp3.import[39m[0m
[  67% ] [90m[1msavepack[22m | Storing File: res://.godot/imported/p1.mp3-27c4cf22c2efc886704be24904d01d6a.mp3str[39m[0m
[  67% ] [90m[1msavepack[22m | Storing File: res://assets/audio/voice/apartment_1988/p1.mp3.import[39m[0m
[  67% ] [90m[1msavepack[22m | Storing File: res://.godot/imported/p3.mp3-aa406ad086a2bf47cb07213bc25478a0.mp3str[39m[0m
[  67% ] [90m[1msavepack[22m | Storing File: res://assets/audio/voice/apartment_1988/p3.mp3.import[39m[0m
[  67% ] [90m[1msavepack[22m | Storing File: res://.godot/imported/c3.mp3-6dec6dbf52f619c961f176ef3f73b68e.mp3str[39m[0m
[  67% ] [90m[1msavepack[22m | Storing File: res://assets/audio/voice/motel_dream/c3.mp3.import[39m[0m
[  67% ] [90m[1msavepack[22m | Storing File: res://.godot/imported/c.mp3-c06dcbdf0ee735ea3cabd82b89f6b99e.mp3str[39m[0m
[  67% ] [90m[1msavepack[22m | Storing File: res://assets/audio/voice/motel_dream/c.mp3.import[39m[0m
[  67% ] [90m[1msavepack[22m | Storing File: res://.godot/imported/e.mp3-89831c911e630b78e8beda376bb5f1a5.mp3str[39m[0m
[  67% ] [90m[1msavepack[22m | Storing File: res://assets/audio/voice/motel_dream/e.mp3.import[39m[0m
[  67% ] [90m[1msavepack[22m | Storing File: res://.godot/imported/f.mp3-6a839d8e3ffdcee6a09e6a5b1298825f.mp3str[39m[0m
[  67% ] [90m[1msavepack[22m | Storing File: res://assets/audio/voice/motel_dream/f.mp3.import[39m[0m
[  67% ] [90m[1msavepack[22m | Storing File: res://.godot/imported/a.mp3-cba4578fbd05888d46af357bdc81c3ce.mp3str[39m[0m
[  67% ] [90m[1msavepack[22m | Storing File: res://assets/audio/voice/news_1988/a.mp3.import[39m[0m
[  67% ] [90m[1msavepack[22m | Storing File: res://.godot/imported/ad1.mp3-f7da93600456171e21d0145f361c0843.mp3str[39m[0m
[  67% ] [90m[1msavepack[22m | Storing File: res://assets/audio/voice/news_1988/ad1.mp3.import[39m[0m
[  67% ] [90m[1msavepack[22m | Storing File: res://.godot/imported/b.mp3-6dfb8231a432ddd48078a33021e24525.mp3str[39m[0m
[  67% ] [90m[1msavepack[22m | Storing File: res://assets/audio/voice/news_1988/b.mp3.import[39m[0m
[  68% ] [90m[1msavepack[22m | Storing File: res://.godot/imported/c1.mp3-55ef3179d095f343c334cd99fe539e63.mp3str[39m[0m
[  68% ] [90m[1msavepack[22m | Storing File: res://assets/audio/voice/news_1988/c1.mp3.import[39m[0m
[  68% ] [90m[1msavepack[22m | Storing File: res://.godot/imported/c2.mp3-6fd3fce331da0705312589450cd50126.mp3str[39m[0m
[  68% ] [90m[1msavepack[22m | Storing File: res://assets/audio/voice/news_1988/c2.mp3.import[39m[0m
[  68% ] [90m[1msavepack[22m | Storing File: res://.godot/imported/d.mp3-1b688ece956906f5068457f0a70a536b.mp3str[39m[0m
[  68% ] [90m[1msavepack[22m | Storing File: res://assets/audio/voice/news_1988/d.mp3.import[39m[0m
[  68% ] [90m[1msavepack[22m | Storing File: res://.godot/imported/e1.mp3-07cf6292bc4766d2d2333be55b37bb1c.mp3str[39m[0m
[  68% ] [90m[1msavepack[22m | Storing File: res://assets/audio/voice/news_1988/e1.mp3.import[39m[0m
[  68% ] [90m[1msavepack[22m | Storing File: res://.godot/imported/e2.mp3-914f8f9ab8f12ad194e3acb868cd42a0.mp3str[39m[0m
[  68% ] [90m[1msavepack[22m | Storing File: res://assets/audio/voice/news_1988/e2.mp3.import[39m[0m
[  68% ] [90m[1msavepack[22m | Storing File: res://.godot/imported/f.mp3-3773f2ea182170801b9edb3a98725aed.mp3str[39m[0m
[  68% ] [90m[1msavepack[22m | Storing File: res://assets/audio/voice/news_1988/f.mp3.import[39m[0m
[  68% ] [90m[1msavepack[22m | Storing File: res://.godot/imported/g2.mp3-976e78d63fcf308dbc938c2c69b55258.mp3str[39m[0m
[  68% ] [90m[1msavepack[22m | Storing File: res://assets/audio/voice/news_1988/g2.mp3.import[39m[0m
[  68% ] [90m[1msavepack[22m | Storing File: res://.godot/imported/g.mp3-82a244e1167c4dd5d4f70d8ca21a6515.mp3str[39m[0m
[  68% ] [90m[1msavepack[22m | Storing File: res://assets/audio/voice/news_1988/g.mp3.import[39m[0m
[  68% ] [90m[1msavepack[22m | Storing File: res://.godot/imported/h.mp3-251503cd156c628b59a7fb48abbb6901.mp3str[39m[0m
[  68% ] [90m[1msavepack[22m | Storing File: res://assets/audio/voice/news_1988/h.mp3.import[39m[0m
[  68% ] [90m[1msavepack[22m | Storing File: res://.godot/imported/a.mp3-2fd78ef8cdee823be35603ca7b4a7c7d.mp3str[39m[0m
[  68% ] [90m[1msavepack[22m | Storing File: res://assets/audio/voice/news_1988b/a.mp3.import[39m[0m
[  68% ] [90m[1msavepack[22m | Storing File: res://.godot/imported/b1.mp3-c32912163534e1743ad2537906a0a108.mp3str[39m[0m
[  68% ] [90m[1msavepack[22m | Storing File: res://assets/audio/voice/news_1988b/b1.mp3.import[39m[0m
[  68% ] [90m[1msavepack[22m | Storing File: res://.godot/imported/b2.mp3-ea58b96fb56ac3259718440535766775.mp3str[39m[0m
[  68% ] [90m[1msavepack[22m | Storing File: res://assets/audio/voice/news_1988b/b2.mp3.import[39m[0m
[  68% ] [90m[1msavepack[22m | Storing File: res://.godot/imported/c.mp3-adfb3ff997eeb37e4d9c74d78e499121.mp3str[39m[0m
[  68% ] [90m[1msavepack[22m | Storing File: res://assets/audio/voice/news_1988b/c.mp3.import[39m[0m
[  68% ] [90m[1msavepack[22m | Storing File: res://.godot/imported/d.mp3-e168e8c457276c351825c4320543a90c.mp3str[39m[0m
[  68% ] [90m[1msavepack[22m | Storing File: res://assets/audio/voice/news_1988b/d.mp3.import[39m[0m
[  68% ] [90m[1msavepack[22m | Storing File: res://.godot/imported/e.mp3-07301c97286e41f23265536d824e5d2e.mp3str[39m[0m
[  68% ] [90m[1msavepack[22m | Storing File: res://assets/audio/voice/news_1988b/e.mp3.import[39m[0m
[  68% ] [90m[1msavepack[22m | Storing File: res://.godot/imported/h.mp3-4456617a3a23f575a3f92709d9dd42ca.mp3str[39m[0m
[  68% ] [90m[1msavepack[22m | Storing File: res://assets/audio/voice/news_1988b/h.mp3.import[39m[0m
[  68% ] [90m[1msavepack[22m | Storing File: res://.godot/imported/j.mp3-2ab876ca465f0af8614505245b76f70c.mp3str[39m[0m
[  68% ] [90m[1msavepack[22m | Storing File: res://assets/audio/voice/news_1988b/j.mp3.import[39m[0m
[  68% ] [90m[1msavepack[22m | Storing File: res://.godot/imported/a.mp3-6f0a2c6dfc9d76b0847ccaca15f9668e.mp3str[39m[0m
[  68% ] [90m[1msavepack[22m | Storing File: res://assets/audio/voice/prologue/a.mp3.import[39m[0m
[  68% ] [90m[1msavepack[22m | Storing File: res://.godot/imported/b.mp3-8a6820fc63d38c521bec4bce86ea0ae4.mp3str[39m[0m
[  68% ] [90m[1msavepack[22m | Storing File: res://assets/audio/voice/prologue/b.mp3.import[39m[0m
[  68% ] [90m[1msavepack[22m | Storing File: res://.godot/imported/c1.mp3-c3b848367ee5cd3f2d4d41e71e3294b4.mp3str[39m[0m
[  68% ] [90m[1msavepack[22m | Storing File: res://assets/audio/voice/prologue/c1.mp3.import[39m[0m
[  68% ] [90m[1msavepack[22m | Storing File: res://.godot/imported/c2.mp3-ff7f3e50ff773b06b410b3c3ebb21797.mp3str[39m[0m
[  68% ] [90m[1msavepack[22m | Storing File: res://assets/audio/voice/prologue/c2.mp3.import[39m[0m
[  68% ] [90m[1msavepack[22m | Storing File: res://.godot/imported/c3.mp3-31d0ca312c715f8ec6ed8b916a760438.mp3str[39m[0m
[  68% ] [90m[1msavepack[22m | Storing File: res://assets/audio/voice/prologue/c3.mp3.import[39m[0m
[  68% ] [90m[1msavepack[22m | Storing File: res://.godot/imported/c4.mp3-4fb5eeaef93e83c1f8bbab6a211437fa.mp3str[39m[0m
[  68% ] [90m[1msavepack[22m | Storing File: res://assets/audio/voice/prologue/c4.mp3.import[39m[0m
[  68% ] [90m[1msavepack[22m | Storing File: res://.godot/imported/c.mp3-98f1a2086d964cd816a2b5d993754c59.mp3str[39m[0m
[  68% ] [90m[1msavepack[22m | Storing File: res://assets/audio/voice/prologue/c.mp3.import[39m[0m
[  68% ] [90m[1msavepack[22m | Storing File: res://.godot/imported/e1.mp3-4fc0d27a062f2c4a964c114685b753ec.mp3str[39m[0m
[  68% ] [90m[1msavepack[22m | Storing File: res://assets/audio/voice/prologue/e1.mp3.import[39m[0m
[  68% ] [90m[1msavepack[22m | Storing File: res://.godot/imported/e.mp3-c4ffe9fc0670f013b05a5a5c5308d035.mp3str[39m[0m
[  68% ] [90m[1msavepack[22m | Storing File: res://assets/audio/voice/prologue/e.mp3.import[39m[0m
[  68% ] [90m[1msavepack[22m | Storing File: res://.godot/imported/a.mp3-f90ed443e52519041c6540bf29e322c6.mp3str[39m[0m
[  68% ] [90m[1msavepack[22m | Storing File: res://assets/audio/voice/salvage_1988/a.mp3.import[39m[0m
[  68% ] [90m[1msavepack[22m | Storing File: res://.godot/imported/b.mp3-0051980e298a593f901f4e628a2ff54f.mp3str[39m[0m
[  68% ] [90m[1msavepack[22m | Storing File: res://assets/audio/voice/salvage_1988/b.mp3.import[39m[0m
[  68% ] [90m[1msavepack[22m | Storing File: res://.godot/imported/c2.mp3-1da78641f9d8ab9a8664ed4b044c58d3.mp3str[39m[0m
[  68% ] [90m[1msavepack[22m | Storing File: res://assets/audio/voice/salvage_1988/c2.mp3.import[39m[0m
[  68% ] [90m[1msavepack[22m | Storing File: res://.godot/imported/c.mp3-ebddbd0865eaef3901eccbccb591d42a.mp3str[39m[0m
[  68% ] [90m[1msavepack[22m | Storing File: res://assets/audio/voice/salvage_1988/c.mp3.import[39m[0m
[  68% ] [90m[1msavepack[22m | Storing File: res://.godot/imported/d.mp3-c63da9e3856d0f1b6d791ec7a03e8bc2.mp3str[39m[0m
[  68% ] [90m[1msavepack[22m | Storing File: res://assets/audio/voice/salvage_1988/d.mp3.import[39m[0m
[  68% ] [90m[1msavepack[22m | Storing File: res://.godot/imported/e.mp3-f7f63eaf0b72841934767e9afb04a1f5.mp3str[39m[0m
[  68% ] [90m[1msavepack[22m | Storing File: res://assets/audio/voice/salvage_1988/e.mp3.import[39m[0m
[  69% ] [90m[1msavepack[22m | Storing File: res://.godot/imported/f.mp3-efb61540b575ae49f46169cf5008dd0d.mp3str[39m[0m
[  69% ] [90m[1msavepack[22m | Storing File: res://assets/audio/voice/salvage_1988/f.mp3.import[39m[0m
[  69% ] [90m[1msavepack[22m | Storing File: res://.godot/imported/l1.mp3-f74c15307621addfba2496d6614b7d88.mp3str[39m[0m
[  69% ] [90m[1msavepack[22m | Storing File: res://assets/audio/voice/salvage_1988/l1.mp3.import[39m[0m
[  69% ] [90m[1msavepack[22m | Storing File: res://.godot/imported/q1.mp3-deec1f5ff3829dd24dba2f939c458c7a.mp3str[39m[0m
[  69% ] [90m[1msavepack[22m | Storing File: res://assets/audio/voice/salvage_1988/q1.mp3.import[39m[0m
[  69% ] [90m[1msavepack[22m | Storing File: res://.godot/imported/c.mp3-b30aeb75eb4b3c11108ccf5fe31008b9.mp3str[39m[0m
[  69% ] [90m[1msavepack[22m | Storing File: res://assets/audio/voice/studio_1988/c.mp3.import[39m[0m
[  69% ] [90m[1msavepack[22m | Storing File: res://.godot/imported/d.mp3-31e63f69503d29e2418282e4683767d9.mp3str[39m[0m
[  69% ] [90m[1msavepack[22m | Storing File: res://assets/audio/voice/studio_1988/d.mp3.import[39m[0m
[  69% ] [90m[1msavepack[22m | Storing File: res://.godot/imported/e.mp3-4a686941237778cd9afeb97c39c86f4b.mp3str[39m[0m
[  69% ] [90m[1msavepack[22m | Storing File: res://assets/audio/voice/studio_1988/e.mp3.import[39m[0m
[  69% ] [90m[1msavepack[22m | Storing File: res://.godot/imported/f.mp3-73ede2f0a83dc1f12f26b6fa8972153e.mp3str[39m[0m
[  69% ] [90m[1msavepack[22m | Storing File: res://assets/audio/voice/studio_1988/f.mp3.import[39m[0m
[  69% ] [90m[1msavepack[22m | Storing File: res://.godot/imported/g.mp3-93bd82e23f5974389b0f3c00b308b96b.mp3str[39m[0m
[  69% ] [90m[1msavepack[22m | Storing File: res://assets/audio/voice/studio_1988/g.mp3.import[39m[0m
[  69% ] [90m[1msavepack[22m | Storing File: res://.godot/imported/h2.mp3-6b4afe196e0c918a4f7230493476cfea.mp3str[39m[0m
[  69% ] [90m[1msavepack[22m | Storing File: res://assets/audio/voice/studio_1988/h2.mp3.import[39m[0m
[  69% ] [90m[1msavepack[22m | Storing File: res://.godot/imported/h.mp3-565abdc2ef953f1cd1e0612c309b6ece.mp3str[39m[0m
[  69% ] [90m[1msavepack[22m | Storing File: res://assets/audio/voice/studio_1988/h.mp3.import[39m[0m
[  69% ] [90m[1msavepack[22m | Storing File: res://.godot/imported/i.mp3-92f5e7a395a10fea19151d734d5531fc.mp3str[39m[0m
[  69% ] [90m[1msavepack[22m | Storing File: res://assets/audio/voice/studio_1988/i.mp3.import[39m[0m
[  69% ] [90m[1msavepack[22m | Storing File: res://.godot/imported/j.mp3-2ceec4d62fd103224755dc869b93354e.mp3str[39m[0m
[  69% ] [90m[1msavepack[22m | Storing File: res://assets/audio/voice/studio_1988/j.mp3.import[39m[0m
[  69% ] [90m[1msavepack[22m | Storing File: res://.godot/imported/l.mp3-b16c2c8d66d72d5e8dc8d05fbbbb1eb7.mp3str[39m[0m
[  69% ] [90m[1msavepack[22m | Storing File: res://assets/audio/voice/studio_1988/l.mp3.import[39m[0m
[  69% ] [90m[1msavepack[22m | Storing File: res://.godot/imported/q1.mp3-9e0b8d024b56fd83922ba3da471a3c01.mp3str[39m[0m
[  69% ] [90m[1msavepack[22m | Storing File: res://assets/audio/voice/studio_1988/q1.mp3.import[39m[0m
[  69% ] [90m[1msavepack[22m | Storing File: res://.godot/imported/q2.mp3-a253aac023e240efcddfb32b7215ef16.mp3str[39m[0m
[  69% ] [90m[1msavepack[22m | Storing File: res://assets/audio/voice/studio_1988/q2.mp3.import[39m[0m
[  69% ] [90m[1msavepack[22m | Storing File: res://.godot/imported/c.mp3-8b8b7610dcfbc33617f555754c6642a4.mp3str[39m[0m
[  69% ] [90m[1msavepack[22m | Storing File: res://assets/audio/voice/wake_1988/c.mp3.import[39m[0m
[  69% ] [90m[1msavepack[22m | Storing File: res://.godot/imported/d.mp3-8a9dbfe4c0b50e3678e95a968775b35c.mp3str[39m[0m
[  69% ] [90m[1msavepack[22m | Storing File: res://assets/audio/voice/wake_1988/d.mp3.import[39m[0m
[  69% ] [90m[1msavepack[22m | Storing File: res://.godot/imported/e.mp3-e4c29344c55de4eef06aa23a7a8a9fe6.mp3str[39m[0m
[  69% ] [90m[1msavepack[22m | Storing File: res://assets/audio/voice/wake_1988/e.mp3.import[39m[0m
[  69% ] [90m[1msavepack[22m | Storing File: res://.godot/imported/f.mp3-ea6ce4620e41f806683fcaf89fe1ce7c.mp3str[39m[0m
[  69% ] [90m[1msavepack[22m | Storing File: res://assets/audio/voice/wake_1988/f.mp3.import[39m[0m
[  69% ] [90m[1msavepack[22m | Storing File: res://.godot/imported/g.mp3-9e41bf86501f880176fb8d942ecdd28c.mp3str[39m[0m
[  69% ] [90m[1msavepack[22m | Storing File: res://assets/audio/voice/wake_1988/g.mp3.import[39m[0m
[  69% ] [90m[1msavepack[22m | Storing File: res://.godot/imported/i.mp3-2cefc0c36a44ec5a57124b993611cfb0.mp3str[39m[0m
[  69% ] [90m[1msavepack[22m | Storing File: res://assets/audio/voice/wake_1988/i.mp3.import[39m[0m
[  69% ] [90m[1msavepack[22m | Storing File: res://.godot/imported/b.mp3-4276db0db0a0e4742960c5280caed510.mp3str[39m[0m
[  69% ] [90m[1msavepack[22m | Storing File: res://assets/audio/voice/yermo_after/b.mp3.import[39m[0m
[  69% ] [90m[1msavepack[22m | Storing File: res://.godot/imported/c.mp3-cb251b852880d4ed2d1520b8169610e1.mp3str[39m[0m
[  69% ] [90m[1msavepack[22m | Storing File: res://assets/audio/voice/yermo_after/c.mp3.import[39m[0m
[  69% ] [90m[1msavepack[22m | Storing File: res://.godot/imported/d.mp3-d1f56fde3bf2c992f9c2b59fe62ed33e.mp3str[39m[0m
[  69% ] [90m[1msavepack[22m | Storing File: res://assets/audio/voice/yermo_after/d.mp3.import[39m[0m
[  69% ] [90m[1msavepack[22m | Storing File: res://.godot/imported/e.mp3-6a3bfe3abc8eee45429c44a4cc66326b.mp3str[39m[0m
[  69% ] [90m[1msavepack[22m | Storing File: res://assets/audio/voice/yermo_after/e.mp3.import[39m[0m
[  69% ] [90m[1msavepack[22m | Storing File: res://.godot/imported/f.mp3-25fdcddcd13a1c1ad56962190319dbf2.mp3str[39m[0m
[  69% ] [90m[1msavepack[22m | Storing File: res://assets/audio/voice/yermo_after/f.mp3.import[39m[0m
[  69% ] [90m[1msavepack[22m | Storing File: res://.godot/imported/l1.mp3-496e042f57caaa7839bc86cb06123c5c.mp3str[39m[0m
[  69% ] [90m[1msavepack[22m | Storing File: res://assets/audio/voice/yermo_after/l1.mp3.import[39m[0m
[  69% ] [90m[1msavepack[22m | Storing File: res://.godot/imported/l2.mp3-34a2b1d9cce80d56929b799e73738727.mp3str[39m[0m
[  69% ] [90m[1msavepack[22m | Storing File: res://assets/audio/voice/yermo_after/l2.mp3.import[39m[0m
[  69% ] [90m[1msavepack[22m | Storing File: res://.godot/imported/r2.mp3-d7fb6a7b1b75beb40ddb057f94320a04.mp3str[39m[0m
[  69% ] [90m[1msavepack[22m | Storing File: res://assets/audio/voice/yermo_after/r2.mp3.import[39m[0m
[  69% ] [90m[1msavepack[22m | Storing File: res://.godot/imported/r4.mp3-88e97a171db35db53019de9787315e1b.mp3str[39m[0m
[  69% ] [90m[1msavepack[22m | Storing File: res://assets/audio/voice/yermo_after/r4.mp3.import[39m[0m
[  69% ] [90m[1msavepack[22m | Storing File: res://.godot/imported/v2.mp3-14ad5ca9639101cd28cb92769b3f8bdd.mp3str[39m[0m
[  69% ] [90m[1msavepack[22m | Storing File: res://assets/audio/voice/yermo_after/v2.mp3.import[39m[0m
[  69% ] [90m[1msavepack[22m | Storing File: res://.godot/imported/v.mp3-3d77428f41dd9793dddea8d68fbc3e43.mp3str[39m[0m
[  69% ] [90m[1msavepack[22m | Storing File: res://assets/audio/voice/yermo_after/v.mp3.import[39m[0m
[  69% ] [90m[1msavepack[22m | Storing File: res://.godot/imported/w1.mp3-7473c7bf8dac3cd36a2ee4725a0cb7c6.mp3str[39m[0m
[  69% ] [90m[1msavepack[22m | Storing File: res://assets/audio/voice/yermo_after/w1.mp3.import[39m[0m
[  70% ] [90m[1msavepack[22m | Storing File: res://.godot/imported/w2.mp3-2843128b809b3684a153b036ccfbdc21.mp3str[39m[0m
[  70% ] [90m[1msavepack[22m | Storing File: res://assets/audio/voice/yermo_after/w2.mp3.import[39m[0m
[  70% ] [90m[1msavepack[22m | Storing File: res://.godot/imported/x.mp3-af9b85cef61f07818e1c93701b9e01e0.mp3str[39m[0m
[  70% ] [90m[1msavepack[22m | Storing File: res://assets/audio/voice/yermo_after/x.mp3.import[39m[0m
[  70% ] [90m[1msavepack[22m | Storing File: res://.godot/imported/y.mp3-28472596045b00179fd9abdc4213e413.mp3str[39m[0m
[  70% ] [90m[1msavepack[22m | Storing File: res://assets/audio/voice/yermo_after/y.mp3.import[39m[0m
[  70% ] [90m[1msavepack[22m | Storing File: res://.godot/imported/z2.mp3-36ae9e01f4bee63a4e3f46f157524d05.mp3str[39m[0m
[  70% ] [90m[1msavepack[22m | Storing File: res://assets/audio/voice/yermo_after/z2.mp3.import[39m[0m
[  70% ] [90m[1msavepack[22m | Storing File: res://.godot/imported/z.mp3-24ddce79d544b844e5b745f5cd6002a6.mp3str[39m[0m
[  70% ] [90m[1msavepack[22m | Storing File: res://assets/audio/voice/yermo_after/z.mp3.import[39m[0m
[  70% ] [90m[1msavepack[22m | Storing File: res://.godot/imported/c_bellhop_false.png-8dccac97898928a42493070b338826e7.ctex[39m[0m
[  70% ] [90m[1msavepack[22m | Storing File: res://assets/characters/baked/c_bellhop_false.png.import[39m[0m
[  70% ] [90m[1msavepack[22m | Storing File: res://.godot/imported/c_bellhop_false_arm.png-96f5a4a3d7bb9676a571e8eee1421e4a.ctex[39m[0m
[  70% ] [90m[1msavepack[22m | Storing File: res://assets/characters/baked/c_bellhop_false_arm.png.import[39m[0m
[  70% ] [90m[1msavepack[22m | Storing File: res://.godot/imported/c_bellhop_false_head.png-d06767d5abaa1a56e916fdc3a92ff57a.ctex[39m[0m
[  70% ] [90m[1msavepack[22m | Storing File: res://assets/characters/baked/c_bellhop_false_head.png.import[39m[0m
[  70% ] [90m[1msavepack[22m | Storing File: res://.godot/imported/c_bellhop_true.png-3a0cf0572e271481dfab7b45c78fab34.ctex[39m[0m
[  70% ] [90m[1msavepack[22m | Storing File: res://assets/characters/baked/c_bellhop_true.png.import[39m[0m
[  70% ] [90m[1msavepack[22m | Storing File: res://.godot/imported/c_biker_false.png-813172c2ae43965db123a40269405438.ctex[39m[0m
[  70% ] [90m[1msavepack[22m | Storing File: res://assets/characters/baked/c_biker_false.png.import[39m[0m
[  70% ] [90m[1msavepack[22m | Storing File: res://.godot/imported/c_biker_false_arm.png-069a6d1211798c173c04126f53f8fa11.ctex[39m[0m
[  70% ] [90m[1msavepack[22m | Storing File: res://assets/characters/baked/c_biker_false_arm.png.import[39m[0m
[  70% ] [90m[1msavepack[22m | Storing File: res://.godot/imported/c_biker_false_head.png-999345a2381e12df6b192642bbd049fb.ctex[39m[0m
[  70% ] [90m[1msavepack[22m | Storing File: res://assets/characters/baked/c_biker_false_head.png.import[39m[0m
[  70% ] [90m[1msavepack[22m | Storing File: res://.godot/imported/c_biker_true.png-85d3ee78d45d14714f05cd195cc3a28b.ctex[39m[0m
[  70% ] [90m[1msavepack[22m | Storing File: res://assets/characters/baked/c_biker_true.png.import[39m[0m
[  70% ] [90m[1msavepack[22m | Storing File: res://.godot/imported/c_boss_false.png-699b0ed46375c6b2becd89e70252bd5e.ctex[39m[0m
[  70% ] [90m[1msavepack[22m | Storing File: res://assets/characters/baked/c_boss_false.png.import[39m[0m
[  70% ] [90m[1msavepack[22m | Storing File: res://.godot/imported/c_boss_false_arm.png-59407a90a3384f07bccd217328ed612e.ctex[39m[0m
[  70% ] [90m[1msavepack[22m | Storing File: res://assets/characters/baked/c_boss_false_arm.png.import[39m[0m
[  70% ] [90m[1msavepack[22m | Storing File: res://.godot/imported/c_boss_false_head.png-e5e4a4f169dc72f787b99a1dd34b1f2c.ctex[39m[0m
[  70% ] [90m[1msavepack[22m | Storing File: res://assets/characters/baked/c_boss_false_head.png.import[39m[0m
[  70% ] [90m[1msavepack[22m | Storing File: res://.godot/imported/c_boss_true.png-ee55033c1a2ca1cc6fe8f1230ae2b211.ctex[39m[0m
[  70% ] [90m[1msavepack[22m | Storing File: res://assets/characters/baked/c_boss_true.png.import[39m[0m
[  70% ] [90m[1msavepack[22m | Storing File: res://.godot/imported/c_buck_false.png-a2b6a9b2abe33d22529318f66b050ed9.ctex[39m[0m
[  70% ] [90m[1msavepack[22m | Storing File: res://assets/characters/baked/c_buck_false.png.import[39m[0m
[  70% ] [90m[1msavepack[22m | Storing File: res://.godot/imported/c_buck_false_arm.png-0659364dd74057142f49dab32a8b853d.ctex[39m[0m
[  70% ] [90m[1msavepack[22m | Storing File: res://assets/characters/baked/c_buck_false_arm.png.import[39m[0m
[  70% ] [90m[1msavepack[22m | Storing File: res://.godot/imported/c_buck_false_head.png-d44fe5816bff90651b08909212c63e27.ctex[39m[0m
[  70% ] [90m[1msavepack[22m | Storing File: res://assets/characters/baked/c_buck_false_head.png.import[39m[0m
[  70% ] [90m[1msavepack[22m | Storing File: res://.godot/imported/c_buck_true.png-2c9efd783845ef72e2a7d088267c6f5c.ctex[39m[0m
[  70% ] [90m[1msavepack[22m | Storing File: res://assets/characters/baked/c_buck_true.png.import[39m[0m
[  70% ] [90m[1msavepack[22m | Storing File: res://.godot/imported/c_burnt_false.png-80f2b9468ca1e43fa908d9a35a1d02dc.ctex[39m[0m
[  70% ] [90m[1msavepack[22m | Storing File: res://assets/characters/baked/c_burnt_false.png.import[39m[0m
[  70% ] [90m[1msavepack[22m | Storing File: res://.godot/imported/c_burnt_false_arm.png-6c6782b6224c7b72176e8406e3be4e65.ctex[39m[0m
[  70% ] [90m[1msavepack[22m | Storing File: res://assets/characters/baked/c_burnt_false_arm.png.import[39m[0m
[  70% ] [90m[1msavepack[22m | Storing File: res://.godot/imported/c_burnt_false_head.png-13059c304f439ed3ca6566966b46c4dd.ctex[39m[0m
[  70% ] [90m[1msavepack[22m | Storing File: res://assets/characters/baked/c_burnt_false_head.png.import[39m[0m
[  70% ] [90m[1msavepack[22m | Storing File: res://.godot/imported/c_burnt_true.png-e0f2ef5ca9cf9136122d7b16a6936ce5.ctex[39m[0m
[  70% ] [90m[1msavepack[22m | Storing File: res://assets/characters/baked/c_burnt_true.png.import[39m[0m
[  70% ] [90m[1msavepack[22m | Storing File: res://.godot/imported/c_cass_false.png-cef1f3af4caf55b770d5d8076269414f.ctex[39m[0m
[  70% ] [90m[1msavepack[22m | Storing File: res://assets/characters/baked/c_cass_false.png.import[39m[0m
[  70% ] [90m[1msavepack[22m | Storing File: res://.godot/imported/c_cass_false_arm.png-f2c7155996bccdacd95e3aac7738a958.ctex[39m[0m
[  70% ] [90m[1msavepack[22m | Storing File: res://assets/characters/baked/c_cass_false_arm.png.import[39m[0m
[  70% ] [90m[1msavepack[22m | Storing File: res://.godot/imported/c_cass_false_head.png-ad9b9d6dd9e8b987e3546100166feb79.ctex[39m[0m
[  70% ] [90m[1msavepack[22m | Storing File: res://assets/characters/baked/c_cass_false_head.png.import[39m[0m
[  70% ] [90m[1msavepack[22m | Storing File: res://.godot/imported/c_cass_true.png-7fb52efa845cb33e9326df9593f75ec3.ctex[39m[0m
[  70% ] [90m[1msavepack[22m | Storing File: res://assets/characters/baked/c_cass_true.png.import[39m[0m
[  70% ] [90m[1msavepack[22m | Storing File: res://.godot/imported/c_civilian-v1_false.png-388e94dbefe525d97acd8389d059aa98.ctex[39m[0m
[  70% ] [90m[1msavepack[22m | Storing File: res://assets/characters/baked/c_civilian-v1_false.png.import[39m[0m
[  70% ] [90m[1msavepack[22m | Storing File: res://.godot/imported/c_civilian-v1_false_arm.png-e85ba6e58fdef40291495678ae28c828.ctex[39m[0m
[  70% ] [90m[1msavepack[22m | Storing File: res://assets/characters/baked/c_civilian-v1_false_arm.png.import[39m[0m
[  70% ] [90m[1msavepack[22m | Storing File: res://.godot/imported/c_civilian-v1_false_head.png-14d90ca1441bbaad45e090ee0f53a10d.ctex[39m[0m
[  70% ] [90m[1msavepack[22m | Storing File: res://assets/characters/baked/c_civilian-v1_false_head.png.import[39m[0m
[  71% ] [90m[1msavepack[22m | Storing File: res://.godot/imported/c_civilian-v1_true.png-c35ab37f9fd9ad774a6f8676121db37f.ctex[39m[0m
[  71% ] [90m[1msavepack[22m | Storing File: res://assets/characters/baked/c_civilian-v1_true.png.import[39m[0m
[  71% ] [90m[1msavepack[22m | Storing File: res://.godot/imported/c_civilian-v2_false.png-f4d59d176a310eb7db7ac5ac7b435126.ctex[39m[0m
[  71% ] [90m[1msavepack[22m | Storing File: res://assets/characters/baked/c_civilian-v2_false.png.import[39m[0m
[  71% ] [90m[1msavepack[22m | Storing File: res://.godot/imported/c_civilian-v2_false_arm.png-34263645c5a55f79fd5c4a8c8e3bdd15.ctex[39m[0m
[  71% ] [90m[1msavepack[22m | Storing File: res://assets/characters/baked/c_civilian-v2_false_arm.png.import[39m[0m
[  71% ] [90m[1msavepack[22m | Storing File: res://.godot/imported/c_civilian-v2_false_head.png-cb86f4cd1e157c21eb787cfa6eb992fa.ctex[39m[0m
[  71% ] [90m[1msavepack[22m | Storing File: res://assets/characters/baked/c_civilian-v2_false_head.png.import[39m[0m
[  71% ] [90m[1msavepack[22m | Storing File: res://.godot/imported/c_civilian-v2_true.png-7f9e22c48d9bd47e95718ad1cca5eb65.ctex[39m[0m
[  71% ] [90m[1msavepack[22m | Storing File: res://assets/characters/baked/c_civilian-v2_true.png.import[39m[0m
[  71% ] [90m[1msavepack[22m | Storing File: res://.godot/imported/c_civilian-v3_false.png-d05d2cf57451f37b881b446b86e832f6.ctex[39m[0m
[  71% ] [90m[1msavepack[22m | Storing File: res://assets/characters/baked/c_civilian-v3_false.png.import[39m[0m
[  71% ] [90m[1msavepack[22m | Storing File: res://.godot/imported/c_civilian-v3_false_arm.png-2462ce16c990a80e1d89a3b3ef1c21ba.ctex[39m[0m
[  71% ] [90m[1msavepack[22m | Storing File: res://assets/characters/baked/c_civilian-v3_false_arm.png.import[39m[0m
[  71% ] [90m[1msavepack[22m | Storing File: res://.godot/imported/c_civilian-v3_false_head.png-0a4642ee14f44609c1c5ec8c0bf2ecee.ctex[39m[0m
[  71% ] [90m[1msavepack[22m | Storing File: res://assets/characters/baked/c_civilian-v3_false_head.png.import[39m[0m
[  71% ] [90m[1msavepack[22m | Storing File: res://.godot/imported/c_civilian-v3_true.png-a0bb52e1ff587f331deda988e3fa6d48.ctex[39m[0m
[  71% ] [90m[1msavepack[22m | Storing File: res://assets/characters/baked/c_civilian-v3_true.png.import[39m[0m
[  71% ] [90m[1msavepack[22m | Storing File: res://.godot/imported/c_civilian_false.png-797146c9c6889aaff4b77ce595079cf5.ctex[39m[0m
[  71% ] [90m[1msavepack[22m | Storing File: res://assets/characters/baked/c_civilian_false.png.import[39m[0m
[  71% ] [90m[1msavepack[22m | Storing File: res://.godot/imported/c_civilian_false_arm.png-2f7fc27197b971f9249b5dd9010c4f3f.ctex[39m[0m
[  71% ] [90m[1msavepack[22m | Storing File: res://assets/characters/baked/c_civilian_false_arm.png.import[39m[0m
[  71% ] [90m[1msavepack[22m | Storing File: res://.godot/imported/c_civilian_false_head.png-c6ca058a5a32ea48679ac2a0c2baba22.ctex[39m[0m
[  71% ] [90m[1msavepack[22m | Storing File: res://assets/characters/baked/c_civilian_false_head.png.import[39m[0m
[  71% ] [90m[1msavepack[22m | Storing File: res://.godot/imported/c_civilian_true.png-9531fdda7e8e682f8c0a5e85392064c7.ctex[39m[0m
[  71% ] [90m[1msavepack[22m | Storing File: res://assets/characters/baked/c_civilian_true.png.import[39m[0m
[  71% ] [90m[1msavepack[22m | Storing File: res://.godot/imported/c_cultist_false.png-e61afebdc920dc65cc96ce5d24511c8d.ctex[39m[0m
[  71% ] [90m[1msavepack[22m | Storing File: res://assets/characters/baked/c_cultist_false.png.import[39m[0m
[  71% ] [90m[1msavepack[22m | Storing File: res://.godot/imported/c_cultist_false_arm.png-08ff6c7568095394aa438985420637bd.ctex[39m[0m
[  71% ] [90m[1msavepack[22m | Storing File: res://assets/characters/baked/c_cultist_false_arm.png.import[39m[0m
[  71% ] [90m[1msavepack[22m | Storing File: res://.godot/imported/c_cultist_false_head.png-ef39dd8ab8822c858ce692ebe270eddf.ctex[39m[0m
[  71% ] [90m[1msavepack[22m | Storing File: res://assets/characters/baked/c_cultist_false_head.png.import[39m[0m
[  71% ] [90m[1msavepack[22m | Storing File: res://.godot/imported/c_cultist_true.png-3c537fdf26f14b80574d27a8748ce1d7.ctex[39m[0m
[  71% ] [90m[1msavepack[22m | Storing File: res://assets/characters/baked/c_cultist_true.png.import[39m[0m
[  71% ] [90m[1msavepack[22m | Storing File: res://.godot/imported/c_demon_false.png-be35fed3e3470fe84cb443440405ac41.ctex[39m[0m
[  71% ] [90m[1msavepack[22m | Storing File: res://assets/characters/baked/c_demon_false.png.import[39m[0m
[  71% ] [90m[1msavepack[22m | Storing File: res://.godot/imported/c_demon_false_arm.png-f8bd342fdf89d4d8402a89c990e70574.ctex[39m[0m
[  71% ] [90m[1msavepack[22m | Storing File: res://assets/characters/baked/c_demon_false_arm.png.import[39m[0m
[  71% ] [90m[1msavepack[22m | Storing File: res://.godot/imported/c_demon_false_head.png-29270e744ef8d9f112721da1396b18f9.ctex[39m[0m
[  71% ] [90m[1msavepack[22m | Storing File: res://assets/characters/baked/c_demon_false_head.png.import[39m[0m
[  71% ] [90m[1msavepack[22m | Storing File: res://.godot/imported/c_demon_true.png-ed3acc345c1db7457dbf5f77abc14880.ctex[39m[0m
[  71% ] [90m[1msavepack[22m | Storing File: res://assets/characters/baked/c_demon_true.png.import[39m[0m
[  71% ] [90m[1msavepack[22m | Storing File: res://.godot/imported/c_fireman_false.png-d4f5d96df740f1598744b25b3a0ec975.ctex[39m[0m
[  71% ] [90m[1msavepack[22m | Storing File: res://assets/characters/baked/c_fireman_false.png.import[39m[0m
[  71% ] [90m[1msavepack[22m | Storing File: res://.godot/imported/c_fireman_false_arm.png-0bade525ec23d76e452f796cf6f03576.ctex[39m[0m
[  71% ] [90m[1msavepack[22m | Storing File: res://assets/characters/baked/c_fireman_false_arm.png.import[39m[0m
[  71% ] [90m[1msavepack[22m | Storing File: res://.godot/imported/c_fireman_false_head.png-733fa19ddd880a7f34194d4da4351916.ctex[39m[0m
[  71% ] [90m[1msavepack[22m | Storing File: res://assets/characters/baked/c_fireman_false_head.png.import[39m[0m
[  71% ] [90m[1msavepack[22m | Storing File: res://.godot/imported/c_fireman_true.png-410253203ce517642aa42fbe7d15be89.ctex[39m[0m
[  71% ] [90m[1msavepack[22m | Storing File: res://assets/characters/baked/c_fireman_true.png.import[39m[0m
[  71% ] [90m[1msavepack[22m | Storing File: res://.godot/imported/c_ghoul_false.png-49312bc8cc16141ebf209d327b0249b4.ctex[39m[0m
[  71% ] [90m[1msavepack[22m | Storing File: res://assets/characters/baked/c_ghoul_false.png.import[39m[0m
[  71% ] [90m[1msavepack[22m | Storing File: res://.godot/imported/c_ghoul_false_arm.png-4aee68cbcc06a7fa91eeb7761b1f3b05.ctex[39m[0m
[  71% ] [90m[1msavepack[22m | Storing File: res://assets/characters/baked/c_ghoul_false_arm.png.import[39m[0m
[  71% ] [90m[1msavepack[22m | Storing File: res://.godot/imported/c_ghoul_false_head.png-5cd478a9b666fd1440fdfc862a129543.ctex[39m[0m
[  71% ] [90m[1msavepack[22m | Storing File: res://assets/characters/baked/c_ghoul_false_head.png.import[39m[0m
[  71% ] [90m[1msavepack[22m | Storing File: res://.godot/imported/c_ghoul_true.png-9084cebb11a4829a0faa523f3654242b.ctex[39m[0m
[  71% ] [90m[1msavepack[22m | Storing File: res://assets/characters/baked/c_ghoul_true.png.import[39m[0m
[  71% ] [90m[1msavepack[22m | Storing File: res://.godot/imported/c_guard-v1_false.png-26b74ca1ea749d402504b6c258d464a3.ctex[39m[0m
[  71% ] [90m[1msavepack[22m | Storing File: res://assets/characters/baked/c_guard-v1_false.png.import[39m[0m
[  71% ] [90m[1msavepack[22m | Storing File: res://.godot/imported/c_guard-v1_false_arm.png-244a1809db01d5b620b9aaee22fbf703.ctex[39m[0m
[  71% ] [90m[1msavepack[22m | Storing File: res://assets/characters/baked/c_guard-v1_false_arm.png.import[39m[0m
[  71% ] [90m[1msavepack[22m | Storing File: res://.godot/imported/c_guard-v1_false_head.png-adc79e03f8d7c0aea5ff882ff7efa12b.ctex[39m[0m
[  71% ] [90m[1msavepack[22m | Storing File: res://assets/characters/baked/c_guard-v1_false_head.png.import[39m[0m
[  72% ] [90m[1msavepack[22m | Storing File: res://.godot/imported/c_guard-v1_true.png-d3b56526952515475cd8644419ea1cf4.ctex[39m[0m
[  72% ] [90m[1msavepack[22m | Storing File: res://assets/characters/baked/c_guard-v1_true.png.import[39m[0m
[  72% ] [90m[1msavepack[22m | Storing File: res://.godot/imported/c_guard-v2_false.png-d1d9985a4b1d8f7d9d860d4c7410a379.ctex[39m[0m
[  72% ] [90m[1msavepack[22m | Storing File: res://assets/characters/baked/c_guard-v2_false.png.import[39m[0m
[  72% ] [90m[1msavepack[22m | Storing File: res://.godot/imported/c_guard-v2_false_arm.png-0f49807b0bbd08058e46554a59301564.ctex[39m[0m
[  72% ] [90m[1msavepack[22m | Storing File: res://assets/characters/baked/c_guard-v2_false_arm.png.import[39m[0m
[  72% ] [90m[1msavepack[22m | Storing File: res://.godot/imported/c_guard-v2_false_head.png-0b97d44359bf427a60e8192c69bfbbfe.ctex[39m[0m
[  72% ] [90m[1msavepack[22m | Storing File: res://assets/characters/baked/c_guard-v2_false_head.png.import[39m[0m
[  72% ] [90m[1msavepack[22m | Storing File: res://.godot/imported/c_guard-v2_true.png-7212d0bcd88cb987c3e734367c5df8ef.ctex[39m[0m
[  72% ] [90m[1msavepack[22m | Storing File: res://assets/characters/baked/c_guard-v2_true.png.import[39m[0m
[  72% ] [90m[1msavepack[22m | Storing File: res://.godot/imported/c_guard-v3_false.png-77310d468d53239a138ecc71dc8088f5.ctex[39m[0m
[  72% ] [90m[1msavepack[22m | Storing File: res://assets/characters/baked/c_guard-v3_false.png.import[39m[0m
[  72% ] [90m[1msavepack[22m | Storing File: res://.godot/imported/c_guard-v3_false_arm.png-26149753889068a3d7942b833b70ba8e.ctex[39m[0m
[  72% ] [90m[1msavepack[22m | Storing File: res://assets/characters/baked/c_guard-v3_false_arm.png.import[39m[0m
[  72% ] [90m[1msavepack[22m | Storing File: res://.godot/imported/c_guard-v3_false_head.png-391f139374f852a870f84342665b59b6.ctex[39m[0m
[  72% ] [90m[1msavepack[22m | Storing File: res://assets/characters/baked/c_guard-v3_false_head.png.import[39m[0m
[  72% ] [90m[1msavepack[22m | Storing File: res://.godot/imported/c_guard-v3_true.png-0ad1e2eb2388bcfef156e506a1c375af.ctex[39m[0m
[  72% ] [90m[1msavepack[22m | Storing File: res://assets/characters/baked/c_guard-v3_true.png.import[39m[0m
[  72% ] [90m[1msavepack[22m | Storing File: res://.godot/imported/c_guard_false.png-69daf25fbb94f26d9ee48030e8544625.ctex[39m[0m
[  72% ] [90m[1msavepack[22m | Storing File: res://assets/characters/baked/c_guard_false.png.import[39m[0m
[  72% ] [90m[1msavepack[22m | Storing File: res://.godot/imported/c_guard_false_arm.png-446320c69adf7275a10b3aca2e6f9185.ctex[39m[0m
[  72% ] [90m[1msavepack[22m | Storing File: res://assets/characters/baked/c_guard_false_arm.png.import[39m[0m
[  72% ] [90m[1msavepack[22m | Storing File: res://.godot/imported/c_guard_false_head.png-634c21f549bcb6acb8c26441ef8559e3.ctex[39m[0m
[  72% ] [90m[1msavepack[22m | Storing File: res://assets/characters/baked/c_guard_false_head.png.import[39m[0m
[  72% ] [90m[1msavepack[22m | Storing File: res://.godot/imported/c_guard_true.png-434c0ebb1b4d843800ad4b30330c72e7.ctex[39m[0m
[  72% ] [90m[1msavepack[22m | Storing File: res://assets/characters/baked/c_guard_true.png.import[39m[0m
[  72% ] [90m[1msavepack[22m | Storing File: res://.godot/imported/c_gunner-v1_false.png-77ce1b358201992c968700107cd900c0.ctex[39m[0m
[  72% ] [90m[1msavepack[22m | Storing File: res://assets/characters/baked/c_gunner-v1_false.png.import[39m[0m
[  72% ] [90m[1msavepack[22m | Storing File: res://.godot/imported/c_gunner-v1_false_arm.png-8580dcbc8a84c94d79ea0ec3bba1e0d2.ctex[39m[0m
[  72% ] [90m[1msavepack[22m | Storing File: res://assets/characters/baked/c_gunner-v1_false_arm.png.import[39m[0m
[  72% ] [90m[1msavepack[22m | Storing File: res://.godot/imported/c_gunner-v1_false_head.png-adca9721a9652f67a882a9fff4c8674a.ctex[39m[0m
[  72% ] [90m[1msavepack[22m | Storing File: res://assets/characters/baked/c_gunner-v1_false_head.png.import[39m[0m
[  72% ] [90m[1msavepack[22m | Storing File: res://.godot/imported/c_gunner-v1_true.png-e9c706c84ec07d744ebe3d40834b0766.ctex[39m[0m
[  72% ] [90m[1msavepack[22m | Storing File: res://assets/characters/baked/c_gunner-v1_true.png.import[39m[0m
[  72% ] [90m[1msavepack[22m | Storing File: res://.godot/imported/c_gunner-v2_false.png-fc56cc5d978d87d2712bc1fbae25ad74.ctex[39m[0m
[  72% ] [90m[1msavepack[22m | Storing File: res://assets/characters/baked/c_gunner-v2_false.png.import[39m[0m
[  72% ] [90m[1msavepack[22m | Storing File: res://.godot/imported/c_gunner-v2_false_arm.png-8a5f4aa53b9530d5ca01754392830bd7.ctex[39m[0m
[  72% ] [90m[1msavepack[22m | Storing File: res://assets/characters/baked/c_gunner-v2_false_arm.png.import[39m[0m
[  72% ] [90m[1msavepack[22m | Storing File: res://.godot/imported/c_gunner-v2_false_head.png-8ebe87f6592cb268de5ed6151b99851b.ctex[39m[0m
[  72% ] [90m[1msavepack[22m | Storing File: res://assets/characters/baked/c_gunner-v2_false_head.png.import[39m[0m
[  72% ] [90m[1msavepack[22m | Storing File: res://.godot/imported/c_gunner-v2_true.png-a3658c9379a16cd33bba1945b1ece9f3.ctex[39m[0m
[  72% ] [90m[1msavepack[22m | Storing File: res://assets/characters/baked/c_gunner-v2_true.png.import[39m[0m
[  72% ] [90m[1msavepack[22m | Storing File: res://.godot/imported/c_gunner-v3_false.png-b5f7140ec86fa85134778557aaf3ae49.ctex[39m[0m
[  72% ] [90m[1msavepack[22m | Storing File: res://assets/characters/baked/c_gunner-v3_false.png.import[39m[0m
[  72% ] [90m[1msavepack[22m | Storing File: res://.godot/imported/c_gunner-v3_false_arm.png-ce3d1431214d73df8266ab1d2728f802.ctex[39m[0m
[  72% ] [90m[1msavepack[22m | Storing File: res://assets/characters/baked/c_gunner-v3_false_arm.png.import[39m[0m
[  72% ] [90m[1msavepack[22m | Storing File: res://.godot/imported/c_gunner-v3_false_head.png-369e2bd5bf2de13d38a30e2990d6e1a8.ctex[39m[0m
[  72% ] [90m[1msavepack[22m | Storing File: res://assets/characters/baked/c_gunner-v3_false_head.png.import[39m[0m
[  72% ] [90m[1msavepack[22m | Storing File: res://.godot/imported/c_gunner-v3_true.png-41ee93efe8edb899be1ab7a60f5e7ca3.ctex[39m[0m
[  72% ] [90m[1msavepack[22m | Storing File: res://assets/characters/baked/c_gunner-v3_true.png.import[39m[0m
[  72% ] [90m[1msavepack[22m | Storing File: res://.godot/imported/c_gunner_false.png-7e77bb4d833fb41b873e6eabaa163dcb.ctex[39m[0m
[  72% ] [90m[1msavepack[22m | Storing File: res://assets/characters/baked/c_gunner_false.png.import[39m[0m
[  72% ] [90m[1msavepack[22m | Storing File: res://.godot/imported/c_gunner_false_arm.png-7ff7eb34ace7f63579756904d6bda87b.ctex[39m[0m
[  72% ] [90m[1msavepack[22m | Storing File: res://assets/characters/baked/c_gunner_false_arm.png.import[39m[0m
[  72% ] [90m[1msavepack[22m | Storing File: res://.godot/imported/c_gunner_false_head.png-3a32532c0e496dfd4002b74c086ed740.ctex[39m[0m
[  72% ] [90m[1msavepack[22m | Storing File: res://assets/characters/baked/c_gunner_false_head.png.import[39m[0m
[  72% ] [90m[1msavepack[22m | Storing File: res://.godot/imported/c_gunner_true.png-a5e334da5f4e801c79d882b1e2f99143.ctex[39m[0m
[  72% ] [90m[1msavepack[22m | Storing File: res://assets/characters/baked/c_gunner_true.png.import[39m[0m
[  72% ] [90m[1msavepack[22m | Storing File: res://.godot/imported/c_handler_false.png-3a44d9d4ae13b8ca83c8052b958727ce.ctex[39m[0m
[  72% ] [90m[1msavepack[22m | Storing File: res://assets/characters/baked/c_handler_false.png.import[39m[0m
[  72% ] [90m[1msavepack[22m | Storing File: res://.godot/imported/c_handler_false_arm.png-b8d4b879b4dde85c2f1bc011729718c4.ctex[39m[0m
[  72% ] [90m[1msavepack[22m | Storing File: res://assets/characters/baked/c_handler_false_arm.png.import[39m[0m
[  72% ] [90m[1msavepack[22m | Storing File: res://.godot/imported/c_handler_false_head.png-c4f921eb6803311650728a0cdecf3d80.ctex[39m[0m
[  72% ] [90m[1msavepack[22m | Storing File: res://assets/characters/baked/c_handler_false_head.png.import[39m[0m
[  73% ] [90m[1msavepack[22m | Storing File: res://.godot/imported/c_handler_true.png-22873a14f09ac46ccada17c7be572548.ctex[39m[0m
[  73% ] [90m[1msavepack[22m | Storing File: res://assets/characters/baked/c_handler_true.png.import[39m[0m
[  73% ] [90m[1msavepack[22m | Storing File: res://.godot/imported/c_heavy-v1_false.png-a7ec2142b155349a1ef9353b472ee8d3.ctex[39m[0m
[  73% ] [90m[1msavepack[22m | Storing File: res://assets/characters/baked/c_heavy-v1_false.png.import[39m[0m
[  73% ] [90m[1msavepack[22m | Storing File: res://.godot/imported/c_heavy-v1_false_arm.png-454ec926167c92ef72251001dc8c52eb.ctex[39m[0m
[  73% ] [90m[1msavepack[22m | Storing File: res://assets/characters/baked/c_heavy-v1_false_arm.png.import[39m[0m
[  73% ] [90m[1msavepack[22m | Storing File: res://.godot/imported/c_heavy-v1_false_head.png-4c16797e9506fa2ec0c650cda27dcc70.ctex[39m[0m
[  73% ] [90m[1msavepack[22m | Storing File: res://assets/characters/baked/c_heavy-v1_false_head.png.import[39m[0m
[  73% ] [90m[1msavepack[22m | Storing File: res://.godot/imported/c_heavy-v1_true.png-fa8c82a14b5da4777ea93178470946ec.ctex[39m[0m
[  73% ] [90m[1msavepack[22m | Storing File: res://assets/characters/baked/c_heavy-v1_true.png.import[39m[0m
[  73% ] [90m[1msavepack[22m | Storing File: res://.godot/imported/c_heavy-v2_false.png-ad34110fcc995452f309566c03d24def.ctex[39m[0m
[  73% ] [90m[1msavepack[22m | Storing File: res://assets/characters/baked/c_heavy-v2_false.png.import[39m[0m
[  73% ] [90m[1msavepack[22m | Storing File: res://.godot/imported/c_heavy-v2_false_arm.png-a73cd1104331c80e8d076abfbe104d5c.ctex[39m[0m
[  73% ] [90m[1msavepack[22m | Storing File: res://assets/characters/baked/c_heavy-v2_false_arm.png.import[39m[0m
[  73% ] [90m[1msavepack[22m | Storing File: res://.godot/imported/c_heavy-v2_false_head.png-0663b41364069fecd74071e3a1946d1e.ctex[39m[0m
[  73% ] [90m[1msavepack[22m | Storing File: res://assets/characters/baked/c_heavy-v2_false_head.png.import[39m[0m
[  73% ] [90m[1msavepack[22m | Storing File: res://.godot/imported/c_heavy-v2_true.png-5a7ceba3a3f0f9a65a0b637389ca3cdf.ctex[39m[0m
[  73% ] [90m[1msavepack[22m | Storing File: res://assets/characters/baked/c_heavy-v2_true.png.import[39m[0m
[  73% ] [90m[1msavepack[22m | Storing File: res://.godot/imported/c_heavy-v3_false.png-43f8bbc2006a4212d4d2160c59ab4bc9.ctex[39m[0m
[  73% ] [90m[1msavepack[22m | Storing File: res://assets/characters/baked/c_heavy-v3_false.png.import[39m[0m
[  73% ] [90m[1msavepack[22m | Storing File: res://.godot/imported/c_heavy-v3_false_arm.png-21f4626e4298c6aaacd73264a68798d0.ctex[39m[0m
[  73% ] [90m[1msavepack[22m | Storing File: res://assets/characters/baked/c_heavy-v3_false_arm.png.import[39m[0m
[  73% ] [90m[1msavepack[22m | Storing File: res://.godot/imported/c_heavy-v3_false_head.png-67acc907ac8c38ba7dba25e97dc3c437.ctex[39m[0m
[  73% ] [90m[1msavepack[22m | Storing File: res://assets/characters/baked/c_heavy-v3_false_head.png.import[39m[0m
[  73% ] [90m[1msavepack[22m | Storing File: res://.godot/imported/c_heavy-v3_true.png-8c75e8a236ee5d716378fd9b02913e67.ctex[39m[0m
[  73% ] [90m[1msavepack[22m | Storing File: res://assets/characters/baked/c_heavy-v3_true.png.import[39m[0m
[  73% ] [90m[1msavepack[22m | Storing File: res://.godot/imported/c_heavy_false.png-277a8ad25e6dde2012b990f2f7226d6c.ctex[39m[0m
[  73% ] [90m[1msavepack[22m | Storing File: res://assets/characters/baked/c_heavy_false.png.import[39m[0m
[  73% ] [90m[1msavepack[22m | Storing File: res://.godot/imported/c_heavy_false_arm.png-5eb261b233e615748714f1eaaa2af32a.ctex[39m[0m
[  73% ] [90m[1msavepack[22m | Storing File: res://assets/characters/baked/c_heavy_false_arm.png.import[39m[0m
[  73% ] [90m[1msavepack[22m | Storing File: res://.godot/imported/c_heavy_false_head.png-1e5175a843ce37d142738d6024ced1c3.ctex[39m[0m
[  73% ] [90m[1msavepack[22m | Storing File: res://assets/characters/baked/c_heavy_false_head.png.import[39m[0m
[  73% ] [90m[1msavepack[22m | Storing File: res://.godot/imported/c_heavy_true.png-00f969b18b34af32af4ffb994fd35646.ctex[39m[0m
[  73% ] [90m[1msavepack[22m | Storing File: res://assets/characters/baked/c_heavy_true.png.import[39m[0m
[  73% ] [90m[1msavepack[22m | Storing File: res://.godot/imported/c_hunter-v1_false.png-5271bf76451cc49b94d5e73be4e537f4.ctex[39m[0m
[  73% ] [90m[1msavepack[22m | Storing File: res://assets/characters/baked/c_hunter-v1_false.png.import[39m[0m
[  73% ] [90m[1msavepack[22m | Storing File: res://.godot/imported/c_hunter-v1_false_arm.png-b9009e2bfb806d247f5621383c05c2d8.ctex[39m[0m
[  73% ] [90m[1msavepack[22m | Storing File: res://assets/characters/baked/c_hunter-v1_false_arm.png.import[39m[0m
[  73% ] [90m[1msavepack[22m | Storing File: res://.godot/imported/c_hunter-v1_false_head.png-74f15fc753ff42c9c19878fce29fd2d0.ctex[39m[0m
[  73% ] [90m[1msavepack[22m | Storing File: res://assets/characters/baked/c_hunter-v1_false_head.png.import[39m[0m
[  73% ] [90m[1msavepack[22m | Storing File: res://.godot/imported/c_hunter-v1_true.png-c2d5c27384a03f134f27f22956cc3f2b.ctex[39m[0m
[  73% ] [90m[1msavepack[22m | Storing File: res://assets/characters/baked/c_hunter-v1_true.png.import[39m[0m
[  73% ] [90m[1msavepack[22m | Storing File: res://.godot/imported/c_hunter-v2_false.png-42d46ba202a73ce126aa7ff6bf25e870.ctex[39m[0m
[  73% ] [90m[1msavepack[22m | Storing File: res://assets/characters/baked/c_hunter-v2_false.png.import[39m[0m
[  73% ] [90m[1msavepack[22m | Storing File: res://.godot/imported/c_hunter-v2_false_arm.png-a036a52bc3b6297339bedf5c4cb757fb.ctex[39m[0m
[  73% ] [90m[1msavepack[22m | Storing File: res://assets/characters/baked/c_hunter-v2_false_arm.png.import[39m[0m
[  73% ] [90m[1msavepack[22m | Storing File: res://.godot/imported/c_hunter-v2_false_head.png-4f08e7318a8dc9c2b5796d781681a045.ctex[39m[0m
[  73% ] [90m[1msavepack[22m | Storing File: res://assets/characters/baked/c_hunter-v2_false_head.png.import[39m[0m
[  73% ] [90m[1msavepack[22m | Storing File: res://.godot/imported/c_hunter-v2_true.png-e4a8891780dfa4b3bf8411308faef4e7.ctex[39m[0m
[  73% ] [90m[1msavepack[22m | Storing File: res://assets/characters/baked/c_hunter-v2_true.png.import[39m[0m
[  73% ] [90m[1msavepack[22m | Storing File: res://.godot/imported/c_hunter-v3_false.png-1199b6e653b538cf87664eaf042cbc01.ctex[39m[0m
[  73% ] [90m[1msavepack[22m | Storing File: res://assets/characters/baked/c_hunter-v3_false.png.import[39m[0m
[  73% ] [90m[1msavepack[22m | Storing File: res://.godot/imported/c_hunter-v3_false_arm.png-9905e1cbaf14e7eb5a8d77549e0be0a0.ctex[39m[0m
[  73% ] [90m[1msavepack[22m | Storing File: res://assets/characters/baked/c_hunter-v3_false_arm.png.import[39m[0m
[  73% ] [90m[1msavepack[22m | Storing File: res://.godot/imported/c_hunter-v3_false_head.png-ccf6c5ab478e20a4623e4cf2a456fd12.ctex[39m[0m
[  73% ] [90m[1msavepack[22m | Storing File: res://assets/characters/baked/c_hunter-v3_false_head.png.import[39m[0m
[  73% ] [90m[1msavepack[22m | Storing File: res://.godot/imported/c_hunter-v3_true.png-4a1df75698c70e214b4e5e2c22252a69.ctex[39m[0m
[  73% ] [90m[1msavepack[22m | Storing File: res://assets/characters/baked/c_hunter-v3_true.png.import[39m[0m
[  73% ] [90m[1msavepack[22m | Storing File: res://.godot/imported/c_hunter_false.png-9d168508f7eea3602c489168473be092.ctex[39m[0m
[  73% ] [90m[1msavepack[22m | Storing File: res://assets/characters/baked/c_hunter_false.png.import[39m[0m
[  73% ] [90m[1msavepack[22m | Storing File: res://.godot/imported/c_hunter_false_arm.png-4c04a74f2fb0ab06f206131afa510239.ctex[39m[0m
[  73% ] [90m[1msavepack[22m | Storing File: res://assets/characters/baked/c_hunter_false_arm.png.import[39m[0m
[  73% ] [90m[1msavepack[22m | Storing File: res://.godot/imported/c_hunter_false_head.png-a588bbbf1fd5759f7d58f43303991c04.ctex[39m[0m
[  73% ] [90m[1msavepack[22m | Storing File: res://assets/characters/baked/c_hunter_false_head.png.import[39m[0m
[  73% ] [90m[1msavepack[22m | Storing File: res://.godot/imported/c_hunter_true.png-dfcaea1818730329afde6a5a99e00eae.ctex[39m[0m
[  73% ] [90m[1msavepack[22m | Storing File: res://assets/characters/baked/c_hunter_true.png.import[39m[0m
[  74% ] [90m[1msavepack[22m | Storing File: res://.godot/imported/c_riot_false.png-358bb2fcb7a4759ffaee4c395215f8f9.ctex[39m[0m
[  74% ] [90m[1msavepack[22m | Storing File: res://assets/characters/baked/c_riot_false.png.import[39m[0m
[  74% ] [90m[1msavepack[22m | Storing File: res://.godot/imported/c_riot_false_arm.png-641484f21bc58ebb2dd04634f5e690ea.ctex[39m[0m
[  74% ] [90m[1msavepack[22m | Storing File: res://assets/characters/baked/c_riot_false_arm.png.import[39m[0m
[  74% ] [90m[1msavepack[22m | Storing File: res://.godot/imported/c_riot_false_head.png-6e79cd3dd6d6a81352759e56b6a54fbb.ctex[39m[0m
[  74% ] [90m[1msavepack[22m | Storing File: res://assets/characters/baked/c_riot_false_head.png.import[39m[0m
[  74% ] [90m[1msavepack[22m | Storing File: res://.godot/imported/c_riot_true.png-a51498fd5151fc13746c46f47a546e7b.ctex[39m[0m
[  74% ] [90m[1msavepack[22m | Storing File: res://assets/characters/baked/c_riot_true.png.import[39m[0m
[  74% ] [90m[1msavepack[22m | Storing File: res://.godot/imported/c_scout-v1_false.png-cf48028af3ad254108445d4fc51bff1f.ctex[39m[0m
[  74% ] [90m[1msavepack[22m | Storing File: res://assets/characters/baked/c_scout-v1_false.png.import[39m[0m
[  74% ] [90m[1msavepack[22m | Storing File: res://.godot/imported/c_scout-v1_false_arm.png-7e7cf11aae48de9b3c4b4ae7356ba869.ctex[39m[0m
[  74% ] [90m[1msavepack[22m | Storing File: res://assets/characters/baked/c_scout-v1_false_arm.png.import[39m[0m
[  74% ] [90m[1msavepack[22m | Storing File: res://.godot/imported/c_scout-v1_false_head.png-fe57f10f933f29b6ee18faf45e2d0d20.ctex[39m[0m
[  74% ] [90m[1msavepack[22m | Storing File: res://assets/characters/baked/c_scout-v1_false_head.png.import[39m[0m
[  74% ] [90m[1msavepack[22m | Storing File: res://.godot/imported/c_scout-v1_true.png-e5754028e0370599c4884133bc5c9250.ctex[39m[0m
[  74% ] [90m[1msavepack[22m | Storing File: res://assets/characters/baked/c_scout-v1_true.png.import[39m[0m
[  74% ] [90m[1msavepack[22m | Storing File: res://.godot/imported/c_scout-v2_false.png-78327ed49644c8329a356c1901aa72c9.ctex[39m[0m
[  74% ] [90m[1msavepack[22m | Storing File: res://assets/characters/baked/c_scout-v2_false.png.import[39m[0m
[  74% ] [90m[1msavepack[22m | Storing File: res://.godot/imported/c_scout-v2_false_arm.png-dd109beb8eed38b2dcda37b9a739958b.ctex[39m[0m
[  74% ] [90m[1msavepack[22m | Storing File: res://assets/characters/baked/c_scout-v2_false_arm.png.import[39m[0m
[  74% ] [90m[1msavepack[22m | Storing File: res://.godot/imported/c_scout-v2_false_head.png-55f26d6211b7dc4da60748cf364d274b.ctex[39m[0m
[  74% ] [90m[1msavepack[22m | Storing File: res://assets/characters/baked/c_scout-v2_false_head.png.import[39m[0m
[  74% ] [90m[1msavepack[22m | Storing File: res://.godot/imported/c_scout-v2_true.png-4a85b5159838c3068f0e6dafcffbdd03.ctex[39m[0m
[  74% ] [90m[1msavepack[22m | Storing File: res://assets/characters/baked/c_scout-v2_true.png.import[39m[0m
[  74% ] [90m[1msavepack[22m | Storing File: res://.godot/imported/c_scout-v3_false.png-ade11447c7c9af86d208eb4f459ba2d2.ctex[39m[0m
[  74% ] [90m[1msavepack[22m | Storing File: res://assets/characters/baked/c_scout-v3_false.png.import[39m[0m
[  74% ] [90m[1msavepack[22m | Storing File: res://.godot/imported/c_scout-v3_false_arm.png-1d982ec9864513d40bb5cfed049604ef.ctex[39m[0m
[  74% ] [90m[1msavepack[22m | Storing File: res://assets/characters/baked/c_scout-v3_false_arm.png.import[39m[0m
[  74% ] [90m[1msavepack[22m | Storing File: res://.godot/imported/c_scout-v3_false_head.png-40206dedb8402e0f021f2a8ef31dfc6b.ctex[39m[0m
[  74% ] [90m[1msavepack[22m | Storing File: res://assets/characters/baked/c_scout-v3_false_head.png.import[39m[0m
[  74% ] [90m[1msavepack[22m | Storing File: res://.godot/imported/c_scout-v3_true.png-3317888b409a2a766e42838712f5bb7a.ctex[39m[0m
[  74% ] [90m[1msavepack[22m | Storing File: res://assets/characters/baked/c_scout-v3_true.png.import[39m[0m
[  74% ] [90m[1msavepack[22m | Storing File: res://.godot/imported/c_scout_false.png-b7232ca3307c9f25729b525a2d4c7f47.ctex[39m[0m
[  74% ] [90m[1msavepack[22m | Storing File: res://assets/characters/baked/c_scout_false.png.import[39m[0m
[  74% ] [90m[1msavepack[22m | Storing File: res://.godot/imported/c_scout_false_arm.png-482e7210cdae4c15093d0164e8176352.ctex[39m[0m
[  74% ] [90m[1msavepack[22m | Storing File: res://assets/characters/baked/c_scout_false_arm.png.import[39m[0m
[  74% ] [90m[1msavepack[22m | Storing File: res://.godot/imported/c_scout_false_head.png-0cab97330960679690cda9a53ce189b1.ctex[39m[0m
[  74% ] [90m[1msavepack[22m | Storing File: res://assets/characters/baked/c_scout_false_head.png.import[39m[0m
[  74% ] [90m[1msavepack[22m | Storing File: res://.godot/imported/c_scout_true.png-157913bb55474151e2d571be430ffa4b.ctex[39m[0m
[  74% ] [90m[1msavepack[22m | Storing File: res://assets/characters/baked/c_scout_true.png.import[39m[0m
[  74% ] [90m[1msavepack[22m | Storing File: res://.godot/imported/c_scrapper_false.png-9184297e32d70426cacc1fd1df7397f4.ctex[39m[0m
[  74% ] [90m[1msavepack[22m | Storing File: res://assets/characters/baked/c_scrapper_false.png.import[39m[0m
[  74% ] [90m[1msavepack[22m | Storing File: res://.godot/imported/c_scrapper_false_arm.png-aafb8b26f115e381efed87380f44cec3.ctex[39m[0m
[  74% ] [90m[1msavepack[22m | Storing File: res://assets/characters/baked/c_scrapper_false_arm.png.import[39m[0m
[  74% ] [90m[1msavepack[22m | Storing File: res://.godot/imported/c_scrapper_false_head.png-657645d18979bf1fe7f434f8c66111a7.ctex[39m[0m
[  74% ] [90m[1msavepack[22m | Storing File: res://assets/characters/baked/c_scrapper_false_head.png.import[39m[0m
[  74% ] [90m[1msavepack[22m | Storing File: res://.godot/imported/c_scrapper_true.png-f3bc9c74b01771eba780b96b12bd98f0.ctex[39m[0m
[  74% ] [90m[1msavepack[22m | Storing File: res://assets/characters/baked/c_scrapper_true.png.import[39m[0m
[  74% ] [90m[1msavepack[22m | Storing File: res://.godot/imported/c_security_false.png-02523bb938478bc76d9d4b0fec728721.ctex[39m[0m
[  74% ] [90m[1msavepack[22m | Storing File: res://assets/characters/baked/c_security_false.png.import[39m[0m
[  74% ] [90m[1msavepack[22m | Storing File: res://.godot/imported/c_security_false_arm.png-b76bbb300d2c17a27ad6a060edb63f6c.ctex[39m[0m
[  74% ] [90m[1msavepack[22m | Storing File: res://assets/characters/baked/c_security_false_arm.png.import[39m[0m
[  74% ] [90m[1msavepack[22m | Storing File: res://.godot/imported/c_security_false_head.png-bdceb94fca3aa2e6be3415bc572c832d.ctex[39m[0m
[  74% ] [90m[1msavepack[22m | Storing File: res://assets/characters/baked/c_security_false_head.png.import[39m[0m
[  74% ] [90m[1msavepack[22m | Storing File: res://.godot/imported/c_security_true.png-a2510f796eee0c7c4d375fb002e9600a.ctex[39m[0m
[  74% ] [90m[1msavepack[22m | Storing File: res://assets/characters/baked/c_security_true.png.import[39m[0m
[  74% ] [90m[1msavepack[22m | Storing File: res://.godot/imported/c_shadow_false.png-b039a843bbd1582f786c74e4b4e7aaba.ctex[39m[0m
[  74% ] [90m[1msavepack[22m | Storing File: res://assets/characters/baked/c_shadow_false.png.import[39m[0m
[  74% ] [90m[1msavepack[22m | Storing File: res://.godot/imported/c_shadow_false_arm.png-f559130b97e28967482de94fd9107b0d.ctex[39m[0m
[  74% ] [90m[1msavepack[22m | Storing File: res://assets/characters/baked/c_shadow_false_arm.png.import[39m[0m
[  74% ] [90m[1msavepack[22m | Storing File: res://.godot/imported/c_shadow_false_head.png-50f67e003382127ac3330c15de8b0cf6.ctex[39m[0m
[  74% ] [90m[1msavepack[22m | Storing File: res://assets/characters/baked/c_shadow_false_head.png.import[39m[0m
[  74% ] [90m[1msavepack[22m | Storing File: res://.godot/imported/c_shadow_true.png-ff8b3e775d438a556541a9797d8bbb26.ctex[39m[0m
[  74% ] [90m[1msavepack[22m | Storing File: res://assets/characters/baked/c_shadow_true.png.import[39m[0m
[  75% ] [90m[1msavepack[22m | Storing File: res://.godot/imported/c_sniper_false.png-df00f4d042c789960a57b9eac108616e.ctex[39m[0m
[  75% ] [90m[1msavepack[22m | Storing File: res://assets/characters/baked/c_sniper_false.png.import[39m[0m
[  75% ] [90m[1msavepack[22m | Storing File: res://.godot/imported/c_sniper_false_arm.png-dde49ba88bb666c672b5ec9ed9ea0b6a.ctex[39m[0m
[  75% ] [90m[1msavepack[22m | Storing File: res://assets/characters/baked/c_sniper_false_arm.png.import[39m[0m
[  75% ] [90m[1msavepack[22m | Storing File: res://.godot/imported/c_sniper_false_head.png-3b5a68e76769c0c0de1623f679f757d2.ctex[39m[0m
[  75% ] [90m[1msavepack[22m | Storing File: res://assets/characters/baked/c_sniper_false_head.png.import[39m[0m
[  75% ] [90m[1msavepack[22m | Storing File: res://.godot/imported/c_sniper_true.png-ed72c0c623f84791766751e6a2c0780a.ctex[39m[0m
[  75% ] [90m[1msavepack[22m | Storing File: res://assets/characters/baked/c_sniper_true.png.import[39m[0m
[  75% ] [90m[1msavepack[22m | Storing File: res://.godot/imported/c_stagehand_false.png-22693972fbde52b860d8491ad4ec2b37.ctex[39m[0m
[  75% ] [90m[1msavepack[22m | Storing File: res://assets/characters/baked/c_stagehand_false.png.import[39m[0m
[  75% ] [90m[1msavepack[22m | Storing File: res://.godot/imported/c_stagehand_false_arm.png-8a0a1dceee5f5fbfebff315a82144c2b.ctex[39m[0m
[  75% ] [90m[1msavepack[22m | Storing File: res://assets/characters/baked/c_stagehand_false_arm.png.import[39m[0m
[  75% ] [90m[1msavepack[22m | Storing File: res://.godot/imported/c_stagehand_false_head.png-252203aa6e9015d4ac62b5a426e5f53c.ctex[39m[0m
[  75% ] [90m[1msavepack[22m | Storing File: res://assets/characters/baked/c_stagehand_false_head.png.import[39m[0m
[  75% ] [90m[1msavepack[22m | Storing File: res://.godot/imported/c_stagehand_true.png-ba3a7c97cd31b46d3786f281886017c2.ctex[39m[0m
[  75% ] [90m[1msavepack[22m | Storing File: res://assets/characters/baked/c_stagehand_true.png.import[39m[0m
[  75% ] [90m[1msavepack[22m | Storing File: res://.godot/imported/c_welder_false.png-a21a56dc169b6649107f71f7fe3ed3f6.ctex[39m[0m
[  75% ] [90m[1msavepack[22m | Storing File: res://assets/characters/baked/c_welder_false.png.import[39m[0m
[  75% ] [90m[1msavepack[22m | Storing File: res://.godot/imported/c_welder_false_arm.png-2f1b51db28e74b4ff5b3be6b8e24b372.ctex[39m[0m
[  75% ] [90m[1msavepack[22m | Storing File: res://assets/characters/baked/c_welder_false_arm.png.import[39m[0m
[  75% ] [90m[1msavepack[22m | Storing File: res://.godot/imported/c_welder_false_head.png-54083a529360a3401ecd44d1741b4ebd.ctex[39m[0m
[  75% ] [90m[1msavepack[22m | Storing File: res://assets/characters/baked/c_welder_false_head.png.import[39m[0m
[  75% ] [90m[1msavepack[22m | Storing File: res://.godot/imported/c_welder_true.png-2e5a67df8292b3997b2410323a51dcaf.ctex[39m[0m
[  75% ] [90m[1msavepack[22m | Storing File: res://assets/characters/baked/c_welder_true.png.import[39m[0m
[  75% ] [90m[1msavepack[22m | Storing File: res://.godot/imported/c_zombie_false.png-f0ddf1d59058ab22c28bf3a4947cbfe4.ctex[39m[0m
[  75% ] [90m[1msavepack[22m | Storing File: res://assets/characters/baked/c_zombie_false.png.import[39m[0m
[  75% ] [90m[1msavepack[22m | Storing File: res://.godot/imported/c_zombie_false_arm.png-ceaaa521bfeb70ba6b066887c9c43cdd.ctex[39m[0m
[  75% ] [90m[1msavepack[22m | Storing File: res://assets/characters/baked/c_zombie_false_arm.png.import[39m[0m
[  75% ] [90m[1msavepack[22m | Storing File: res://.godot/imported/c_zombie_false_head.png-ee72a9ef9ad0609e8ce1674f680f54b7.ctex[39m[0m
[  75% ] [90m[1msavepack[22m | Storing File: res://assets/characters/baked/c_zombie_false_head.png.import[39m[0m
[  75% ] [90m[1msavepack[22m | Storing File: res://.godot/imported/c_zombie_true.png-efcbf6ce8ed3e60565203ab53281b2d8.ctex[39m[0m
[  75% ] [90m[1msavepack[22m | Storing File: res://assets/characters/baked/c_zombie_true.png.import[39m[0m
[  75% ] [90m[1msavepack[22m | Storing File: res://.godot/imported/l_bellhop_0.png-fc0914b724ec1e7f886d0f8ba60eb714.ctex[39m[0m
[  75% ] [90m[1msavepack[22m | Storing File: res://assets/characters/baked/l_bellhop_0.png.import[39m[0m
[  75% ] [90m[1msavepack[22m | Storing File: res://.godot/imported/l_bellhop_1.png-55d8057e54e020b8c8f3a975197d24fe.ctex[39m[0m
[  75% ] [90m[1msavepack[22m | Storing File: res://assets/characters/baked/l_bellhop_1.png.import[39m[0m
[  75% ] [90m[1msavepack[22m | Storing File: res://.godot/imported/l_bellhop_2.png-a341dc39e8b0313f44e2d5319bbc95b7.ctex[39m[0m
[  75% ] [90m[1msavepack[22m | Storing File: res://assets/characters/baked/l_bellhop_2.png.import[39m[0m
[  75% ] [90m[1msavepack[22m | Storing File: res://.godot/imported/l_biker_0.png-776b06f7364ffff5c85d8d87c6a022ce.ctex[39m[0m
[  75% ] [90m[1msavepack[22m | Storing File: res://assets/characters/baked/l_biker_0.png.import[39m[0m
[  75% ] [90m[1msavepack[22m | Storing File: res://.godot/imported/l_biker_1.png-6c7a97d4c2b1fd5f6fc625a356801e9f.ctex[39m[0m
[  75% ] [90m[1msavepack[22m | Storing File: res://assets/characters/baked/l_biker_1.png.import[39m[0m
[  75% ] [90m[1msavepack[22m | Storing File: res://.godot/imported/l_biker_2.png-2d005402b18721458f9a387c06c682a6.ctex[39m[0m
[  75% ] [90m[1msavepack[22m | Storing File: res://assets/characters/baked/l_biker_2.png.import[39m[0m
[  75% ] [90m[1msavepack[22m | Storing File: res://.godot/imported/l_boss_0.png-5e9828d7c34ceebf57979b1678c0e136.ctex[39m[0m
[  75% ] [90m[1msavepack[22m | Storing File: res://assets/characters/baked/l_boss_0.png.import[39m[0m
[  75% ] [90m[1msavepack[22m | Storing File: res://.godot/imported/l_boss_1.png-581bb37518e50fa596e2573afbb2271d.ctex[39m[0m
[  75% ] [90m[1msavepack[22m | Storing File: res://assets/characters/baked/l_boss_1.png.import[39m[0m
[  75% ] [90m[1msavepack[22m | Storing File: res://.godot/imported/l_boss_2.png-be8d0ae7dc7afbd2d1932188387ec0e7.ctex[39m[0m
[  75% ] [90m[1msavepack[22m | Storing File: res://assets/characters/baked/l_boss_2.png.import[39m[0m
[  75% ] [90m[1msavepack[22m | Storing File: res://.godot/imported/l_buck_0.png-a067c803adbb0d840dd47e1218a27ab7.ctex[39m[0m
[  75% ] [90m[1msavepack[22m | Storing File: res://assets/characters/baked/l_buck_0.png.import[39m[0m
[  75% ] [90m[1msavepack[22m | Storing File: res://.godot/imported/l_buck_1.png-17d4edf3b856599197f2350778b4372e.ctex[39m[0m
[  75% ] [90m[1msavepack[22m | Storing File: res://assets/characters/baked/l_buck_1.png.import[39m[0m
[  75% ] [90m[1msavepack[22m | Storing File: res://.godot/imported/l_buck_2.png-b037db0a71018e73527a020d2a97a9f0.ctex[39m[0m
[  75% ] [90m[1msavepack[22m | Storing File: res://assets/characters/baked/l_buck_2.png.import[39m[0m
[  75% ] [90m[1msavepack[22m | Storing File: res://.godot/imported/l_burnt_0.png-f34e65925ea5a0956428e6834c537f97.ctex[39m[0m
[  75% ] [90m[1msavepack[22m | Storing File: res://assets/characters/baked/l_burnt_0.png.import[39m[0m
[  75% ] [90m[1msavepack[22m | Storing File: res://.godot/imported/l_burnt_1.png-62e5904eea15dd383bddec7ff0e82ae4.ctex[39m[0m
[  75% ] [90m[1msavepack[22m | Storing File: res://assets/characters/baked/l_burnt_1.png.import[39m[0m
[  75% ] [90m[1msavepack[22m | Storing File: res://.godot/imported/l_burnt_2.png-3553dde19de04dc488063cdf0256bb99.ctex[39m[0m
[  75% ] [90m[1msavepack[22m | Storing File: res://assets/characters/baked/l_burnt_2.png.import[39m[0m
[  75% ] [90m[1msavepack[22m | Storing File: res://.godot/imported/l_cass_0.png-40d7f74eb1d570dda9e3ee870e6aef77.ctex[39m[0m
[  75% ] [90m[1msavepack[22m | Storing File: res://assets/characters/baked/l_cass_0.png.import[39m[0m
[  76% ] [90m[1msavepack[22m | Storing File: res://.godot/imported/l_cass_1.png-018e44d865950684ca2c42340a217ae7.ctex[39m[0m
[  76% ] [90m[1msavepack[22m | Storing File: res://assets/characters/baked/l_cass_1.png.import[39m[0m
[  76% ] [90m[1msavepack[22m | Storing File: res://.godot/imported/l_cass_2.png-76e5d9bb44a47b1406185a7090091bae.ctex[39m[0m
[  76% ] [90m[1msavepack[22m | Storing File: res://assets/characters/baked/l_cass_2.png.import[39m[0m
[  76% ] [90m[1msavepack[22m | Storing File: res://.godot/imported/l_civilian-v1_0.png-5374184a4f5d0ae070a8645095ae745e.ctex[39m[0m
[  76% ] [90m[1msavepack[22m | Storing File: res://assets/characters/baked/l_civilian-v1_0.png.import[39m[0m
[  76% ] [90m[1msavepack[22m | Storing File: res://.godot/imported/l_civilian-v1_1.png-aee9f46bae2517102617b1827d6728df.ctex[39m[0m
[  76% ] [90m[1msavepack[22m | Storing File: res://assets/characters/baked/l_civilian-v1_1.png.import[39m[0m
[  76% ] [90m[1msavepack[22m | Storing File: res://.godot/imported/l_civilian-v1_2.png-5601e5231832b83c2704a3e6a9785f15.ctex[39m[0m
[  76% ] [90m[1msavepack[22m | Storing File: res://assets/characters/baked/l_civilian-v1_2.png.import[39m[0m
[  76% ] [90m[1msavepack[22m | Storing File: res://.godot/imported/l_civilian-v2_0.png-209c90bc8477219c0d10f852bbd458d3.ctex[39m[0m
[  76% ] [90m[1msavepack[22m | Storing File: res://assets/characters/baked/l_civilian-v2_0.png.import[39m[0m
[  76% ] [90m[1msavepack[22m | Storing File: res://.godot/imported/l_civilian-v2_1.png-d21e4253064f6851cd81ad8731611da0.ctex[39m[0m
[  76% ] [90m[1msavepack[22m | Storing File: res://assets/characters/baked/l_civilian-v2_1.png.import[39m[0m
[  76% ] [90m[1msavepack[22m | Storing File: res://.godot/imported/l_civilian-v2_2.png-7ceed345ff4061e4cddc8a171279ba58.ctex[39m[0m
[  76% ] [90m[1msavepack[22m | Storing File: res://assets/characters/baked/l_civilian-v2_2.png.import[39m[0m
[  76% ] [90m[1msavepack[22m | Storing File: res://.godot/imported/l_civilian-v3_0.png-62d4f2365bdb56fc487247d28b4ad090.ctex[39m[0m
[  76% ] [90m[1msavepack[22m | Storing File: res://assets/characters/baked/l_civilian-v3_0.png.import[39m[0m
[  76% ] [90m[1msavepack[22m | Storing File: res://.godot/imported/l_civilian-v3_1.png-fd4c882630825122b05c9fa34bfe165c.ctex[39m[0m
[  76% ] [90m[1msavepack[22m | Storing File: res://assets/characters/baked/l_civilian-v3_1.png.import[39m[0m
[  76% ] [90m[1msavepack[22m | Storing File: res://.godot/imported/l_civilian-v3_2.png-c390511124ee51fdaa1029235e561fc9.ctex[39m[0m
[  76% ] [90m[1msavepack[22m | Storing File: res://assets/characters/baked/l_civilian-v3_2.png.import[39m[0m
[  76% ] [90m[1msavepack[22m | Storing File: res://.godot/imported/l_civilian_0.png-d57ad5c73a5ae4ec4215b57d6f877689.ctex[39m[0m
[  76% ] [90m[1msavepack[22m | Storing File: res://assets/characters/baked/l_civilian_0.png.import[39m[0m
[  76% ] [90m[1msavepack[22m | Storing File: res://.godot/imported/l_civilian_1.png-0ea5deb69f486e4be1a0a1895f9ac32d.ctex[39m[0m
[  76% ] [90m[1msavepack[22m | Storing File: res://assets/characters/baked/l_civilian_1.png.import[39m[0m
[  76% ] [90m[1msavepack[22m | Storing File: res://.godot/imported/l_civilian_2.png-d0bc7a3f9372d51ecd63e4b7a1e7ff26.ctex[39m[0m
[  76% ] [90m[1msavepack[22m | Storing File: res://assets/characters/baked/l_civilian_2.png.import[39m[0m
[  76% ] [90m[1msavepack[22m | Storing File: res://.godot/imported/l_cultist_0.png-1f5ff0ea594ee92716ac80df2653e75c.ctex[39m[0m
[  76% ] [90m[1msavepack[22m | Storing File: res://assets/characters/baked/l_cultist_0.png.import[39m[0m
[  76% ] [90m[1msavepack[22m | Storing File: res://.godot/imported/l_cultist_1.png-d88a2ec8e92cb636e12cd7587278cd2a.ctex[39m[0m
[  76% ] [90m[1msavepack[22m | Storing File: res://assets/characters/baked/l_cultist_1.png.import[39m[0m
[  76% ] [90m[1msavepack[22m | Storing File: res://.godot/imported/l_cultist_2.png-bc2f1eed83e150a1ee33b49ab9a0840a.ctex[39m[0m
[  76% ] [90m[1msavepack[22m | Storing File: res://assets/characters/baked/l_cultist_2.png.import[39m[0m
[  76% ] [90m[1msavepack[22m | Storing File: res://.godot/imported/l_demon_0.png-5731fe847c60cf4dadd05f66b30001ac.ctex[39m[0m
[  76% ] [90m[1msavepack[22m | Storing File: res://assets/characters/baked/l_demon_0.png.import[39m[0m
[  76% ] [90m[1msavepack[22m | Storing File: res://.godot/imported/l_demon_1.png-5afb3884ab9dbabdbe2d6010b6e7c38a.ctex[39m[0m
[  76% ] [90m[1msavepack[22m | Storing File: res://assets/characters/baked/l_demon_1.png.import[39m[0m
[  76% ] [90m[1msavepack[22m | Storing File: res://.godot/imported/l_demon_2.png-b6b856d29098b621f0762df71a0d0643.ctex[39m[0m
[  76% ] [90m[1msavepack[22m | Storing File: res://assets/characters/baked/l_demon_2.png.import[39m[0m
[  76% ] [90m[1msavepack[22m | Storing File: res://.godot/imported/l_fireman_0.png-f37791248b5be3f939d679b7ddd80101.ctex[39m[0m
[  76% ] [90m[1msavepack[22m | Storing File: res://assets/characters/baked/l_fireman_0.png.import[39m[0m
[  76% ] [90m[1msavepack[22m | Storing File: res://.godot/imported/l_fireman_1.png-244ba1750dc79d2b847ec94f44e75bb2.ctex[39m[0m
[  76% ] [90m[1msavepack[22m | Storing File: res://assets/characters/baked/l_fireman_1.png.import[39m[0m
[  76% ] [90m[1msavepack[22m | Storing File: res://.godot/imported/l_fireman_2.png-fa97ff732b8ba483ed1ac0cca83b7ecf.ctex[39m[0m
[  76% ] [90m[1msavepack[22m | Storing File: res://assets/characters/baked/l_fireman_2.png.import[39m[0m
[  76% ] [90m[1msavepack[22m | Storing File: res://.godot/imported/l_ghoul_0.png-e5b7a519cef7149ac596740e13211622.ctex[39m[0m
[  76% ] [90m[1msavepack[22m | Storing File: res://assets/characters/baked/l_ghoul_0.png.import[39m[0m
[  76% ] [90m[1msavepack[22m | Storing File: res://.godot/imported/l_ghoul_1.png-745480edc7c39487bd665fa0cbaa833e.ctex[39m[0m
[  76% ] [90m[1msavepack[22m | Storing File: res://assets/characters/baked/l_ghoul_1.png.import[39m[0m
[  76% ] [90m[1msavepack[22m | Storing File: res://.godot/imported/l_ghoul_2.png-fcdc829a8cd1412355e4bcacdcdc755e.ctex[39m[0m
[  76% ] [90m[1msavepack[22m | Storing File: res://assets/characters/baked/l_ghoul_2.png.import[39m[0m
[  76% ] [90m[1msavepack[22m | Storing File: res://.godot/imported/l_guard-v1_0.png-d33d5bba5c88f54fbb1aab6a95bdf6c1.ctex[39m[0m
[  76% ] [90m[1msavepack[22m | Storing File: res://assets/characters/baked/l_guard-v1_0.png.import[39m[0m
[  76% ] [90m[1msavepack[22m | Storing File: res://.godot/imported/l_guard-v1_1.png-015d22e7f78a050ff4e931e58296c2a9.ctex[39m[0m
[  76% ] [90m[1msavepack[22m | Storing File: res://assets/characters/baked/l_guard-v1_1.png.import[39m[0m
[  76% ] [90m[1msavepack[22m | Storing File: res://.godot/imported/l_guard-v1_2.png-f62728ab2a9f95c874c37d1be7abe541.ctex[39m[0m
[  76% ] [90m[1msavepack[22m | Storing File: res://assets/characters/baked/l_guard-v1_2.png.import[39m[0m
[  76% ] [90m[1msavepack[22m | Storing File: res://.godot/imported/l_guard-v2_0.png-525ed16c511d593967fe6ef3bac76df4.ctex[39m[0m
[  76% ] [90m[1msavepack[22m | Storing File: res://assets/characters/baked/l_guard-v2_0.png.import[39m[0m
[  76% ] [90m[1msavepack[22m | Storing File: res://.godot/imported/l_guard-v2_1.png-65d70e4649a598a615cf67b575df9932.ctex[39m[0m
[  76% ] [90m[1msavepack[22m | Storing File: res://assets/characters/baked/l_guard-v2_1.png.import[39m[0m
[  76% ] [90m[1msavepack[22m | Storing File: res://.godot/imported/l_guard-v2_2.png-11e4b57bf1d953636939af29d72a58fd.ctex[39m[0m
[  76% ] [90m[1msavepack[22m | Storing File: res://assets/characters/baked/l_guard-v2_2.png.import[39m[0m
[  76% ] [90m[1msavepack[22m | Storing File: res://.godot/imported/l_guard-v3_0.png-15dad69a510752ce67d536030992de9f.ctex[39m[0m
[  76% ] [90m[1msavepack[22m | Storing File: res://assets/characters/baked/l_guard-v3_0.png.import[39m[0m
[  77% ] [90m[1msavepack[22m | Storing File: res://.godot/imported/l_guard-v3_1.png-92ce9835dc8bbe9475601d3f70fb9a37.ctex[39m[0m
[  77% ] [90m[1msavepack[22m | Storing File: res://assets/characters/baked/l_guard-v3_1.png.import[39m[0m
[  77% ] [90m[1msavepack[22m | Storing File: res://.godot/imported/l_guard-v3_2.png-085e5a93ec8d82f314439bea84c3e56c.ctex[39m[0m
[  77% ] [90m[1msavepack[22m | Storing File: res://assets/characters/baked/l_guard-v3_2.png.import[39m[0m
[  77% ] [90m[1msavepack[22m | Storing File: res://.godot/imported/l_guard_0.png-7eb37447285e04f221eda48e360dd3ef.ctex[39m[0m
[  77% ] [90m[1msavepack[22m | Storing File: res://assets/characters/baked/l_guard_0.png.import[39m[0m
[  77% ] [90m[1msavepack[22m | Storing File: res://.godot/imported/l_guard_1.png-dcf6df7b8fec21a0ed5bc26e9852e337.ctex[39m[0m
[  77% ] [90m[1msavepack[22m | Storing File: res://assets/characters/baked/l_guard_1.png.import[39m[0m
[  77% ] [90m[1msavepack[22m | Storing File: res://.godot/imported/l_guard_2.png-e96b5d4ee00f35468544483eec7dfc06.ctex[39m[0m
[  77% ] [90m[1msavepack[22m | Storing File: res://assets/characters/baked/l_guard_2.png.import[39m[0m
[  77% ] [90m[1msavepack[22m | Storing File: res://.godot/imported/l_gunner-v1_0.png-dda08f9e6fc3cb9661ab2b377e141866.ctex[39m[0m
[  77% ] [90m[1msavepack[22m | Storing File: res://assets/characters/baked/l_gunner-v1_0.png.import[39m[0m
[  77% ] [90m[1msavepack[22m | Storing File: res://.godot/imported/l_gunner-v1_1.png-9653623a2401fdfb708f4393ed256755.ctex[39m[0m
[  77% ] [90m[1msavepack[22m | Storing File: res://assets/characters/baked/l_gunner-v1_1.png.import[39m[0m
[  77% ] [90m[1msavepack[22m | Storing File: res://.godot/imported/l_gunner-v1_2.png-baf92913b75da2d3cfde1897cf7e8f4f.ctex[39m[0m
[  77% ] [90m[1msavepack[22m | Storing File: res://assets/characters/baked/l_gunner-v1_2.png.import[39m[0m
[  77% ] [90m[1msavepack[22m | Storing File: res://.godot/imported/l_gunner-v2_0.png-a91c633745809ef62e56047205e95f78.ctex[39m[0m
[  77% ] [90m[1msavepack[22m | Storing File: res://assets/characters/baked/l_gunner-v2_0.png.import[39m[0m
[  77% ] [90m[1msavepack[22m | Storing File: res://.godot/imported/l_gunner-v2_1.png-32bb024e2b3fac691b499d9022736167.ctex[39m[0m
[  77% ] [90m[1msavepack[22m | Storing File: res://assets/characters/baked/l_gunner-v2_1.png.import[39m[0m
[  77% ] [90m[1msavepack[22m | Storing File: res://.godot/imported/l_gunner-v2_2.png-35199c7a7700416612a9d3b3d8ad5e4e.ctex[39m[0m
[  77% ] [90m[1msavepack[22m | Storing File: res://assets/characters/baked/l_gunner-v2_2.png.import[39m[0m
[  77% ] [90m[1msavepack[22m | Storing File: res://.godot/imported/l_gunner-v3_0.png-2059fdb682b2bc42b823acd97635671f.ctex[39m[0m
[  77% ] [90m[1msavepack[22m | Storing File: res://assets/characters/baked/l_gunner-v3_0.png.import[39m[0m
[  77% ] [90m[1msavepack[22m | Storing File: res://.godot/imported/l_gunner-v3_1.png-b16ce058be0542c232f0d162bcdf2f25.ctex[39m[0m
[  77% ] [90m[1msavepack[22m | Storing File: res://assets/characters/baked/l_gunner-v3_1.png.import[39m[0m
[  77% ] [90m[1msavepack[22m | Storing File: res://.godot/imported/l_gunner-v3_2.png-2995408f041030078d5fc68962051ab1.ctex[39m[0m
[  77% ] [90m[1msavepack[22m | Storing File: res://assets/characters/baked/l_gunner-v3_2.png.import[39m[0m
[  77% ] [90m[1msavepack[22m | Storing File: res://.godot/imported/l_gunner_0.png-23c94eb9d0915db46f256da39263c788.ctex[39m[0m
[  77% ] [90m[1msavepack[22m | Storing File: res://assets/characters/baked/l_gunner_0.png.import[39m[0m
[  77% ] [90m[1msavepack[22m | Storing File: res://.godot/imported/l_gunner_1.png-f93669be58d159ed771d9d35371ec226.ctex[39m[0m
[  77% ] [90m[1msavepack[22m | Storing File: res://assets/characters/baked/l_gunner_1.png.import[39m[0m
[  77% ] [90m[1msavepack[22m | Storing File: res://.godot/imported/l_gunner_2.png-73ae1890be5e1f86bfbcc66ac8f4ce98.ctex[39m[0m
[  77% ] [90m[1msavepack[22m | Storing File: res://assets/characters/baked/l_gunner_2.png.import[39m[0m
[  77% ] [90m[1msavepack[22m | Storing File: res://.godot/imported/l_handler_0.png-be8c409b77713c6dca3fbdcad969dec5.ctex[39m[0m
[  77% ] [90m[1msavepack[22m | Storing File: res://assets/characters/baked/l_handler_0.png.import[39m[0m
[  77% ] [90m[1msavepack[22m | Storing File: res://.godot/imported/l_handler_1.png-90a82faf8c57d5253e5634c758158327.ctex[39m[0m
[  77% ] [90m[1msavepack[22m | Storing File: res://assets/characters/baked/l_handler_1.png.import[39m[0m
[  77% ] [90m[1msavepack[22m | Storing File: res://.godot/imported/l_handler_2.png-38ef2a5df9a0505ff6d349990c87d05d.ctex[39m[0m
[  77% ] [90m[1msavepack[22m | Storing File: res://assets/characters/baked/l_handler_2.png.import[39m[0m
[  77% ] [90m[1msavepack[22m | Storing File: res://.godot/imported/l_heavy-v1_0.png-9c6297538bc1f4974472771a469f9299.ctex[39m[0m
[  77% ] [90m[1msavepack[22m | Storing File: res://assets/characters/baked/l_heavy-v1_0.png.import[39m[0m
[  77% ] [90m[1msavepack[22m | Storing File: res://.godot/imported/l_heavy-v1_1.png-632f8083f5fc008b3a1d9d019054cd77.ctex[39m[0m
[  77% ] [90m[1msavepack[22m | Storing File: res://assets/characters/baked/l_heavy-v1_1.png.import[39m[0m
[  77% ] [90m[1msavepack[22m | Storing File: res://.godot/imported/l_heavy-v1_2.png-c7955310ac9728a0fbf7dcaa866c213d.ctex[39m[0m
[  77% ] [90m[1msavepack[22m | Storing File: res://assets/characters/baked/l_heavy-v1_2.png.import[39m[0m
[  77% ] [90m[1msavepack[22m | Storing File: res://.godot/imported/l_heavy-v2_0.png-0cfc8754a044b17b90da0c3c5a708327.ctex[39m[0m
[  77% ] [90m[1msavepack[22m | Storing File: res://assets/characters/baked/l_heavy-v2_0.png.import[39m[0m
[  77% ] [90m[1msavepack[22m | Storing File: res://.godot/imported/l_heavy-v2_1.png-09622e7227c941de7286c3435af13a14.ctex[39m[0m
[  77% ] [90m[1msavepack[22m | Storing File: res://assets/characters/baked/l_heavy-v2_1.png.import[39m[0m
[  77% ] [90m[1msavepack[22m | Storing File: res://.godot/imported/l_heavy-v2_2.png-0fc098babe47581edafee390c663a21b.ctex[39m[0m
[  77% ] [90m[1msavepack[22m | Storing File: res://assets/characters/baked/l_heavy-v2_2.png.import[39m[0m
[  77% ] [90m[1msavepack[22m | Storing File: res://.godot/imported/l_heavy-v3_0.png-3e382f9e7d1bb4dde1c124b41879f1c5.ctex[39m[0m
[  77% ] [90m[1msavepack[22m | Storing File: res://assets/characters/baked/l_heavy-v3_0.png.import[39m[0m
[  77% ] [90m[1msavepack[22m | Storing File: res://.godot/imported/l_heavy-v3_1.png-a5cc1228c63be93dc81ddb25250cfe0c.ctex[39m[0m
[  77% ] [90m[1msavepack[22m | Storing File: res://assets/characters/baked/l_heavy-v3_1.png.import[39m[0m
[  77% ] [90m[1msavepack[22m | Storing File: res://.godot/imported/l_heavy-v3_2.png-f74fffd9c2b68eba1147920182e73da4.ctex[39m[0m
[  77% ] [90m[1msavepack[22m | Storing File: res://assets/characters/baked/l_heavy-v3_2.png.import[39m[0m
[  77% ] [90m[1msavepack[22m | Storing File: res://.godot/imported/l_heavy_0.png-20315b737251252fef6b8f9ae88c5201.ctex[39m[0m
[  77% ] [90m[1msavepack[22m | Storing File: res://assets/characters/baked/l_heavy_0.png.import[39m[0m
[  77% ] [90m[1msavepack[22m | Storing File: res://.godot/imported/l_heavy_1.png-8ba5387598d9b053f89289dc12d96fbb.ctex[39m[0m
[  77% ] [90m[1msavepack[22m | Storing File: res://assets/characters/baked/l_heavy_1.png.import[39m[0m
[  77% ] [90m[1msavepack[22m | Storing File: res://.godot/imported/l_heavy_2.png-af033114f53c1727e40afbe9539dd0b2.ctex[39m[0m
[  77% ] [90m[1msavepack[22m | Storing File: res://assets/characters/baked/l_heavy_2.png.import[39m[0m
[  78% ] [90m[1msavepack[22m | Storing File: res://.godot/imported/l_hunter-v1_0.png-38ec3ca40275452a8e0464ffbaddbd7e.ctex[39m[0m
[  78% ] [90m[1msavepack[22m | Storing File: res://assets/characters/baked/l_hunter-v1_0.png.import[39m[0m
[  78% ] [90m[1msavepack[22m | Storing File: res://.godot/imported/l_hunter-v1_1.png-721bbc99897bc510e66bdc1eec068bd8.ctex[39m[0m
[  78% ] [90m[1msavepack[22m | Storing File: res://assets/characters/baked/l_hunter-v1_1.png.import[39m[0m
[  78% ] [90m[1msavepack[22m | Storing File: res://.godot/imported/l_hunter-v1_2.png-41ae7ad7f21d6db44d5977916d2d56bb.ctex[39m[0m
[  78% ] [90m[1msavepack[22m | Storing File: res://assets/characters/baked/l_hunter-v1_2.png.import[39m[0m
[  78% ] [90m[1msavepack[22m | Storing File: res://.godot/imported/l_hunter-v2_0.png-5741d0aa0885d59cd58e0ab6707c6483.ctex[39m[0m
[  78% ] [90m[1msavepack[22m | Storing File: res://assets/characters/baked/l_hunter-v2_0.png.import[39m[0m
[  78% ] [90m[1msavepack[22m | Storing File: res://.godot/imported/l_hunter-v2_1.png-42c1fbdcbc00c05eec38478bed17daeb.ctex[39m[0m
[  78% ] [90m[1msavepack[22m | Storing File: res://assets/characters/baked/l_hunter-v2_1.png.import[39m[0m
[  78% ] [90m[1msavepack[22m | Storing File: res://.godot/imported/l_hunter-v2_2.png-b941e104dcb4ffa39e840ee868e0ae4c.ctex[39m[0m
[  78% ] [90m[1msavepack[22m | Storing File: res://assets/characters/baked/l_hunter-v2_2.png.import[39m[0m
[  78% ] [90m[1msavepack[22m | Storing File: res://.godot/imported/l_hunter-v3_0.png-2b587cc9012dc463a974573344f165f6.ctex[39m[0m
[  78% ] [90m[1msavepack[22m | Storing File: res://assets/characters/baked/l_hunter-v3_0.png.import[39m[0m
[  78% ] [90m[1msavepack[22m | Storing File: res://.godot/imported/l_hunter-v3_1.png-355170ad1f69d5bceb2d84dc65e41ecd.ctex[39m[0m
[  78% ] [90m[1msavepack[22m | Storing File: res://assets/characters/baked/l_hunter-v3_1.png.import[39m[0m
[  78% ] [90m[1msavepack[22m | Storing File: res://.godot/imported/l_hunter-v3_2.png-5d8984730bea3bf49a4df0b4eb026663.ctex[39m[0m
[  78% ] [90m[1msavepack[22m | Storing File: res://assets/characters/baked/l_hunter-v3_2.png.import[39m[0m
[  78% ] [90m[1msavepack[22m | Storing File: res://.godot/imported/l_hunter_0.png-73129e327094ea01c2493b87c2f69ac2.ctex[39m[0m
[  78% ] [90m[1msavepack[22m | Storing File: res://assets/characters/baked/l_hunter_0.png.import[39m[0m
[  78% ] [90m[1msavepack[22m | Storing File: res://.godot/imported/l_hunter_1.png-177431a569f75cfd3d61f461e99564ae.ctex[39m[0m
[  78% ] [90m[1msavepack[22m | Storing File: res://assets/characters/baked/l_hunter_1.png.import[39m[0m
[  78% ] [90m[1msavepack[22m | Storing File: res://.godot/imported/l_hunter_2.png-542167ff7c3e99baa4f826945cb1ff51.ctex[39m[0m
[  78% ] [90m[1msavepack[22m | Storing File: res://assets/characters/baked/l_hunter_2.png.import[39m[0m
[  78% ] [90m[1msavepack[22m | Storing File: res://.godot/imported/l_riot_0.png-5a90d2258653ec08d97e78d254ba7404.ctex[39m[0m
[  78% ] [90m[1msavepack[22m | Storing File: res://assets/characters/baked/l_riot_0.png.import[39m[0m
[  78% ] [90m[1msavepack[22m | Storing File: res://.godot/imported/l_riot_1.png-86f0424a60df1a7b2ea0c063a0068cf4.ctex[39m[0m
[  78% ] [90m[1msavepack[22m | Storing File: res://assets/characters/baked/l_riot_1.png.import[39m[0m
[  78% ] [90m[1msavepack[22m | Storing File: res://.godot/imported/l_riot_2.png-d5fa9e4ee69997b395b620abfa20c422.ctex[39m[0m
[  78% ] [90m[1msavepack[22m | Storing File: res://assets/characters/baked/l_riot_2.png.import[39m[0m
[  78% ] [90m[1msavepack[22m | Storing File: res://.godot/imported/l_scout-v1_0.png-9ceffc928cd5e84a11d4b5624dabb3ff.ctex[39m[0m
[  78% ] [90m[1msavepack[22m | Storing File: res://assets/characters/baked/l_scout-v1_0.png.import[39m[0m
[  78% ] [90m[1msavepack[22m | Storing File: res://.godot/imported/l_scout-v1_1.png-99dfad6ec7dca3268b445d71e70f0482.ctex[39m[0m
[  78% ] [90m[1msavepack[22m | Storing File: res://assets/characters/baked/l_scout-v1_1.png.import[39m[0m
[  78% ] [90m[1msavepack[22m | Storing File: res://.godot/imported/l_scout-v1_2.png-fe4f2f64139f6e8172cebd33c9cbaed0.ctex[39m[0m
[  78% ] [90m[1msavepack[22m | Storing File: res://assets/characters/baked/l_scout-v1_2.png.import[39m[0m
[  78% ] [90m[1msavepack[22m | Storing File: res://.godot/imported/l_scout-v2_0.png-510cd8ae4727b1b9f31b6e72deb8d16a.ctex[39m[0m
[  78% ] [90m[1msavepack[22m | Storing File: res://assets/characters/baked/l_scout-v2_0.png.import[39m[0m
[  78% ] [90m[1msavepack[22m | Storing File: res://.godot/imported/l_scout-v2_1.png-07715c2e0b4a8d8ae569944f0ed32594.ctex[39m[0m
[  78% ] [90m[1msavepack[22m | Storing File: res://assets/characters/baked/l_scout-v2_1.png.import[39m[0m
[  78% ] [90m[1msavepack[22m | Storing File: res://.godot/imported/l_scout-v2_2.png-6231f9d9efd0be878f8db98a0d189220.ctex[39m[0m
[  78% ] [90m[1msavepack[22m | Storing File: res://assets/characters/baked/l_scout-v2_2.png.import[39m[0m
[  78% ] [90m[1msavepack[22m | Storing File: res://.godot/imported/l_scout-v3_0.png-2da7f64f6a399c7b16a763c2862dbddf.ctex[39m[0m
[  78% ] [90m[1msavepack[22m | Storing File: res://assets/characters/baked/l_scout-v3_0.png.import[39m[0m
[  78% ] [90m[1msavepack[22m | Storing File: res://.godot/imported/l_scout-v3_1.png-9698a0221771222cbe80c6c12e27b8ed.ctex[39m[0m
[  78% ] [90m[1msavepack[22m | Storing File: res://assets/characters/baked/l_scout-v3_1.png.import[39m[0m
[  78% ] [90m[1msavepack[22m | Storing File: res://.godot/imported/l_scout-v3_2.png-3673308d884dc29b716c070cc8ff6eef.ctex[39m[0m
[  78% ] [90m[1msavepack[22m | Storing File: res://assets/characters/baked/l_scout-v3_2.png.import[39m[0m
[  78% ] [90m[1msavepack[22m | Storing File: res://.godot/imported/l_scout_0.png-00bd22875e6a3aac95a762ae2bbe94ee.ctex[39m[0m
[  78% ] [90m[1msavepack[22m | Storing File: res://assets/characters/baked/l_scout_0.png.import[39m[0m
[  78% ] [90m[1msavepack[22m | Storing File: res://.godot/imported/l_scout_1.png-cdadf29abc6ded967d072d9a3f203c3e.ctex[39m[0m
[  78% ] [90m[1msavepack[22m | Storing File: res://assets/characters/baked/l_scout_1.png.import[39m[0m
[  78% ] [90m[1msavepack[22m | Storing File: res://.godot/imported/l_scout_2.png-202f1d8b0663da16559785f3ddbe6d23.ctex[39m[0m
[  78% ] [90m[1msavepack[22m | Storing File: res://assets/characters/baked/l_scout_2.png.import[39m[0m
[  78% ] [90m[1msavepack[22m | Storing File: res://.godot/imported/l_scrapper_0.png-552bbdec5db48173b22465eb020c0882.ctex[39m[0m
[  78% ] [90m[1msavepack[22m | Storing File: res://assets/characters/baked/l_scrapper_0.png.import[39m[0m
[  78% ] [90m[1msavepack[22m | Storing File: res://.godot/imported/l_scrapper_1.png-fdb9dec38d2c4653df6aeea209485f08.ctex[39m[0m
[  78% ] [90m[1msavepack[22m | Storing File: res://assets/characters/baked/l_scrapper_1.png.import[39m[0m
[  78% ] [90m[1msavepack[22m | Storing File: res://.godot/imported/l_scrapper_2.png-c18d1ebc1a5089762f9b5210e29662f7.ctex[39m[0m
[  78% ] [90m[1msavepack[22m | Storing File: res://assets/characters/baked/l_scrapper_2.png.import[39m[0m
[  78% ] [90m[1msavepack[22m | Storing File: res://.godot/imported/l_security_0.png-280d025d489ee43a7e2d67cbe1058557.ctex[39m[0m
[  78% ] [90m[1msavepack[22m | Storing File: res://assets/characters/baked/l_security_0.png.import[39m[0m
[  78% ] [90m[1msavepack[22m | Storing File: res://.godot/imported/l_security_1.png-4a094c51799ff664ee1d7d1c2983e0e3.ctex[39m[0m
[  78% ] [90m[1msavepack[22m | Storing File: res://assets/characters/baked/l_security_1.png.import[39m[0m
[  79% ] [90m[1msavepack[22m | Storing File: res://.godot/imported/l_security_2.png-5932105123336e91341792c764ccb7b3.ctex[39m[0m
[  79% ] [90m[1msavepack[22m | Storing File: res://assets/characters/baked/l_security_2.png.import[39m[0m
[  79% ] [90m[1msavepack[22m | Storing File: res://.godot/imported/l_shadow_0.png-4b9d416ea4a5abc1f82c6f17c166e97a.ctex[39m[0m
[  79% ] [90m[1msavepack[22m | Storing File: res://assets/characters/baked/l_shadow_0.png.import[39m[0m
[  79% ] [90m[1msavepack[22m | Storing File: res://.godot/imported/l_shadow_1.png-93b82bbab56165092687dbdc95117593.ctex[39m[0m
[  79% ] [90m[1msavepack[22m | Storing File: res://assets/characters/baked/l_shadow_1.png.import[39m[0m
[  79% ] [90m[1msavepack[22m | Storing File: res://.godot/imported/l_shadow_2.png-a4516133855e5e024de5a23772ab76f5.ctex[39m[0m
[  79% ] [90m[1msavepack[22m | Storing File: res://assets/characters/baked/l_shadow_2.png.import[39m[0m
[  79% ] [90m[1msavepack[22m | Storing File: res://.godot/imported/l_sniper_0.png-991f4bd5da6e25a7a9898cf819e14f74.ctex[39m[0m
[  79% ] [90m[1msavepack[22m | Storing File: res://assets/characters/baked/l_sniper_0.png.import[39m[0m
[  79% ] [90m[1msavepack[22m | Storing File: res://.godot/imported/l_sniper_1.png-6fc12196852f1f01538e0dadbfe548b1.ctex[39m[0m
[  79% ] [90m[1msavepack[22m | Storing File: res://assets/characters/baked/l_sniper_1.png.import[39m[0m
[  79% ] [90m[1msavepack[22m | Storing File: res://.godot/imported/l_sniper_2.png-e2b7f143b27059467faa445a894ad9bd.ctex[39m[0m
[  79% ] [90m[1msavepack[22m | Storing File: res://assets/characters/baked/l_sniper_2.png.import[39m[0m
[  79% ] [90m[1msavepack[22m | Storing File: res://.godot/imported/l_stagehand_0.png-870d7b6c80d48b1797616cff16a5b839.ctex[39m[0m
[  79% ] [90m[1msavepack[22m | Storing File: res://assets/characters/baked/l_stagehand_0.png.import[39m[0m
[  79% ] [90m[1msavepack[22m | Storing File: res://.godot/imported/l_stagehand_1.png-22c1aa0656006ea432c372c9846c0b20.ctex[39m[0m
[  79% ] [90m[1msavepack[22m | Storing File: res://assets/characters/baked/l_stagehand_1.png.import[39m[0m
[  79% ] [90m[1msavepack[22m | Storing File: res://.godot/imported/l_stagehand_2.png-272013825731389ead3e882a7a13ad93.ctex[39m[0m
[  79% ] [90m[1msavepack[22m | Storing File: res://assets/characters/baked/l_stagehand_2.png.import[39m[0m
[  79% ] [90m[1msavepack[22m | Storing File: res://.godot/imported/l_welder_0.png-56263490e5a278c0114072ffabf9ded5.ctex[39m[0m
[  79% ] [90m[1msavepack[22m | Storing File: res://assets/characters/baked/l_welder_0.png.import[39m[0m
[  79% ] [90m[1msavepack[22m | Storing File: res://.godot/imported/l_welder_1.png-60d3dd0e9cd2454cde60c0d77cdb6a08.ctex[39m[0m
[  79% ] [90m[1msavepack[22m | Storing File: res://assets/characters/baked/l_welder_1.png.import[39m[0m
[  79% ] [90m[1msavepack[22m | Storing File: res://.godot/imported/l_welder_2.png-037701c35fe99b879113a6d259531a36.ctex[39m[0m
[  79% ] [90m[1msavepack[22m | Storing File: res://assets/characters/baked/l_welder_2.png.import[39m[0m
[  79% ] [90m[1msavepack[22m | Storing File: res://.godot/imported/l_zombie_0.png-9e880a972dae32d8bb6145c4ec5f86f5.ctex[39m[0m
[  79% ] [90m[1msavepack[22m | Storing File: res://assets/characters/baked/l_zombie_0.png.import[39m[0m
[  79% ] [90m[1msavepack[22m | Storing File: res://.godot/imported/l_zombie_1.png-4cb1f1ce6840d99a0954f74a765f87cd.ctex[39m[0m
[  79% ] [90m[1msavepack[22m | Storing File: res://assets/characters/baked/l_zombie_1.png.import[39m[0m
[  79% ] [90m[1msavepack[22m | Storing File: res://.godot/imported/l_zombie_2.png-ce7365c46ee008136f4b3e23310b5521.ctex[39m[0m
[  79% ] [90m[1msavepack[22m | Storing File: res://assets/characters/baked/l_zombie_2.png.import[39m[0m
[  79% ] [90m[1msavepack[22m | Storing File: res://.godot/imported/t_bellhop_aim_dual.png-e92e8f7e5a3bb68aac662f9fd7e14cd5.ctex[39m[0m
[  79% ] [90m[1msavepack[22m | Storing File: res://assets/characters/baked/t_bellhop_aim_dual.png.import[39m[0m
[  79% ] [90m[1msavepack[22m | Storing File: res://.godot/imported/t_bellhop_aim_one.png-aaf8e346caa6b492ad7ab6ecf18f24c9.ctex[39m[0m
[  79% ] [90m[1msavepack[22m | Storing File: res://assets/characters/baked/t_bellhop_aim_one.png.import[39m[0m
[  79% ] [90m[1msavepack[22m | Storing File: res://.godot/imported/t_bellhop_aim_two.png-2d5187bc170a523fa089262a4266f1d2.ctex[39m[0m
[  79% ] [90m[1msavepack[22m | Storing File: res://assets/characters/baked/t_bellhop_aim_two.png.import[39m[0m
[  79% ] [90m[1msavepack[22m | Storing File: res://.godot/imported/t_bellhop_melee.png-36e1ceeabae2a04bc5122cc48e7a4bd8.ctex[39m[0m
[  79% ] [90m[1msavepack[22m | Storing File: res://assets/characters/baked/t_bellhop_melee.png.import[39m[0m
[  79% ] [90m[1msavepack[22m | Storing File: res://.godot/imported/t_bellhop_punch_l.png-03dcccc36460092c76e394c9290bee4c.ctex[39m[0m
[  79% ] [90m[1msavepack[22m | Storing File: res://assets/characters/baked/t_bellhop_punch_l.png.import[39m[0m
[  79% ] [90m[1msavepack[22m | Storing File: res://.godot/imported/t_bellhop_punch_r.png-1682602ad442eed8ab96251e86e14154.ctex[39m[0m
[  79% ] [90m[1msavepack[22m | Storing File: res://assets/characters/baked/t_bellhop_punch_r.png.import[39m[0m
[  79% ] [90m[1msavepack[22m | Storing File: res://.godot/imported/t_bellhop_unarmed.png-07e661400435eb3ce8d86b3787c25b32.ctex[39m[0m
[  79% ] [90m[1msavepack[22m | Storing File: res://assets/characters/baked/t_bellhop_unarmed.png.import[39m[0m
[  79% ] [90m[1msavepack[22m | Storing File: res://.godot/imported/t_biker_aim_dual.png-2856e4273758ee6bfb0a702c751a2773.ctex[39m[0m
[  79% ] [90m[1msavepack[22m | Storing File: res://assets/characters/baked/t_biker_aim_dual.png.import[39m[0m
[  79% ] [90m[1msavepack[22m | Storing File: res://.godot/imported/t_biker_aim_one.png-9645ae170e6bd35fabe5dfe76e0b99ac.ctex[39m[0m
[  79% ] [90m[1msavepack[22m | Storing File: res://assets/characters/baked/t_biker_aim_one.png.import[39m[0m
[  79% ] [90m[1msavepack[22m | Storing File: res://.godot/imported/t_biker_aim_two.png-d4895dcc0cc699fa9acdde2e23391af8.ctex[39m[0m
[  79% ] [90m[1msavepack[22m | Storing File: res://assets/characters/baked/t_biker_aim_two.png.import[39m[0m
[  79% ] [90m[1msavepack[22m | Storing File: res://.godot/imported/t_biker_melee.png-fe6f1a46ceedba44ee674877f3987a5e.ctex[39m[0m
[  79% ] [90m[1msavepack[22m | Storing File: res://assets/characters/baked/t_biker_melee.png.import[39m[0m
[  79% ] [90m[1msavepack[22m | Storing File: res://.godot/imported/t_biker_punch_l.png-74b7e54d5f9dc30456957dffdf62d7f7.ctex[39m[0m
[  79% ] [90m[1msavepack[22m | Storing File: res://assets/characters/baked/t_biker_punch_l.png.import[39m[0m
[  79% ] [90m[1msavepack[22m | Storing File: res://.godot/imported/t_biker_punch_r.png-adb679ef10cb682c539010d888a345e2.ctex[39m[0m
[  79% ] [90m[1msavepack[22m | Storing File: res://assets/characters/baked/t_biker_punch_r.png.import[39m[0m
[  79% ] [90m[1msavepack[22m | Storing File: res://.godot/imported/t_biker_unarmed.png-253c5ce0f069bb4ff386488f3fb47da1.ctex[39m[0m
[  79% ] [90m[1msavepack[22m | Storing File: res://assets/characters/baked/t_biker_unarmed.png.import[39m[0m
[  79% ] [90m[1msavepack[22m | Storing File: res://.godot/imported/t_boss_aim_dual.png-11496474e259db6304f0c4e3685a5a78.ctex[39m[0m
[  79% ] [90m[1msavepack[22m | Storing File: res://assets/characters/baked/t_boss_aim_dual.png.import[39m[0m
[  79% ] [90m[1msavepack[22m | Storing File: res://.godot/imported/t_boss_aim_one.png-45ef2ffaa9b3c5019b14e4073aab9747.ctex[39m[0m
[  79% ] [90m[1msavepack[22m | Storing File: res://assets/characters/baked/t_boss_aim_one.png.import[39m[0m
[  79% ] [90m[1msavepack[22m | Storing File: res://.godot/imported/t_boss_aim_two.png-bba77920c8337a82beb53d8142d979bf.ctex[39m[0m
[  79% ] [90m[1msavepack[22m | Storing File: res://assets/characters/baked/t_boss_aim_two.png.import[39m[0m
[  80% ] [90m[1msavepack[22m | Storing File: res://.godot/imported/t_boss_melee.png-314115e6337be81c969e4fe0d9667847.ctex[39m[0m
[  80% ] [90m[1msavepack[22m | Storing File: res://assets/characters/baked/t_boss_melee.png.import[39m[0m
[  80% ] [90m[1msavepack[22m | Storing File: res://.godot/imported/t_boss_punch_l.png-700042cd39f18cf760ca077ef00979e3.ctex[39m[0m
[  80% ] [90m[1msavepack[22m | Storing File: res://assets/characters/baked/t_boss_punch_l.png.import[39m[0m
[  80% ] [90m[1msavepack[22m | Storing File: res://.godot/imported/t_boss_punch_r.png-664526b8bee5253b151fb25cfaf28d55.ctex[39m[0m
[  80% ] [90m[1msavepack[22m | Storing File: res://assets/characters/baked/t_boss_punch_r.png.import[39m[0m
[  80% ] [90m[1msavepack[22m | Storing File: res://.godot/imported/t_boss_unarmed.png-fe97f52fbb71878399d7b341e2ced98e.ctex[39m[0m
[  80% ] [90m[1msavepack[22m | Storing File: res://assets/characters/baked/t_boss_unarmed.png.import[39m[0m
[  80% ] [90m[1msavepack[22m | Storing File: res://.godot/imported/t_buck_aim_dual.png-9b29dde1a40f7fb876510cd9704af068.ctex[39m[0m
[  80% ] [90m[1msavepack[22m | Storing File: res://assets/characters/baked/t_buck_aim_dual.png.import[39m[0m
[  80% ] [90m[1msavepack[22m | Storing File: res://.godot/imported/t_buck_aim_one.png-520e1215cacb7f7a1e045bdb5ad357fb.ctex[39m[0m
[  80% ] [90m[1msavepack[22m | Storing File: res://assets/characters/baked/t_buck_aim_one.png.import[39m[0m
[  80% ] [90m[1msavepack[22m | Storing File: res://.godot/imported/t_buck_aim_two.png-5458a3c62a0e980a98c4730112e13750.ctex[39m[0m
[  80% ] [90m[1msavepack[22m | Storing File: res://assets/characters/baked/t_buck_aim_two.png.import[39m[0m
[  80% ] [90m[1msavepack[22m | Storing File: res://.godot/imported/t_buck_melee.png-e50c2bfa06131eb7ed5a7cb77886d38b.ctex[39m[0m
[  80% ] [90m[1msavepack[22m | Storing File: res://assets/characters/baked/t_buck_melee.png.import[39m[0m
[  80% ] [90m[1msavepack[22m | Storing File: res://.godot/imported/t_buck_punch_l.png-ecce5747db950ee935087f80b6e7393a.ctex[39m[0m
[  80% ] [90m[1msavepack[22m | Storing File: res://assets/characters/baked/t_buck_punch_l.png.import[39m[0m
[  80% ] [90m[1msavepack[22m | Storing File: res://.godot/imported/t_buck_punch_r.png-b11fa166d26b6b4c23117a2f4308beba.ctex[39m[0m
[  80% ] [90m[1msavepack[22m | Storing File: res://assets/characters/baked/t_buck_punch_r.png.import[39m[0m
[  80% ] [90m[1msavepack[22m | Storing File: res://.godot/imported/t_buck_unarmed.png-1867162e242f5a87b9339b8198eb97a7.ctex[39m[0m
[  80% ] [90m[1msavepack[22m | Storing File: res://assets/characters/baked/t_buck_unarmed.png.import[39m[0m
[  80% ] [90m[1msavepack[22m | Storing File: res://.godot/imported/t_burnt_aim_dual.png-fadabb5a1ef51f18960531ca29831a8f.ctex[39m[0m
[  80% ] [90m[1msavepack[22m | Storing File: res://assets/characters/baked/t_burnt_aim_dual.png.import[39m[0m
[  80% ] [90m[1msavepack[22m | Storing File: res://.godot/imported/t_burnt_aim_one.png-f753734c8d0efdf64c95e15ca6df7992.ctex[39m[0m
[  80% ] [90m[1msavepack[22m | Storing File: res://assets/characters/baked/t_burnt_aim_one.png.import[39m[0m
[  80% ] [90m[1msavepack[22m | Storing File: res://.godot/imported/t_burnt_aim_two.png-902ca1d000fa83a26dd1f20eeac6e93b.ctex[39m[0m
[  80% ] [90m[1msavepack[22m | Storing File: res://assets/characters/baked/t_burnt_aim_two.png.import[39m[0m
[  80% ] [90m[1msavepack[22m | Storing File: res://.godot/imported/t_burnt_melee.png-c1f9f574481dabf06d904849bfc48db8.ctex[39m[0m
[  80% ] [90m[1msavepack[22m | Storing File: res://assets/characters/baked/t_burnt_melee.png.import[39m[0m
[  80% ] [90m[1msavepack[22m | Storing File: res://.godot/imported/t_burnt_punch_l.png-67ec09761d2f7ebc73e30a2054a106a4.ctex[39m[0m
[  80% ] [90m[1msavepack[22m | Storing File: res://assets/characters/baked/t_burnt_punch_l.png.import[39m[0m
[  80% ] [90m[1msavepack[22m | Storing File: res://.godot/imported/t_burnt_punch_r.png-6646a14ece947e7a41b0be2e52723027.ctex[39m[0m
[  80% ] [90m[1msavepack[22m | Storing File: res://assets/characters/baked/t_burnt_punch_r.png.import[39m[0m
[  80% ] [90m[1msavepack[22m | Storing File: res://.godot/imported/t_burnt_unarmed.png-8759524b1739ae1679d4271c1cfd1d37.ctex[39m[0m
[  80% ] [90m[1msavepack[22m | Storing File: res://assets/characters/baked/t_burnt_unarmed.png.import[39m[0m
[  80% ] [90m[1msavepack[22m | Storing File: res://.godot/imported/t_cass_aim_dual.png-f92fa81444b6b1e6dc653f88d7236195.ctex[39m[0m
[  80% ] [90m[1msavepack[22m | Storing File: res://assets/characters/baked/t_cass_aim_dual.png.import[39m[0m
[  80% ] [90m[1msavepack[22m | Storing File: res://.godot/imported/t_cass_aim_one.png-4924aee76a287d8481983571b4b79217.ctex[39m[0m
[  80% ] [90m[1msavepack[22m | Storing File: res://assets/characters/baked/t_cass_aim_one.png.import[39m[0m
[  80% ] [90m[1msavepack[22m | Storing File: res://.godot/imported/t_cass_aim_two.png-0f6cb636bea8b4814d6ac759e834aead.ctex[39m[0m
[  80% ] [90m[1msavepack[22m | Storing File: res://assets/characters/baked/t_cass_aim_two.png.import[39m[0m
[  80% ] [90m[1msavepack[22m | Storing File: res://.godot/imported/t_cass_melee.png-4be922a782679a0effb26f7a1383fdd4.ctex[39m[0m
[  80% ] [90m[1msavepack[22m | Storing File: res://assets/characters/baked/t_cass_melee.png.import[39m[0m
[  80% ] [90m[1msavepack[22m | Storing File: res://.godot/imported/t_cass_punch_l.png-9fc0cef355d89644a4cb3e50420689b6.ctex[39m[0m
[  80% ] [90m[1msavepack[22m | Storing File: res://assets/characters/baked/t_cass_punch_l.png.import[39m[0m
[  80% ] [90m[1msavepack[22m | Storing File: res://.godot/imported/t_cass_punch_r.png-dbf11d88e7e7cf14b124785438b7525d.ctex[39m[0m
[  80% ] [90m[1msavepack[22m | Storing File: res://assets/characters/baked/t_cass_punch_r.png.import[39m[0m
[  80% ] [90m[1msavepack[22m | Storing File: res://.godot/imported/t_cass_unarmed.png-e8be34fa96cb38234a878a8e0d058cd2.ctex[39m[0m
[  80% ] [90m[1msavepack[22m | Storing File: res://assets/characters/baked/t_cass_unarmed.png.import[39m[0m
[  80% ] [90m[1msavepack[22m | Storing File: res://.godot/imported/t_civilian-v1_aim_dual.png-ad0bc6dc852516218dd46f4f34ee89bf.ctex[39m[0m
[  80% ] [90m[1msavepack[22m | Storing File: res://assets/characters/baked/t_civilian-v1_aim_dual.png.import[39m[0m
[  80% ] [90m[1msavepack[22m | Storing File: res://.godot/imported/t_civilian-v1_aim_one.png-8a9a5675d62e2312fc6c06c4e4d8b9bf.ctex[39m[0m
[  80% ] [90m[1msavepack[22m | Storing File: res://assets/characters/baked/t_civilian-v1_aim_one.png.import[39m[0m
[  80% ] [90m[1msavepack[22m | Storing File: res://.godot/imported/t_civilian-v1_aim_two.png-ac41af6221b23b96ac6420c4ef4a72a0.ctex[39m[0m
[  80% ] [90m[1msavepack[22m | Storing File: res://assets/characters/baked/t_civilian-v1_aim_two.png.import[39m[0m
[  80% ] [90m[1msavepack[22m | Storing File: res://.godot/imported/t_civilian-v1_melee.png-c7d934400f21e75c5e6960461a508b88.ctex[39m[0m
[  80% ] [90m[1msavepack[22m | Storing File: res://assets/characters/baked/t_civilian-v1_melee.png.import[39m[0m
[  80% ] [90m[1msavepack[22m | Storing File: res://.godot/imported/t_civilian-v1_punch_l.png-043774e0cd779d2eeb606d374af2520f.ctex[39m[0m
[  80% ] [90m[1msavepack[22m | Storing File: res://assets/characters/baked/t_civilian-v1_punch_l.png.import[39m[0m
[  80% ] [90m[1msavepack[22m | Storing File: res://.godot/imported/t_civilian-v1_punch_r.png-e8245a7295c55cfed6ee37f7a9762505.ctex[39m[0m
[  80% ] [90m[1msavepack[22m | Storing File: res://assets/characters/baked/t_civilian-v1_punch_r.png.import[39m[0m
[  80% ] [90m[1msavepack[22m | Storing File: res://.godot/imported/t_civilian-v1_unarmed.png-f4365e530bf983f708d7c6fab945a456.ctex[39m[0m
[  80% ] [90m[1msavepack[22m | Storing File: res://assets/characters/baked/t_civilian-v1_unarmed.png.import[39m[0m
[  81% ] [90m[1msavepack[22m | Storing File: res://.godot/imported/t_civilian-v2_aim_dual.png-81a55ecbc0e4d08a83cf5ded5b65d0dc.ctex[39m[0m
[  81% ] [90m[1msavepack[22m | Storing File: res://assets/characters/baked/t_civilian-v2_aim_dual.png.import[39m[0m
[  81% ] [90m[1msavepack[22m | Storing File: res://.godot/imported/t_civilian-v2_aim_one.png-aa4f6ecff372e6c54d0de17a2e23cd24.ctex[39m[0m
[  81% ] [90m[1msavepack[22m | Storing File: res://assets/characters/baked/t_civilian-v2_aim_one.png.import[39m[0m
[  81% ] [90m[1msavepack[22m | Storing File: res://.godot/imported/t_civilian-v2_aim_two.png-183b5f046f2f09023f0dabda54a371a0.ctex[39m[0m
[  81% ] [90m[1msavepack[22m | Storing File: res://assets/characters/baked/t_civilian-v2_aim_two.png.import[39m[0m
[  81% ] [90m[1msavepack[22m | Storing File: res://.godot/imported/t_civilian-v2_melee.png-45118400b9a424d3408879b447a15370.ctex[39m[0m
[  81% ] [90m[1msavepack[22m | Storing File: res://assets/characters/baked/t_civilian-v2_melee.png.import[39m[0m
[  81% ] [90m[1msavepack[22m | Storing File: res://.godot/imported/t_civilian-v2_punch_l.png-cdb281d49f25c2308f3918131d9864bb.ctex[39m[0m
[  81% ] [90m[1msavepack[22m | Storing File: res://assets/characters/baked/t_civilian-v2_punch_l.png.import[39m[0m
[  81% ] [90m[1msavepack[22m | Storing File: res://.godot/imported/t_civilian-v2_punch_r.png-0f2d19c0665f0975fbf0bae47d957694.ctex[39m[0m
[  81% ] [90m[1msavepack[22m | Storing File: res://assets/characters/baked/t_civilian-v2_punch_r.png.import[39m[0m
[  81% ] [90m[1msavepack[22m | Storing File: res://.godot/imported/t_civilian-v2_unarmed.png-6fa85eef66371f5ea12c91f0d6adff3e.ctex[39m[0m
[  81% ] [90m[1msavepack[22m | Storing File: res://assets/characters/baked/t_civilian-v2_unarmed.png.import[39m[0m
[  81% ] [90m[1msavepack[22m | Storing File: res://.godot/imported/t_civilian-v3_aim_dual.png-88223aa501103cdd5b0b65e021e38419.ctex[39m[0m
[  81% ] [90m[1msavepack[22m | Storing File: res://assets/characters/baked/t_civilian-v3_aim_dual.png.import[39m[0m
[  81% ] [90m[1msavepack[22m | Storing File: res://.godot/imported/t_civilian-v3_aim_one.png-3b5aa1afa0665047f48b7ffb8f65347f.ctex[39m[0m
[  81% ] [90m[1msavepack[22m | Storing File: res://assets/characters/baked/t_civilian-v3_aim_one.png.import[39m[0m
[  81% ] [90m[1msavepack[22m | Storing File: res://.godot/imported/t_civilian-v3_aim_two.png-638ca6efc135a40d8ab9c5d41bd96aa5.ctex[39m[0m
[  81% ] [90m[1msavepack[22m | Storing File: res://assets/characters/baked/t_civilian-v3_aim_two.png.import[39m[0m
[  81% ] [90m[1msavepack[22m | Storing File: res://.godot/imported/t_civilian-v3_melee.png-7ed1c264226ad1319a8f78725bee6cdc.ctex[39m[0m
[  81% ] [90m[1msavepack[22m | Storing File: res://assets/characters/baked/t_civilian-v3_melee.png.import[39m[0m
[  81% ] [90m[1msavepack[22m | Storing File: res://.godot/imported/t_civilian-v3_punch_l.png-5c196b38565a001481b2e67478e713c0.ctex[39m[0m
[  81% ] [90m[1msavepack[22m | Storing File: res://assets/characters/baked/t_civilian-v3_punch_l.png.import[39m[0m
[  81% ] [90m[1msavepack[22m | Storing File: res://.godot/imported/t_civilian-v3_punch_r.png-c7946371e524fa8254668f6ea2ddef20.ctex[39m[0m
[  81% ] [90m[1msavepack[22m | Storing File: res://assets/characters/baked/t_civilian-v3_punch_r.png.import[39m[0m
[  81% ] [90m[1msavepack[22m | Storing File: res://.godot/imported/t_civilian-v3_unarmed.png-c57f2fc967a00771db0fbb74d6928928.ctex[39m[0m
[  81% ] [90m[1msavepack[22m | Storing File: res://assets/characters/baked/t_civilian-v3_unarmed.png.import[39m[0m
[  81% ] [90m[1msavepack[22m | Storing File: res://.godot/imported/t_civilian_aim_dual.png-6ac0c1da67812610f155507b27c26535.ctex[39m[0m
[  81% ] [90m[1msavepack[22m | Storing File: res://assets/characters/baked/t_civilian_aim_dual.png.import[39m[0m
[  81% ] [90m[1msavepack[22m | Storing File: res://.godot/imported/t_civilian_aim_one.png-9ea3208810d7317f5b183907ae9c60b3.ctex[39m[0m
[  81% ] [90m[1msavepack[22m | Storing File: res://assets/characters/baked/t_civilian_aim_one.png.import[39m[0m
[  81% ] [90m[1msavepack[22m | Storing File: res://.godot/imported/t_civilian_aim_two.png-e5df2978e0797a160e99c34386aee36e.ctex[39m[0m
[  81% ] [90m[1msavepack[22m | Storing File: res://assets/characters/baked/t_civilian_aim_two.png.import[39m[0m
[  81% ] [90m[1msavepack[22m | Storing File: res://.godot/imported/t_civilian_melee.png-8a94d153aeb880219a360aaf8a00c202.ctex[39m[0m
[  81% ] [90m[1msavepack[22m | Storing File: res://assets/characters/baked/t_civilian_melee.png.import[39m[0m
[  81% ] [90m[1msavepack[22m | Storing File: res://.godot/imported/t_civilian_punch_l.png-84d66e4f3119ac021561749d9a1ecb1f.ctex[39m[0m
[  81% ] [90m[1msavepack[22m | Storing File: res://assets/characters/baked/t_civilian_punch_l.png.import[39m[0m
[  81% ] [90m[1msavepack[22m | Storing File: res://.godot/imported/t_civilian_punch_r.png-a3dbf64a945e52061f8c083b3ef69ce1.ctex[39m[0m
[  81% ] [90m[1msavepack[22m | Storing File: res://assets/characters/baked/t_civilian_punch_r.png.import[39m[0m
[  81% ] [90m[1msavepack[22m | Storing File: res://.godot/imported/t_civilian_unarmed.png-72852f0ea0459c53c8f6bd290f8784d1.ctex[39m[0m
[  81% ] [90m[1msavepack[22m | Storing File: res://assets/characters/baked/t_civilian_unarmed.png.import[39m[0m
[  81% ] [90m[1msavepack[22m | Storing File: res://.godot/imported/t_cultist_aim_dual.png-634a06e42d19fb31bc4464032fd2adb0.ctex[39m[0m
[  81% ] [90m[1msavepack[22m | Storing File: res://assets/characters/baked/t_cultist_aim_dual.png.import[39m[0m
[  81% ] [90m[1msavepack[22m | Storing File: res://.godot/imported/t_cultist_aim_one.png-be7b1177988d89e60f498b55683ee091.ctex[39m[0m
[  81% ] [90m[1msavepack[22m | Storing File: res://assets/characters/baked/t_cultist_aim_one.png.import[39m[0m
[  81% ] [90m[1msavepack[22m | Storing File: res://.godot/imported/t_cultist_aim_two.png-4a44d3191ebaf9933e37db3f4bfde01f.ctex[39m[0m
[  81% ] [90m[1msavepack[22m | Storing File: res://assets/characters/baked/t_cultist_aim_two.png.import[39m[0m
[  81% ] [90m[1msavepack[22m | Storing File: res://.godot/imported/t_cultist_melee.png-9317b442883803143e7b728847387357.ctex[39m[0m
[  81% ] [90m[1msavepack[22m | Storing File: res://assets/characters/baked/t_cultist_melee.png.import[39m[0m
[  81% ] [90m[1msavepack[22m | Storing File: res://.godot/imported/t_cultist_punch_l.png-75052877074cc06ca3b118a20977a1a3.ctex[39m[0m
[  81% ] [90m[1msavepack[22m | Storing File: res://assets/characters/baked/t_cultist_punch_l.png.import[39m[0m
[  81% ] [90m[1msavepack[22m | Storing File: res://.godot/imported/t_cultist_punch_r.png-eba4d83e3d0c6562d62e5e140971d822.ctex[39m[0m
[  81% ] [90m[1msavepack[22m | Storing File: res://assets/characters/baked/t_cultist_punch_r.png.import[39m[0m
[  81% ] [90m[1msavepack[22m | Storing File: res://.godot/imported/t_cultist_unarmed.png-11847cea4c6eaa3688d561608f5ccd19.ctex[39m[0m
[  81% ] [90m[1msavepack[22m | Storing File: res://assets/characters/baked/t_cultist_unarmed.png.import[39m[0m
[  81% ] [90m[1msavepack[22m | Storing File: res://.godot/imported/t_demon_aim_dual.png-8478010959cfac528b8bb9cced09e842.ctex[39m[0m
[  81% ] [90m[1msavepack[22m | Storing File: res://assets/characters/baked/t_demon_aim_dual.png.import[39m[0m
[  81% ] [90m[1msavepack[22m | Storing File: res://.godot/imported/t_demon_aim_one.png-dbf4e67b25554f5dc146b6c76b934e5d.ctex[39m[0m
[  81% ] [90m[1msavepack[22m | Storing File: res://assets/characters/baked/t_demon_aim_one.png.import[39m[0m
[  81% ] [90m[1msavepack[22m | Storing File: res://.godot/imported/t_demon_aim_two.png-a6f376808eb3df07123f42a53f64d4c7.ctex[39m[0m
[  81% ] [90m[1msavepack[22m | Storing File: res://assets/characters/baked/t_demon_aim_two.png.import[39m[0m
[  81% ] [90m[1msavepack[22m | Storing File: res://.godot/imported/t_demon_melee.png-293f9b3f98565e51b8d221a49c74e1a3.ctex[39m[0m
[  81% ] [90m[1msavepack[22m | Storing File: res://assets/characters/baked/t_demon_melee.png.import[39m[0m
[  82% ] [90m[1msavepack[22m | Storing File: res://.godot/imported/t_demon_punch_l.png-613f5204f08cd4d17cdd9a185956b166.ctex[39m[0m
[  82% ] [90m[1msavepack[22m | Storing File: res://assets/characters/baked/t_demon_punch_l.png.import[39m[0m
[  82% ] [90m[1msavepack[22m | Storing File: res://.godot/imported/t_demon_punch_r.png-db9ca4c9e8d48f71df7917cf9ff52052.ctex[39m[0m
[  82% ] [90m[1msavepack[22m | Storing File: res://assets/characters/baked/t_demon_punch_r.png.import[39m[0m
[  82% ] [90m[1msavepack[22m | Storing File: res://.godot/imported/t_demon_unarmed.png-8ec3057539e9e9f9319b6293d8e8ab38.ctex[39m[0m
[  82% ] [90m[1msavepack[22m | Storing File: res://assets/characters/baked/t_demon_unarmed.png.import[39m[0m
[  82% ] [90m[1msavepack[22m | Storing File: res://.godot/imported/t_fireman_aim_dual.png-07fcf64fccb40a95a5e6ed1a0d38cd33.ctex[39m[0m
[  82% ] [90m[1msavepack[22m | Storing File: res://assets/characters/baked/t_fireman_aim_dual.png.import[39m[0m
[  82% ] [90m[1msavepack[22m | Storing File: res://.godot/imported/t_fireman_aim_one.png-08095e3407e4005e3a6c601f98c60134.ctex[39m[0m
[  82% ] [90m[1msavepack[22m | Storing File: res://assets/characters/baked/t_fireman_aim_one.png.import[39m[0m
[  82% ] [90m[1msavepack[22m | Storing File: res://.godot/imported/t_fireman_aim_two.png-37b329045d53e4783fee7a184768264b.ctex[39m[0m
[  82% ] [90m[1msavepack[22m | Storing File: res://assets/characters/baked/t_fireman_aim_two.png.import[39m[0m
[  82% ] [90m[1msavepack[22m | Storing File: res://.godot/imported/t_fireman_melee.png-3f080fd6764c8edea819a88e71d99ec6.ctex[39m[0m
[  82% ] [90m[1msavepack[22m | Storing File: res://assets/characters/baked/t_fireman_melee.png.import[39m[0m
[  82% ] [90m[1msavepack[22m | Storing File: res://.godot/imported/t_fireman_punch_l.png-3b1b0588f2b3dd417233be3b8711cff1.ctex[39m[0m
[  82% ] [90m[1msavepack[22m | Storing File: res://assets/characters/baked/t_fireman_punch_l.png.import[39m[0m
[  82% ] [90m[1msavepack[22m | Storing File: res://.godot/imported/t_fireman_punch_r.png-d90150493d25c838e515b225c2e2236d.ctex[39m[0m
[  82% ] [90m[1msavepack[22m | Storing File: res://assets/characters/baked/t_fireman_punch_r.png.import[39m[0m
[  82% ] [90m[1msavepack[22m | Storing File: res://.godot/imported/t_fireman_unarmed.png-9989106b9f796ed8cc58787671653c33.ctex[39m[0m
[  82% ] [90m[1msavepack[22m | Storing File: res://assets/characters/baked/t_fireman_unarmed.png.import[39m[0m
[  82% ] [90m[1msavepack[22m | Storing File: res://.godot/imported/t_ghoul_aim_dual.png-4dd9af10c814102913498c229a2578f1.ctex[39m[0m
[  82% ] [90m[1msavepack[22m | Storing File: res://assets/characters/baked/t_ghoul_aim_dual.png.import[39m[0m
[  82% ] [90m[1msavepack[22m | Storing File: res://.godot/imported/t_ghoul_aim_one.png-dd9f39d2dedd7bcf5471e4de0c36150a.ctex[39m[0m
[  82% ] [90m[1msavepack[22m | Storing File: res://assets/characters/baked/t_ghoul_aim_one.png.import[39m[0m
[  82% ] [90m[1msavepack[22m | Storing File: res://.godot/imported/t_ghoul_aim_two.png-e5d7de832f58ee58f4619dd1e70bae74.ctex[39m[0m
[  82% ] [90m[1msavepack[22m | Storing File: res://assets/characters/baked/t_ghoul_aim_two.png.import[39m[0m
[  82% ] [90m[1msavepack[22m | Storing File: res://.godot/imported/t_ghoul_melee.png-4b7e070d2d0dca1b19b69384d7f52d18.ctex[39m[0m
[  82% ] [90m[1msavepack[22m | Storing File: res://assets/characters/baked/t_ghoul_melee.png.import[39m[0m
[  82% ] [90m[1msavepack[22m | Storing File: res://.godot/imported/t_ghoul_punch_l.png-d1cb6ab5780147746701df8b4b25f6ea.ctex[39m[0m
[  82% ] [90m[1msavepack[22m | Storing File: res://assets/characters/baked/t_ghoul_punch_l.png.import[39m[0m
[  82% ] [90m[1msavepack[22m | Storing File: res://.godot/imported/t_ghoul_punch_r.png-f15588a029471b0eb8a877163d8f42d0.ctex[39m[0m
[  82% ] [90m[1msavepack[22m | Storing File: res://assets/characters/baked/t_ghoul_punch_r.png.import[39m[0m
[  82% ] [90m[1msavepack[22m | Storing File: res://.godot/imported/t_ghoul_unarmed.png-db4090cdf406eaaa6a46665cb1557900.ctex[39m[0m
[  82% ] [90m[1msavepack[22m | Storing File: res://assets/characters/baked/t_ghoul_unarmed.png.import[39m[0m
[  82% ] [90m[1msavepack[22m | Storing File: res://.godot/imported/t_guard-v1_aim_dual.png-f49a3a455349bb08fec0c06b1ae6ed82.ctex[39m[0m
[  82% ] [90m[1msavepack[22m | Storing File: res://assets/characters/baked/t_guard-v1_aim_dual.png.import[39m[0m
[  82% ] [90m[1msavepack[22m | Storing File: res://.godot/imported/t_guard-v1_aim_one.png-9137b6ffb8a1b6fbf58858b5ae268f60.ctex[39m[0m
[  82% ] [90m[1msavepack[22m | Storing File: res://assets/characters/baked/t_guard-v1_aim_one.png.import[39m[0m
[  82% ] [90m[1msavepack[22m | Storing File: res://.godot/imported/t_guard-v1_aim_two.png-51f971bf54f3e1c8e30c0e6698954cf0.ctex[39m[0m
[  82% ] [90m[1msavepack[22m | Storing File: res://assets/characters/baked/t_guard-v1_aim_two.png.import[39m[0m
[  82% ] [90m[1msavepack[22m | Storing File: res://.godot/imported/t_guard-v1_melee.png-3b7404f20ca9f24667ede27ea8321e72.ctex[39m[0m
[  82% ] [90m[1msavepack[22m | Storing File: res://assets/characters/baked/t_guard-v1_melee.png.import[39m[0m
[  82% ] [90m[1msavepack[22m | Storing File: res://.godot/imported/t_guard-v1_punch_l.png-f97e57b8e3c0e33901ac7f7ea5e0b973.ctex[39m[0m
[  82% ] [90m[1msavepack[22m | Storing File: res://assets/characters/baked/t_guard-v1_punch_l.png.import[39m[0m
[  82% ] [90m[1msavepack[22m | Storing File: res://.godot/imported/t_guard-v1_punch_r.png-0bea8ecda7be143d7c59a20c23e62b38.ctex[39m[0m
[  82% ] [90m[1msavepack[22m | Storing File: res://assets/characters/baked/t_guard-v1_punch_r.png.import[39m[0m
[  82% ] [90m[1msavepack[22m | Storing File: res://.godot/imported/t_guard-v1_unarmed.png-4b3eb3c8d0ab4d1184449ca0947bda30.ctex[39m[0m
[  82% ] [90m[1msavepack[22m | Storing File: res://assets/characters/baked/t_guard-v1_unarmed.png.import[39m[0m
[  82% ] [90m[1msavepack[22m | Storing File: res://.godot/imported/t_guard-v2_aim_dual.png-41a82fcd2a4c5cd47386a53b95db3859.ctex[39m[0m
[  82% ] [90m[1msavepack[22m | Storing File: res://assets/characters/baked/t_guard-v2_aim_dual.png.import[39m[0m
[  82% ] [90m[1msavepack[22m | Storing File: res://.godot/imported/t_guard-v2_aim_one.png-0295efd2f985bb72fe102a309ad9d4d5.ctex[39m[0m
[  82% ] [90m[1msavepack[22m | Storing File: res://assets/characters/baked/t_guard-v2_aim_one.png.import[39m[0m
[  82% ] [90m[1msavepack[22m | Storing File: res://.godot/imported/t_guard-v2_aim_two.png-7b400bc89c3df10f24a88e79487794c6.ctex[39m[0m
[  82% ] [90m[1msavepack[22m | Storing File: res://assets/characters/baked/t_guard-v2_aim_two.png.import[39m[0m
[  82% ] [90m[1msavepack[22m | Storing File: res://.godot/imported/t_guard-v2_melee.png-8c60b289fd8a96f375dd30512eeef189.ctex[39m[0m
[  82% ] [90m[1msavepack[22m | Storing File: res://assets/characters/baked/t_guard-v2_melee.png.import[39m[0m
[  82% ] [90m[1msavepack[22m | Storing File: res://.godot/imported/t_guard-v2_punch_l.png-6c4cc8f8d56503648f4f0aba001d55d1.ctex[39m[0m
[  82% ] [90m[1msavepack[22m | Storing File: res://assets/characters/baked/t_guard-v2_punch_l.png.import[39m[0m
[  82% ] [90m[1msavepack[22m | Storing File: res://.godot/imported/t_guard-v2_punch_r.png-6fecd33fbf1e61c89bd3761d049407f7.ctex[39m[0m
[  82% ] [90m[1msavepack[22m | Storing File: res://assets/characters/baked/t_guard-v2_punch_r.png.import[39m[0m
[  82% ] [90m[1msavepack[22m | Storing File: res://.godot/imported/t_guard-v2_unarmed.png-6c913e085934aac4196a897de85d8c21.ctex[39m[0m
[  82% ] [90m[1msavepack[22m | Storing File: res://assets/characters/baked/t_guard-v2_unarmed.png.import[39m[0m
[  82% ] [90m[1msavepack[22m | Storing File: res://.godot/imported/t_guard-v3_aim_dual.png-6b88c863cf2a6f5e84645c736feaaa7e.ctex[39m[0m
[  82% ] [90m[1msavepack[22m | Storing File: res://assets/characters/baked/t_guard-v3_aim_dual.png.import[39m[0m
[  82% ] [90m[1msavepack[22m | Storing File: res://.godot/imported/t_guard-v3_aim_one.png-daa9ddb318db88b69f1f2825ec5a6f56.ctex[39m[0m
[  82% ] [90m[1msavepack[22m | Storing File: res://assets/characters/baked/t_guard-v3_aim_one.png.import[39m[0m
[  83% ] [90m[1msavepack[22m | Storing File: res://.godot/imported/t_guard-v3_aim_two.png-f3b06d15882bba9ccc8dc61e122f7055.ctex[39m[0m
[  83% ] [90m[1msavepack[22m | Storing File: res://assets/characters/baked/t_guard-v3_aim_two.png.import[39m[0m
[  83% ] [90m[1msavepack[22m | Storing File: res://.godot/imported/t_guard-v3_melee.png-e9d1dc92435e15b8687d2c27bbfb8a9a.ctex[39m[0m
[  83% ] [90m[1msavepack[22m | Storing File: res://assets/characters/baked/t_guard-v3_melee.png.import[39m[0m
[  83% ] [90m[1msavepack[22m | Storing File: res://.godot/imported/t_guard-v3_punch_l.png-32643338316f13adf169ff09bde02fde.ctex[39m[0m
[  83% ] [90m[1msavepack[22m | Storing File: res://assets/characters/baked/t_guard-v3_punch_l.png.import[39m[0m
[  83% ] [90m[1msavepack[22m | Storing File: res://.godot/imported/t_guard-v3_punch_r.png-6d0f979855d720d619506d0f020d6095.ctex[39m[0m
[  83% ] [90m[1msavepack[22m | Storing File: res://assets/characters/baked/t_guard-v3_punch_r.png.import[39m[0m
[  83% ] [90m[1msavepack[22m | Storing File: res://.godot/imported/t_guard-v3_unarmed.png-861d36874b4c2a95f20638f48e038cee.ctex[39m[0m
[  83% ] [90m[1msavepack[22m | Storing File: res://assets/characters/baked/t_guard-v3_unarmed.png.import[39m[0m
[  83% ] [90m[1msavepack[22m | Storing File: res://.godot/imported/t_guard_aim_dual.png-bfcc60392fb4d22371e9279bd4e58d92.ctex[39m[0m
[  83% ] [90m[1msavepack[22m | Storing File: res://assets/characters/baked/t_guard_aim_dual.png.import[39m[0m
[  83% ] [90m[1msavepack[22m | Storing File: res://.godot/imported/t_guard_aim_one.png-9bbab9bb065ea2afd498b4ef2a5059bb.ctex[39m[0m
[  83% ] [90m[1msavepack[22m | Storing File: res://assets/characters/baked/t_guard_aim_one.png.import[39m[0m
[  83% ] [90m[1msavepack[22m | Storing File: res://.godot/imported/t_guard_aim_two.png-097e74c44feadcd3a2c8eac31bb75c2e.ctex[39m[0m
[  83% ] [90m[1msavepack[22m | Storing File: res://assets/characters/baked/t_guard_aim_two.png.import[39m[0m
[  83% ] [90m[1msavepack[22m | Storing File: res://.godot/imported/t_guard_melee.png-8e54e503167704d06ce8bf4e31332dee.ctex[39m[0m
[  83% ] [90m[1msavepack[22m | Storing File: res://assets/characters/baked/t_guard_melee.png.import[39m[0m
[  83% ] [90m[1msavepack[22m | Storing File: res://.godot/imported/t_guard_punch_l.png-99e69fe5934390dd356cb749a9b1f533.ctex[39m[0m
[  83% ] [90m[1msavepack[22m | Storing File: res://assets/characters/baked/t_guard_punch_l.png.import[39m[0m
[  83% ] [90m[1msavepack[22m | Storing File: res://.godot/imported/t_guard_punch_r.png-802783d06ac0a97a78aa81c1d89573a3.ctex[39m[0m
[  83% ] [90m[1msavepack[22m | Storing File: res://assets/characters/baked/t_guard_punch_r.png.import[39m[0m
[  83% ] [90m[1msavepack[22m | Storing File: res://.godot/imported/t_guard_unarmed.png-2406bc41364fd1a8e3f960b6fc24e407.ctex[39m[0m
[  83% ] [90m[1msavepack[22m | Storing File: res://assets/characters/baked/t_guard_unarmed.png.import[39m[0m
[  83% ] [90m[1msavepack[22m | Storing File: res://.godot/imported/t_gunner-v1_aim_dual.png-924e06a4531bb0fb7e810c8c31835520.ctex[39m[0m
[  83% ] [90m[1msavepack[22m | Storing File: res://assets/characters/baked/t_gunner-v1_aim_dual.png.import[39m[0m
[  83% ] [90m[1msavepack[22m | Storing File: res://.godot/imported/t_gunner-v1_aim_one.png-f5c259db25c0865b3fdc04e73d3808ef.ctex[39m[0m
[  83% ] [90m[1msavepack[22m | Storing File: res://assets/characters/baked/t_gunner-v1_aim_one.png.import[39m[0m
[  83% ] [90m[1msavepack[22m | Storing File: res://.godot/imported/t_gunner-v1_aim_two.png-c4467db492405827ae76b560f42fccfc.ctex[39m[0m
[  83% ] [90m[1msavepack[22m | Storing File: res://assets/characters/baked/t_gunner-v1_aim_two.png.import[39m[0m
[  83% ] [90m[1msavepack[22m | Storing File: res://.godot/imported/t_gunner-v1_melee.png-ad418bee8750654604105f4d498510c3.ctex[39m[0m
[  83% ] [90m[1msavepack[22m | Storing File: res://assets/characters/baked/t_gunner-v1_melee.png.import[39m[0m
[  83% ] [90m[1msavepack[22m | Storing File: res://.godot/imported/t_gunner-v1_punch_l.png-39e827dd0f2a08deeee6c7be66a3cea1.ctex[39m[0m
[  83% ] [90m[1msavepack[22m | Storing File: res://assets/characters/baked/t_gunner-v1_punch_l.png.import[39m[0m
[  83% ] [90m[1msavepack[22m | Storing File: res://.godot/imported/t_gunner-v1_punch_r.png-4770a6a715f76d4213d8632679931b9a.ctex[39m[0m
[  83% ] [90m[1msavepack[22m | Storing File: res://assets/characters/baked/t_gunner-v1_punch_r.png.import[39m[0m
[  83% ] [90m[1msavepack[22m | Storing File: res://.godot/imported/t_gunner-v1_unarmed.png-34ede1de1ece5e8db48d71bd9dbb1f48.ctex[39m[0m
[  83% ] [90m[1msavepack[22m | Storing File: res://assets/characters/baked/t_gunner-v1_unarmed.png.import[39m[0m
[  83% ] [90m[1msavepack[22m | Storing File: res://.godot/imported/t_gunner-v2_aim_dual.png-e4fd014668b8771c1389a79901f43c09.ctex[39m[0m
[  83% ] [90m[1msavepack[22m | Storing File: res://assets/characters/baked/t_gunner-v2_aim_dual.png.import[39m[0m
[  83% ] [90m[1msavepack[22m | Storing File: res://.godot/imported/t_gunner-v2_aim_one.png-5cf3cc905aa8187d07af2bb4fcbcc897.ctex[39m[0m
[  83% ] [90m[1msavepack[22m | Storing File: res://assets/characters/baked/t_gunner-v2_aim_one.png.import[39m[0m
[  83% ] [90m[1msavepack[22m | Storing File: res://.godot/imported/t_gunner-v2_aim_two.png-c8dfcf95a079cf92467f47a6413a5019.ctex[39m[0m
[  83% ] [90m[1msavepack[22m | Storing File: res://assets/characters/baked/t_gunner-v2_aim_two.png.import[39m[0m
[  83% ] [90m[1msavepack[22m | Storing File: res://.godot/imported/t_gunner-v2_melee.png-9de543149922caa1eafe35d5af7d4c48.ctex[39m[0m
[  83% ] [90m[1msavepack[22m | Storing File: res://assets/characters/baked/t_gunner-v2_melee.png.import[39m[0m
[  83% ] [90m[1msavepack[22m | Storing File: res://.godot/imported/t_gunner-v2_punch_l.png-c0419710c133650a49c60b46f4007c1f.ctex[39m[0m
[  83% ] [90m[1msavepack[22m | Storing File: res://assets/characters/baked/t_gunner-v2_punch_l.png.import[39m[0m
[  83% ] [90m[1msavepack[22m | Storing File: res://.godot/imported/t_gunner-v2_punch_r.png-6d33abdc8cb2dd14c3b9f24684519d38.ctex[39m[0m
[  83% ] [90m[1msavepack[22m | Storing File: res://assets/characters/baked/t_gunner-v2_punch_r.png.import[39m[0m
[  83% ] [90m[1msavepack[22m | Storing File: res://.godot/imported/t_gunner-v2_unarmed.png-96c2b2e94a2ce407b3b5a6353bca115c.ctex[39m[0m
[  83% ] [90m[1msavepack[22m | Storing File: res://assets/characters/baked/t_gunner-v2_unarmed.png.import[39m[0m
[  83% ] [90m[1msavepack[22m | Storing File: res://.godot/imported/t_gunner-v3_aim_dual.png-ce4a34d6555aa6d2defdce58748a1d1b.ctex[39m[0m
[  83% ] [90m[1msavepack[22m | Storing File: res://assets/characters/baked/t_gunner-v3_aim_dual.png.import[39m[0m
[  83% ] [90m[1msavepack[22m | Storing File: res://.godot/imported/t_gunner-v3_aim_one.png-6db06ba9d86c990bcc4f6dc4daa9d12e.ctex[39m[0m
[  83% ] [90m[1msavepack[22m | Storing File: res://assets/characters/baked/t_gunner-v3_aim_one.png.import[39m[0m
[  83% ] [90m[1msavepack[22m | Storing File: res://.godot/imported/t_gunner-v3_aim_two.png-2e0406c636347312a70131ba9dbe8c4f.ctex[39m[0m
[  83% ] [90m[1msavepack[22m | Storing File: res://assets/characters/baked/t_gunner-v3_aim_two.png.import[39m[0m
[  83% ] [90m[1msavepack[22m | Storing File: res://.godot/imported/t_gunner-v3_melee.png-ea56d890b85eae0e6a136702de85db84.ctex[39m[0m
[  83% ] [90m[1msavepack[22m | Storing File: res://assets/characters/baked/t_gunner-v3_melee.png.import[39m[0m
[  83% ] [90m[1msavepack[22m | Storing File: res://.godot/imported/t_gunner-v3_punch_l.png-e658a0f98773a22b699d8f4c72147b96.ctex[39m[0m
[  83% ] [90m[1msavepack[22m | Storing File: res://assets/characters/baked/t_gunner-v3_punch_l.png.import[39m[0m
[  83% ] [90m[1msavepack[22m | Storing File: res://.godot/imported/t_gunner-v3_punch_r.png-786abe1bd55224a0d1492133cfd23ead.ctex[39m[0m
[  83% ] [90m[1msavepack[22m | Storing File: res://assets/characters/baked/t_gunner-v3_punch_r.png.import[39m[0m
[  84% ] [90m[1msavepack[22m | Storing File: res://.godot/imported/t_gunner-v3_unarmed.png-389b4b9c003d0885bc8c42a1f81f8cdc.ctex[39m[0m
[  84% ] [90m[1msavepack[22m | Storing File: res://assets/characters/baked/t_gunner-v3_unarmed.png.import[39m[0m
[  84% ] [90m[1msavepack[22m | Storing File: res://.godot/imported/t_gunner_aim_dual.png-65c2044929dd5f9adc5ac38d615771eb.ctex[39m[0m
[  84% ] [90m[1msavepack[22m | Storing File: res://assets/characters/baked/t_gunner_aim_dual.png.import[39m[0m
[  84% ] [90m[1msavepack[22m | Storing File: res://.godot/imported/t_gunner_aim_one.png-732063ab1a8ded4bdbe03de80252d18d.ctex[39m[0m
[  84% ] [90m[1msavepack[22m | Storing File: res://assets/characters/baked/t_gunner_aim_one.png.import[39m[0m
[  84% ] [90m[1msavepack[22m | Storing File: res://.godot/imported/t_gunner_aim_two.png-1323ea4f2e62b21e035991d06e393e2e.ctex[39m[0m
[  84% ] [90m[1msavepack[22m | Storing File: res://assets/characters/baked/t_gunner_aim_two.png.import[39m[0m
[  84% ] [90m[1msavepack[22m | Storing File: res://.godot/imported/t_gunner_melee.png-59b4d6d85a6c762ca9dc9f52fa050ecb.ctex[39m[0m
[  84% ] [90m[1msavepack[22m | Storing File: res://assets/characters/baked/t_gunner_melee.png.import[39m[0m
[  84% ] [90m[1msavepack[22m | Storing File: res://.godot/imported/t_gunner_punch_l.png-0743c97736affe9f92e800f94e68cf2d.ctex[39m[0m
[  84% ] [90m[1msavepack[22m | Storing File: res://assets/characters/baked/t_gunner_punch_l.png.import[39m[0m
[  84% ] [90m[1msavepack[22m | Storing File: res://.godot/imported/t_gunner_punch_r.png-a32cea8a9cd0652d05f410b7347fbf2e.ctex[39m[0m
[  84% ] [90m[1msavepack[22m | Storing File: res://assets/characters/baked/t_gunner_punch_r.png.import[39m[0m
[  84% ] [90m[1msavepack[22m | Storing File: res://.godot/imported/t_gunner_unarmed.png-25096900bb67c74335662bb58c2b37bc.ctex[39m[0m
[  84% ] [90m[1msavepack[22m | Storing File: res://assets/characters/baked/t_gunner_unarmed.png.import[39m[0m
[  84% ] [90m[1msavepack[22m | Storing File: res://.godot/imported/t_handler_aim_dual.png-d444c717fde0d498a8124a4ca4c951c8.ctex[39m[0m
[  84% ] [90m[1msavepack[22m | Storing File: res://assets/characters/baked/t_handler_aim_dual.png.import[39m[0m
[  84% ] [90m[1msavepack[22m | Storing File: res://.godot/imported/t_handler_aim_one.png-ad2e1835b5f0eff6fa0063b3d316884a.ctex[39m[0m
[  84% ] [90m[1msavepack[22m | Storing File: res://assets/characters/baked/t_handler_aim_one.png.import[39m[0m
[  84% ] [90m[1msavepack[22m | Storing File: res://.godot/imported/t_handler_aim_two.png-8ac23f4e47e66dfe8b02c773effee64c.ctex[39m[0m
[  84% ] [90m[1msavepack[22m | Storing File: res://assets/characters/baked/t_handler_aim_two.png.import[39m[0m
[  84% ] [90m[1msavepack[22m | Storing File: res://.godot/imported/t_handler_melee.png-3952b753bded9f93651880b4e68447a4.ctex[39m[0m
[  84% ] [90m[1msavepack[22m | Storing File: res://assets/characters/baked/t_handler_melee.png.import[39m[0m
[  84% ] [90m[1msavepack[22m | Storing File: res://.godot/imported/t_handler_punch_l.png-e87de78426e0562ef973c6368f790651.ctex[39m[0m
[  84% ] [90m[1msavepack[22m | Storing File: res://assets/characters/baked/t_handler_punch_l.png.import[39m[0m
[  84% ] [90m[1msavepack[22m | Storing File: res://.godot/imported/t_handler_punch_r.png-d409b3dcce706f27e2c7c768fb91c6c9.ctex[39m[0m
[  84% ] [90m[1msavepack[22m | Storing File: res://assets/characters/baked/t_handler_punch_r.png.import[39m[0m
[  84% ] [90m[1msavepack[22m | Storing File: res://.godot/imported/t_handler_unarmed.png-b5a7991cb3bf39186808a57942fa82ae.ctex[39m[0m
[  84% ] [90m[1msavepack[22m | Storing File: res://assets/characters/baked/t_handler_unarmed.png.import[39m[0m
[  84% ] [90m[1msavepack[22m | Storing File: res://.godot/imported/t_heavy-v1_aim_dual.png-89a2bcaed8229c8a4b3ce1dd849ea774.ctex[39m[0m
[  84% ] [90m[1msavepack[22m | Storing File: res://assets/characters/baked/t_heavy-v1_aim_dual.png.import[39m[0m
[  84% ] [90m[1msavepack[22m | Storing File: res://.godot/imported/t_heavy-v1_aim_one.png-f0c2e0efad3ac7d70b616a4c5e3e7ead.ctex[39m[0m
[  84% ] [90m[1msavepack[22m | Storing File: res://assets/characters/baked/t_heavy-v1_aim_one.png.import[39m[0m
[  84% ] [90m[1msavepack[22m | Storing File: res://.godot/imported/t_heavy-v1_aim_two.png-ebb21018d29ca762a5a79e2064d33482.ctex[39m[0m
[  84% ] [90m[1msavepack[22m | Storing File: res://assets/characters/baked/t_heavy-v1_aim_two.png.import[39m[0m
[  84% ] [90m[1msavepack[22m | Storing File: res://.godot/imported/t_heavy-v1_melee.png-eff3c9a8675f41a5c2530621b65fc4e2.ctex[39m[0m
[  84% ] [90m[1msavepack[22m | Storing File: res://assets/characters/baked/t_heavy-v1_melee.png.import[39m[0m
[  84% ] [90m[1msavepack[22m | Storing File: res://.godot/imported/t_heavy-v1_punch_l.png-f810c0807aee0f4fd0cdc3913c1b16a1.ctex[39m[0m
[  84% ] [90m[1msavepack[22m | Storing File: res://assets/characters/baked/t_heavy-v1_punch_l.png.import[39m[0m
[  84% ] [90m[1msavepack[22m | Storing File: res://.godot/imported/t_heavy-v1_punch_r.png-d395e96c42cfb5b3abd7f69cdb01174a.ctex[39m[0m
[  84% ] [90m[1msavepack[22m | Storing File: res://assets/characters/baked/t_heavy-v1_punch_r.png.import[39m[0m
[  84% ] [90m[1msavepack[22m | Storing File: res://.godot/imported/t_heavy-v1_unarmed.png-b2581abe3bfbc44a033b2c8ece8e951b.ctex[39m[0m
[  84% ] [90m[1msavepack[22m | Storing File: res://assets/characters/baked/t_heavy-v1_unarmed.png.import[39m[0m
[  84% ] [90m[1msavepack[22m | Storing File: res://.godot/imported/t_heavy-v2_aim_dual.png-053f9e0bed6924f81334798f1c1a6cbf.ctex[39m[0m
[  84% ] [90m[1msavepack[22m | Storing File: res://assets/characters/baked/t_heavy-v2_aim_dual.png.import[39m[0m
[  84% ] [90m[1msavepack[22m | Storing File: res://.godot/imported/t_heavy-v2_aim_one.png-b508a53457ea60b1467f5fc593440455.ctex[39m[0m
[  84% ] [90m[1msavepack[22m | Storing File: res://assets/characters/baked/t_heavy-v2_aim_one.png.import[39m[0m
[  84% ] [90m[1msavepack[22m | Storing File: res://.godot/imported/t_heavy-v2_aim_two.png-d0fdfe0b3a1c6a5927ebc704a08aaa2c.ctex[39m[0m
[  84% ] [90m[1msavepack[22m | Storing File: res://assets/characters/baked/t_heavy-v2_aim_two.png.import[39m[0m
[  84% ] [90m[1msavepack[22m | Storing File: res://.godot/imported/t_heavy-v2_melee.png-dd120e7e09b3193be89511029d5c52de.ctex[39m[0m
[  84% ] [90m[1msavepack[22m | Storing File: res://assets/characters/baked/t_heavy-v2_melee.png.import[39m[0m
[  84% ] [90m[1msavepack[22m | Storing File: res://.godot/imported/t_heavy-v2_punch_l.png-0cdfa56b59ea2935f52d542beb349cb5.ctex[39m[0m
[  84% ] [90m[1msavepack[22m | Storing File: res://assets/characters/baked/t_heavy-v2_punch_l.png.import[39m[0m
[  84% ] [90m[1msavepack[22m | Storing File: res://.godot/imported/t_heavy-v2_punch_r.png-a23a2ed6a4f0a2a7a82180daa115f4e3.ctex[39m[0m
[  84% ] [90m[1msavepack[22m | Storing File: res://assets/characters/baked/t_heavy-v2_punch_r.png.import[39m[0m
[  84% ] [90m[1msavepack[22m | Storing File: res://.godot/imported/t_heavy-v2_unarmed.png-d6606b1a509c8437a33293562971ccf7.ctex[39m[0m
[  84% ] [90m[1msavepack[22m | Storing File: res://assets/characters/baked/t_heavy-v2_unarmed.png.import[39m[0m
[  84% ] [90m[1msavepack[22m | Storing File: res://.godot/imported/t_heavy-v3_aim_dual.png-c7fb0cdcf6df445f1d9e42f502102bcc.ctex[39m[0m
[  84% ] [90m[1msavepack[22m | Storing File: res://assets/characters/baked/t_heavy-v3_aim_dual.png.import[39m[0m
[  84% ] [90m[1msavepack[22m | Storing File: res://.godot/imported/t_heavy-v3_aim_one.png-3db7677be1d8ab39e788f0768ff28991.ctex[39m[0m
[  84% ] [90m[1msavepack[22m | Storing File: res://assets/characters/baked/t_heavy-v3_aim_one.png.import[39m[0m
[  84% ] [90m[1msavepack[22m | Storing File: res://.godot/imported/t_heavy-v3_aim_two.png-322d347413ea3567c3bf2190ed8621a1.ctex[39m[0m
[  84% ] [90m[1msavepack[22m | Storing File: res://assets/characters/baked/t_heavy-v3_aim_two.png.import[39m[0m
[  85% ] [90m[1msavepack[22m | Storing File: res://.godot/imported/t_heavy-v3_melee.png-f01603cdfdb4582346866c54efa1fa5c.ctex[39m[0m
[  85% ] [90m[1msavepack[22m | Storing File: res://assets/characters/baked/t_heavy-v3_melee.png.import[39m[0m
[  85% ] [90m[1msavepack[22m | Storing File: res://.godot/imported/t_heavy-v3_punch_l.png-e741dd115fb46a9e1be3090f8cd0a702.ctex[39m[0m
[  85% ] [90m[1msavepack[22m | Storing File: res://assets/characters/baked/t_heavy-v3_punch_l.png.import[39m[0m
[  85% ] [90m[1msavepack[22m | Storing File: res://.godot/imported/t_heavy-v3_punch_r.png-044726335ecc36e75613545424de6a4a.ctex[39m[0m
[  85% ] [90m[1msavepack[22m | Storing File: res://assets/characters/baked/t_heavy-v3_punch_r.png.import[39m[0m
[  85% ] [90m[1msavepack[22m | Storing File: res://.godot/imported/t_heavy-v3_unarmed.png-65b3cf47a93e1944a90994e924152cbe.ctex[39m[0m
[  85% ] [90m[1msavepack[22m | Storing File: res://assets/characters/baked/t_heavy-v3_unarmed.png.import[39m[0m
[  85% ] [90m[1msavepack[22m | Storing File: res://.godot/imported/t_heavy_aim_dual.png-ed7369eb6a98006eda52fc4b2efdbe96.ctex[39m[0m
[  85% ] [90m[1msavepack[22m | Storing File: res://assets/characters/baked/t_heavy_aim_dual.png.import[39m[0m
[  85% ] [90m[1msavepack[22m | Storing File: res://.godot/imported/t_heavy_aim_one.png-941e330284f340a9e355635358876747.ctex[39m[0m
[  85% ] [90m[1msavepack[22m | Storing File: res://assets/characters/baked/t_heavy_aim_one.png.import[39m[0m
[  85% ] [90m[1msavepack[22m | Storing File: res://.godot/imported/t_heavy_aim_two.png-fe8f44daa014cc3d29dec7ded6f68dab.ctex[39m[0m
[  85% ] [90m[1msavepack[22m | Storing File: res://assets/characters/baked/t_heavy_aim_two.png.import[39m[0m
[  85% ] [90m[1msavepack[22m | Storing File: res://.godot/imported/t_heavy_melee.png-24b54b57ae91bfca2b675f9fbf0142b0.ctex[39m[0m
[  85% ] [90m[1msavepack[22m | Storing File: res://assets/characters/baked/t_heavy_melee.png.import[39m[0m
[  85% ] [90m[1msavepack[22m | Storing File: res://.godot/imported/t_heavy_punch_l.png-3a4c9f75ea2a0691d7b9a5554aede7dc.ctex[39m[0m
[  85% ] [90m[1msavepack[22m | Storing File: res://assets/characters/baked/t_heavy_punch_l.png.import[39m[0m
[  85% ] [90m[1msavepack[22m | Storing File: res://.godot/imported/t_heavy_punch_r.png-f4fbd90c844aeb2ae23887540fbd7f28.ctex[39m[0m
[  85% ] [90m[1msavepack[22m | Storing File: res://assets/characters/baked/t_heavy_punch_r.png.import[39m[0m
[  85% ] [90m[1msavepack[22m | Storing File: res://.godot/imported/t_heavy_unarmed.png-2383c4c59e70ac324b99258e97958cd6.ctex[39m[0m
[  85% ] [90m[1msavepack[22m | Storing File: res://assets/characters/baked/t_heavy_unarmed.png.import[39m[0m
[  85% ] [90m[1msavepack[22m | Storing File: res://.godot/imported/t_hunter-v1_aim_dual.png-bcbd3304e301dce13c60cd6975dcf9d9.ctex[39m[0m
[  85% ] [90m[1msavepack[22m | Storing File: res://assets/characters/baked/t_hunter-v1_aim_dual.png.import[39m[0m
[  85% ] [90m[1msavepack[22m | Storing File: res://.godot/imported/t_hunter-v1_aim_one.png-dfeabcbe3557f64dffc7a18918808985.ctex[39m[0m
[  85% ] [90m[1msavepack[22m | Storing File: res://assets/characters/baked/t_hunter-v1_aim_one.png.import[39m[0m
[  85% ] [90m[1msavepack[22m | Storing File: res://.godot/imported/t_hunter-v1_aim_two.png-5dcedf7030562c76e6fbcb176a9c8235.ctex[39m[0m
[  85% ] [90m[1msavepack[22m | Storing File: res://assets/characters/baked/t_hunter-v1_aim_two.png.import[39m[0m
[  85% ] [90m[1msavepack[22m | Storing File: res://.godot/imported/t_hunter-v1_melee.png-a28d685512a617f152568ae0f0beb1ac.ctex[39m[0m
[  85% ] [90m[1msavepack[22m | Storing File: res://assets/characters/baked/t_hunter-v1_melee.png.import[39m[0m
[  85% ] [90m[1msavepack[22m | Storing File: res://.godot/imported/t_hunter-v1_punch_l.png-bb5657b7039353760cac2aca848d04c4.ctex[39m[0m
[  85% ] [90m[1msavepack[22m | Storing File: res://assets/characters/baked/t_hunter-v1_punch_l.png.import[39m[0m
[  85% ] [90m[1msavepack[22m | Storing File: res://.godot/imported/t_hunter-v1_punch_r.png-016a1022818ae196ad43e8b021b09219.ctex[39m[0m
[  85% ] [90m[1msavepack[22m | Storing File: res://assets/characters/baked/t_hunter-v1_punch_r.png.import[39m[0m
[  85% ] [90m[1msavepack[22m | Storing File: res://.godot/imported/t_hunter-v1_unarmed.png-5ef990ee45100b33e7618f8adf0ac846.ctex[39m[0m
[  85% ] [90m[1msavepack[22m | Storing File: res://assets/characters/baked/t_hunter-v1_unarmed.png.import[39m[0m
[  85% ] [90m[1msavepack[22m | Storing File: res://.godot/imported/t_hunter-v2_aim_dual.png-55eb56aad0c28333dee51c6ba219bf74.ctex[39m[0m
[  85% ] [90m[1msavepack[22m | Storing File: res://assets/characters/baked/t_hunter-v2_aim_dual.png.import[39m[0m
[  85% ] [90m[1msavepack[22m | Storing File: res://.godot/imported/t_hunter-v2_aim_one.png-49332fab467e680d9bd40dcde219ed21.ctex[39m[0m
[  85% ] [90m[1msavepack[22m | Storing File: res://assets/characters/baked/t_hunter-v2_aim_one.png.import[39m[0m
[  85% ] [90m[1msavepack[22m | Storing File: res://.godot/imported/t_hunter-v2_aim_two.png-857654a036c3d846cfae45a0fb33bc42.ctex[39m[0m
[  85% ] [90m[1msavepack[22m | Storing File: res://assets/characters/baked/t_hunter-v2_aim_two.png.import[39m[0m
[  85% ] [90m[1msavepack[22m | Storing File: res://.godot/imported/t_hunter-v2_melee.png-fe7c5f998b2d92d0d330e6a22fdd31a5.ctex[39m[0m
[  85% ] [90m[1msavepack[22m | Storing File: res://assets/characters/baked/t_hunter-v2_melee.png.import[39m[0m
[  85% ] [90m[1msavepack[22m | Storing File: res://.godot/imported/t_hunter-v2_punch_l.png-20ba1595b42f5f73aa6f9415fb713fd8.ctex[39m[0m
[  85% ] [90m[1msavepack[22m | Storing File: res://assets/characters/baked/t_hunter-v2_punch_l.png.import[39m[0m
[  85% ] [90m[1msavepack[22m | Storing File: res://.godot/imported/t_hunter-v2_punch_r.png-d399c9116de90c8f8ecddb1ebbd24e4e.ctex[39m[0m
[  85% ] [90m[1msavepack[22m | Storing File: res://assets/characters/baked/t_hunter-v2_punch_r.png.import[39m[0m
[  85% ] [90m[1msavepack[22m | Storing File: res://.godot/imported/t_hunter-v2_unarmed.png-8e5915e38de06d40fdc7ee9e362eda73.ctex[39m[0m
[  85% ] [90m[1msavepack[22m | Storing File: res://assets/characters/baked/t_hunter-v2_unarmed.png.import[39m[0m
[  85% ] [90m[1msavepack[22m | Storing File: res://.godot/imported/t_hunter-v3_aim_dual.png-a2acf1a735012c8f4e7b66bc8af4ef4e.ctex[39m[0m
[  85% ] [90m[1msavepack[22m | Storing File: res://assets/characters/baked/t_hunter-v3_aim_dual.png.import[39m[0m
[  85% ] [90m[1msavepack[22m | Storing File: res://.godot/imported/t_hunter-v3_aim_one.png-35f7977f95a211cdcea948836d708f77.ctex[39m[0m
[  85% ] [90m[1msavepack[22m | Storing File: res://assets/characters/baked/t_hunter-v3_aim_one.png.import[39m[0m
[  85% ] [90m[1msavepack[22m | Storing File: res://.godot/imported/t_hunter-v3_aim_two.png-8a9851289aecbc41b4cc87e7055736e5.ctex[39m[0m
[  85% ] [90m[1msavepack[22m | Storing File: res://assets/characters/baked/t_hunter-v3_aim_two.png.import[39m[0m
[  85% ] [90m[1msavepack[22m | Storing File: res://.godot/imported/t_hunter-v3_melee.png-d0bc7116dfedf4e32673db1666dbc266.ctex[39m[0m
[  85% ] [90m[1msavepack[22m | Storing File: res://assets/characters/baked/t_hunter-v3_melee.png.import[39m[0m
[  85% ] [90m[1msavepack[22m | Storing File: res://.godot/imported/t_hunter-v3_punch_l.png-01824e2b1735abf3494ce718f5ec545d.ctex[39m[0m
[  85% ] [90m[1msavepack[22m | Storing File: res://assets/characters/baked/t_hunter-v3_punch_l.png.import[39m[0m
[  85% ] [90m[1msavepack[22m | Storing File: res://.godot/imported/t_hunter-v3_punch_r.png-c816476a9ff1a60c7e30401affcbeec7.ctex[39m[0m
[  85% ] [90m[1msavepack[22m | Storing File: res://assets/characters/baked/t_hunter-v3_punch_r.png.import[39m[0m
[  85% ] [90m[1msavepack[22m | Storing File: res://.godot/imported/t_hunter-v3_unarmed.png-64c42ef7fdcf158c20c045b4c0496871.ctex[39m[0m
[  85% ] [90m[1msavepack[22m | Storing File: res://assets/characters/baked/t_hunter-v3_unarmed.png.import[39m[0m
[  86% ] [90m[1msavepack[22m | Storing File: res://.godot/imported/t_hunter_aim_dual.png-9bcde6a6f814ccdff2194ab5c24e1cd5.ctex[39m[0m
[  86% ] [90m[1msavepack[22m | Storing File: res://assets/characters/baked/t_hunter_aim_dual.png.import[39m[0m
[  86% ] [90m[1msavepack[22m | Storing File: res://.godot/imported/t_hunter_aim_one.png-6e7880e16d566b751e723d2bcab49d1b.ctex[39m[0m
[  86% ] [90m[1msavepack[22m | Storing File: res://assets/characters/baked/t_hunter_aim_one.png.import[39m[0m
[  86% ] [90m[1msavepack[22m | Storing File: res://.godot/imported/t_hunter_aim_two.png-c4547f94b2fef795477f465be62d906a.ctex[39m[0m
[  86% ] [90m[1msavepack[22m | Storing File: res://assets/characters/baked/t_hunter_aim_two.png.import[39m[0m
[  86% ] [90m[1msavepack[22m | Storing File: res://.godot/imported/t_hunter_melee.png-aeb9bea19c2827fb535515373bdbad83.ctex[39m[0m
[  86% ] [90m[1msavepack[22m | Storing File: res://assets/characters/baked/t_hunter_melee.png.import[39m[0m
[  86% ] [90m[1msavepack[22m | Storing File: res://.godot/imported/t_hunter_punch_l.png-69b4581770b7a772bd93fef1526a8991.ctex[39m[0m
[  86% ] [90m[1msavepack[22m | Storing File: res://assets/characters/baked/t_hunter_punch_l.png.import[39m[0m
[  86% ] [90m[1msavepack[22m | Storing File: res://.godot/imported/t_hunter_punch_r.png-7b7109239ad471028935ed67c1192f74.ctex[39m[0m
[  86% ] [90m[1msavepack[22m | Storing File: res://assets/characters/baked/t_hunter_punch_r.png.import[39m[0m
[  86% ] [90m[1msavepack[22m | Storing File: res://.godot/imported/t_hunter_unarmed.png-0f34b9185d97cce976d7d6273649e42b.ctex[39m[0m
[  86% ] [90m[1msavepack[22m | Storing File: res://assets/characters/baked/t_hunter_unarmed.png.import[39m[0m
[  86% ] [90m[1msavepack[22m | Storing File: res://.godot/imported/t_riot_aim_dual.png-42c1121e5859c689d3c1779dd9148b2e.ctex[39m[0m
[  86% ] [90m[1msavepack[22m | Storing File: res://assets/characters/baked/t_riot_aim_dual.png.import[39m[0m
[  86% ] [90m[1msavepack[22m | Storing File: res://.godot/imported/t_riot_aim_one.png-d1084a6eac9cce43d80e233fefd520f3.ctex[39m[0m
[  86% ] [90m[1msavepack[22m | Storing File: res://assets/characters/baked/t_riot_aim_one.png.import[39m[0m
[  86% ] [90m[1msavepack[22m | Storing File: res://.godot/imported/t_riot_aim_two.png-04eb0f472533bd4c4cb270eb7200f498.ctex[39m[0m
[  86% ] [90m[1msavepack[22m | Storing File: res://assets/characters/baked/t_riot_aim_two.png.import[39m[0m
[  86% ] [90m[1msavepack[22m | Storing File: res://.godot/imported/t_riot_melee.png-a0b974eef54e0f0a3ebce07a07293449.ctex[39m[0m
[  86% ] [90m[1msavepack[22m | Storing File: res://assets/characters/baked/t_riot_melee.png.import[39m[0m
[  86% ] [90m[1msavepack[22m | Storing File: res://.godot/imported/t_riot_punch_l.png-ca0260268ef8795d870742568004da03.ctex[39m[0m
[  86% ] [90m[1msavepack[22m | Storing File: res://assets/characters/baked/t_riot_punch_l.png.import[39m[0m
[  86% ] [90m[1msavepack[22m | Storing File: res://.godot/imported/t_riot_punch_r.png-d775501e091adf278e6127d028f86048.ctex[39m[0m
[  86% ] [90m[1msavepack[22m | Storing File: res://assets/characters/baked/t_riot_punch_r.png.import[39m[0m
[  86% ] [90m[1msavepack[22m | Storing File: res://.godot/imported/t_riot_unarmed.png-ed99c945867392fbdcabe85f2ac81ac8.ctex[39m[0m
[  86% ] [90m[1msavepack[22m | Storing File: res://assets/characters/baked/t_riot_unarmed.png.import[39m[0m
[  86% ] [90m[1msavepack[22m | Storing File: res://.godot/imported/t_scout-v1_aim_dual.png-01f2b03043f806110b6e6130d7fdafa2.ctex[39m[0m
[  86% ] [90m[1msavepack[22m | Storing File: res://assets/characters/baked/t_scout-v1_aim_dual.png.import[39m[0m
[  86% ] [90m[1msavepack[22m | Storing File: res://.godot/imported/t_scout-v1_aim_one.png-c32f52d1aab1b2563eb9eb25df4fa56f.ctex[39m[0m
[  86% ] [90m[1msavepack[22m | Storing File: res://assets/characters/baked/t_scout-v1_aim_one.png.import[39m[0m
[  86% ] [90m[1msavepack[22m | Storing File: res://.godot/imported/t_scout-v1_aim_two.png-13d006c8d8a3ec19cdfcb39731ec5750.ctex[39m[0m
[  86% ] [90m[1msavepack[22m | Storing File: res://assets/characters/baked/t_scout-v1_aim_two.png.import[39m[0m
[  86% ] [90m[1msavepack[22m | Storing File: res://.godot/imported/t_scout-v1_melee.png-bf93e8b5e03fdc12eec6fbebb8b3204a.ctex[39m[0m
[  86% ] [90m[1msavepack[22m | Storing File: res://assets/characters/baked/t_scout-v1_melee.png.import[39m[0m
[  86% ] [90m[1msavepack[22m | Storing File: res://.godot/imported/t_scout-v1_punch_l.png-5840c6089c700551d4e3f1bb837e2482.ctex[39m[0m
[  86% ] [90m[1msavepack[22m | Storing File: res://assets/characters/baked/t_scout-v1_punch_l.png.import[39m[0m
[  86% ] [90m[1msavepack[22m | Storing File: res://.godot/imported/t_scout-v1_punch_r.png-df6de085bbd8a076c2ddec7b0a393646.ctex[39m[0m
[  86% ] [90m[1msavepack[22m | Storing File: res://assets/characters/baked/t_scout-v1_punch_r.png.import[39m[0m
[  86% ] [90m[1msavepack[22m | Storing File: res://.godot/imported/t_scout-v1_unarmed.png-3966596356104b115f94af1ba38e826e.ctex[39m[0m
[  86% ] [90m[1msavepack[22m | Storing File: res://assets/characters/baked/t_scout-v1_unarmed.png.import[39m[0m
[  86% ] [90m[1msavepack[22m | Storing File: res://.godot/imported/t_scout-v2_aim_dual.png-616565f959330c4f8f21e6c0db9c6577.ctex[39m[0m
[  86% ] [90m[1msavepack[22m | Storing File: res://assets/characters/baked/t_scout-v2_aim_dual.png.import[39m[0m
[  86% ] [90m[1msavepack[22m | Storing File: res://.godot/imported/t_scout-v2_aim_one.png-4bdc01a4746d31b7d4fd577b518c2f23.ctex[39m[0m
[  86% ] [90m[1msavepack[22m | Storing File: res://assets/characters/baked/t_scout-v2_aim_one.png.import[39m[0m
[  86% ] [90m[1msavepack[22m | Storing File: res://.godot/imported/t_scout-v2_aim_two.png-c97a2b8f58752bf455a4ad12ba4e3a19.ctex[39m[0m
[  86% ] [90m[1msavepack[22m | Storing File: res://assets/characters/baked/t_scout-v2_aim_two.png.import[39m[0m
[  86% ] [90m[1msavepack[22m | Storing File: res://.godot/imported/t_scout-v2_melee.png-d5583844bfef5fac0ec16ae4371cad48.ctex[39m[0m
[  86% ] [90m[1msavepack[22m | Storing File: res://assets/characters/baked/t_scout-v2_melee.png.import[39m[0m
[  86% ] [90m[1msavepack[22m | Storing File: res://.godot/imported/t_scout-v2_punch_l.png-ed830f2e0afcb664eaa822817e09600f.ctex[39m[0m
[  86% ] [90m[1msavepack[22m | Storing File: res://assets/characters/baked/t_scout-v2_punch_l.png.import[39m[0m
[  86% ] [90m[1msavepack[22m | Storing File: res://.godot/imported/t_scout-v2_punch_r.png-fcec0bd72c2f2080136f762aa53017e1.ctex[39m[0m
[  86% ] [90m[1msavepack[22m | Storing File: res://assets/characters/baked/t_scout-v2_punch_r.png.import[39m[0m
[  86% ] [90m[1msavepack[22m | Storing File: res://.godot/imported/t_scout-v2_unarmed.png-d78baf955cb197f6d8bd7db3b1afd723.ctex[39m[0m
[  86% ] [90m[1msavepack[22m | Storing File: res://assets/characters/baked/t_scout-v2_unarmed.png.import[39m[0m
[  86% ] [90m[1msavepack[22m | Storing File: res://.godot/imported/t_scout-v3_aim_dual.png-197521bb84b371ab058ab9a489b5c8d4.ctex[39m[0m
[  86% ] [90m[1msavepack[22m | Storing File: res://assets/characters/baked/t_scout-v3_aim_dual.png.import[39m[0m
[  86% ] [90m[1msavepack[22m | Storing File: res://.godot/imported/t_scout-v3_aim_one.png-6273758953596fc88c2087ef4c2bb90d.ctex[39m[0m
[  86% ] [90m[1msavepack[22m | Storing File: res://assets/characters/baked/t_scout-v3_aim_one.png.import[39m[0m
[  86% ] [90m[1msavepack[22m | Storing File: res://.godot/imported/t_scout-v3_aim_two.png-67f75d79c35c30fbbeee03053ade72c4.ctex[39m[0m
[  86% ] [90m[1msavepack[22m | Storing File: res://assets/characters/baked/t_scout-v3_aim_two.png.import[39m[0m
[  86% ] [90m[1msavepack[22m | Storing File: res://.godot/imported/t_scout-v3_melee.png-d07584f144cd283742b70de4069f2c4d.ctex[39m[0m
[  86% ] [90m[1msavepack[22m | Storing File: res://assets/characters/baked/t_scout-v3_melee.png.import[39m[0m
[  86% ] [90m[1msavepack[22m | Storing File: res://.godot/imported/t_scout-v3_punch_l.png-218dc6bf9953decc0b766684ac896df0.ctex[39m[0m
[  86% ] [90m[1msavepack[22m | Storing File: res://assets/characters/baked/t_scout-v3_punch_l.png.import[39m[0m
[  87% ] [90m[1msavepack[22m | Storing File: res://.godot/imported/t_scout-v3_punch_r.png-de86d580c04c4e028a5cdbc5ef89312a.ctex[39m[0m
[  87% ] [90m[1msavepack[22m | Storing File: res://assets/characters/baked/t_scout-v3_punch_r.png.import[39m[0m
[  87% ] [90m[1msavepack[22m | Storing File: res://.godot/imported/t_scout-v3_unarmed.png-7d7b5f20f34efb464156903afdb17e38.ctex[39m[0m
[  87% ] [90m[1msavepack[22m | Storing File: res://assets/characters/baked/t_scout-v3_unarmed.png.import[39m[0m
[  87% ] [90m[1msavepack[22m | Storing File: res://.godot/imported/t_scout_aim_dual.png-28edbb72c0235d731fadf0d3a9682eb7.ctex[39m[0m
[  87% ] [90m[1msavepack[22m | Storing File: res://assets/characters/baked/t_scout_aim_dual.png.import[39m[0m
[  87% ] [90m[1msavepack[22m | Storing File: res://.godot/imported/t_scout_aim_one.png-136cfc3a8d097b2256aa55cc549961a2.ctex[39m[0m
[  87% ] [90m[1msavepack[22m | Storing File: res://assets/characters/baked/t_scout_aim_one.png.import[39m[0m
[  87% ] [90m[1msavepack[22m | Storing File: res://.godot/imported/t_scout_aim_two.png-174b852d5aaabb170c2d92e5bd9090f2.ctex[39m[0m
[  87% ] [90m[1msavepack[22m | Storing File: res://assets/characters/baked/t_scout_aim_two.png.import[39m[0m
[  87% ] [90m[1msavepack[22m | Storing File: res://.godot/imported/t_scout_melee.png-59cf3f47eca81dea01a549002fb011b4.ctex[39m[0m
[  87% ] [90m[1msavepack[22m | Storing File: res://assets/characters/baked/t_scout_melee.png.import[39m[0m
[  87% ] [90m[1msavepack[22m | Storing File: res://.godot/imported/t_scout_punch_l.png-cd837eb059937bcfdc7fa2661ab12a80.ctex[39m[0m
[  87% ] [90m[1msavepack[22m | Storing File: res://assets/characters/baked/t_scout_punch_l.png.import[39m[0m
[  87% ] [90m[1msavepack[22m | Storing File: res://.godot/imported/t_scout_punch_r.png-2e9d6376f14ffff4411a760fd69d3b41.ctex[39m[0m
[  87% ] [90m[1msavepack[22m | Storing File: res://assets/characters/baked/t_scout_punch_r.png.import[39m[0m
[  87% ] [90m[1msavepack[22m | Storing File: res://.godot/imported/t_scout_unarmed.png-4377919c871ff627249a3875d8aa6734.ctex[39m[0m
[  87% ] [90m[1msavepack[22m | Storing File: res://assets/characters/baked/t_scout_unarmed.png.import[39m[0m
[  87% ] [90m[1msavepack[22m | Storing File: res://.godot/imported/t_scrapper_aim_dual.png-79647aecb85f2f8b21d919629cbf62cc.ctex[39m[0m
[  87% ] [90m[1msavepack[22m | Storing File: res://assets/characters/baked/t_scrapper_aim_dual.png.import[39m[0m
[  87% ] [90m[1msavepack[22m | Storing File: res://.godot/imported/t_scrapper_aim_one.png-2c8a2d2a58da496331d6749e54516113.ctex[39m[0m
[  87% ] [90m[1msavepack[22m | Storing File: res://assets/characters/baked/t_scrapper_aim_one.png.import[39m[0m
[  87% ] [90m[1msavepack[22m | Storing File: res://.godot/imported/t_scrapper_aim_two.png-0a9605a6fe22d7801dc894e5ab327bfe.ctex[39m[0m
[  87% ] [90m[1msavepack[22m | Storing File: res://assets/characters/baked/t_scrapper_aim_two.png.import[39m[0m
[  87% ] [90m[1msavepack[22m | Storing File: res://.godot/imported/t_scrapper_melee.png-a6e87cc02fe0d8541cfc169310038d6c.ctex[39m[0m
[  87% ] [90m[1msavepack[22m | Storing File: res://assets/characters/baked/t_scrapper_melee.png.import[39m[0m
[  87% ] [90m[1msavepack[22m | Storing File: res://.godot/imported/t_scrapper_punch_l.png-95e9fc1f3f013ac7c01325fbbaf423c0.ctex[39m[0m
[  87% ] [90m[1msavepack[22m | Storing File: res://assets/characters/baked/t_scrapper_punch_l.png.import[39m[0m
[  87% ] [90m[1msavepack[22m | Storing File: res://.godot/imported/t_scrapper_punch_r.png-55a86a09537790f7f4b03315c2097777.ctex[39m[0m
[  87% ] [90m[1msavepack[22m | Storing File: res://assets/characters/baked/t_scrapper_punch_r.png.import[39m[0m
[  87% ] [90m[1msavepack[22m | Storing File: res://.godot/imported/t_scrapper_unarmed.png-00d1b36c11215462c5e30facac9de800.ctex[39m[0m
[  87% ] [90m[1msavepack[22m | Storing File: res://assets/characters/baked/t_scrapper_unarmed.png.import[39m[0m
[  87% ] [90m[1msavepack[22m | Storing File: res://.godot/imported/t_security_aim_dual.png-59fc910c0d92d04f852637be20b7b407.ctex[39m[0m
[  87% ] [90m[1msavepack[22m | Storing File: res://assets/characters/baked/t_security_aim_dual.png.import[39m[0m
[  87% ] [90m[1msavepack[22m | Storing File: res://.godot/imported/t_security_aim_one.png-00820d13d6b74ce4acf10f2277a47921.ctex[39m[0m
[  87% ] [90m[1msavepack[22m | Storing File: res://assets/characters/baked/t_security_aim_one.png.import[39m[0m
[  87% ] [90m[1msavepack[22m | Storing File: res://.godot/imported/t_security_aim_two.png-41d71302029e81d829f9c57d7661aafa.ctex[39m[0m
[  87% ] [90m[1msavepack[22m | Storing File: res://assets/characters/baked/t_security_aim_two.png.import[39m[0m
[  87% ] [90m[1msavepack[22m | Storing File: res://.godot/imported/t_security_melee.png-eb1fc9b556f23f963bcb7d76235df517.ctex[39m[0m
[  87% ] [90m[1msavepack[22m | Storing File: res://assets/characters/baked/t_security_melee.png.import[39m[0m
[  87% ] [90m[1msavepack[22m | Storing File: res://.godot/imported/t_security_punch_l.png-eb2e1b9c81d8191b881293e4e2b155de.ctex[39m[0m
[  87% ] [90m[1msavepack[22m | Storing File: res://assets/characters/baked/t_security_punch_l.png.import[39m[0m
[  87% ] [90m[1msavepack[22m | Storing File: res://.godot/imported/t_security_punch_r.png-af775752db9b8752155f6f71c042b0d7.ctex[39m[0m
[  87% ] [90m[1msavepack[22m | Storing File: res://assets/characters/baked/t_security_punch_r.png.import[39m[0m
[  87% ] [90m[1msavepack[22m | Storing File: res://.godot/imported/t_security_unarmed.png-d5af049363887384bb32af65c7dca45a.ctex[39m[0m
[  87% ] [90m[1msavepack[22m | Storing File: res://assets/characters/baked/t_security_unarmed.png.import[39m[0m
[  87% ] [90m[1msavepack[22m | Storing File: res://.godot/imported/t_shadow_aim_dual.png-116240afefc5a391271c3d504dff3a18.ctex[39m[0m
[  87% ] [90m[1msavepack[22m | Storing File: res://assets/characters/baked/t_shadow_aim_dual.png.import[39m[0m
[  87% ] [90m[1msavepack[22m | Storing File: res://.godot/imported/t_shadow_aim_one.png-e924b956cf884f667ddb4a071aa9f427.ctex[39m[0m
[  87% ] [90m[1msavepack[22m | Storing File: res://assets/characters/baked/t_shadow_aim_one.png.import[39m[0m
[  87% ] [90m[1msavepack[22m | Storing File: res://.godot/imported/t_shadow_aim_two.png-53ef9428d9bdff855769ef4aff058b20.ctex[39m[0m
[  87% ] [90m[1msavepack[22m | Storing File: res://assets/characters/baked/t_shadow_aim_two.png.import[39m[0m
[  87% ] [90m[1msavepack[22m | Storing File: res://.godot/imported/t_shadow_melee.png-0a75687150c7b80663a1592302d16627.ctex[39m[0m
[  87% ] [90m[1msavepack[22m | Storing File: res://assets/characters/baked/t_shadow_melee.png.import[39m[0m
[  87% ] [90m[1msavepack[22m | Storing File: res://.godot/imported/t_shadow_punch_l.png-56ab0a3bd2b0564a071fb680dadeb31e.ctex[39m[0m
[  87% ] [90m[1msavepack[22m | Storing File: res://assets/characters/baked/t_shadow_punch_l.png.import[39m[0m
[  87% ] [90m[1msavepack[22m | Storing File: res://.godot/imported/t_shadow_punch_r.png-fec42654caf5de64a73ab7d775881b96.ctex[39m[0m
[  87% ] [90m[1msavepack[22m | Storing File: res://assets/characters/baked/t_shadow_punch_r.png.import[39m[0m
[  87% ] [90m[1msavepack[22m | Storing File: res://.godot/imported/t_shadow_unarmed.png-540c84826b6d86e9af477b55ec693de9.ctex[39m[0m
[  87% ] [90m[1msavepack[22m | Storing File: res://assets/characters/baked/t_shadow_unarmed.png.import[39m[0m
[  87% ] [90m[1msavepack[22m | Storing File: res://.godot/imported/t_sniper_aim_dual.png-de3470f411ea1ebdcd56ea5c6f07a552.ctex[39m[0m
[  87% ] [90m[1msavepack[22m | Storing File: res://assets/characters/baked/t_sniper_aim_dual.png.import[39m[0m
[  87% ] [90m[1msavepack[22m | Storing File: res://.godot/imported/t_sniper_aim_one.png-649ce89269c07a6e364890d161597c87.ctex[39m[0m
[  87% ] [90m[1msavepack[22m | Storing File: res://assets/characters/baked/t_sniper_aim_one.png.import[39m[0m
[  88% ] [90m[1msavepack[22m | Storing File: res://.godot/imported/t_sniper_aim_two.png-55d4614a49db118889fb077ebf834546.ctex[39m[0m
[  88% ] [90m[1msavepack[22m | Storing File: res://assets/characters/baked/t_sniper_aim_two.png.import[39m[0m
[  88% ] [90m[1msavepack[22m | Storing File: res://.godot/imported/t_sniper_melee.png-2580ddb626b4dfd4fb2b45860cc0db1a.ctex[39m[0m
[  88% ] [90m[1msavepack[22m | Storing File: res://assets/characters/baked/t_sniper_melee.png.import[39m[0m
[  88% ] [90m[1msavepack[22m | Storing File: res://.godot/imported/t_sniper_punch_l.png-868fbeaf3dacab2355495e0a344cf5c7.ctex[39m[0m
[  88% ] [90m[1msavepack[22m | Storing File: res://assets/characters/baked/t_sniper_punch_l.png.import[39m[0m
[  88% ] [90m[1msavepack[22m | Storing File: res://.godot/imported/t_sniper_punch_r.png-21f442964f729bfd10ec252f5a59648d.ctex[39m[0m
[  88% ] [90m[1msavepack[22m | Storing File: res://assets/characters/baked/t_sniper_punch_r.png.import[39m[0m
[  88% ] [90m[1msavepack[22m | Storing File: res://.godot/imported/t_sniper_unarmed.png-e50fb3e87f5d96de28b436fe64e6cb7c.ctex[39m[0m
[  88% ] [90m[1msavepack[22m | Storing File: res://assets/characters/baked/t_sniper_unarmed.png.import[39m[0m
[  88% ] [90m[1msavepack[22m | Storing File: res://.godot/imported/t_stagehand_aim_dual.png-cb4d35643adfbbe698a14d1f74b1f1fb.ctex[39m[0m
[  88% ] [90m[1msavepack[22m | Storing File: res://assets/characters/baked/t_stagehand_aim_dual.png.import[39m[0m
[  88% ] [90m[1msavepack[22m | Storing File: res://.godot/imported/t_stagehand_aim_one.png-abe86758d669f6adbffdd8c08ca677eb.ctex[39m[0m
[  88% ] [90m[1msavepack[22m | Storing File: res://assets/characters/baked/t_stagehand_aim_one.png.import[39m[0m
[  88% ] [90m[1msavepack[22m | Storing File: res://.godot/imported/t_stagehand_aim_two.png-93690ca37e493b9f0b10d784f6654cd6.ctex[39m[0m
[  88% ] [90m[1msavepack[22m | Storing File: res://assets/characters/baked/t_stagehand_aim_two.png.import[39m[0m
[  88% ] [90m[1msavepack[22m | Storing File: res://.godot/imported/t_stagehand_melee.png-ab4f78926410e1eb9b9292d68c832072.ctex[39m[0m
[  88% ] [90m[1msavepack[22m | Storing File: res://assets/characters/baked/t_stagehand_melee.png.import[39m[0m
[  88% ] [90m[1msavepack[22m | Storing File: res://.godot/imported/t_stagehand_punch_l.png-0368e39c0048c243804ca35874a98ef2.ctex[39m[0m
[  88% ] [90m[1msavepack[22m | Storing File: res://assets/characters/baked/t_stagehand_punch_l.png.import[39m[0m
[  88% ] [90m[1msavepack[22m | Storing File: res://.godot/imported/t_stagehand_punch_r.png-e3fdc14af8a602cb4c5bf06a72f105b9.ctex[39m[0m
[  88% ] [90m[1msavepack[22m | Storing File: res://assets/characters/baked/t_stagehand_punch_r.png.import[39m[0m
[  88% ] [90m[1msavepack[22m | Storing File: res://.godot/imported/t_stagehand_unarmed.png-d81ed99a700ce8ce7471b452f90bd3dc.ctex[39m[0m
[  88% ] [90m[1msavepack[22m | Storing File: res://assets/characters/baked/t_stagehand_unarmed.png.import[39m[0m
[  88% ] [90m[1msavepack[22m | Storing File: res://.godot/imported/t_welder_aim_dual.png-b05e02ecca4830f9c393e69f630a93c8.ctex[39m[0m
[  88% ] [90m[1msavepack[22m | Storing File: res://assets/characters/baked/t_welder_aim_dual.png.import[39m[0m
[  88% ] [90m[1msavepack[22m | Storing File: res://.godot/imported/t_welder_aim_one.png-a92f9fa81c2f6dafd7d963a3d11edb8d.ctex[39m[0m
[  88% ] [90m[1msavepack[22m | Storing File: res://assets/characters/baked/t_welder_aim_one.png.import[39m[0m
[  88% ] [90m[1msavepack[22m | Storing File: res://.godot/imported/t_welder_aim_two.png-c1f403c0ecb9419ad005cdf80acc556e.ctex[39m[0m
[  88% ] [90m[1msavepack[22m | Storing File: res://assets/characters/baked/t_welder_aim_two.png.import[39m[0m
[  88% ] [90m[1msavepack[22m | Storing File: res://.godot/imported/t_welder_melee.png-8b8b151b28b38ae760b0bcf4254c5c43.ctex[39m[0m
[  88% ] [90m[1msavepack[22m | Storing File: res://assets/characters/baked/t_welder_melee.png.import[39m[0m
[  88% ] [90m[1msavepack[22m | Storing File: res://.godot/imported/t_welder_punch_l.png-22bde476db52282d74fbac3663184a05.ctex[39m[0m
[  88% ] [90m[1msavepack[22m | Storing File: res://assets/characters/baked/t_welder_punch_l.png.import[39m[0m
[  88% ] [90m[1msavepack[22m | Storing File: res://.godot/imported/t_welder_punch_r.png-8ca144236c23766d40aca91687002193.ctex[39m[0m
[  88% ] [90m[1msavepack[22m | Storing File: res://assets/characters/baked/t_welder_punch_r.png.import[39m[0m
[  88% ] [90m[1msavepack[22m | Storing File: res://.godot/imported/t_welder_unarmed.png-fe1292a8d394928fb0273e29cf45185e.ctex[39m[0m
[  88% ] [90m[1msavepack[22m | Storing File: res://assets/characters/baked/t_welder_unarmed.png.import[39m[0m
[  88% ] [90m[1msavepack[22m | Storing File: res://.godot/imported/t_zombie_aim_dual.png-46bc1ba779d57295c52242fb904353b3.ctex[39m[0m
[  88% ] [90m[1msavepack[22m | Storing File: res://assets/characters/baked/t_zombie_aim_dual.png.import[39m[0m
[  88% ] [90m[1msavepack[22m | Storing File: res://.godot/imported/t_zombie_aim_one.png-40969f9e07d6626a8b29f9a997acec22.ctex[39m[0m
[  88% ] [90m[1msavepack[22m | Storing File: res://assets/characters/baked/t_zombie_aim_one.png.import[39m[0m
[  88% ] [90m[1msavepack[22m | Storing File: res://.godot/imported/t_zombie_aim_two.png-e5e8bf72f4b7a27e6ffe332eac8813e5.ctex[39m[0m
[  88% ] [90m[1msavepack[22m | Storing File: res://assets/characters/baked/t_zombie_aim_two.png.import[39m[0m
[  88% ] [90m[1msavepack[22m | Storing File: res://.godot/imported/t_zombie_melee.png-7a93f3b55df31689cac89c4e0b1f66aa.ctex[39m[0m
[  88% ] [90m[1msavepack[22m | Storing File: res://assets/characters/baked/t_zombie_melee.png.import[39m[0m
[  88% ] [90m[1msavepack[22m | Storing File: res://.godot/imported/t_zombie_punch_l.png-48e1f71f436530f8711514f1af9c905d.ctex[39m[0m
[  88% ] [90m[1msavepack[22m | Storing File: res://assets/characters/baked/t_zombie_punch_l.png.import[39m[0m
[  88% ] [90m[1msavepack[22m | Storing File: res://.godot/imported/t_zombie_punch_r.png-a4f817c3971e5177dd19126eddaa4f7f.ctex[39m[0m
[  88% ] [90m[1msavepack[22m | Storing File: res://assets/characters/baked/t_zombie_punch_r.png.import[39m[0m
[  88% ] [90m[1msavepack[22m | Storing File: res://.godot/imported/t_zombie_unarmed.png-98fed5e5c930d589bb1b25e2d2cf0170.ctex[39m[0m
[  88% ] [90m[1msavepack[22m | Storing File: res://assets/characters/baked/t_zombie_unarmed.png.import[39m[0m
[  88% ] [90m[1msavepack[22m | Storing File: res://.godot/imported/anchor.png-ec85628dd57201435acf7a27c24b7d17.ctex[39m[0m
[  88% ] [90m[1msavepack[22m | Storing File: res://assets/characters/portraits/anchor.png.import[39m[0m
[  88% ] [90m[1msavepack[22m | Storing File: res://.godot/imported/arlo.png-a6e4f81cb9c60fc689305003e775c914.ctex[39m[0m
[  88% ] [90m[1msavepack[22m | Storing File: res://assets/characters/portraits/arlo.png.import[39m[0m
[  88% ] [90m[1msavepack[22m | Storing File: res://.godot/imported/buck.png-cb4a7406bb1afde24a342864bc586111.ctex[39m[0m
[  88% ] [90m[1msavepack[22m | Storing File: res://assets/characters/portraits/buck.png.import[39m[0m
[  88% ] [90m[1msavepack[22m | Storing File: res://.godot/imported/cass.png-9ef481febd347bae11560b7cdbd6128b.ctex[39m[0m
[  88% ] [90m[1msavepack[22m | Storing File: res://assets/characters/portraits/cass.png.import[39m[0m
[  88% ] [90m[1msavepack[22m | Storing File: res://.godot/imported/cass_star.png-63de37b413203e658a0c992bf78dbd00.ctex[39m[0m
[  88% ] [90m[1msavepack[22m | Storing File: res://assets/characters/portraits/cass_star.png.import[39m[0m
[  88% ] [90m[1msavepack[22m | Storing File: res://.godot/imported/dana.png-e192f67e4b7a6becc2da15d26d5c4aac.ctex[39m[0m
[  88% ] [90m[1msavepack[22m | Storing File: res://assets/characters/portraits/dana.png.import[39m[0m
[  89% ] [90m[1msavepack[22m | Storing File: res://.godot/imported/dead.png-67be6db00c59f69ad6fa747b3e8f9e97.ctex[39m[0m
[  89% ] [90m[1msavepack[22m | Storing File: res://assets/characters/portraits/dead.png.import[39m[0m
[  89% ] [90m[1msavepack[22m | Storing File: res://.godot/imported/director.png-fd353ef42ac5d00970209c65cb08c0eb.ctex[39m[0m
[  89% ] [90m[1msavepack[22m | Storing File: res://assets/characters/portraits/director.png.import[39m[0m
[  89% ] [90m[1msavepack[22m | Storing File: res://.godot/imported/dutch.png-0ccfe8b72738dedb4455199922faa7c0.ctex[39m[0m
[  89% ] [90m[1msavepack[22m | Storing File: res://assets/characters/portraits/dutch.png.import[39m[0m
[  89% ] [90m[1msavepack[22m | Storing File: res://.godot/imported/earl.png-72838eb4a31d75837d2e6a6f849e1fad.ctex[39m[0m
[  89% ] [90m[1msavepack[22m | Storing File: res://assets/characters/portraits/earl.png.import[39m[0m
[  89% ] [90m[1msavepack[22m | Storing File: res://.godot/imported/enemy_bellhop.png-43ebc6269ce12c62d6cd9f345cc5f6aa.ctex[39m[0m
[  89% ] [90m[1msavepack[22m | Storing File: res://assets/characters/portraits/enemy_bellhop.png.import[39m[0m
[  89% ] [90m[1msavepack[22m | Storing File: res://.godot/imported/enemy_biker.png-a9f47b000cb5d15a5b196cf3c8e051bd.ctex[39m[0m
[  89% ] [90m[1msavepack[22m | Storing File: res://assets/characters/portraits/enemy_biker.png.import[39m[0m
[  89% ] [90m[1msavepack[22m | Storing File: res://.godot/imported/enemy_civilian.png-9fcb84898b2929f84dffabb3c03bb557.ctex[39m[0m
[  89% ] [90m[1msavepack[22m | Storing File: res://assets/characters/portraits/enemy_civilian.png.import[39m[0m
[  89% ] [90m[1msavepack[22m | Storing File: res://.godot/imported/enemy_cultist.png-d62816c907d3302ae1131c7d44a779f9.ctex[39m[0m
[  89% ] [90m[1msavepack[22m | Storing File: res://assets/characters/portraits/enemy_cultist.png.import[39m[0m
[  89% ] [90m[1msavepack[22m | Storing File: res://.godot/imported/enemy_demon.png-20a716b7cc9bca6802ec7f313a5a5d21.ctex[39m[0m
[  89% ] [90m[1msavepack[22m | Storing File: res://assets/characters/portraits/enemy_demon.png.import[39m[0m
[  89% ] [90m[1msavepack[22m | Storing File: res://.godot/imported/enemy_ghoul.png-3c9313f7818e72c665fb8657e244642b.ctex[39m[0m
[  89% ] [90m[1msavepack[22m | Storing File: res://assets/characters/portraits/enemy_ghoul.png.import[39m[0m
[  89% ] [90m[1msavepack[22m | Storing File: res://.godot/imported/enemy_guard.png-3179701a1016ff938f02e55ba9a0863c.ctex[39m[0m
[  89% ] [90m[1msavepack[22m | Storing File: res://assets/characters/portraits/enemy_guard.png.import[39m[0m
[  89% ] [90m[1msavepack[22m | Storing File: res://.godot/imported/enemy_gunner.png-575e990c0ba7bc895d2ce73cefe85771.ctex[39m[0m
[  89% ] [90m[1msavepack[22m | Storing File: res://assets/characters/portraits/enemy_gunner.png.import[39m[0m
[  89% ] [90m[1msavepack[22m | Storing File: res://.godot/imported/enemy_handler.png-2606ceac01b486ec029aa150a839dd82.ctex[39m[0m
[  89% ] [90m[1msavepack[22m | Storing File: res://assets/characters/portraits/enemy_handler.png.import[39m[0m
[  89% ] [90m[1msavepack[22m | Storing File: res://.godot/imported/enemy_heavy.png-bc8f8bab8bf7c7dec6550a4d1e953b06.ctex[39m[0m
[  89% ] [90m[1msavepack[22m | Storing File: res://assets/characters/portraits/enemy_heavy.png.import[39m[0m
[  89% ] [90m[1msavepack[22m | Storing File: res://.godot/imported/enemy_hunter.png-e8c4c6419b3c3d1ce8c6fffefa7de0ad.ctex[39m[0m
[  89% ] [90m[1msavepack[22m | Storing File: res://assets/characters/portraits/enemy_hunter.png.import[39m[0m
[  89% ] [90m[1msavepack[22m | Storing File: res://.godot/imported/enemy_riot.png-0c73f94ae3377f34498a6ee5f74e2a94.ctex[39m[0m
[  89% ] [90m[1msavepack[22m | Storing File: res://assets/characters/portraits/enemy_riot.png.import[39m[0m
[  89% ] [90m[1msavepack[22m | Storing File: res://.godot/imported/enemy_scout.png-9383037ac62a1bc2db0d28627aab7a62.ctex[39m[0m
[  89% ] [90m[1msavepack[22m | Storing File: res://assets/characters/portraits/enemy_scout.png.import[39m[0m
[  89% ] [90m[1msavepack[22m | Storing File: res://.godot/imported/enemy_scrapper.png-8d63618151dee6cce150fc307e273e2d.ctex[39m[0m
[  89% ] [90m[1msavepack[22m | Storing File: res://assets/characters/portraits/enemy_scrapper.png.import[39m[0m
[  89% ] [90m[1msavepack[22m | Storing File: res://.godot/imported/enemy_security.png-f4b96939343bbac7247778ccdd438989.ctex[39m[0m
[  89% ] [90m[1msavepack[22m | Storing File: res://assets/characters/portraits/enemy_security.png.import[39m[0m
[  89% ] [90m[1msavepack[22m | Storing File: res://.godot/imported/enemy_sniper.png-46920b411b5f6145100dcf090551594a.ctex[39m[0m
[  89% ] [90m[1msavepack[22m | Storing File: res://assets/characters/portraits/enemy_sniper.png.import[39m[0m
[  89% ] [90m[1msavepack[22m | Storing File: res://.godot/imported/enemy_stagehand.png-9fd7764064cdeb0ebd242305ff3522a8.ctex[39m[0m
[  89% ] [90m[1msavepack[22m | Storing File: res://assets/characters/portraits/enemy_stagehand.png.import[39m[0m
[  89% ] [90m[1msavepack[22m | Storing File: res://.godot/imported/enemy_welder.png-c6bd7613374b08c346648367ed165929.ctex[39m[0m
[  89% ] [90m[1msavepack[22m | Storing File: res://assets/characters/portraits/enemy_welder.png.import[39m[0m
[  89% ] [90m[1msavepack[22m | Storing File: res://.godot/imported/enemy_zombie.png-38305a53782d0eaa7e11929e75d8fbda.ctex[39m[0m
[  89% ] [90m[1msavepack[22m | Storing File: res://assets/characters/portraits/enemy_zombie.png.import[39m[0m
[  89% ] [90m[1msavepack[22m | Storing File: res://.godot/imported/guard.png-62d1a282377eefc5797ee65ebca73cff.ctex[39m[0m
[  89% ] [90m[1msavepack[22m | Storing File: res://assets/characters/portraits/guard.png.import[39m[0m
[  89% ] [90m[1msavepack[22m | Storing File: res://.godot/imported/harcourt.png-cf4aa07eb0613aca11beea3db5345c59.ctex[39m[0m
[  89% ] [90m[1msavepack[22m | Storing File: res://assets/characters/portraits/harcourt.png.import[39m[0m
[  89% ] [90m[1msavepack[22m | Storing File: res://.godot/imported/machine.png-d6b7c9bf62a7420d5ace93472ede9d1e.ctex[39m[0m
[  89% ] [90m[1msavepack[22m | Storing File: res://assets/characters/portraits/machine.png.import[39m[0m
[  89% ] [90m[1msavepack[22m | Storing File: res://.godot/imported/marv.png-508c56eaab22b2adf0fb516c90a40d6b.ctex[39m[0m
[  89% ] [90m[1msavepack[22m | Storing File: res://assets/characters/portraits/marv.png.import[39m[0m
[  89% ] [90m[1msavepack[22m | Storing File: res://.godot/imported/mom.png-60d5b8a0028c5e3dce971227f6a1f58b.ctex[39m[0m
[  89% ] [90m[1msavepack[22m | Storing File: res://assets/characters/portraits/mom.png.import[39m[0m
[  89% ] [90m[1msavepack[22m | Storing File: res://.godot/imported/pa.png-57bdfaf1b0120833e465ae1d503188a0.ctex[39m[0m
[  89% ] [90m[1msavepack[22m | Storing File: res://assets/characters/portraits/pa.png.import[39m[0m
[  89% ] [90m[1msavepack[22m | Storing File: res://.godot/imported/rudy.png-4420ad3dc72335dd430d790e3a2ab7d7.ctex[39m[0m
[  89% ] [90m[1msavepack[22m | Storing File: res://assets/characters/portraits/rudy.png.import[39m[0m
[  89% ] [90m[1msavepack[22m | Storing File: res://.godot/imported/tommy.png-e1a1e80f08060b4036c0e9f8c684c516.ctex[39m[0m
[  89% ] [90m[1msavepack[22m | Storing File: res://assets/characters/portraits/tommy.png.import[39m[0m
[  89% ] [90m[1msavepack[22m | Storing File: res://.godot/imported/tommy_burnt.png-6c16dc74b278d094db65de572564f42c.ctex[39m[0m
[  89% ] [90m[1msavepack[22m | Storing File: res://assets/characters/portraits/tommy_burnt.png.import[39m[0m
[  89% ] [90m[1msavepack[22m | Storing File: res://.godot/imported/voice.png-227dec401e3e114e0c4262fb4c444339.ctex[39m[0m
[  89% ] [90m[1msavepack[22m | Storing File: res://assets/characters/portraits/voice.png.import[39m[0m
[  90% ] [90m[1msavepack[22m | Storing File: res://.godot/imported/DejaVuSansMono-Bold.ttf-2eecaf3dccb21bcfe2e0ad26b61043b1.fontdata[39m[0m
[  90% ] [90m[1msavepack[22m | Storing File: res://assets/fonts/DejaVuSansMono-Bold.ttf.import[39m[0m
[  90% ] [90m[1msavepack[22m | Storing File: res://.godot/imported/DejaVuSansMono.ttf-9a4c8400e0605ada74fff5183c94f917.fontdata[39m[0m
[  90% ] [90m[1msavepack[22m | Storing File: res://assets/fonts/DejaVuSansMono.ttf.import[39m[0m
[  90% ] [90m[1msavepack[22m | Storing File: res://.godot/imported/Lora-Italic-Variable.ttf-1a64d8fb0fb646fabac788afae9e68ae.fontdata[39m[0m
[  90% ] [90m[1msavepack[22m | Storing File: res://assets/fonts/Lora-Italic-Variable.ttf.import[39m[0m
[  90% ] [90m[1msavepack[22m | Storing File: res://.godot/imported/Poppins-Bold.ttf-01ce82f5b00e016d9c6422d95df080ed.fontdata[39m[0m
[  90% ] [90m[1msavepack[22m | Storing File: res://assets/fonts/Poppins-Bold.ttf.import[39m[0m
[  90% ] [90m[1msavepack[22m | Storing File: res://.godot/imported/Poppins-BoldItalic.ttf-b5b34d5a857e115dc229db7986adafa4.fontdata[39m[0m
[  90% ] [90m[1msavepack[22m | Storing File: res://assets/fonts/Poppins-BoldItalic.ttf.import[39m[0m
[  90% ] [90m[1msavepack[22m | Storing File: res://.godot/imported/arcade_cabinet.obj-e8f7f72bf62010a1228bf12518826f24.mesh[39m[0m
[  90% ] [90m[1msavepack[22m | Storing File: res://assets/models/arcade_cabinet.obj.import[39m[0m
[  90% ] [90m[1msavepack[22m | Storing File: res://.godot/imported/dumpster.obj-d50e55e3ee987bd4263190f90b6248dd.mesh[39m[0m
[  90% ] [90m[1msavepack[22m | Storing File: res://assets/models/dumpster.obj.import[39m[0m
[  90% ] [90m[1msavepack[22m | Storing File: res://.godot/imported/neon_motel_sign.obj-db6232a0c5e054491064e93e07201d39.mesh[39m[0m
[  90% ] [90m[1msavepack[22m | Storing File: res://assets/models/neon_motel_sign.obj.import[39m[0m
[  90% ] [90m[1msavepack[22m | Storing File: res://.godot/imported/palm_tree.obj-af03fd43ad14606dc1ec86fd56404387.mesh[39m[0m
[  90% ] [90m[1msavepack[22m | Storing File: res://assets/models/palm_tree.obj.import[39m[0m
[  90% ] [90m[1msavepack[22m | Storing File: res://.godot/imported/retro_car.obj-c427fc9aaf65a0cd65746b3dc32a6ef1.mesh[39m[0m
[  90% ] [90m[1msavepack[22m | Storing File: res://assets/models/retro_car.obj.import[39m[0m
[  90% ] [90m[1msavepack[22m | Storing File: res://.godot/imported/retro_tv.obj-a8b0cbd0b97016fc2cd917d15c1b8cc7.mesh[39m[0m
[  90% ] [90m[1msavepack[22m | Storing File: res://assets/models/retro_tv.obj.import[39m[0m
[  90% ] [90m[1msavepack[22m | Storing File: res://.godot/imported/street_lamp.obj-330dd8d5081a861a1e61c815f59dafc6.mesh[39m[0m
[  90% ] [90m[1msavepack[22m | Storing File: res://assets/models/street_lamp.obj.import[39m[0m
[  90% ] [90m[1msavepack[22m | Storing File: res://.godot/imported/vending_machine.obj-b2ecf960ac3039ef1ad9ddf4455ad5ea.mesh[39m[0m
[  90% ] [90m[1msavepack[22m | Storing File: res://assets/models/vending_machine.obj.import[39m[0m
[  90% ] [90m[1msavepack[22m | Storing File: res://.godot/exported/133200997/export-66587052f3e8116173c2473bb05093e7-bobby.res[39m[0m
[  90% ] [90m[1msavepack[22m | Storing File: res://.godot/exported/133200997/export-10c988d4a4c972a58ec6d4d91e15f03b-cass.res[39m[0m
[  90% ] [90m[1msavepack[22m | Storing File: res://.godot/exported/133200997/export-7254ac3b28ec74a998e26cf789767fba-dana.res[39m[0m
[  90% ] [90m[1msavepack[22m | Storing File: res://.godot/exported/133200997/export-7ccf7bbef2dc91ad675fbdecb88332aa-deacon.res[39m[0m
[  90% ] [90m[1msavepack[22m | Storing File: res://.godot/exported/133200997/export-63343652fbdbf89a2a7daa48c0ba6b30-director.res[39m[0m
[  90% ] [90m[1msavepack[22m | Storing File: res://.godot/exported/133200997/export-0e4470a454079f9359fd58fb071456a2-luz.res[39m[0m
[  90% ] [90m[1msavepack[22m | Storing File: res://.godot/exported/133200997/export-4bd5c1080de5be0dfdadd27f8e7911a8-marv.res[39m[0m
[  90% ] [90m[1msavepack[22m | Storing File: res://.godot/exported/133200997/export-167dc1aeb407bba2cab745ee01420964-nadia.res[39m[0m
[  90% ] [90m[1msavepack[22m | Storing File: res://.godot/exported/133200997/export-d9fe83bcb98ae828870badade8cfc17d-tilly.res[39m[0m
[  90% ] [90m[1msavepack[22m | Storing File: res://.godot/exported/133200997/export-b59286c179ab869f9b69ee5555bcd925-wes.res[39m[0m
[  90% ] [90m[1msavepack[22m | Storing File: res://data/dialogue/apartment_1988.json[39m[0m
[  90% ] [90m[1msavepack[22m | Storing File: res://data/dialogue/call_m01.json[39m[0m
[  90% ] [90m[1msavepack[22m | Storing File: res://data/dialogue/call_m02.json[39m[0m
[  90% ] [90m[1msavepack[22m | Storing File: res://data/dialogue/call_m03.json[39m[0m
[  90% ] [90m[1msavepack[22m | Storing File: res://data/dialogue/call_m04.json[39m[0m
[  90% ] [90m[1msavepack[22m | Storing File: res://data/dialogue/m01_boss_down.json[39m[0m
[  90% ] [90m[1msavepack[22m | Storing File: res://data/dialogue/m01_boss_intro.json[39m[0m
[  90% ] [90m[1msavepack[22m | Storing File: res://data/dialogue/m01_phone.json[39m[0m
[  90% ] [90m[1msavepack[22m | Storing File: res://data/dialogue/m02_boss_down.json[39m[0m
[  91% ] [90m[1msavepack[22m | Storing File: res://data/dialogue/m02_boss_intro.json[39m[0m
[  91% ] [90m[1msavepack[22m | Storing File: res://data/dialogue/m03_boss_down.json[39m[0m
[  91% ] [90m[1msavepack[22m | Storing File: res://data/dialogue/m03_boss_intro.json[39m[0m
[  91% ] [90m[1msavepack[22m | Storing File: res://data/dialogue/m04_boss_down.json[39m[0m
[  91% ] [90m[1msavepack[22m | Storing File: res://data/dialogue/m04_boss_intro.json[39m[0m
[  91% ] [90m[1msavepack[22m | Storing File: res://data/dialogue/motel_dream.json[39m[0m
[  91% ] [90m[1msavepack[22m | Storing File: res://data/dialogue/news_1988.json[39m[0m
[  91% ] [90m[1msavepack[22m | Storing File: res://data/dialogue/news_1988b.json[39m[0m
[  91% ] [90m[1msavepack[22m | Storing File: res://data/dialogue/prologue.json[39m[0m
[  91% ] [90m[1msavepack[22m | Storing File: res://data/dialogue/salvage_1988.json[39m[0m
[  91% ] [90m[1msavepack[22m | Storing File: res://data/dialogue/speakers.json[39m[0m
[  91% ] [90m[1msavepack[22m | Storing File: res://data/dialogue/studio_1988.json[39m[0m
[  91% ] [90m[1msavepack[22m | Storing File: res://data/dialogue/teaser.json[39m[0m
[  91% ] [90m[1msavepack[22m | Storing File: res://data/dialogue/wake_1988.json[39m[0m
[  91% ] [90m[1msavepack[22m | Storing File: res://data/dialogue/yermo_after.json[39m[0m
[  91% ] [90m[1msavepack[22m | Storing File: res://.godot/exported/133200997/export-d92b6b6ac72936bc42bd6b8646b7145f-bellhop.res[39m[0m
[  91% ] [90m[1msavepack[22m | Storing File: res://.godot/exported/133200997/export-9fdc97731e744f9c5a718a0e928a4eca-biker.res[39m[0m
[  91% ] [90m[1msavepack[22m | Storing File: res://.godot/exported/133200997/export-7f6700db23ad6f6649d2015d9fc481cd-burning_man.res[39m[0m
[  91% ] [90m[1msavepack[22m | Storing File: res://.godot/exported/133200997/export-2a1a0e3ec4b4cd2d3816ac96f21fe249-cultist.res[39m[0m
[  91% ] [90m[1msavepack[22m | Storing File: res://.godot/exported/133200997/export-e73f553eb7c3b19dfabca8966d619247-demon.res[39m[0m
[  91% ] [90m[1msavepack[22m | Storing File: res://.godot/exported/133200997/export-d2bd2620065c6a82107840ff195a7d41-dog.res[39m[0m
[  91% ] [90m[1msavepack[22m | Storing File: res://.godot/exported/133200997/export-4f56acb93048fb57eb0b2033c9e9ccc0-dog_doberman.res[39m[0m
[  91% ] [90m[1msavepack[22m | Storing File: res://.godot/exported/133200997/export-005661ff2bca0b07cbe4216f488cbfa8-dog_rott.res[39m[0m
[  91% ] [90m[1msavepack[22m | Storing File: res://.godot/exported/133200997/export-136536bf3cde804345f512243f193d1c-fireman.res[39m[0m
[  91% ] [90m[1msavepack[22m | Storing File: res://.godot/exported/133200997/export-41f8c6f0f0ef25c19f55122834fd4a22-ghoul.res[39m[0m
[  91% ] [90m[1msavepack[22m | Storing File: res://.godot/exported/133200997/export-89d03be2d45ec83a0bc5de2b34c2fee0-guard.res[39m[0m
[  91% ] [90m[1msavepack[22m | Storing File: res://.godot/exported/133200997/export-78d2f9ba568feff505e56003d270f0f4-gunner.res[39m[0m
[  91% ] [90m[1msavepack[22m | Storing File: res://.godot/exported/133200997/export-d1527c665e7a2bb1b2aad2101cf604c2-handler.res[39m[0m
[  91% ] [90m[1msavepack[22m | Storing File: res://.godot/exported/133200997/export-c15595d8b1525122ef621439b1cf950d-heavy.res[39m[0m
[  91% ] [90m[1msavepack[22m | Storing File: res://.godot/exported/133200997/export-5dab86d28282a321fe2caeaf5c9624dd-hellhound.res[39m[0m
[  91% ] [90m[1msavepack[22m | Storing File: res://.godot/exported/133200997/export-742776188fe41dea16e7ee93b553b0b1-hunter.res[39m[0m
[  91% ] [90m[1msavepack[22m | Storing File: res://.godot/exported/133200997/export-e4288ab6a424ed3b72a52a82b05c93c0-kennel_master.res[39m[0m
[  92% ] [90m[1msavepack[22m | Storing File: res://.godot/exported/133200997/export-fb8e91b8370bea1e89adaa340aad0e00-night_manager.res[39m[0m
[  92% ] [90m[1msavepack[22m | Storing File: res://.godot/exported/133200997/export-1f31f0b03ed2d8e318fef21165ec2c1a-riot.res[39m[0m
[  92% ] [90m[1msavepack[22m | Storing File: res://.godot/exported/133200997/export-6c4263f881fdbf7769a6ae1f32be8829-scout.res[39m[0m
[  92% ] [90m[1msavepack[22m | Storing File: res://.godot/exported/133200997/export-9a57beefabacc2d8bb898708442aec8b-scrapper.res[39m[0m
[  92% ] [90m[1msavepack[22m | Storing File: res://.godot/exported/133200997/export-76fcf6d7b1d2559d6e6ac00220f44683-security.res[39m[0m
[  92% ] [90m[1msavepack[22m | Storing File: res://.godot/exported/133200997/export-6716297e634aa06906b5768b1888c2a0-sniper.res[39m[0m
[  92% ] [90m[1msavepack[22m | Storing File: res://.godot/exported/133200997/export-f3a125fddcc4e42539c0118077db564c-stagehand.res[39m[0m
[  92% ] [90m[1msavepack[22m | Storing File: res://.godot/exported/133200997/export-e119faeae7a7102f8b7113c46dffac3e-welder.res[39m[0m
[  92% ] [90m[1msavepack[22m | Storing File: res://.godot/exported/133200997/export-5803a7f2a69e9dbc1e748fc6025e91ec-zombie.res[39m[0m
[  92% ] [90m[1msavepack[22m | Storing File: res://data/i18n/pt_PT.json[39m[0m
[  92% ] [90m[1msavepack[22m | Storing File: res://data/missions/campaign.json[39m[0m
[  92% ] [90m[1msavepack[22m | Storing File: res://.godot/exported/133200997/export-e6183d10779614f0c78ac68eb3deeaac-m01_checkout.res[39m[0m
[  92% ] [90m[1msavepack[22m | Storing File: res://.godot/exported/133200997/export-03836e591b1fb5306204a3562e7d1af6-m02_dog_days.res[39m[0m
[  92% ] [90m[1msavepack[22m | Storing File: res://.godot/exported/133200997/export-6b7792bd05c3a5972ef74155cf6e9a96-m03_prime_time.res[39m[0m
[  92% ] [90m[1msavepack[22m | Storing File: res://.godot/exported/133200997/export-037c9e4e3e332e24df62c0c475a451ec-m04_sweet_dreams.res[39m[0m
[  92% ] [90m[1msavepack[22m | Storing File: res://.godot/exported/133200997/export-27337a4450c3958792c7b0072715bf4d-angel.res[39m[0m
[  92% ] [90m[1msavepack[22m | Storing File: res://.godot/exported/133200997/export-bae815b3f6f6d994ceec3ced51ef2a0f-cowboy.res[39m[0m
[  92% ] [90m[1msavepack[22m | Storing File: res://.godot/exported/133200997/export-452b4ebf86b50f9ee642f265ff131833-devil.res[39m[0m
[  92% ] [90m[1msavepack[22m | Storing File: res://.godot/exported/133200997/export-6d463d00fc2082480bf3c4248e370c79-dog.res[39m[0m
[  92% ] [90m[1msavepack[22m | Storing File: res://.godot/exported/133200997/export-37a6e3cfc4a0439cfd74a8dcc933a8db-fool.res[39m[0m
[  92% ] [90m[1msavepack[22m | Storing File: res://.godot/exported/133200997/export-bc3ed5ee3780bd3fa5671a79a280d87b-ghost.res[39m[0m
[  92% ] [90m[1msavepack[22m | Storing File: res://.godot/exported/133200997/export-7f4c10a0ed28873c2888f2024f5f04b4-king.res[39m[0m
[  92% ] [90m[1msavepack[22m | Storing File: res://.godot/exported/133200997/export-5a753998131eb4d1080ddd4800ad864f-king_hidden.res[39m[0m
[  92% ] [90m[1msavepack[22m | Storing File: res://.godot/exported/133200997/export-2ed2174e3d7f888b14f73f48dae3aa53-saint.res[39m[0m
[  92% ] [90m[1msavepack[22m | Storing File: res://.godot/exported/133200997/export-02881ee65e7d4161bbf3e60fd42fa112-soldier.res[39m[0m
[  92% ] [90m[1msavepack[22m | Storing File: res://.godot/exported/133200997/export-7dbd0850706d87117f46640e8aa73a18-star.res[39m[0m
[  92% ] [90m[1msavepack[22m | Storing File: res://.godot/exported/133200997/export-00c2ccc79dbb341782aa2c46ed39294b-bat.res[39m[0m
[  92% ] [90m[1msavepack[22m | Storing File: res://.godot/exported/133200997/export-9ac275f9a1ae37e060d0e1b633aa371a-boomstick.res[39m[0m
[  92% ] [90m[1msavepack[22m | Storing File: res://.godot/exported/133200997/export-b787fa95ff57e66918a298c3e0d4c201-bottle.res[39m[0m
[  92% ] [90m[1msavepack[22m | Storing File: res://.godot/exported/133200997/export-2d88969a2ec46a2166b3d0e9b9e8f6e8-brick.res[39m[0m
[  92% ] [90m[1msavepack[22m | Storing File: res://.godot/exported/133200997/export-9b89cc38007a1ee07af5d57b3847aea8-broken_bottle.res[39m[0m
[  92% ] [90m[1msavepack[22m | Storing File: res://.godot/exported/133200997/export-9867cb87174084c233bb4d03e2b6f597-flamethrower.res[39m[0m
[  92% ] [90m[1msavepack[22m | Storing File: res://.godot/exported/133200997/export-d748a51ffc0988e045470542b756aa87-glass_shard.res[39m[0m
[  93% ] [90m[1msavepack[22m | Storing File: res://.godot/exported/133200997/export-3829c18f1e88233f18d9461fe1c49860-hotshot.res[39m[0m
[  93% ] [90m[1msavepack[22m | Storing File: res://.godot/exported/133200997/export-086ba712ac1f18737a5c901a21d66777-knife.res[39m[0m
[  93% ] [90m[1msavepack[22m | Storing File: res://.godot/exported/133200997/export-3312125d74d5af279aea703b5fdfef57-machete.res[39m[0m
[  93% ] [90m[1msavepack[22m | Storing File: res://.godot/exported/133200997/export-36d4cb592dd93202c5bde714e216291d-pipe.res[39m[0m
[  93% ] [90m[1msavepack[22m | Storing File: res://.godot/exported/133200997/export-506ee60ab655c97bfcfa37d68b5bfae2-pistol.res[39m[0m
[  93% ] [90m[1msavepack[22m | Storing File: res://.godot/exported/133200997/export-83bffbc6976589ccdb5dfe6565e1e0f9-revolver.res[39m[0m
[  93% ] [90m[1msavepack[22m | Storing File: res://.godot/exported/133200997/export-dfe914c8ad3d1a4b78fad98ccdc986d8-rifle.res[39m[0m
[  93% ] [90m[1msavepack[22m | Storing File: res://.godot/exported/133200997/export-3fb0b42544c4bdd7f2d4c852fe0b890a-shotgun.res[39m[0m
[  93% ] [90m[1msavepack[22m | Storing File: res://.godot/exported/133200997/export-e9212196259c78ed0c547d882abba363-smg.res[39m[0m
[  93% ] [90m[1msavepack[22m | Storing File: res://.godot/exported/133200997/export-79a3d2ef87b9236eab3a8e4b0b8b0327-whisper.res[39m[0m
[  93% ] [90m[1msavepack[22m | Storing File: res://data/music.json[39m[0m
[  93% ] [90m[1msavepack[22m | Storing File: res://.godot/imported/generated_contact.png-93308c454c2fb733fc411c3497c725e7.ctex[39m[0m
[  93% ] [90m[1msavepack[22m | Storing File: res://generated_contact.png.import[39m[0m
[  93% ] [90m[1msavepack[22m | Storing File: res://.godot/imported/cutscene_animation_contact.png-05399aec27c08f4a909196242154fac8.ctex[39m[0m
[  93% ] [90m[1msavepack[22m | Storing File: res://cutscene_animation_contact.png.import[39m[0m
[  93% ] [90m[1msavepack[22m | Storing File: res://shaders/vcr_filter.gdshader[39m[0m
[  93% ] [90m[1msavepack[22m | Storing File: res://shaders/painted_shot.gdshader[39m[0m
[  93% ] [90m[1msavepack[22m | Storing File: res://levels/m01_sunset_palms.json[39m[0m
[  93% ] [90m[1msavepack[22m | Storing File: res://levels/m02_yermo_salvage.json[39m[0m
[  93% ] [90m[1msavepack[22m | Storing File: res://levels/m03_khsc_studios.json[39m[0m
[  93% ] [90m[1msavepack[22m | Storing File: res://levels/m04_villa_estrella.json[39m[0m
[  93% ] [90m[1msavepack[22m | Storing File: res://.godot/imported/intro_teaser.ogg-e19b045d1a578de09d96fd5945a19356.oggvorbisstr[39m[0m
[  93% ] [90m[1msavepack[22m | Storing File: res://music/intro_teaser.ogg.import[39m[0m
[  93% ] [90m[1msavepack[22m | Storing File: res://.godot/imported/intro_teaser_v2.mp3-b4b538561e06ba3d1fd22f9d44c311a6.mp3str[39m[0m
[  93% ] [90m[1msavepack[22m | Storing File: res://music/intro_teaser_v2.mp3.import[39m[0m
[  93% ] [90m[1msavepack[22m | Storing File: res://.godot/imported/st_aftermath.ogg-36bc03c93146426af5fa21d276141e36.oggvorbisstr[39m[0m
[  93% ] [90m[1msavepack[22m | Storing File: res://music/st_aftermath.ogg.import[39m[0m
[  93% ] [90m[1msavepack[22m | Storing File: res://.godot/imported/st_arcade1.ogg-e557fa9b18466a3f91841a62faddc518.oggvorbisstr[39m[0m
[  93% ] [90m[1msavepack[22m | Storing File: res://music/st_arcade1.ogg.import[39m[0m
[  93% ] [90m[1msavepack[22m | Storing File: res://.godot/imported/st_arcade2.ogg-3963ef0c669811774bc47a0b10ec5cf5.oggvorbisstr[39m[0m
[  93% ] [90m[1msavepack[22m | Storing File: res://music/st_arcade2.ogg.import[39m[0m
[  93% ] [90m[1msavepack[22m | Storing File: res://.godot/imported/st_arcade3.ogg-be7b19f8511461e39062faa6391054f0.oggvorbisstr[39m[0m
[  93% ] [90m[1msavepack[22m | Storing File: res://music/st_arcade3.ogg.import[39m[0m
[  93% ] [90m[1msavepack[22m | Storing File: res://.godot/imported/st_arcade4.ogg-5f02fc7f2c18f481b14fbf2cc0a9619f.oggvorbisstr[39m[0m
[  93% ] [90m[1msavepack[22m | Storing File: res://music/st_arcade4.ogg.import[39m[0m
[  93% ] [90m[1msavepack[22m | Storing File: res://.godot/imported/st_boss_fireman.ogg-502b80cdfc29fd9f1851994ea4ad1394.oggvorbisstr[39m[0m
[  93% ] [90m[1msavepack[22m | Storing File: res://music/st_boss_fireman.ogg.import[39m[0m
[  93% ] [90m[1msavepack[22m | Storing File: res://.godot/imported/st_boss_fireman_fire.ogg-929f5edcf976ce4b805a4bb5156699c0.oggvorbisstr[39m[0m
[  93% ] [90m[1msavepack[22m | Storing File: res://music/st_boss_fireman_fire.ogg.import[39m[0m
[  93% ] [90m[1msavepack[22m | Storing File: res://.godot/imported/st_boss_harcourt.ogg-757ef301e30d63760b0543e41c5310e1.oggvorbisstr[39m[0m
[  93% ] [90m[1msavepack[22m | Storing File: res://music/st_boss_harcourt.ogg.import[39m[0m
[  93% ] [90m[1msavepack[22m | Storing File: res://.godot/imported/st_boss_harcourt_dark.ogg-2e79624849d893d2a979580d227cf86b.oggvorbisstr[39m[0m
[  93% ] [90m[1msavepack[22m | Storing File: res://music/st_boss_harcourt_dark.ogg.import[39m[0m
[  93% ] [90m[1msavepack[22m | Storing File: res://.godot/imported/st_boss_tommy.ogg-c4a7ec77773a6c5fd9350365ab84eecd.oggvorbisstr[39m[0m
[  93% ] [90m[1msavepack[22m | Storing File: res://music/st_boss_tommy.ogg.import[39m[0m
[  93% ] [90m[1msavepack[22m | Storing File: res://.godot/imported/st_boss_tommy_wake.ogg-03b2dfb8b568985eec5cfed5fdf2b703.oggvorbisstr[39m[0m
[  93% ] [90m[1msavepack[22m | Storing File: res://music/st_boss_tommy_wake.ogg.import[39m[0m
[  94% ] [90m[1msavepack[22m | Storing File: res://.godot/imported/st_credits.ogg-c8ef9b2c3443eefaca164271ffb8015b.oggvorbisstr[39m[0m
[  94% ] [90m[1msavepack[22m | Storing File: res://music/st_credits.ogg.import[39m[0m
[  94% ] [90m[1msavepack[22m | Storing File: res://.godot/imported/st_credits_rewind.ogg-37e93b5019d3d7aca91748b85c40a5a1.oggvorbisstr[39m[0m
[  94% ] [90m[1msavepack[22m | Storing File: res://music/st_credits_rewind.ogg.import[39m[0m
[  94% ] [90m[1msavepack[22m | Storing File: res://.godot/imported/st_dream.ogg-cebc77a9bad994393eea17b44eb9acd9.oggvorbisstr[39m[0m
[  94% ] [90m[1msavepack[22m | Storing File: res://music/st_dream.ogg.import[39m[0m
[  94% ] [90m[1msavepack[22m | Storing File: res://.godot/imported/st_drive_barstow.ogg-a456012d5027640cec2d0efe5c32f164.oggvorbisstr[39m[0m
[  94% ] [90m[1msavepack[22m | Storing File: res://music/st_drive_barstow.ogg.import[39m[0m
[  94% ] [90m[1msavepack[22m | Storing File: res://.godot/imported/st_drive_burbank.ogg-cb24d2723d3c9d0c020b3f716c63bb29.oggvorbisstr[39m[0m
[  94% ] [90m[1msavepack[22m | Storing File: res://music/st_drive_burbank.ogg.import[39m[0m
[  94% ] [90m[1msavepack[22m | Storing File: res://.godot/imported/st_drive_mojave.ogg-acdffdfb48f52f9a8cb71aba395936a9.oggvorbisstr[39m[0m
[  94% ] [90m[1msavepack[22m | Storing File: res://music/st_drive_mojave.ogg.import[39m[0m
[  94% ] [90m[1msavepack[22m | Storing File: res://.godot/imported/st_galaxy_combat.ogg-ca863c335023209b3dc3de29cc16d6e6.oggvorbisstr[39m[0m
[  94% ] [90m[1msavepack[22m | Storing File: res://music/st_galaxy_combat.ogg.import[39m[0m
[  94% ] [90m[1msavepack[22m | Storing File: res://.godot/imported/st_main_theme.ogg-eb8123e48c3df1e9da9e943ff8ab96a3.oggvorbisstr[39m[0m
[  94% ] [90m[1msavepack[22m | Storing File: res://music/st_main_theme.ogg.import[39m[0m
[  94% ] [90m[1msavepack[22m | Storing File: res://.godot/imported/st_massacre1.ogg-3ea059d82fa3dc20fe2f9bf2486230a6.oggvorbisstr[39m[0m
[  94% ] [90m[1msavepack[22m | Storing File: res://music/st_massacre1.ogg.import[39m[0m
[  94% ] [90m[1msavepack[22m | Storing File: res://.godot/imported/st_massacre2.ogg-f976d23eb292a0486394125aa5327e4b.oggvorbisstr[39m[0m
[  94% ] [90m[1msavepack[22m | Storing File: res://music/st_massacre2.ogg.import[39m[0m
[  94% ] [90m[1msavepack[22m | Storing File: res://.godot/imported/st_massacre3.ogg-408dd6fc1ea2021a02e0b58ac0ba590f.oggvorbisstr[39m[0m
[  94% ] [90m[1msavepack[22m | Storing File: res://music/st_massacre3.ogg.import[39m[0m
[  94% ] [90m[1msavepack[22m | Storing File: res://.godot/imported/st_menu_tapes.mp3-b5a79f4360965b7ece482e1bc991b1da.mp3str[39m[0m
[  94% ] [90m[1msavepack[22m | Storing File: res://music/st_menu_tapes.mp3.import[39m[0m
[  94% ] [90m[1msavepack[22m | Storing File: res://.godot/imported/st_menu_tapes.ogg-8b336e6bd97fdb0f14d7f8203f19ee92.oggvorbisstr[39m[0m
[  94% ] [90m[1msavepack[22m | Storing File: res://music/st_menu_tapes.ogg.import[39m[0m
[  94% ] [90m[1msavepack[22m | Storing File: res://.godot/imported/st_menu_vcr.mp3-0d7cc1b3dbb0cd9597c830996b664d4f.mp3str[39m[0m
[  94% ] [90m[1msavepack[22m | Storing File: res://music/st_menu_vcr.mp3.import[39m[0m
[  94% ] [90m[1msavepack[22m | Storing File: res://.godot/imported/st_menu_vcr.ogg-7b7f6b59aa922e0edf947f878de03cf2.oggvorbisstr[39m[0m
[  94% ] [90m[1msavepack[22m | Storing File: res://music/st_menu_vcr.ogg.import[39m[0m
[  94% ] [90m[1msavepack[22m | Storing File: res://.godot/imported/st_motel_combat.ogg-48653af39dcd9a71b78f9f8c26465e29.oggvorbisstr[39m[0m
[  94% ] [90m[1msavepack[22m | Storing File: res://music/st_motel_combat.ogg.import[39m[0m
[  94% ] [90m[1msavepack[22m | Storing File: res://.godot/imported/st_motel_stealth.ogg-10b34e60a1184b6e2f2cb3d349130112.oggvorbisstr[39m[0m
[  94% ] [90m[1msavepack[22m | Storing File: res://music/st_motel_stealth.ogg.import[39m[0m
[  94% ] [90m[1msavepack[22m | Storing File: res://.godot/imported/st_police_combat.ogg-b13fdca62477bd983c4dbeba15d78404.oggvorbisstr[39m[0m
[  94% ] [90m[1msavepack[22m | Storing File: res://music/st_police_combat.ogg.import[39m[0m
[  94% ] [90m[1msavepack[22m | Storing File: res://.godot/imported/st_story_apartment.ogg-f5bc3a6d5c510681031764deabdc10ae.oggvorbisstr[39m[0m
[  94% ] [90m[1msavepack[22m | Storing File: res://music/st_story_apartment.ogg.import[39m[0m
[  94% ] [90m[1msavepack[22m | Storing File: res://.godot/imported/st_story_firewatch.ogg-3b2dcac46997bb43d4fdc44365c7b77f.oggvorbisstr[39m[0m
[  94% ] [90m[1msavepack[22m | Storing File: res://music/st_story_firewatch.ogg.import[39m[0m
[  94% ] [90m[1msavepack[22m | Storing File: res://.godot/imported/st_story_mom.ogg-4e1bdc6daeb17ca6b64cefd5eaa9b1e3.oggvorbisstr[39m[0m
[  94% ] [90m[1msavepack[22m | Storing File: res://music/st_story_mom.ogg.import[39m[0m
[  94% ] [90m[1msavepack[22m | Storing File: res://.godot/imported/st_story_tommy.ogg-339178a8d8ce96b0d4e0d421d3887442.oggvorbisstr[39m[0m
[  94% ] [90m[1msavepack[22m | Storing File: res://music/st_story_tommy.ogg.import[39m[0m
[  94% ] [90m[1msavepack[22m | Storing File: res://.godot/imported/st_studio_combat.ogg-8abd6c672ac09ce21900e6bdb5b84845.oggvorbisstr[39m[0m
[  94% ] [90m[1msavepack[22m | Storing File: res://music/st_studio_combat.ogg.import[39m[0m
[  94% ] [90m[1msavepack[22m | Storing File: res://.godot/imported/st_studio_stealth.ogg-e151ab28d81927a4a0e061f47de6da91.oggvorbisstr[39m[0m
[  94% ] [90m[1msavepack[22m | Storing File: res://music/st_studio_stealth.ogg.import[39m[0m
[  94% ] [90m[1msavepack[22m | Storing File: res://.godot/imported/st_villa_combat.ogg-557be6bc155cebbb4b295c995a467935.oggvorbisstr[39m[0m
[  94% ] [90m[1msavepack[22m | Storing File: res://music/st_villa_combat.ogg.import[39m[0m
[  94% ] [90m[1msavepack[22m | Storing File: res://.godot/imported/st_villa_nightmare.ogg-ca02bfb729cdeb4c9098ba752abefc3c.oggvorbisstr[39m[0m
[  94% ] [90m[1msavepack[22m | Storing File: res://music/st_villa_nightmare.ogg.import[39m[0m
[  94% ] [90m[1msavepack[22m | Storing File: res://.godot/imported/st_yard_combat.ogg-21547e5b26429ffe21d1e8dff3cde200.oggvorbisstr[39m[0m
[  94% ] [90m[1msavepack[22m | Storing File: res://music/st_yard_combat.ogg.import[39m[0m
[  94% ] [90m[1msavepack[22m | Storing File: res://.godot/imported/st_yard_stealth.ogg-e3aa997523ab6f1d2129758c80ce11a1.oggvorbisstr[39m[0m
[  94% ] [90m[1msavepack[22m | Storing File: res://music/st_yard_stealth.ogg.import[39m[0m
[  94% ] [90m[1msavepack[22m | Storing File: res://.godot/exported/133200997/export-e9eed321f1efffd18f7cb58ed3a0123a-cutscene.scn[39m[0m
[  94% ] [90m[1msavepack[22m | Storing File: res://.godot/exported/133200997/export-d2f84246acaf0198009608664807e4e4-level.scn[39m[0m
[  94% ] [90m[1msavepack[22m | Storing File: res://.godot/exported/133200997/export-124351b331d0bb835371775f4e82a513-hub.scn[39m[0m
[  94% ] [90m[1msavepack[22m | Storing File: res://.godot/exported/133200997/export-8eead67042c0c585f25edac358b4c9e9-installer.scn[39m[0m
[  95% ] [90m[1msavepack[22m | Storing File: res://.godot/exported/133200997/export-87378df13034a04b38a7fbd070bde2dd-intro.scn[39m[0m
[  95% ] [90m[1msavepack[22m | Storing File: res://.godot/exported/133200997/export-f185f635d285b72b4e9d95cb5bdedf59-results.scn[39m[0m
[  95% ] [90m[1msavepack[22m | Storing File: res://.godot/exported/133200997/export-4c5861132dd9af5033ddbcf3dc1cb4bd-splash_screen.scn[39m[0m
[  95% ] [90m[1msavepack[22m | Storing File: res://.godot/exported/133200997/export-5eabcd2865b627a14b0c7b9586988c63-title_screen.scn[39m[0m
[  95% ] [90m[1msavepack[22m | Storing File: res://.godot/exported/133200997/export-c3c40bb4d42d26c7c74cc88080d6723d-boot.scn[39m[0m
[  95% ] [90m[1msavepack[22m | Storing File: res://scripts/enemies/boss_burning_man.gdc[39m[0m
[  95% ] [90m[1msavepack[22m | Storing File: res://scripts/enemies/boss_fireman.gdc[39m[0m
[  95% ] [90m[1msavepack[22m | Storing File: res://scripts/enemies/boss_kennel.gdc[39m[0m
[  95% ] [90m[1msavepack[22m | Storing File: res://scripts/enemies/boss_night_manager.gdc[39m[0m
[  95% ] [90m[1msavepack[22m | Storing File: res://scripts/enemies/corpse.gdc[39m[0m
[  95% ] [90m[1msavepack[22m | Storing File: res://scripts/enemies/dog.gdc[39m[0m
[  95% ] [90m[1msavepack[22m | Storing File: res://scripts/enemies/enemy_controller.gdc[39m[0m
[  95% ] [90m[1msavepack[22m | Storing File: res://scripts/enemies/enemy_data.gdc[39m[0m
[  95% ] [90m[1msavepack[22m | Storing File: res://scripts/enemies/handler.gdc[39m[0m
[  95% ] [90m[1msavepack[22m | Storing File: res://scripts/enemies/idle_activity.gdc[39m[0m
[  95% ] [90m[1msavepack[22m | Storing File: res://scripts/enemies/npc.gdc[39m[0m
[  95% ] [90m[1msavepack[22m | Storing File: res://scripts/enemies/sniper.gdc[39m[0m
[  95% ] [90m[1msavepack[22m | Storing File: res://scripts/levels/alarm_panel.gdc[39m[0m
[  95% ] [90m[1msavepack[22m | Storing File: res://scripts/levels/ambience.gdc[39m[0m
[  95% ] [90m[1msavepack[22m | Storing File: res://scripts/levels/ambient_event_director.gdc[39m[0m
[  95% ] [90m[1msavepack[22m | Storing File: res://scripts/levels/ambient_screen.gdc[39m[0m
[  95% ] [90m[1msavepack[22m | Storing File: res://scripts/levels/animated_prop.gdc[39m[0m
[  95% ] [90m[1msavepack[22m | Storing File: res://scripts/levels/arcade_director.gdc[39m[0m
[  95% ] [90m[1msavepack[22m | Storing File: res://scripts/levels/arcade_rules.gdc[39m[0m
[  95% ] [90m[1msavepack[22m | Storing File: res://scripts/levels/breach.gdc[39m[0m
[  95% ] [90m[1msavepack[22m | Storing File: res://scripts/levels/breakable_prop.gdc[39m[0m
[  95% ] [90m[1msavepack[22m | Storing File: res://scripts/levels/car_model.gdc[39m[0m
[  95% ] [90m[1msavepack[22m | Storing File: res://scripts/levels/chatter.gdc[39m[0m
[  95% ] [90m[1msavepack[22m | Storing File: res://scripts/levels/checkpoint_marker.gdc[39m[0m
[  95% ] [90m[1msavepack[22m | Storing File: res://scripts/levels/decor.gdc[39m[0m
[  95% ] [90m[1msavepack[22m | Storing File: res://scripts/levels/door.gdc[39m[0m
[  95% ] [90m[1msavepack[22m | Storing File: res://scripts/levels/dressing.gdc[39m[0m
[  95% ] [90m[1msavepack[22m | Storing File: res://scripts/levels/explosive_tank.gdc[39m[0m
[  96% ] [90m[1msavepack[22m | Storing File: res://scripts/levels/film_camera.gdc[39m[0m
[  96% ] [90m[1msavepack[22m | Storing File: res://scripts/levels/fire_zone.gdc[39m[0m
[  96% ] [90m[1msavepack[22m | Storing File: res://scripts/levels/foam_spray.gdc[39m[0m
[  96% ] [90m[1msavepack[22m | Storing File: res://scripts/levels/furnish.gdc[39m[0m
[  96% ] [90m[1msavepack[22m | Storing File: res://scripts/levels/furniture.gdc[39m[0m
[  96% ] [90m[1msavepack[22m | Storing File: res://scripts/levels/glass_window.gdc[39m[0m
[  96% ] [90m[1msavepack[22m | Storing File: res://scripts/levels/hero_car.gdc[39m[0m
[  96% ] [90m[1msavepack[22m | Storing File: res://scripts/levels/interactable.gdc[39m[0m
[  96% ] [90m[1msavepack[22m | Storing File: res://scripts/levels/level.gdc[39m[0m
[  96% ] [90m[1msavepack[22m | Storing File: res://scripts/levels/level_builder.gdc[39m[0m
[  96% ] [90m[1msavepack[22m | Storing File: res://scripts/levels/light_fixture.gdc[39m[0m
[  96% ] [90m[1msavepack[22m | Storing File: res://scripts/levels/mask_pickup.gdc[39m[0m
[  96% ] [90m[1msavepack[22m | Storing File: res://scripts/levels/mission_data.gdc[39m[0m
[  96% ] [90m[1msavepack[22m | Storing File: res://scripts/levels/motes.gdc[39m[0m
[  96% ] [90m[1msavepack[22m | Storing File: res://scripts/levels/nightmare_director.gdc[39m[0m
[  96% ] [90m[1msavepack[22m | Storing File: res://scripts/levels/outskirts.gdc[39m[0m
[  96% ] [90m[1msavepack[22m | Storing File: res://scripts/levels/power.gdc[39m[0m
[  96% ] [90m[1msavepack[22m | Storing File: res://scripts/levels/prop_model.gdc[39m[0m
[  96% ] [90m[1msavepack[22m | Storing File: res://scripts/levels/room_kits.gdc[39m[0m
[  96% ] [90m[1msavepack[22m | Storing File: res://scripts/levels/room_kits_more.gdc[39m[0m
[  96% ] [90m[1msavepack[22m | Storing File: res://scripts/levels/security_camera.gdc[39m[0m
[  96% ] [90m[1msavepack[22m | Storing File: res://scripts/levels/smashable.gdc[39m[0m
[  96% ] [90m[1msavepack[22m | Storing File: res://scripts/levels/wall_art.gdc[39m[0m
[  96% ] [90m[1msavepack[22m | Storing File: res://scripts/levels/weather.gdc[39m[0m
[  96% ] [90m[1msavepack[22m | Storing File: res://scripts/narrative/cutscene.gdc[39m[0m
[  96% ] [90m[1msavepack[22m | Storing File: res://scripts/narrative/dialogue_manager.gdc[39m[0m
[  96% ] [90m[1msavepack[22m | Storing File: res://scripts/narrative/frame_sequence.gdc[39m[0m
[  96% ] [90m[1msavepack[22m | Storing File: res://scripts/narrative/portrait.gdc[39m[0m
[  96% ] [90m[1msavepack[22m | Storing File: res://scripts/narrative/story_shot.gdc[39m[0m
[  96% ] [90m[1msavepack[22m | Storing File: res://scripts/player/ability_system.gdc[39m[0m
[  96% ] [90m[1msavepack[22m | Storing File: res://scripts/player/camera_controller.gdc[39m[0m
[  96% ] [90m[1msavepack[22m | Storing File: res://scripts/player/cast_model.gdc[39m[0m
[  97% ] [90m[1msavepack[22m | Storing File: res://scripts/player/cast_sprite.gdc[39m[0m
[  97% ] [90m[1msavepack[22m | Storing File: res://scripts/player/character_data.gdc[39m[0m
[  97% ] [90m[1msavepack[22m | Storing File: res://scripts/player/character_visual.gdc[39m[0m
[  97% ] [90m[1msavepack[22m | Storing File: res://scripts/player/executions.gdc[39m[0m
[  97% ] [90m[1msavepack[22m | Storing File: res://scripts/player/player_controller.gdc[39m[0m
[  97% ] [90m[1msavepack[22m | Storing File: res://scripts/player/upgrades.gdc[39m[0m
[  97% ] [90m[1msavepack[22m | Storing File: res://scripts/systems/art_lib.gdc[39m[0m
[  97% ] [90m[1msavepack[22m | Storing File: res://scripts/systems/audio_manager.gdc[39m[0m
[  97% ] [90m[1msavepack[22m | Storing File: res://scripts/systems/boot.gdc[39m[0m
[  97% ] [90m[1msavepack[22m | Storing File: res://scripts/systems/crowd.gdc[39m[0m
[  97% ] [90m[1msavepack[22m | Storing File: res://scripts/systems/damage_info.gdc[39m[0m
[  97% ] [90m[1msavepack[22m | Storing File: res://scripts/systems/db.gdc[39m[0m
[  97% ] [90m[1msavepack[22m | Storing File: res://scripts/systems/debug_menu.gdc[39m[0m
[  97% ] [90m[1msavepack[22m | Storing File: res://scripts/systems/difficulty.gdc[39m[0m
[  97% ] [90m[1msavepack[22m | Storing File: res://scripts/systems/effects.gdc[39m[0m
[  97% ] [90m[1msavepack[22m | Storing File: res://scripts/systems/events.gdc[39m[0m
[  97% ] [90m[1msavepack[22m | Storing File: res://scripts/systems/game.gdc[39m[0m
[  97% ] [90m[1msavepack[22m | Storing File: res://scripts/systems/gore.gdc[39m[0m
[  97% ] [90m[1msavepack[22m | Storing File: res://scripts/systems/hearing.gdc[39m[0m
[  97% ] [90m[1msavepack[22m | Storing File: res://scripts/systems/input_setup.gdc[39m[0m
[  97% ] [90m[1msavepack[22m | Storing File: res://scripts/systems/layers.gdc[39m[0m
[  97% ] [90m[1msavepack[22m | Storing File: res://scripts/systems/light_probe.gdc[39m[0m
[  97% ] [90m[1msavepack[22m | Storing File: res://scripts/systems/loc.gdc[39m[0m
[  97% ] [90m[1msavepack[22m | Storing File: res://scripts/systems/masks.gdc[39m[0m
[  97% ] [90m[1msavepack[22m | Storing File: res://scripts/systems/music_manager.gdc[39m[0m
[  97% ] [90m[1msavepack[22m | Storing File: res://scripts/systems/persona_data.gdc[39m[0m
[  97% ] [90m[1msavepack[22m | Storing File: res://scripts/systems/post_fx.gdc[39m[0m
[  97% ] [90m[1msavepack[22m | Storing File: res://scripts/systems/procedural_synthwave.gdc[39m[0m
[  97% ] [90m[1msavepack[22m | Storing File: res://scripts/systems/save_manager.gdc[39m[0m
[  97% ] [90m[1msavepack[22m | Storing File: res://scripts/systems/score_system.gdc[39m[0m
[  97% ] [90m[1msavepack[22m | Storing File: res://scripts/systems/sprite_forge.gdc[39m[0m
[  97% ] [90m[1msavepack[22m | Storing File: res://scripts/systems/sprite_lib.gdc[39m[0m
[  98% ] [90m[1msavepack[22m | Storing File: res://scripts/systems/static_bake.gdc[39m[0m
[  98% ] [90m[1msavepack[22m | Storing File: res://scripts/systems/tuning.gdc[39m[0m
[  98% ] [90m[1msavepack[22m | Storing File: res://scripts/systems/visual_3d_overlay.gdc[39m[0m
[  98% ] [90m[1msavepack[22m | Storing File: res://scripts/ui/bark_layer.gdc[39m[0m
[  98% ] [90m[1msavepack[22m | Storing File: res://scripts/ui/cinematic_art.gdc[39m[0m
[  98% ] [90m[1msavepack[22m | Storing File: res://scripts/ui/hub_screen.gdc[39m[0m
[  98% ] [90m[1msavepack[22m | Storing File: res://scripts/ui/hud.gdc[39m[0m
[  98% ] [90m[1msavepack[22m | Storing File: res://scripts/ui/installer.gdc[39m[0m
[  98% ] [90m[1msavepack[22m | Storing File: res://scripts/ui/intro.gdc[39m[0m
[  98% ] [90m[1msavepack[22m | Storing File: res://scripts/ui/intro_call.gdc[39m[0m
[  98% ] [90m[1msavepack[22m | Storing File: res://scripts/ui/level_intro.gdc[39m[0m
[  98% ] [90m[1msavepack[22m | Storing File: res://scripts/ui/mask_select.gdc[39m[0m
[  98% ] [90m[1msavepack[22m | Storing File: res://scripts/ui/options_menu.gdc[39m[0m
[  98% ] [90m[1msavepack[22m | Storing File: res://scripts/ui/pause_menu.gdc[39m[0m
[  98% ] [90m[1msavepack[22m | Storing File: res://scripts/ui/results_screen.gdc[39m[0m
[  98% ] [90m[1msavepack[22m | Storing File: res://scripts/ui/splash_screen.gdc[39m[0m
[  98% ] [90m[1msavepack[22m | Storing File: res://scripts/ui/text_fx.gdc[39m[0m
[  98% ] [90m[1msavepack[22m | Storing File: res://scripts/ui/title_backdrop.gdc[39m[0m
[  98% ] [90m[1msavepack[22m | Storing File: res://scripts/ui/title_screen.gdc[39m[0m
[  98% ] [90m[1msavepack[22m | Storing File: res://scripts/ui/title_screen_clock.gdc[39m[0m
[  98% ] [90m[1msavepack[22m | Storing File: res://scripts/ui/tutorial_cards.gdc[39m[0m
[  98% ] [90m[1msavepack[22m | Storing File: res://scripts/ui/ui_style.gdc[39m[0m
[  98% ] [90m[1msavepack[22m | Storing File: res://scripts/ui/upgrade_icon.gdc[39m[0m
[  98% ] [90m[1msavepack[22m | Storing File: res://scripts/ui/vcr_screen.gdc[39m[0m
[  98% ] [90m[1msavepack[22m | Storing File: res://scripts/weapons/bullet_system.gdc[39m[0m
[  98% ] [90m[1msavepack[22m | Storing File: res://scripts/weapons/flare.gdc[39m[0m
[  98% ] [90m[1msavepack[22m | Storing File: res://scripts/weapons/meat_bone.gdc[39m[0m
[  98% ] [90m[1msavepack[22m | Storing File: res://scripts/weapons/weapon_data.gdc[39m[0m
[  98% ] [90m[1msavepack[22m | Storing File: res://scripts/weapons/weapon_instance.gdc[39m[0m
[  98% ] [90m[1msavepack[22m | Storing File: res://scripts/weapons/weapon_pickup.gdc[39m[0m
[  98% ] [90m[1msavepack[22m | Storing File: res://shaders/crt_vhs.gdshader[39m[0m
[  98% ] [90m[1msavepack[22m | Storing File: res://shaders/logo_gradient.gdshader[39m[0m
[  98% ] [90m[1msavepack[22m | Storing File: res://addons/godot_ai/clients/_atomic_write.gd.remap[39m[0m
[  98% ] [90m[1msavepack[22m | Storing File: res://addons/godot_ai/clients/_base.gd.remap[39m[0m
[  98% ] [90m[1msavepack[22m | Storing File: res://addons/godot_ai/clients/_cli_exec.gd.remap[39m[0m
[  98% ] [90m[1msavepack[22m | Storing File: res://addons/godot_ai/clients/_cli_finder.gd.remap[39m[0m
[  98% ] [90m[1msavepack[22m | Storing File: res://addons/godot_ai/clients/_cli_strategy.gd.remap[39m[0m
[  98% ] [90m[1msavepack[22m | Storing File: res://addons/godot_ai/clients/_dsh_strategy.gd.remap[39m[0m
[  98% ] [90m[1msavepack[22m | Storing File: res://addons/godot_ai/clients/_json_strategy.gd.remap[39m[0m
[  98% ] [90m[1msavepack[22m | Storing File: res://addons/godot_ai/clients/_manual_command.gd.remap[39m[0m
[  98% ] [90m[1msavepack[22m | Storing File: res://addons/godot_ai/clients/_path_template.gd.remap[39m[0m
[  98% ] [90m[1msavepack[22m | Storing File: res://addons/godot_ai/clients/_registry.gd.remap[39m[0m
[  98% ] [90m[1msavepack[22m | Storing File: res://addons/godot_ai/clients/_toml_strategy.gd.remap[39m[0m
[  98% ] [90m[1msavepack[22m | Storing File: res://addons/godot_ai/clients/_yaml_strategy.gd.remap[39m[0m
[  98% ] [90m[1msavepack[22m | Storing File: res://addons/godot_ai/clients/antigravity.gd.remap[39m[0m
[  98% ] [90m[1msavepack[22m | Storing File: res://addons/godot_ai/clients/cherry_studio.gd.remap[39m[0m
[  98% ] [90m[1msavepack[22m | Storing File: res://addons/godot_ai/clients/claude_code.gd.remap[39m[0m
[  98% ] [90m[1msavepack[22m | Storing File: res://addons/godot_ai/clients/claude_desktop.gd.remap[39m[0m
[  98% ] [90m[1msavepack[22m | Storing File: res://addons/godot_ai/clients/cline.gd.remap[39m[0m
[  98% ] [90m[1msavepack[22m | Storing File: res://addons/godot_ai/clients/codex.gd.remap[39m[0m
[  98% ] [90m[1msavepack[22m | Storing File: res://addons/godot_ai/clients/cursor.gd.remap[39m[0m
[  98% ] [90m[1msavepack[22m | Storing File: res://addons/godot_ai/clients/deepseek_harness.gd.remap[39m[0m
[  98% ] [90m[1msavepack[22m | Storing File: res://addons/godot_ai/clients/gemini_cli.gd.remap[39m[0m
[  98% ] [90m[1msavepack[22m | Storing File: res://addons/godot_ai/clients/grok.gd.remap[39m[0m
[  98% ] [90m[1msavepack[22m | Storing File: res://addons/godot_ai/clients/hermes.gd.remap[39m[0m
[  98% ] [90m[1msavepack[22m | Storing File: res://addons/godot_ai/clients/kilo_code.gd.remap[39m[0m
[  98% ] [90m[1msavepack[22m | Storing File: res://addons/godot_ai/clients/kimi_code.gd.remap[39m[0m
[  98% ] [90m[1msavepack[22m | Storing File: res://addons/godot_ai/clients/kiro.gd.remap[39m[0m
[  98% ] [90m[1msavepack[22m | Storing File: res://addons/godot_ai/clients/opencode.gd.remap[39m[0m
[  98% ] [90m[1msavepack[22m | Storing File: res://addons/godot_ai/clients/pi.gd.remap[39m[0m
[  98% ] [90m[1msavepack[22m | Storing File: res://addons/godot_ai/clients/qwen_code.gd.remap[39m[0m
[  98% ] [90m[1msavepack[22m | Storing File: res://addons/godot_ai/clients/roo_code.gd.remap[39m[0m
[  98% ] [90m[1msavepack[22m | Storing File: res://addons/godot_ai/clients/trae.gd.remap[39m[0m
[  98% ] [90m[1msavepack[22m | Storing File: res://addons/godot_ai/clients/vscode.gd.remap[39m[0m
[  98% ] [90m[1msavepack[22m | Storing File: res://addons/godot_ai/clients/vscode_insiders.gd.remap[39m[0m
[  98% ] [90m[1msavepack[22m | Storing File: res://addons/godot_ai/clients/windsurf.gd.remap[39m[0m
[  98% ] [90m[1msavepack[22m | Storing File: res://addons/godot_ai/clients/zed.gd.remap[39m[0m
[  98% ] [90m[1msavepack[22m | Storing File: res://addons/godot_ai/clients/zoo_code.gd.remap[39m[0m
[  98% ] [90m[1msavepack[22m | Storing File: res://addons/godot_ai/custom_tools/custom_tool_wrapper.gd.remap[39m[0m
[  98% ] [90m[1msavepack[22m | Storing File: res://addons/godot_ai/custom_tools/mcp_call_context.gd.remap[39m[0m
[  98% ] [90m[1msavepack[22m | Storing File: res://addons/godot_ai/custom_tools/mcp_custom_tool_spec.gd.remap[39m[0m
[  98% ] [90m[1msavepack[22m | Storing File: res://addons/godot_ai/custom_tools/mcp_service_locator.gd.remap[39m[0m
[  98% ] [90m[1msavepack[22m | Storing File: res://addons/godot_ai/custom_tools/mcp_tool_registry.gd.remap[39m[0m
[  98% ] [90m[1msavepack[22m | Storing File: res://addons/godot_ai/debugger/mcp_debugger_plugin.gd.remap[39m[0m
[  98% ] [90m[1msavepack[22m | Storing File: res://addons/godot_ai/dock_panels/log_viewer.gd.remap[39m[0m
[  98% ] [90m[1msavepack[22m | Storing File: res://addons/godot_ai/dock_panels/port_picker_panel.gd.remap[39m[0m
[  98% ] [90m[1msavepack[22m | Storing File: res://addons/godot_ai/export/mcp_export_plugin.gd.remap[39m[0m
[  98% ] [90m[1msavepack[22m | Storing File: res://addons/godot_ai/handlers/_node_validator.gd.remap[39m[0m
[  98% ] [90m[1msavepack[22m | Storing File: res://addons/godot_ai/handlers/_param_validators.gd.remap[39m[0m
[  98% ] [90m[1msavepack[22m | Storing File: res://addons/godot_ai/handlers/_property_errors.gd.remap[39m[0m
[  98% ] [90m[1msavepack[22m | Storing File: res://addons/godot_ai/handlers/animation_handler.gd.remap[39m[0m
[  98% ] [90m[1msavepack[22m | Storing File: res://addons/godot_ai/handlers/animation_presets.gd.remap[39m[0m
[  98% ] [90m[1msavepack[22m | Storing File: res://addons/godot_ai/handlers/animation_values.gd.remap[39m[0m
[  98% ] [90m[1msavepack[22m | Storing File: res://addons/godot_ai/handlers/api_handler.gd.remap[39m[0m
[  98% ] [90m[1msavepack[22m | Storing File: res://addons/godot_ai/handlers/audio_handler.gd.remap[39m[0m
[  98% ] [90m[1msavepack[22m | Storing File: res://addons/godot_ai/handlers/autoload_handler.gd.remap[39m[0m
[  98% ] [90m[1msavepack[22m | Storing File: res://addons/godot_ai/handlers/batch_handler.gd.remap[39m[0m
[  98% ] [90m[1msavepack[22m | Storing File: res://addons/godot_ai/handlers/camera_handler.gd.remap[39m[0m
[  98% ] [90m[1msavepack[22m | Storing File: res://addons/godot_ai/handlers/camera_presets.gd.remap[39m[0m
[  98% ] [90m[1msavepack[22m | Storing File: res://addons/godot_ai/handlers/camera_values.gd.remap[39m[0m
[  98% ] [90m[1msavepack[22m | Storing File: res://addons/godot_ai/handlers/client_handler.gd.remap[39m[0m
[  98% ] [90m[1msavepack[22m | Storing File: res://addons/godot_ai/handlers/control_draw_recipe_handler.gd.remap[39m[0m
[  98% ] [90m[1msavepack[22m | Storing File: res://addons/godot_ai/handlers/csg_handler.gd.remap[39m[0m
[  98% ] [90m[1msavepack[22m | Storing File: res://addons/godot_ai/handlers/curve_handler.gd.remap[39m[0m
[  98% ] [90m[1msavepack[22m | Storing File: res://addons/godot_ai/handlers/editor_handler.gd.remap[39m[0m
[  98% ] [90m[1msavepack[22m | Storing File: res://addons/godot_ai/handlers/environment_handler.gd.remap[39m[0m
[  98% ] [90m[1msavepack[22m | Storing File: res://addons/godot_ai/handlers/filesystem_handler.gd.remap[39m[0m
[  98% ] [90m[1msavepack[22m | Storing File: res://addons/godot_ai/handlers/gridmap_handler.gd.remap[39m[0m
[  98% ] [90m[1msavepack[22m | Storing File: res://addons/godot_ai/handlers/input_handler.gd.remap[39m[0m
[  98% ] [90m[1msavepack[22m | Storing File: res://addons/godot_ai/handlers/material_handler.gd.remap[39m[0m
[  98% ] [90m[1msavepack[22m | Storing File: res://addons/godot_ai/handlers/material_presets.gd.remap[39m[0m
[  98% ] [90m[1msavepack[22m | Storing File: res://addons/godot_ai/handlers/material_values.gd.remap[39m[0m
[  98% ] [90m[1msavepack[22m | Storing File: res://addons/godot_ai/handlers/node_handler.gd.remap[39m[0m
[  98% ] [90m[1msavepack[22m | Storing File: res://addons/godot_ai/handlers/particle_handler.gd.remap[39m[0m
[  98% ] [90m[1msavepack[22m | Storing File: res://addons/godot_ai/handlers/particle_presets.gd.remap[39m[0m
[  98% ] [90m[1msavepack[22m | Storing File: res://addons/godot_ai/handlers/particle_values.gd.remap[39m[0m
[  98% ] [90m[1msavepack[22m | Storing File: res://addons/godot_ai/handlers/physics_shape_handler.gd.remap[39m[0m
[  98% ] [90m[1msavepack[22m | Storing File: res://addons/godot_ai/handlers/project_handler.gd.remap[39m[0m
[  98% ] [90m[1msavepack[22m | Storing File: res://addons/godot_ai/handlers/resource_handler.gd.remap[39m[0m
[  98% ] [90m[1msavepack[22m | Storing File: res://addons/godot_ai/handlers/scene_handler.gd.remap[39m[0m
[  98% ] [90m[1msavepack[22m | Storing File: res://addons/godot_ai/handlers/script_handler.gd.remap[39m[0m
[  98% ] [90m[1msavepack[22m | Storing File: res://addons/godot_ai/handlers/signal_handler.gd.remap[39m[0m
[  98% ] [90m[1msavepack[22m | Storing File: res://addons/godot_ai/handlers/test_handler.gd.remap[39m[0m
[  98% ] [90m[1msavepack[22m | Storing File: res://addons/godot_ai/handlers/texture_handler.gd.remap[39m[0m
[  98% ] [90m[1msavepack[22m | Storing File: res://addons/godot_ai/handlers/theme_handler.gd.remap[39m[0m
[  98% ] [90m[1msavepack[22m | Storing File: res://addons/godot_ai/handlers/tilemap_handler.gd.remap[39m[0m
[  98% ] [90m[1msavepack[22m | Storing File: res://addons/godot_ai/handlers/tileset_handler.gd.remap[39m[0m
[  98% ] [90m[1msavepack[22m | Storing File: res://addons/godot_ai/handlers/ui_handler.gd.remap[39m[0m
[  98% ] [90m[1msavepack[22m | Storing File: res://addons/godot_ai/runtime/draw_recipe.gd.remap[39m[0m
[  98% ] [90m[1msavepack[22m | Storing File: res://addons/godot_ai/runtime/editor_logger.gd.remap[39m[0m
[  98% ] [90m[1msavepack[22m | Storing File: res://addons/godot_ai/runtime/game_helper.gd.remap[39m[0m
[  98% ] [90m[1msavepack[22m | Storing File: res://addons/godot_ai/runtime/game_logger.gd.remap[39m[0m
[  98% ] [90m[1msavepack[22m | Storing File: res://addons/godot_ai/runtime/validation_logger.gd.remap[39m[0m
[  98% ] [90m[1msavepack[22m | Storing File: res://addons/godot_ai/testing/script_error_capture.gd.remap[39m[0m
[  98% ] [90m[1msavepack[22m | Storing File: res://addons/godot_ai/testing/test_runner.gd.remap[39m[0m
[  98% ] [90m[1msavepack[22m | Storing File: res://addons/godot_ai/testing/test_suite.gd.remap[39m[0m
[  98% ] [90m[1msavepack[22m | Storing File: res://addons/godot_ai/utils/allow_hosts.gd.remap[39m[0m
[  98% ] [90m[1msavepack[22m | Storing File: res://addons/godot_ai/utils/class_introspection.gd.remap[39m[0m
[  98% ] [90m[1msavepack[22m | Storing File: res://addons/godot_ai/utils/diagnostics_capture.gd.remap[39m[0m
[  98% ] [90m[1msavepack[22m | Storing File: res://addons/godot_ai/utils/editor_log_buffer.gd.remap[39m[0m
[  98% ] [90m[1msavepack[22m | Storing File: res://addons/godot_ai/utils/error_codes.gd.remap[39m[0m
[  98% ] [90m[1msavepack[22m | Storing File: res://addons/godot_ai/utils/fuzzy_suggestions.gd.remap[39m[0m
[  98% ] [90m[1msavepack[22m | Storing File: res://addons/godot_ai/utils/game_log_buffer.gd.remap[39m[0m
[  98% ] [90m[1msavepack[22m | Storing File: res://addons/godot_ai/utils/json_values.gd.remap[39m[0m
[  98% ] [90m[1msavepack[22m | Storing File: res://addons/godot_ai/utils/log_backtrace.gd.remap[39m[0m
[  98% ] [90m[1msavepack[22m | Storing File: res://addons/godot_ai/utils/log_buffer.gd.remap[39m[0m
[  98% ] [90m[1msavepack[22m | Storing File: res://addons/godot_ai/utils/mcp_adoption_label.gd.remap[39m[0m
[  98% ] [90m[1msavepack[22m | Storing File: res://addons/godot_ai/utils/mcp_client_refresh_state.gd.remap[39m[0m
[  98% ] [90m[1msavepack[22m | Storing File: res://addons/godot_ai/utils/mcp_server_state.gd.remap[39m[0m
[  98% ] [90m[1msavepack[22m | Storing File: res://addons/godot_ai/utils/mcp_startup_path.gd.remap[39m[0m
[  98% ] [90m[1msavepack[22m | Storing File: res://addons/godot_ai/utils/path_validator.gd.remap[39m[0m
[  98% ] [90m[1msavepack[22m | Storing File: res://addons/godot_ai/utils/port_resolver.gd.remap[39m[0m
[  98% ] [90m[1msavepack[22m | Storing File: res://addons/godot_ai/utils/resource_io.gd.remap[39m[0m
[  98% ] [90m[1msavepack[22m | Storing File: res://addons/godot_ai/utils/scene_path.gd.remap[39m[0m
[  98% ] [90m[1msavepack[22m | Storing File: res://addons/godot_ai/utils/screenshot_encode.gd.remap[39m[0m
[  98% ] [90m[1msavepack[22m | Storing File: res://addons/godot_ai/utils/server_lifecycle.gd.remap[39m[0m
[  98% ] [90m[1msavepack[22m | Storing File: res://addons/godot_ai/utils/server_version_check.gd.remap[39m[0m
[  98% ] [90m[1msavepack[22m | Storing File: res://addons/godot_ai/utils/settings.gd.remap[39m[0m
[  98% ] [90m[1msavepack[22m | Storing File: res://addons/godot_ai/utils/structured_log_ring.gd.remap[39m[0m
[  98% ] [90m[1msavepack[22m | Storing File: res://addons/godot_ai/utils/surfaced_error_tracker.gd.remap[39m[0m
[  98% ] [90m[1msavepack[22m | Storing File: res://addons/godot_ai/utils/update_manager.gd.remap[39m[0m
[  98% ] [90m[1msavepack[22m | Storing File: res://addons/godot_ai/utils/update_mixed_state.gd.remap[39m[0m
[  98% ] [90m[1msavepack[22m | Storing File: res://addons/godot_ai/utils/uv_cache_cleanup.gd.remap[39m[0m
[  98% ] [90m[1msavepack[22m | Storing File: res://addons/godot_ai/utils/variant_serializer.gd.remap[39m[0m
[  98% ] [90m[1msavepack[22m | Storing File: res://addons/godot_ai/utils/windows_port_reservation.gd.remap[39m[0m
[  98% ] [90m[1msavepack[22m | Storing File: res://addons/godot_ai/client_configurator.gd.remap[39m[0m
[  98% ] [90m[1msavepack[22m | Storing File: res://addons/godot_ai/connection.gd.remap[39m[0m
[  98% ] [90m[1msavepack[22m | Storing File: res://addons/godot_ai/dispatcher.gd.remap[39m[0m
[  98% ] [90m[1msavepack[22m | Storing File: res://addons/godot_ai/mcp_dock.gd.remap[39m[0m
[  98% ] [90m[1msavepack[22m | Storing File: res://addons/godot_ai/plugin.gd.remap[39m[0m
[  98% ] [90m[1msavepack[22m | Storing File: res://addons/godot_ai/telemetry.gd.remap[39m[0m
[  98% ] [90m[1msavepack[22m | Storing File: res://addons/godot_ai/tool_catalog.gd.remap[39m[0m
[  98% ] [90m[1msavepack[22m | Storing File: res://addons/godot_ai/update_reload_runner.gd.remap[39m[0m
[  98% ] [90m[1msavepack[22m | Storing File: res://addons/godot_ai/vision_routing.gd.remap[39m[0m
[  98% ] [90m[1msavepack[22m | Storing File: res://data/characters/bobby.tres.remap[39m[0m
[  98% ] [90m[1msavepack[22m | Storing File: res://data/characters/cass.tres.remap[39m[0m
[  98% ] [90m[1msavepack[22m | Storing File: res://data/characters/dana.tres.remap[39m[0m
[  98% ] [90m[1msavepack[22m | Storing File: res://data/characters/deacon.tres.remap[39m[0m
[  98% ] [90m[1msavepack[22m | Storing File: res://data/characters/director.tres.remap[39m[0m
[  98% ] [90m[1msavepack[22m | Storing File: res://data/characters/luz.tres.remap[39m[0m
[  98% ] [90m[1msavepack[22m | Storing File: res://data/characters/marv.tres.remap[39m[0m
[  98% ] [90m[1msavepack[22m | Storing File: res://data/characters/nadia.tres.remap[39m[0m
[  98% ] [90m[1msavepack[22m | Storing File: res://data/characters/tilly.tres.remap[39m[0m
[  98% ] [90m[1msavepack[22m | Storing File: res://data/characters/wes.tres.remap[39m[0m
[  98% ] [90m[1msavepack[22m | Storing File: res://data/enemies/bellhop.tres.remap[39m[0m
[  98% ] [90m[1msavepack[22m | Storing File: res://data/enemies/biker.tres.remap[39m[0m
[  98% ] [90m[1msavepack[22m | Storing File: res://data/enemies/burning_man.tres.remap[39m[0m
[  98% ] [90m[1msavepack[22m | Storing File: res://data/enemies/cultist.tres.remap[39m[0m
[  98% ] [90m[1msavepack[22m | Storing File: res://data/enemies/demon.tres.remap[39m[0m
[  98% ] [90m[1msavepack[22m | Storing File: res://data/enemies/dog.tres.remap[39m[0m
[  98% ] [90m[1msavepack[22m | Storing File: res://data/enemies/dog_doberman.tres.remap[39m[0m
[  98% ] [90m[1msavepack[22m | Storing File: res://data/enemies/dog_rott.tres.remap[39m[0m
[  98% ] [90m[1msavepack[22m | Storing File: res://data/enemies/fireman.tres.remap[39m[0m
[  98% ] [90m[1msavepack[22m | Storing File: res://data/enemies/ghoul.tres.remap[39m[0m
[  98% ] [90m[1msavepack[22m | Storing File: res://data/enemies/guard.tres.remap[39m[0m
[  98% ] [90m[1msavepack[22m | Storing File: res://data/enemies/gunner.tres.remap[39m[0m
[  98% ] [90m[1msavepack[22m | Storing File: res://data/enemies/handler.tres.remap[39m[0m
[  98% ] [90m[1msavepack[22m | Storing File: res://data/enemies/heavy.tres.remap[39m[0m
[  98% ] [90m[1msavepack[22m | Storing File: res://data/enemies/hellhound.tres.remap[39m[0m
[  98% ] [90m[1msavepack[22m | Storing File: res://data/enemies/hunter.tres.remap[39m[0m
[  98% ] [90m[1msavepack[22m | Storing File: res://data/enemies/kennel_master.tres.remap[39m[0m
[  98% ] [90m[1msavepack[22m | Storing File: res://data/enemies/night_manager.tres.remap[39m[0m
[  98% ] [90m[1msavepack[22m | Storing File: res://data/enemies/riot.tres.remap[39m[0m
[  98% ] [90m[1msavepack[22m | Storing File: res://data/enemies/scout.tres.remap[39m[0m
[  98% ] [90m[1msavepack[22m | Storing File: res://data/enemies/scrapper.tres.remap[39m[0m
[  98% ] [90m[1msavepack[22m | Storing File: res://data/enemies/security.tres.remap[39m[0m
[  98% ] [90m[1msavepack[22m | Storing File: res://data/enemies/sniper.tres.remap[39m[0m
[  98% ] [90m[1msavepack[22m | Storing File: res://data/enemies/stagehand.tres.remap[39m[0m
[  98% ] [90m[1msavepack[22m | Storing File: res://data/enemies/welder.tres.remap[39m[0m
[  98% ] [90m[1msavepack[22m | Storing File: res://data/enemies/zombie.tres.remap[39m[0m
[  98% ] [90m[1msavepack[22m | Storing File: res://data/missions/m01_checkout.tres.remap[39m[0m
[  98% ] [90m[1msavepack[22m | Storing File: res://data/missions/m02_dog_days.tres.remap[39m[0m
[  98% ] [90m[1msavepack[22m | Storing File: res://data/missions/m03_prime_time.tres.remap[39m[0m
[  98% ] [90m[1msavepack[22m | Storing File: res://data/missions/m04_sweet_dreams.tres.remap[39m[0m
[  98% ] [90m[1msavepack[22m | Storing File: res://data/personas/angel.tres.remap[39m[0m
[  98% ] [90m[1msavepack[22m | Storing File: res://data/personas/cowboy.tres.remap[39m[0m
[  98% ] [90m[1msavepack[22m | Storing File: res://data/personas/devil.tres.remap[39m[0m
[  98% ] [90m[1msavepack[22m | Storing File: res://data/personas/dog.tres.remap[39m[0m
[  98% ] [90m[1msavepack[22m | Storing File: res://data/personas/fool.tres.remap[39m[0m
[  98% ] [90m[1msavepack[22m | Storing File: res://data/personas/ghost.tres.remap[39m[0m
[  98% ] [90m[1msavepack[22m | Storing File: res://data/personas/king.tres.remap[39m[0m
[  98% ] [90m[1msavepack[22m | Storing File: res://data/personas/king_hidden.tres.remap[39m[0m
[  98% ] [90m[1msavepack[22m | Storing File: res://data/personas/saint.tres.remap[39m[0m
[  98% ] [90m[1msavepack[22m | Storing File: res://data/personas/soldier.tres.remap[39m[0m
[  98% ] [90m[1msavepack[22m | Storing File: res://data/personas/star.tres.remap[39m[0m
[  98% ] [90m[1msavepack[22m | Storing File: res://data/weapons/bat.tres.remap[39m[0m
[  98% ] [90m[1msavepack[22m | Storing File: res://data/weapons/boomstick.tres.remap[39m[0m
[  98% ] [90m[1msavepack[22m | Storing File: res://data/weapons/bottle.tres.remap[39m[0m
[  98% ] [90m[1msavepack[22m | Storing File: res://data/weapons/brick.tres.remap[39m[0m
[  98% ] [90m[1msavepack[22m | Storing File: res://data/weapons/broken_bottle.tres.remap[39m[0m
[  98% ] [90m[1msavepack[22m | Storing File: res://data/weapons/flamethrower.tres.remap[39m[0m
[  98% ] [90m[1msavepack[22m | Storing File: res://data/weapons/glass_shard.tres.remap[39m[0m
[  98% ] [90m[1msavepack[22m | Storing File: res://data/weapons/hotshot.tres.remap[39m[0m
[  98% ] [90m[1msavepack[22m | Storing File: res://data/weapons/knife.tres.remap[39m[0m
[  98% ] [90m[1msavepack[22m | Storing File: res://data/weapons/machete.tres.remap[39m[0m
[  98% ] [90m[1msavepack[22m | Storing File: res://data/weapons/pipe.tres.remap[39m[0m
[  98% ] [90m[1msavepack[22m | Storing File: res://data/weapons/pistol.tres.remap[39m[0m
[  98% ] [90m[1msavepack[22m | Storing File: res://data/weapons/revolver.tres.remap[39m[0m
[  98% ] [90m[1msavepack[22m | Storing File: res://data/weapons/rifle.tres.remap[39m[0m
[  98% ] [90m[1msavepack[22m | Storing File: res://data/weapons/shotgun.tres.remap[39m[0m
[  98% ] [90m[1msavepack[22m | Storing File: res://data/weapons/smg.tres.remap[39m[0m
[  98% ] [90m[1msavepack[22m | Storing File: res://data/weapons/whisper.tres.remap[39m[0m
[  98% ] [90m[1msavepack[22m | Storing File: res://scenes/game/cutscene.tscn.remap[39m[0m
[  98% ] [90m[1msavepack[22m | Storing File: res://scenes/levels/level.tscn.remap[39m[0m
[  98% ] [90m[1msavepack[22m | Storing File: res://scenes/ui/hub.tscn.remap[39m[0m
[  98% ] [90m[1msavepack[22m | Storing File: res://scenes/ui/installer.tscn.remap[39m[0m
[  98% ] [90m[1msavepack[22m | Storing File: res://scenes/ui/intro.tscn.remap[39m[0m
[  98% ] [90m[1msavepack[22m | Storing File: res://scenes/ui/results.tscn.remap[39m[0m
[  98% ] [90m[1msavepack[22m | Storing File: res://scenes/ui/splash_screen.tscn.remap[39m[0m
[  98% ] [90m[1msavepack[22m | Storing File: res://scenes/ui/title_screen.tscn.remap[39m[0m
[  98% ] [90m[1msavepack[22m | Storing File: res://scenes/boot.tscn.remap[39m[0m
[  98% ] [90m[1msavepack[22m | Storing File: res://scripts/enemies/boss_burning_man.gd.remap[39m[0m
[  98% ] [90m[1msavepack[22m | Storing File: res://scripts/enemies/boss_fireman.gd.remap[39m[0m
[  98% ] [90m[1msavepack[22m | Storing File: res://scripts/enemies/boss_kennel.gd.remap[39m[0m
[  98% ] [90m[1msavepack[22m | Storing File: res://scripts/enemies/boss_night_manager.gd.remap[39m[0m
[  98% ] [90m[1msavepack[22m | Storing File: res://scripts/enemies/corpse.gd.remap[39m[0m
[  98% ] [90m[1msavepack[22m | Storing File: res://scripts/enemies/dog.gd.remap[39m[0m
[  98% ] [90m[1msavepack[22m | Storing File: res://scripts/enemies/enemy_controller.gd.remap[39m[0m
[  98% ] [90m[1msavepack[22m | Storing File: res://scripts/enemies/enemy_data.gd.remap[39m[0m
[  98% ] [90m[1msavepack[22m | Storing File: res://scripts/enemies/handler.gd.remap[39m[0m
[  98% ] [90m[1msavepack[22m | Storing File: res://scripts/enemies/idle_activity.gd.remap[39m[0m
[  98% ] [90m[1msavepack[22m | Storing File: res://scripts/enemies/npc.gd.remap[39m[0m
[  98% ] [90m[1msavepack[22m | Storing File: res://scripts/enemies/sniper.gd.remap[39m[0m
[  98% ] [90m[1msavepack[22m | Storing File: res://scripts/levels/alarm_panel.gd.remap[39m[0m
[  98% ] [90m[1msavepack[22m | Storing File: res://scripts/levels/ambience.gd.remap[39m[0m
[  98% ] [90m[1msavepack[22m | Storing File: res://scripts/levels/ambient_event_director.gd.remap[39m[0m
[  98% ] [90m[1msavepack[22m | Storing File: res://scripts/levels/ambient_screen.gd.remap[39m[0m
[  98% ] [90m[1msavepack[22m | Storing File: res://scripts/levels/animated_prop.gd.remap[39m[0m
[  98% ] [90m[1msavepack[22m | Storing File: res://scripts/levels/arcade_director.gd.remap[39m[0m
[  98% ] [90m[1msavepack[22m | Storing File: res://scripts/levels/arcade_rules.gd.remap[39m[0m
[  98% ] [90m[1msavepack[22m | Storing File: res://scripts/levels/breach.gd.remap[39m[0m
[  98% ] [90m[1msavepack[22m | Storing File: res://scripts/levels/breakable_prop.gd.remap[39m[0m
[  98% ] [90m[1msavepack[22m | Storing File: res://scripts/levels/car_model.gd.remap[39m[0m
[  98% ] [90m[1msavepack[22m | Storing File: res://scripts/levels/chatter.gd.remap[39m[0m
[  98% ] [90m[1msavepack[22m | Storing File: res://scripts/levels/checkpoint_marker.gd.remap[39m[0m
[  98% ] [90m[1msavepack[22m | Storing File: res://scripts/levels/decor.gd.remap[39m[0m
[  98% ] [90m[1msavepack[22m | Storing File: res://scripts/levels/door.gd.remap[39m[0m
[  98% ] [90m[1msavepack[22m | Storing File: res://scripts/levels/dressing.gd.remap[39m[0m
[  98% ] [90m[1msavepack[22m | Storing File: res://scripts/levels/explosive_tank.gd.remap[39m[0m
[  98% ] [90m[1msavepack[22m | Storing File: res://scripts/levels/film_camera.gd.remap[39m[0m
[  98% ] [90m[1msavepack[22m | Storing File: res://scripts/levels/fire_zone.gd.remap[39m[0m
[  98% ] [90m[1msavepack[22m | Storing File: res://scripts/levels/foam_spray.gd.remap[39m[0m
[  98% ] [90m[1msavepack[22m | Storing File: res://scripts/levels/furnish.gd.remap[39m[0m
[  98% ] [90m[1msavepack[22m | Storing File: res://scripts/levels/furniture.gd.remap[39m[0m
[  98% ] [90m[1msavepack[22m | Storing File: res://scripts/levels/glass_window.gd.remap[39m[0m
[  98% ] [90m[1msavepack[22m | Storing File: res://scripts/levels/hero_car.gd.remap[39m[0m
[  98% ] [90m[1msavepack[22m | Storing File: res://scripts/levels/interactable.gd.remap[39m[0m
[  98% ] [90m[1msavepack[22m | Storing File: res://scripts/levels/level.gd.remap[39m[0m
[  98% ] [90m[1msavepack[22m | Storing File: res://scripts/levels/level_builder.gd.remap[39m[0m
[  98% ] [90m[1msavepack[22m | Storing File: res://scripts/levels/light_fixture.gd.remap[39m[0m
[  98% ] [90m[1msavepack[22m | Storing File: res://scripts/levels/mask_pickup.gd.remap[39m[0m
[  98% ] [90m[1msavepack[22m | Storing File: res://scripts/levels/mission_data.gd.remap[39m[0m
[  98% ] [90m[1msavepack[22m | Storing File: res://scripts/levels/motes.gd.remap[39m[0m
[  98% ] [90m[1msavepack[22m | Storing File: res://scripts/levels/nightmare_director.gd.remap[39m[0m
[  98% ] [90m[1msavepack[22m | Storing File: res://scripts/levels/outskirts.gd.remap[39m[0m
[  98% ] [90m[1msavepack[22m | Storing File: res://scripts/levels/power.gd.remap[39m[0m
[  98% ] [90m[1msavepack[22m | Storing File: res://scripts/levels/prop_model.gd.remap[39m[0m
[  98% ] [90m[1msavepack[22m | Storing File: res://scripts/levels/room_kits.gd.remap[39m[0m
[  98% ] [90m[1msavepack[22m | Storing File: res://scripts/levels/room_kits_more.gd.remap[39m[0m
[  98% ] [90m[1msavepack[22m | Storing File: res://scripts/levels/security_camera.gd.remap[39m[0m
[  98% ] [90m[1msavepack[22m | Storing File: res://scripts/levels/smashable.gd.remap[39m[0m
[  98% ] [90m[1msavepack[22m | Storing File: res://scripts/levels/wall_art.gd.remap[39m[0m
[  98% ] [90m[1msavepack[22m | Storing File: res://scripts/levels/weather.gd.remap[39m[0m
[  98% ] [90m[1msavepack[22m | Storing File: res://scripts/narrative/cutscene.gd.remap[39m[0m
[  98% ] [90m[1msavepack[22m | Storing File: res://scripts/narrative/dialogue_manager.gd.remap[39m[0m
[  98% ] [90m[1msavepack[22m | Storing File: res://scripts/narrative/frame_sequence.gd.remap[39m[0m
[  98% ] [90m[1msavepack[22m | Storing File: res://scripts/narrative/portrait.gd.remap[39m[0m
[  98% ] [90m[1msavepack[22m | Storing File: res://scripts/narrative/story_shot.gd.remap[39m[0m
[  98% ] [90m[1msavepack[22m | Storing File: res://scripts/player/ability_system.gd.remap[39m[0m
[  98% ] [90m[1msavepack[22m | Storing File: res://scripts/player/camera_controller.gd.remap[39m[0m
[  98% ] [90m[1msavepack[22m | Storing File: res://scripts/player/cast_model.gd.remap[39m[0m
[  98% ] [90m[1msavepack[22m | Storing File: res://scripts/player/cast_sprite.gd.remap[39m[0m
[  98% ] [90m[1msavepack[22m | Storing File: res://scripts/player/character_data.gd.remap[39m[0m
[  98% ] [90m[1msavepack[22m | Storing File: res://scripts/player/character_visual.gd.remap[39m[0m
[  98% ] [90m[1msavepack[22m | Storing File: res://scripts/player/executions.gd.remap[39m[0m
[  98% ] [90m[1msavepack[22m | Storing File: res://scripts/player/player_controller.gd.remap[39m[0m
[  98% ] [90m[1msavepack[22m | Storing File: res://scripts/player/upgrades.gd.remap[39m[0m
[  98% ] [90m[1msavepack[22m | Storing File: res://scripts/systems/art_lib.gd.remap[39m[0m
[  98% ] [90m[1msavepack[22m | Storing File: res://scripts/systems/audio_manager.gd.remap[39m[0m
[  98% ] [90m[1msavepack[22m | Storing File: res://scripts/systems/boot.gd.remap[39m[0m
[  98% ] [90m[1msavepack[22m | Storing File: res://scripts/systems/crowd.gd.remap[39m[0m
[  98% ] [90m[1msavepack[22m | Storing File: res://scripts/systems/damage_info.gd.remap[39m[0m
[  98% ] [90m[1msavepack[22m | Storing File: res://scripts/systems/db.gd.remap[39m[0m
[  98% ] [90m[1msavepack[22m | Storing File: res://scripts/systems/debug_menu.gd.remap[39m[0m
[  98% ] [90m[1msavepack[22m | Storing File: res://scripts/systems/difficulty.gd.remap[39m[0m
[  98% ] [90m[1msavepack[22m | Storing File: res://scripts/systems/effects.gd.remap[39m[0m
[  98% ] [90m[1msavepack[22m | Storing File: res://scripts/systems/events.gd.remap[39m[0m
[  98% ] [90m[1msavepack[22m | Storing File: res://scripts/systems/game.gd.remap[39m[0m
[  98% ] [90m[1msavepack[22m | Storing File: res://scripts/systems/gore.gd.remap[39m[0m
[  98% ] [90m[1msavepack[22m | Storing File: res://scripts/systems/hearing.gd.remap[39m[0m
[  98% ] [90m[1msavepack[22m | Storing File: res://scripts/systems/input_setup.gd.remap[39m[0m
[  98% ] [90m[1msavepack[22m | Storing File: res://scripts/systems/layers.gd.remap[39m[0m
[  98% ] [90m[1msavepack[22m | Storing File: res://scripts/systems/light_probe.gd.remap[39m[0m
[  98% ] [90m[1msavepack[22m | Storing File: res://scripts/systems/loc.gd.remap[39m[0m
[  98% ] [90m[1msavepack[22m | Storing File: res://scripts/systems/masks.gd.remap[39m[0m
[  98% ] [90m[1msavepack[22m | Storing File: res://scripts/systems/music_manager.gd.remap[39m[0m
[  98% ] [90m[1msavepack[22m | Storing File: res://scripts/systems/persona_data.gd.remap[39m[0m
[  98% ] [90m[1msavepack[22m | Storing File: res://scripts/systems/post_fx.gd.remap[39m[0m
[  98% ] [90m[1msavepack[22m | Storing File: res://scripts/systems/procedural_synthwave.gd.remap[39m[0m
[  98% ] [90m[1msavepack[22m | Storing File: res://scripts/systems/save_manager.gd.remap[39m[0m
[  98% ] [90m[1msavepack[22m | Storing File: res://scripts/systems/score_system.gd.remap[39m[0m
[  98% ] [90m[1msavepack[22m | Storing File: res://scripts/systems/sprite_forge.gd.remap[39m[0m
[  98% ] [90m[1msavepack[22m | Storing File: res://scripts/systems/sprite_lib.gd.remap[39m[0m
[  98% ] [90m[1msavepack[22m | Storing File: res://scripts/systems/static_bake.gd.remap[39m[0m
[  98% ] [90m[1msavepack[22m | Storing File: res://scripts/systems/tuning.gd.remap[39m[0m
[  98% ] [90m[1msavepack[22m | Storing File: res://scripts/systems/visual_3d_overlay.gd.remap[39m[0m
[  98% ] [90m[1msavepack[22m | Storing File: res://scripts/ui/bark_layer.gd.remap[39m[0m
[  98% ] [90m[1msavepack[22m | Storing File: res://scripts/ui/cinematic_art.gd.remap[39m[0m
[  98% ] [90m[1msavepack[22m | Storing File: res://scripts/ui/hub_screen.gd.remap[39m[0m
[  98% ] [90m[1msavepack[22m | Storing File: res://scripts/ui/hud.gd.remap[39m[0m
[  98% ] [90m[1msavepack[22m | Storing File: res://scripts/ui/installer.gd.remap[39m[0m
[  98% ] [90m[1msavepack[22m | Storing File: res://scripts/ui/intro.gd.remap[39m[0m
[  98% ] [90m[1msavepack[22m | Storing File: res://scripts/ui/intro_call.gd.remap[39m[0m
[  98% ] [90m[1msavepack[22m | Storing File: res://scripts/ui/level_intro.gd.remap[39m[0m
[  98% ] [90m[1msavepack[22m | Storing File: res://scripts/ui/mask_select.gd.remap[39m[0m
[  98% ] [90m[1msavepack[22m | Storing File: res://scripts/ui/options_menu.gd.remap[39m[0m
[  98% ] [90m[1msavepack[22m | Storing File: res://scripts/ui/pause_menu.gd.remap[39m[0m
[  98% ] [90m[1msavepack[22m | Storing File: res://scripts/ui/results_screen.gd.remap[39m[0m
[  98% ] [90m[1msavepack[22m | Storing File: res://scripts/ui/splash_screen.gd.remap[39m[0m
[  98% ] [90m[1msavepack[22m | Storing File: res://scripts/ui/text_fx.gd.remap[39m[0m
[  98% ] [90m[1msavepack[22m | Storing File: res://scripts/ui/title_backdrop.gd.remap[39m[0m
[  98% ] [90m[1msavepack[22m | Storing File: res://scripts/ui/title_screen.gd.remap[39m[0m
[  98% ] [90m[1msavepack[22m | Storing File: res://scripts/ui/title_screen_clock.gd.remap[39m[0m
[  98% ] [90m[1msavepack[22m | Storing File: res://scripts/ui/tutorial_cards.gd.remap[39m[0m
[  98% ] [90m[1msavepack[22m | Storing File: res://scripts/ui/ui_style.gd.remap[39m[0m
[  98% ] [90m[1msavepack[22m | Storing File: res://scripts/ui/upgrade_icon.gd.remap[39m[0m
[  98% ] [90m[1msavepack[22m | Storing File: res://scripts/ui/vcr_screen.gd.remap[39m[0m
[  98% ] [90m[1msavepack[22m | Storing File: res://scripts/weapons/bullet_system.gd.remap[39m[0m
[  98% ] [90m[1msavepack[22m | Storing File: res://scripts/weapons/flare.gd.remap[39m[0m
[  98% ] [90m[1msavepack[22m | Storing File: res://scripts/weapons/meat_bone.gd.remap[39m[0m
[  98% ] [90m[1msavepack[22m | Storing File: res://scripts/weapons/weapon_data.gd.remap[39m[0m
[  98% ] [90m[1msavepack[22m | Storing File: res://scripts/weapons/weapon_instance.gd.remap[39m[0m
[  98% ] [90m[1msavepack[22m | Storing File: res://scripts/weapons/weapon_pickup.gd.remap[39m[0m
[  98% ] [90m[1msavepack[22m | Storing File: res://.godot/global_script_class_cache.cfg[39m[0m
[  98% ] [90m[1msavepack[22m | Storing File: res://icon.svg[39m[0m
[  98% ] [90m[1msavepack[22m | Storing File: res://.godot/uid_cache.bin[39m[0m
[  98% ] [90m[1msavepack[22m | Storing File: res://project.binary[39m[0m
[92m[ DONE ][39m [1msavepack[22m
[0m
